n,exp,pf,wr,profitR,maxddR,family,param,session,volfloor,k,exit,hurdle_R,req_exp,pass_hurdle
175,-0.19941955682879528,0.7079790538586499,0.3485714285714286,-34.898422445039174,43.20846107558061,donchian,12,ny0811,False,1.5,tp1.5,0.09724519821897977,0.3889807928759191,False
168,-0.25552021420905424,0.6596597335575322,0.2857142857142857,-42.927395987121116,49.49292511686297,donchian,12,ny0811,False,1.5,tp2.0,0.09724519821897977,0.3889807928759191,False
157,-0.19891586151195131,0.7480198947947694,0.2484076433121019,-31.229790257376358,42.11408279168926,donchian,12,ny0811,False,1.5,tp3.0,0.09724519821897977,0.3889807928759191,False
158,-0.21914674335630804,0.68872227238599,0.22151898734177214,-34.62518545029667,40.034105281341716,donchian,12,ny0811,False,1.5,trail2.0,0.09724519821897977,0.3889807928759191,False
154,-0.2318190393073458,0.7056954261260467,0.23376623376623376,-35.70013205333125,40.8329964531882,donchian,12,ny0811,False,1.5,trail3.0,0.09724519821897977,0.3889807928759191,False
159,-0.26247664065001586,0.6120263880525275,0.33962264150943394,-41.73378586335252,46.46225988056995,donchian,12,ny0811,False,2.0,tp1.5,0.07293389866423483,0.2917355946569393,False
152,-0.20907361200143776,0.7027058987578594,0.3157894736842105,-31.77918902421854,37.568896083246706,donchian,12,ny0811,False,2.0,tp2.0,0.07293389866423483,0.2917355946569393,False
146,-0.2119596168058123,0.7115380955666472,0.2808219178082192,-30.946104053648597,37.02313852377287,donchian,12,ny0811,False,2.0,tp3.0,0.07293389866423483,0.2917355946569393,False
150,-0.1969399862617615,0.6721317821894031,0.26,-29.540997939264226,34.82879716957564,donchian,12,ny0811,False,2.0,trail2.0,0.07293389866423483,0.2917355946569393,False
146,-0.2299899340638557,0.6714213087874052,0.2808219178082192,-33.578530373322934,38.244485576876414,donchian,12,ny0811,False,2.0,trail3.0,0.07293389866423483,0.2917355946569393,False
146,-0.17437461556513395,0.7145173865411539,0.3835616438356164,-25.458693872509556,29.894251961651765,donchian,12,ny0811,False,2.5,tp1.5,0.05834711893138786,0.23338847572555144,False
141,-0.17373186076472522,0.7275994474925802,0.3475177304964539,-24.496192367826254,36.48993117868963,donchian,12,ny0811,False,2.5,tp2.0,0.05834711893138786,0.23338847572555144,False
136,-0.22850806581133423,0.6519119136013712,0.33088235294117646,-31.077096950341456,32.98959434563471,donchian,12,ny0811,False,2.5,tp3.0,0.05834711893138786,0.23338847572555144,False
147,-0.16613898019487078,0.6705177634122819,0.2857142857142857,-24.422430088646003,28.252669472895082,donchian,12,ny0811,False,2.5,trail2.0,0.05834711893138786,0.23338847572555144,False
141,-0.20023116236200367,0.6681502687793045,0.3191489361702128,-28.232593893042516,33.18493894228764,donchian,12,ny0811,False,2.5,trail3.0,0.05834711893138786,0.23338847572555144,False
137,-0.13876328175115657,0.7482992056533142,0.39416058394160586,-19.01056959990845,26.74851120866062,donchian,12,ny0811,False,3.0,tp1.5,0.048622599109489885,0.19449039643795954,False
135,-0.16678532657554657,0.7103566331685744,0.37037037037037035,-22.516019087698787,28.87895766149198,donchian,12,ny0811,False,3.0,tp2.0,0.048622599109489885,0.19449039643795954,False
132,-0.17983620151332916,0.6897319039840727,0.36363636363636365,-23.73837859975945,27.154101406819613,donchian,12,ny0811,False,3.0,tp3.0,0.048622599109489885,0.19449039643795954,False
147,-0.14682328680389012,0.6616697415484187,0.2925170068027211,-21.583023160171848,24.44671373341298,donchian,12,ny0811,False,3.0,trail2.0,0.048622599109489885,0.19449039643795954,False
138,-0.17935516966237292,0.6636029509714643,0.3333333333333333,-24.751013413407463,28.475157442445727,donchian,12,ny0811,False,3.0,trail3.0,0.048622599109489885,0.19449039643795954,False
138,-0.2287660095965848,0.6735970528259351,0.34057971014492755,-31.569709324328702,39.04380249450437,donchian,12,ny0811,True,1.5,tp1.5,0.09724519821897977,0.3889807928759191,False
131,-0.24125336868779232,0.6771499270870439,0.29770992366412213,-31.604191298100794,36.64769312265126,donchian,12,ny0811,True,1.5,tp2.0,0.09724519821897977,0.3889807928759191,False
127,-0.24507075682859492,0.6912429474960299,0.2440944881889764,-31.123986117231553,38.698181511814475,donchian,12,ny0811,True,1.5,tp3.0,0.09724519821897977,0.3889807928759191,False
128,-0.2848999378162384,0.6111629472543958,0.2109375,-36.467192040478515,41.23922650857465,donchian,12,ny0811,True,1.5,trail2.0,0.09724519821897977,0.3889807928759191,False
125,-0.24381892832648058,0.6947161181786359,0.224,-30.47736604081007,38.09960495916979,donchian,12,ny0811,True,1.5,trail3.0,0.09724519821897977,0.3889807928759191,False
124,-0.24279562365650045,0.6381049405206813,0.3548387096774194,-30.106657333406055,33.412715145557414,donchian,12,ny0811,True,2.0,tp1.5,0.07293389866423483,0.2917355946569393,False
123,-0.23081612120949074,0.6714380221726239,0.3170731707317073,-28.39038290876736,32.50381852819505,donchian,12,ny0811,True,2.0,tp2.0,0.07293389866423483,0.2917355946569393,False
118,-0.2295253258835443,0.6859014863714822,0.2796610169491525,-27.083988454258225,30.974045803523204,donchian,12,ny0811,True,2.0,tp3.0,0.07293389866423483,0.2917355946569393,False
122,-0.25059204208734026,0.6001998049280756,0.23770491803278687,-30.57222913465551,35.0155367215898,donchian,12,ny0811,True,2.0,trail2.0,0.07293389866423483,0.2917355946569393,False
118,-0.2409286863565738,0.6646741899251605,0.2711864406779661,-28.429584990075707,32.84581962168303,donchian,12,ny0811,True,2.0,trail3.0,0.07293389866423483,0.2917355946569393,False
117,-0.2388567148255648,0.6256384659818607,0.358974358974359,-27.946235634591083,32.21937209073758,donchian,12,ny0811,True,2.5,tp1.5,0.05834711893138786,0.23338847572555144,False
114,-0.2162994860478883,0.6680037943203471,0.3333333333333333,-24.658141409459265,32.03132907506776,donchian,12,ny0811,True,2.5,tp2.0,0.05834711893138786,0.23338847572555144,False
111,-0.2692747054587618,0.598562286778815,0.3063063063063063,-29.889492305922563,32.08999767755335,donchian,12,ny0811,True,2.5,tp3.0,0.05834711893138786,0.23338847572555144,False
120,-0.2107738300226383,0.5999582716155297,0.25833333333333336,-25.292859602716597,28.77893159931397,donchian,12,ny0811,True,2.5,trail2.0,0.05834711893138786,0.23338847572555144,False
114,-0.22098977136919937,0.6495719899436054,0.30701754385964913,-25.19283393608873,32.35383765866191,donchian,12,ny0811,True,2.5,trail3.0,0.05834711893138786,0.23338847572555144,False
111,-0.17982849226781308,0.6830828365504193,0.36936936936936937,-19.960962641727253,26.51108028372254,donchian,12,ny0811,True,3.0,tp1.5,0.048622599109489885,0.19449039643795954,False
109,-0.18615751160782287,0.6803170859610235,0.3486238532110092,-20.291168765252692,26.274678282750248,donchian,12,ny0811,True,3.0,tp2.0,0.048622599109489885,0.19449039643795954,False
108,-0.20920321903322261,0.6447368078954431,0.3333333333333333,-22.593947655588043,27.398268815150885,donchian,12,ny0811,True,3.0,tp3.0,0.048622599109489885,0.19449039643795954,False
120,-0.18388868525140056,0.5948790527347533,0.26666666666666666,-22.066642230168068,24.494362443098353,donchian,12,ny0811,True,3.0,trail2.0,0.048622599109489885,0.19449039643795954,False
112,-0.20147869127179394,0.6414580287997085,0.32142857142857145,-22.565613422440922,27.5767567938431,donchian,12,ny0811,True,3.0,trail3.0,0.048622599109489885,0.19449039643795954,False
206,-0.15213680874479224,0.7626684909753475,0.3737864077669903,-31.340182601427202,39.999380124223826,donchian,12,ny0812,False,1.5,tp1.5,0.09724519821897977,0.3889807928759191,False
198,-0.20684305071450135,0.7081654100595635,0.31313131313131315,-40.954924041471266,49.95272602251041,donchian,12,ny0812,False,1.5,tp2.0,0.09724519821897977,0.3889807928759191,False
182,-0.15661459091195692,0.7889198374988751,0.27472527472527475,-28.50385554597616,44.55968266809239,donchian,12,ny0812,False,1.5,tp3.0,0.09724519821897977,0.3889807928759191,False
181,-0.1995628430418615,0.7032761513976326,0.2430939226519337,-36.12087459057693,42.16017780798118,donchian,12,ny0812,False,1.5,trail2.0,0.09724519821897977,0.3889807928759191,False
176,-0.19407425315740462,0.7398505757169003,0.26136363636363635,-34.15706855570321,39.799443350510096,donchian,12,ny0812,False,1.5,trail3.0,0.09724519821897977,0.3889807928759191,False
187,-0.20609943034926997,0.6726639656003752,0.37433155080213903,-38.540593475313486,45.74710951350593,donchian,12,ny0812,False,2.0,tp1.5,0.07293389866423483,0.2917355946569393,False
177,-0.17455149713349938,0.732189553056164,0.3389830508474576,-30.89561499262939,39.47543691897305,donchian,12,ny0812,False,2.0,tp2.0,0.07293389866423483,0.2917355946569393,False
166,-0.16303230841641767,0.7618863896601392,0.3192771084337349,-27.06336319712533,38.23739511680001,donchian,12,ny0812,False,2.0,tp3.0,0.07293389866423483,0.2917355946569393,False
173,-0.17933738771417224,0.685296766655477,0.2832369942196532,-31.025368074551796,36.5332551553912,donchian,12,ny0812,False,2.0,trail2.0,0.07293389866423483,0.2917355946569393,False
167,-0.18383137988340262,0.7188188068271512,0.31736526946107785,-30.699840440528238,37.1354583243052,donchian,12,ny0812,False,2.0,trail3.0,0.07293389866423483,0.2917355946569393,False
168,-0.13364712325356937,0.7607939783376574,0.40476190476190477,-22.452716706599656,31.912325203076264,donchian,12,ny0812,False,2.5,tp1.5,0.05834711893138786,0.23338847572555144,False
159,-0.12155795310052753,0.7927734105022047,0.37735849056603776,-19.327714542983877,37.7980152802002,donchian,12,ny0812,False,2.5,tp2.0,0.05834711893138786,0.23338847572555144,False
152,-0.16675003458295096,0.7227838636214082,0.3684210526315789,-25.346005256608546,32.79654993756356,donchian,12,ny0812,False,2.5,tp3.0,0.05834711893138786,0.23338847572555144,False
168,-0.14865887042836606,0.688894125481458,0.30952380952380953,-24.974690231965496,28.970488816288626,donchian,12,ny0812,False,2.5,trail2.0,0.05834711893138786,0.23338847572555144,False
158,-0.1617736381672543,0.7132594522090181,0.34810126582278483,-25.56023483042618,33.8142484511463,donchian,12,ny0812,False,2.5,trail3.0,0.05834711893138786,0.23338847572555144,False
155,-0.11122980967777756,0.780788202139084,0.4,-17.24062050005552,28.706425774394518,donchian,12,ny0812,False,3.0,tp1.5,0.048622599109489885,0.19449039643795954,False
149,-0.14344306431085427,0.7348311241669172,0.3825503355704698,-21.373016582317284,30.720647612160604,donchian,12,ny0812,False,3.0,tp2.0,0.048622599109489885,0.19449039643795954,False
145,-0.14832863826777595,0.7255073649827356,0.3793103448275862,-21.50765254882751,27.976265717190774,donchian,12,ny0812,False,3.0,tp3.0,0.048622599109489885,0.19449039643795954,False
167,-0.12191860197509916,0.6984245707843852,0.32335329341317365,-20.36040652984156,25.148953410156917,donchian,12,ny0812,False,3.0,trail2.0,0.048622599109489885,0.19449039643795954,False
153,-0.15258946521432565,0.692955055194327,0.35947712418300654,-23.346188177791824,29.49577641272743,donchian,12,ny0812,False,3.0,trail3.0,0.048622599109489885,0.19449039643795954,False
167,-0.19781879823169723,0.7005724614130373,0.3592814371257485,-33.035739304693436,42.29771111635343,donchian,12,ny0812,True,1.5,tp1.5,0.09724519821897977,0.3889807928759191,False
159,-0.2084593936983212,0.704316873737343,0.32075471698113206,-33.14504359803307,40.01529968745172,donchian,12,ny0812,True,1.5,tp2.0,0.09724519821897977,0.3889807928759191,False
151,-0.22500142325305028,0.6992505581237847,0.26490066225165565,-33.97521491121059,41.81332327111415,donchian,12,ny0812,True,1.5,tp3.0,0.09724519821897977,0.3889807928759191,False
149,-0.29829673655673017,0.5780919959033324,0.2214765100671141,-44.44621374695279,47.520237914276535,donchian,12,ny0812,True,1.5,trail2.0,0.09724519821897977,0.3889807928759191,False
145,-0.24425955247845552,0.6806092526918325,0.2413793103448276,-35.41763510937605,41.6723845921304,donchian,12,ny0812,True,1.5,trail3.0,0.09724519821897977,0.3889807928759191,False
152,-0.20828167865789773,0.6684022928019135,0.3815789473684211,-31.658815156000458,37.44291498912684,donchian,12,ny0812,True,2.0,tp1.5,0.07293389866423483,0.2917355946569393,False
148,-0.22696905549861845,0.656622742392235,0.3310810810810811,-33.59142021379553,37.973885002473516,donchian,12,ny0812,True,2.0,tp2.0,0.07293389866423483,0.2917355946569393,False
139,-0.21497085840953026,0.6879717021013433,0.30935251798561153,-29.880949318924706,34.73411381214074,donchian,12,ny0812,True,2.0,tp3.0,0.07293389866423483,0.2917355946569393,False
143,-0.2599237670950256,0.5678139567381456,0.2517482517482518,-37.16909869458866,40.3361988667023,donchian,12,ny0812,True,2.0,trail2.0,0.07293389866423483,0.2917355946569393,False
138,-0.22994689054316877,0.6620141178005495,0.2971014492753623,-31.73267089495729,37.1120126705157,donchian,12,ny0812,True,2.0,trail3.0,0.07293389866423483,0.2917355946569393,False
141,-0.2119285921662557,0.6381910299449522,0.375886524822695,-29.881931495442053,35.512440703403264,donchian,12,ny0812,True,2.5,tp1.5,0.05834711893138786,0.23338847572555144,False
134,-0.18605475083117712,0.6917031399266379,0.3582089552238806,-24.931336611377734,35.293111163950016,donchian,12,ny0812,True,2.5,tp2.0,0.05834711893138786,0.23338847572555144,False
130,-0.2282780457431416,0.629179258741745,0.3384615384615385,-29.676145946608408,34.02254229051768,donchian,12,ny0812,True,2.5,tp3.0,0.05834711893138786,0.23338847572555144,False
139,-0.21679941932196056,0.57204970870997,0.2733812949640288,-30.135119285752516,32.883176367077425,donchian,12,ny0812,True,2.5,trail2.0,0.05834711893138786,0.23338847572555144,False
132,-0.21281603501018903,0.6443900365007512,0.32575757575757575,-28.09171662134495,36.023206059079,donchian,12,ny0812,True,2.5,trail3.0,0.05834711893138786,0.23338847572555144,False
130,-0.1606107024113256,0.6876197603987763,0.36923076923076925,-20.87939131347233,29.3431581350832,donchian,12,ny0812,True,3.0,tp1.5,0.048622599109489885,0.19449039643795954,False
125,-0.17653283430280636,0.6716838274316178,0.352,-22.066604287850794,28.99053151904563,donchian,12,ny0812,True,3.0,tp2.0,0.048622599109489885,0.19449039643795954,False
123,-0.1892817856311847,0.6489332039382418,0.34146341463414637,-23.28165963263572,29.094596411148807,donchian,12,ny0812,True,3.0,tp3.0,0.048622599109489885,0.19449039643795954,False
138,-0.1709686361623877,0.5948184882262916,0.2898550724637681,-23.593671790409502,26.177821199428685,donchian,12,ny0812,True,3.0,trail2.0,0.048622599109489885,0.19449039643795954,False
128,-0.19287084468438276,0.6304980360609632,0.3359375,-24.687468119600993,30.176882461650457,donchian,12,ny0812,True,3.0,trail3.0,0.048622599109489885,0.19449039643795954,False
375,-0.19821551747632085,0.7087687816228185,0.36,-74.33081905362032,87.807557036802,donchian,12,ln0312,False,1.5,tp1.5,0.09724519821897977,0.3889807928759191,False
352,-0.16962697909814725,0.7663938166657931,0.32386363636363635,-59.70869664254783,78.9695733705596,donchian,12,ln0312,False,1.5,tp2.0,0.09724519821897977,0.3889807928759191,False
308,-0.1501381128314115,0.806523293403919,0.2662337662337662,-46.24253875207474,68.52495165119429,donchian,12,ln0312,False,1.5,tp3.0,0.09724519821897977,0.3889807928759191,False
322,-0.19173677707104922,0.6950704642440158,0.2577639751552795,-61.73924221687785,69.70395315643276,donchian,12,ln0312,False,1.5,trail2.0,0.09724519821897977,0.3889807928759191,False
291,-0.14245539043217562,0.80547530720638,0.2611683848797251,-41.45451861576311,60.66137914276456,donchian,12,ln0312,False,1.5,trail3.0,0.09724519821897977,0.3889807928759191,False
321,-0.14964741018927702,0.7655716002379015,0.3894080996884735,-48.036818670757924,61.35741901089619,donchian,12,ln0312,False,2.0,tp1.5,0.07293389866423483,0.2917355946569393,False
294,-0.16059544860203667,0.7665927159424657,0.32653061224489793,-47.21506188899878,63.075581566469616,donchian,12,ln0312,False,2.0,tp2.0,0.07293389866423483,0.2917355946569393,False
267,-0.12875932711364238,0.8183086566044366,0.31086142322097376,-34.378740339342514,47.754005047251184,donchian,12,ln0312,False,2.0,tp3.0,0.07293389866423483,0.2917355946569393,False
308,-0.16676306566661933,0.6818224516618694,0.288961038961039,-51.36302422531875,58.49158297446811,donchian,12,ln0312,False,2.0,trail2.0,0.07293389866423483,0.2917355946569393,False
271,-0.12808503470397925,0.7980023242962757,0.2988929889298893,-34.71104440477838,48.23287783343842,donchian,12,ln0312,False,2.0,trail3.0,0.07293389866423483,0.2917355946569393,False
287,-0.16804768915265747,0.7243363549148095,0.37282229965156793,-48.22968678681269,57.61357677072234,donchian,12,ln0312,False,2.5,tp1.5,0.05834711893138786,0.23338847572555144,False
261,-0.16959544084962586,0.731461718423395,0.3486590038314176,-44.26441006175235,54.55451688541034,donchian,12,ln0312,False,2.5,tp2.0,0.05834711893138786,0.23338847572555144,False
248,-0.14049765083087717,0.7803509244769847,0.34274193548387094,-34.84341740605754,48.69760000567359,donchian,12,ln0312,False,2.5,tp3.0,0.05834711893138786,0.23338847572555144,False
303,-0.16049747837588196,0.6422278661313443,0.30363036303630364,-48.630735947892234,54.1335829472118,donchian,12,ln0312,False,2.5,trail2.0,0.05834711893138786,0.23338847572555144,False
265,-0.14808720902291508,0.7378191135420568,0.3132075471698113,-39.2431103910725,51.3611994806701,donchian,12,ln0312,False,2.5,trail3.0,0.05834711893138786,0.23338847572555144,False
250,-0.14773853191324432,0.7322547379393785,0.372,-36.93463297831108,43.82483914752067,donchian,12,ln0312,False,3.0,tp1.5,0.048622599109489885,0.19449039643795954,False
240,-0.11319596065262864,0.7946044375356706,0.375,-27.167030556630873,37.4180782098641,donchian,12,ln0312,False,3.0,tp2.0,0.048622599109489885,0.19449039643795954,False
230,-0.12033079032562341,0.7845255106145501,0.3652173913043478,-27.676081774893383,35.358697242184434,donchian,12,ln0312,False,3.0,tp3.0,0.048622599109489885,0.19449039643795954,False
299,-0.1361115860404411,0.6435230628178424,0.3110367892976589,-40.69736422609189,45.116403392191486,donchian,12,ln0312,False,3.0,trail2.0,0.048622599109489885,0.19449039643795954,False
256,-0.13748927307406017,0.7238075773292248,0.32421875,-35.1972539069594,45.100213861503846,donchian,12,ln0312,False,3.0,trail3.0,0.048622599109489885,0.19449039643795954,False
228,-0.260745160167287,0.6265712404334395,0.3333333333333333,-59.44989651814143,66.15197055818622,donchian,12,ln0312,True,1.5,tp1.5,0.09724519821897977,0.3889807928759191,False
212,-0.2807408000010558,0.622558237506774,0.29245283018867924,-59.51704960022383,65.63923242356061,donchian,12,ln0312,True,1.5,tp2.0,0.09724519821897977,0.3889807928759191,False
195,-0.26602992495331496,0.6590041773187704,0.24615384615384617,-51.87583536589642,63.1956345069855,donchian,12,ln0312,True,1.5,tp3.0,0.09724519821897977,0.3889807928759191,False
198,-0.2772637407547567,0.5972537218452024,0.22727272727272727,-54.89822066944183,59.071079449057315,donchian,12,ln0312,True,1.5,trail2.0,0.09724519821897977,0.3889807928759191,False
188,-0.260050298614405,0.6615836107703297,0.2393617021276596,-48.88945613950814,59.07515932205144,donchian,12,ln0312,True,1.5,trail3.0,0.09724519821897977,0.3889807928759191,False
196,-0.25583270202938346,0.612540606462942,0.3520408163265306,-50.14320959775916,60.50356401695458,donchian,12,ln0312,True,2.0,tp1.5,0.07293389866423483,0.2917355946569393,False
190,-0.2526667067383478,0.6328003863163836,0.30526315789473685,-48.00667428028608,61.939476655297966,donchian,12,ln0312,True,2.0,tp2.0,0.07293389866423483,0.2917355946569393,False
176,-0.27197718349262195,0.6229205498498819,0.2727272727272727,-47.867984294701465,57.954600379611065,donchian,12,ln0312,True,2.0,tp3.0,0.07293389866423483,0.2917355946569393,False
188,-0.22855674366079262,0.5998486461796712,0.26595744680851063,-42.968667808229014,46.815146593952086,donchian,12,ln0312,True,2.0,trail2.0,0.07293389866423483,0.2917355946569393,False
177,-0.25530455310214567,0.6311004363778205,0.2711864406779661,-45.188905899079785,54.000437746829704,donchian,12,ln0312,True,2.0,trail3.0,0.07293389866423483,0.2917355946569393,False
182,-0.26864756829071895,0.5665667556557967,0.32967032967032966,-48.89385742891085,57.89090905459643,donchian,12,ln0312,True,2.5,tp1.5,0.05834711893138786,0.23338847572555144,False
171,-0.2566498941549504,0.5975740169615691,0.3216374269005848,-43.88713190049651,58.72389601060748,donchian,12,ln0312,True,2.5,tp2.0,0.05834711893138786,0.23338847572555144,False
168,-0.29214430920882895,0.5553737344494394,0.2976190476190476,-49.08024394708326,56.956131210134465,donchian,12,ln0312,True,2.5,tp3.0,0.05834711893138786,0.23338847572555144,False
186,-0.20294243740798656,0.5832681352564174,0.27956989247311825,-37.7472933578855,41.139765078269484,donchian,12,ln0312,True,2.5,trail2.0,0.05834711893138786,0.23338847572555144,False
173,-0.24755184845682135,0.5974619824703586,0.28901734104046245,-42.82646978303009,51.11128314476408,donchian,12,ln0312,True,2.5,trail3.0,0.05834711893138786,0.23338847572555144,False
163,-0.21385152317344422,0.6107348782726892,0.3496932515337423,-34.85779827727141,45.16993080729792,donchian,12,ln0312,True,3.0,tp1.5,0.048622599109489885,0.19449039643795954,False
157,-0.22654308506569143,0.6017804969210401,0.33121019108280253,-35.567264355313554,43.5816436602241,donchian,12,ln0312,True,3.0,tp2.0,0.048622599109489885,0.19449039643795954,False
156,-0.2221732919718655,0.6073502859206331,0.3333333333333333,-34.65903354761102,41.686927121548614,donchian,12,ln0312,True,3.0,tp3.0,0.048622599109489885,0.19449039643795954,False
184,-0.16217227018811206,0.6036488025772516,0.28804347826086957,-29.83969771461262,32.27543603399452,donchian,12,ln0312,True,3.0,trail2.0,0.048622599109489885,0.19449039643795954,False
167,-0.21437243890855331,0.5998634407616871,0.2994011976047904,-35.8001972977284,42.41114049481635,donchian,12,ln0312,True,3.0,trail3.0,0.048622599109489885,0.19449039643795954,False
733,-0.21876772021864901,0.6641624499837034,0.3601637107776262,-160.35673892026972,173.36960740430428,donchian,12,allday,False,1.5,tp1.5,0.09724519821897977,0.3889807928759191,False
675,-0.19100672954233977,0.7190835806029402,0.3348148148148148,-128.92954244107935,146.54492771078648,donchian,12,allday,False,1.5,tp2.0,0.09724519821897977,0.3889807928759191,False
604,-0.18044437905733499,0.7411563087204351,0.30629139072847683,-108.98840495063033,120.91068299834953,donchian,12,allday,False,1.5,tp3.0,0.09724519821897977,0.3889807928759191,False
637,-0.2309163442156493,0.6188579179086736,0.28414442700156983,-147.0937112653686,155.71064076985303,donchian,12,allday,False,1.5,trail2.0,0.09724519821897977,0.3889807928759191,False
585,-0.23985764478971464,0.6509491215333261,0.27692307692307694,-140.31672220198305,153.4322266157554,donchian,12,allday,False,1.5,trail3.0,0.09724519821897977,0.3889807928759191,False
609,-0.14730025979693015,0.745632454820872,0.3891625615763547,-89.70585821633045,101.49445291899666,donchian,12,allday,False,2.0,tp1.5,0.07293389866423483,0.2917355946569393,False
567,-0.15565643295048637,0.7407159622374883,0.3527336860670194,-88.25719748292578,94.89554227142617,donchian,12,allday,False,2.0,tp2.0,0.07293389866423483,0.2917355946569393,False
530,-0.18977265871655205,0.6936539585239164,0.32264150943396225,-100.57950911977258,107.96146256981672,donchian,12,allday,False,2.0,tp3.0,0.07293389866423483,0.2917355946569393,False
608,-0.19435261251147243,0.6111119853313766,0.3092105263157895,-118.16638840697524,123.23799471493481,donchian,12,allday,False,2.0,trail2.0,0.07293389866423483,0.2917355946569393,False
540,-0.21164531600137218,0.641538422430585,0.3148148148148148,-114.28847064074098,118.60619852099842,donchian,12,allday,False,2.0,trail3.0,0.07293389866423483,0.2917355946569393,False
534,-0.16806425326276944,0.6826925305849632,0.38202247191011235,-89.74631124231888,95.23332202123558,donchian,12,allday,False,2.5,tp1.5,0.05834711893138786,0.23338847572555144,False
498,-0.17568317002854317,0.6722192835082319,0.36947791164658633,-87.4902186742145,89.57545341079441,donchian,12,allday,False,2.5,tp2.0,0.05834711893138786,0.23338847572555144,False
481,-0.1928349089481673,0.6484392235933221,0.35343035343035345,-92.75359120406847,99.86118893395569,donchian,12,allday,False,2.5,tp3.0,0.05834711893138786,0.23338847572555144,False
590,-0.16552326977557813,0.6026381558849236,0.31864406779661014,-97.65872916759109,101.54796979090621,donchian,12,allday,False,2.5,trail2.0,0.05834711893138786,0.23338847572555144,False
514,-0.212057187610673,0.5943941645249832,0.32879377431906615,-108.99739443188592,112.16522458522805,donchian,12,allday,False,2.5,trail3.0,0.05834711893138786,0.23338847572555144,False
488,-0.12923605509646718,0.7232504231510036,0.39959016393442626,-63.067194887075985,68.63264615824194,donchian,12,allday,False,3.0,tp1.5,0.048622599109489885,0.19449039643795954,False
471,-0.16117621968973336,0.6681219871326088,0.37579617834394907,-75.91399947386441,78.31621994883595,donchian,12,allday,False,3.0,tp2.0,0.048622599109489885,0.19449039643795954,False
456,-0.1880168233614491,0.6150262114093609,0.36622807017543857,-85.73567145282078,86.86951378982897,donchian,12,allday,False,3.0,tp3.0,0.048622599109489885,0.19449039643795954,False
583,-0.14244525117085324,0.5948767480177692,0.3259005145797599,-83.04558143260743,85.95328195203666,donchian,12,allday,False,3.0,trail2.0,0.048622599109489885,0.19449039643795954,False
495,-0.18922645737675545,0.5804263435635866,0.3373737373737374,-93.66709640149395,96.64435107459474,donchian,12,allday,False,3.0,trail3.0,0.048622599109489885,0.19449039643795954,False
391,-0.2598750551126777,0.5927277613311313,0.34271099744245526,-101.611146549057,107.58750398435132,donchian,12,allday,True,1.5,tp1.5,0.09724519821897977,0.3889807928759191,False
367,-0.25186269497912095,0.6150635014040025,0.3242506811989101,-92.43360905733739,97.13267270510585,donchian,12,allday,True,1.5,tp2.0,0.09724519821897977,0.3889807928759191,False
340,-0.23377804798178975,0.6477449099084476,0.3029411764705882,-79.48453631380852,87.28280739533024,donchian,12,allday,True,1.5,tp3.0,0.09724519821897977,0.3889807928759191,False
347,-0.2848903092538825,0.5412178884751425,0.276657060518732,-98.85693731109723,102.63659498249115,donchian,12,allday,True,1.5,trail2.0,0.09724519821897977,0.3889807928759191,False
328,-0.28259931859856136,0.5833551411248923,0.2774390243902439,-92.69257650032813,97.28285268485021,donchian,12,allday,True,1.5,trail3.0,0.09724519821897977,0.3889807928759191,False
337,-0.21145751405044702,0.623960496635929,0.37388724035608306,-71.26118223500065,76.8787769592106,donchian,12,allday,True,2.0,tp1.5,0.07293389866423483,0.2917355946569393,False
324,-0.19363509177753938,0.6619419870403922,0.35185185185185186,-62.73776973592276,73.6314396546272,donchian,12,allday,True,2.0,tp2.0,0.07293389866423483,0.2917355946569393,False
308,-0.2498299190665514,0.5833659086185854,0.30844155844155846,-76.94761507249783,80.45810623409203,donchian,12,allday,True,2.0,tp3.0,0.07293389866423483,0.2917355946569393,False
332,-0.23018781262409582,0.5449339886825579,0.30120481927710846,-76.42235379119981,79.00709704474528,donchian,12,allday,True,2.0,trail2.0,0.07293389866423483,0.2917355946569393,False
308,-0.2600875615923628,0.5658416365550039,0.3051948051948052,-80.10696897044774,81.42277571566906,donchian,12,allday,True,2.0,trail3.0,0.07293389866423483,0.2917355946569393,False
308,-0.201026205741244,0.6008981681309126,0.37337662337662336,-61.91607136830315,68.95792265099207,donchian,12,allday,True,2.5,tp1.5,0.05834711893138786,0.23338847572555144,False
296,-0.21137369966430491,0.5912385120916963,0.3581081081081081,-62.56661510063425,71.98785225341753,donchian,12,allday,True,2.5,tp2.0,0.05834711893138786,0.23338847572555144,False
285,-0.25249270204397606,0.5347704257513634,0.3298245614035088,-71.96042008253318,73.43811725954095,donchian,12,allday,True,2.5,tp3.0,0.05834711893138786,0.23338847572555144,False
324,-0.18189834891469478,0.5618290624601678,0.31790123456790126,-58.93506504836111,62.87958876504075,donchian,12,allday,True,2.5,trail2.0,0.05834711893138786,0.23338847572555144,False
293,-0.23496182401935845,0.5486668023833845,0.32081911262798635,-68.84381443767202,71.78753508134255,donchian,12,allday,True,2.5,trail3.0,0.05834711893138786,0.23338847572555144,False
289,-0.19320172441047032,0.569950206457413,0.370242214532872,-55.83529835462592,62.78647587746951,donchian,12,allday,True,3.0,tp1.5,0.048622599109489885,0.19449039643795954,False
281,-0.21672102007618135,0.5337085071168263,0.33451957295373663,-60.898606641406964,64.07944001114231,donchian,12,allday,True,3.0,tp2.0,0.048622599109489885,0.19449039643795954,False
273,-0.2089820696976,0.5524929123409471,0.3443223443223443,-57.052105027444796,60.100727395406,donchian,12,allday,True,3.0,tp3.0,0.048622599109489885,0.19449039643795954,False
323,-0.14946350906263542,0.5715178795804323,0.3219814241486068,-48.27671342723124,51.17895738835243,donchian,12,allday,True,3.0,trail2.0,0.048622599109489885,0.19449039643795954,False
286,-0.2027662049977942,0.546742040385528,0.32517482517482516,-57.99113462936914,61.121332249101364,donchian,12,allday,True,3.0,trail3.0,0.048622599109489885,0.19449039643795954,False
134,-0.11560113981141647,0.8197462457216711,0.3805970149253731,-15.490552734729807,24.58558400013017,donchian,24,ny0811,False,1.5,tp1.5,0.09724519821897977,0.3889807928759191,False
129,-0.22193767505723483,0.6977628459935139,0.29457364341085274,-28.629960082383292,36.809272585905184,donchian,24,ny0811,False,1.5,tp2.0,0.09724519821897977,0.3889807928759191,False
121,-0.20200289001938673,0.7427133188388372,0.2396694214876033,-24.442349692345793,34.42143448534775,donchian,24,ny0811,False,1.5,tp3.0,0.09724519821897977,0.3889807928759191,False
119,-0.12463167944784208,0.8126582807908463,0.25210084033613445,-14.831169854293208,24.005012696094646,donchian,24,ny0811,False,1.5,trail2.0,0.09724519821897977,0.3889807928759191,False
117,-0.14745639221738766,0.8042434551958552,0.24786324786324787,-17.252397889434356,26.15381447350375,donchian,24,ny0811,False,1.5,trail3.0,0.09724519821897977,0.3889807928759191,False
124,-0.20786784408404826,0.6786526111246444,0.3548387096774194,-25.775612666421985,31.160097044063626,donchian,24,ny0811,False,2.0,tp1.5,0.07293389866423483,0.2917355946569393,False
119,-0.20766087115583998,0.6956791019776684,0.31092436974789917,-24.71164366754496,27.091129381754765,donchian,24,ny0811,False,2.0,tp2.0,0.07293389866423483,0.2917355946569393,False
114,-0.19184917106128482,0.7295622247447057,0.2807017543859649,-21.87080550098647,23.784568688726672,donchian,24,ny0811,False,2.0,tp3.0,0.07293389866423483,0.2917355946569393,False
114,-0.10905841787053806,0.802631032760828,0.2807017543859649,-12.43265963724134,18.230005285506454,donchian,24,ny0811,False,2.0,trail2.0,0.07293389866423483,0.2917355946569393,False
111,-0.13974023356032406,0.7901012811238964,0.2882882882882883,-15.51116592519597,18.60938987619032,donchian,24,ny0811,False,2.0,trail3.0,0.07293389866423483,0.2917355946569393,False
114,-0.131833275846958,0.7725115445281685,0.39473684210526316,-15.028993446553212,19.246641483925515,donchian,24,ny0811,False,2.5,tp1.5,0.05834711893138786,0.23338847572555144,False
109,-0.13248046808052838,0.78200488851795,0.3577981651376147,-14.440371020777594,24.216037360819367,donchian,24,ny0811,False,2.5,tp2.0,0.05834711893138786,0.23338847572555144,False
105,-0.15426300674948498,0.7530626207468905,0.34285714285714286,-16.197615708695924,18.091359269364368,donchian,24,ny0811,False,2.5,tp3.0,0.05834711893138786,0.23338847572555144,False
111,-0.07657254829826507,0.8283501895659753,0.3063063063063063,-8.499552861107423,15.795156208378549,donchian,24,ny0811,False,2.5,trail2.0,0.05834711893138786,0.23338847572555144,False
108,-0.11026924756919128,0.8032989244735436,0.3333333333333333,-11.909078737472658,19.18460972166212,donchian,24,ny0811,False,2.5,trail3.0,0.05834711893138786,0.23338847572555144,False
105,-0.13944706667291018,0.739338790546198,0.4,-14.641942000655568,21.564079306086292,donchian,24,ny0811,False,3.0,tp1.5,0.048622599109489885,0.19449039643795954,False
104,-0.11975265858684861,0.7809689065818203,0.3942307692307692,-12.454276493032255,19.63021205281967,donchian,24,ny0811,False,3.0,tp2.0,0.048622599109489885,0.19449039643795954,False
101,-0.11758020920047597,0.7865366449131885,0.38613861386138615,-11.875601129248073,16.7425101971976,donchian,24,ny0811,False,3.0,tp3.0,0.048622599109489885,0.19449039643795954,False
111,-0.0794540903199453,0.7948997769717244,0.3063063063063063,-8.819404025513927,14.14858781889604,donchian,24,ny0811,False,3.0,trail2.0,0.048622599109489885,0.19449039643795954,False
106,-0.11779626354554197,0.7644765406418045,0.33962264150943394,-12.486403935827449,17.727156527146235,donchian,24,ny0811,False,3.0,trail3.0,0.048622599109489885,0.19449039643795954,False
103,-0.15778851909605277,0.7631694491680067,0.36893203883495146,-16.252217466893434,23.961959357225812,donchian,24,ny0811,True,1.5,tp1.5,0.09724519821897977,0.3889807928759191,False
98,-0.18261802262207888,0.7473578340265761,0.3163265306122449,-17.89656621696373,24.538837856012577,donchian,24,ny0811,True,1.5,tp2.0,0.09724519821897977,0.3889807928759191,False
95,-0.21828764706915477,0.7198734033583665,0.24210526315789474,-20.737326471569702,27.32239870966847,donchian,24,ny0811,True,1.5,tp3.0,0.09724519821897977,0.3889807928759191,False
95,-0.21151144866109112,0.6958025687158296,0.24210526315789474,-20.093587622803657,27.29047115238022,donchian,24,ny0811,True,1.5,trail2.0,0.09724519821897977,0.3889807928759191,False
93,-0.17056503644167653,0.7756447039529545,0.23655913978494625,-15.862548389075918,25.41443094876074,donchian,24,ny0811,True,1.5,trail3.0,0.09724519821897977,0.3889807928759191,False
94,-0.15637253006319454,0.7516682252517097,0.3829787234042553,-14.699017825940286,18.749654049810268,donchian,24,ny0811,True,2.0,tp1.5,0.07293389866423483,0.2917355946569393,False
93,-0.1818878007303963,0.72674328320212,0.3225806451612903,-16.915565467926854,20.115598805586906,donchian,24,ny0811,True,2.0,tp2.0,0.07293389866423483,0.2917355946569393,False
89,-0.19542813973965714,0.7199118395151819,0.2808988764044944,-17.393104436829486,19.84155000227495,donchian,24,ny0811,True,2.0,tp3.0,0.07293389866423483,0.2917355946569393,False
91,-0.17184324779865015,0.7012260758014444,0.26373626373626374,-15.637735549677164,20.800916389320868,donchian,24,ny0811,True,2.0,trail2.0,0.07293389866423483,0.2917355946569393,False
88,-0.14564845349845165,0.7831227267610329,0.2727272727272727,-12.817063907863744,18.019325971409213,donchian,24,ny0811,True,2.0,trail3.0,0.07293389866423483,0.2917355946569393,False
90,-0.19077107792971693,0.6822745310748628,0.36666666666666664,-17.169397013674523,22.028015952515894,donchian,24,ny0811,True,2.5,tp1.5,0.05834711893138786,0.23338847572555144,False
87,-0.18684117089023664,0.6998716617753256,0.3333333333333333,-16.255181867450588,22.26799225198717,donchian,24,ny0811,True,2.5,tp2.0,0.05834711893138786,0.23338847572555144,False
85,-0.21131946719922534,0.6694762785772183,0.3058823529411765,-17.962154711934154,21.371182208507904,donchian,24,ny0811,True,2.5,tp3.0,0.05834711893138786,0.23338847572555144,False
89,-0.1338096421215013,0.715108276341767,0.2808988764044944,-11.909058148813614,17.17652387199639,donchian,24,ny0811,True,2.5,trail2.0,0.05834711893138786,0.23338847572555144,False
86,-0.1313101612274439,0.7737285886410078,0.313953488372093,-11.292673865560177,19.091491828995142,donchian,24,ny0811,True,2.5,trail3.0,0.05834711893138786,0.23338847572555144,False
84,-0.1838102538583355,0.6668795988286499,0.36904761904761907,-15.440061324100181,19.75151811182635,donchian,24,ny0811,True,3.0,tp1.5,0.048622599109489885,0.19449039643795954,False
83,-0.1679310465680193,0.699465932556239,0.3614457831325301,-13.938276865145601,18.657757381861725,donchian,24,ny0811,True,3.0,tp2.0,0.048622599109489885,0.19449039643795954,False
82,-0.17067030084004461,0.6990545970094995,0.34146341463414637,-13.994964668883659,18.618502313312668,donchian,24,ny0811,True,3.0,tp3.0,0.048622599109489885,0.19449039643795954,False
89,-0.1278097019194603,0.6865155188227438,0.2808988764044944,-11.375063470831968,15.436442659851176,donchian,24,ny0811,True,3.0,trail2.0,0.048622599109489885,0.19449039643795954,False
85,-0.14584990906015752,0.7218876834745843,0.3176470588235294,-12.397242270113388,18.407400677470022,donchian,24,ny0811,True,3.0,trail3.0,0.048622599109489885,0.19449039643795954,False
160,-0.08241263978950024,0.8645672856077278,0.39375,-13.186022366320039,23.821025358896364,donchian,24,ny0812,False,1.5,tp1.5,0.09724519821897977,0.3889807928759191,False
153,-0.18820723672593906,0.7328205760910537,0.3137254901960784,-28.795707219068674,39.63096613096318,donchian,24,ny0812,False,1.5,tp2.0,0.09724519821897977,0.3889807928759191,False
141,-0.15407031358136059,0.79293280115544,0.2695035460992908,-21.723914214971842,38.90004322002057,donchian,24,ny0812,False,1.5,tp3.0,0.09724519821897977,0.3889807928759191,False
138,-0.11858409807091887,0.8151063121673721,0.26811594202898553,-16.364605533786804,27.304789513108915,donchian,24,ny0812,False,1.5,trail2.0,0.09724519821897977,0.3889807928759191,False
134,-0.12294623458404667,0.8301070007310472,0.26865671641791045,-16.474795434262255,29.560170943362934,donchian,24,ny0812,False,1.5,trail3.0,0.09724519821897977,0.3889807928759191,False
145,-0.16907965717255075,0.7241717302329057,0.3793103448275862,-24.516550290019858,31.642994473940856,donchian,24,ny0812,False,2.0,tp1.5,0.07293389866423483,0.2917355946569393,False
138,-0.1811069844385364,0.7191068632768403,0.3333333333333333,-24.992763852518024,30.34943466202491,donchian,24,ny0812,False,2.0,tp2.0,0.07293389866423483,0.2917355946569393,False
130,-0.15240644945706674,0.7728253313637428,0.3153846153846154,-19.812838429418676,25.860491922758197,donchian,24,ny0812,False,2.0,tp3.0,0.07293389866423483,0.2917355946569393,False
132,-0.09752548162626445,0.8148776409424601,0.30303030303030304,-12.873363574666907,20.991386187898385,donchian,24,ny0812,False,2.0,trail2.0,0.07293389866423483,0.2917355946569393,False
127,-0.1180205697188151,0.8145881728166088,0.31496062992125984,-14.988612354289517,22.220726610883183,donchian,24,ny0812,False,2.0,trail3.0,0.07293389866423483,0.2917355946569393,False
134,-0.08146341995775296,0.8428048928694963,0.417910447761194,-10.916098274338896,19.23805867718354,donchian,24,ny0812,False,2.5,tp1.5,0.05834711893138786,0.23338847572555144,False
127,-0.06266577313006513,0.8841346261367302,0.3937007874015748,-7.958553187518271,23.607190393843318,donchian,24,ny0812,False,2.5,tp2.0,0.05834711893138786,0.23338847572555144,False
120,-0.09768829436999732,0.8274084319243081,0.375,-11.722595324399679,18.112447131119715,donchian,24,ny0812,False,2.5,tp3.0,0.05834711893138786,0.23338847572555144,False
129,-0.06584394476608386,0.8438535294437063,0.32558139534883723,-8.493868874824818,18.100574995827063,donchian,24,ny0812,False,2.5,trail2.0,0.05834711893138786,0.23338847572555144,False
123,-0.081482178981819,0.8449238598275699,0.35772357723577236,-10.022308014763738,20.962958693027183,donchian,24,ny0812,False,2.5,trail3.0,0.05834711893138786,0.23338847572555144,False
123,-0.07851242377009643,0.8342517101298388,0.42276422764227645,-9.657028123721862,21.466294870649044,donchian,24,ny0812,False,3.0,tp1.5,0.048622599109489885,0.19449039643795954,False
119,-0.07477702553164775,0.8488001006286068,0.4117647058823529,-8.898466038266083,19.75296056451019,donchian,24,ny0812,False,3.0,tp2.0,0.048622599109489885,0.19449039643795954,False
116,-0.07113442042438738,0.8568041677575373,0.4051724137931034,-8.251592769228935,16.865258708888117,donchian,24,ny0812,False,3.0,tp3.0,0.048622599109489885,0.19449039643795954,False
129,-0.06833075480835982,0.8127213072982122,0.32558139534883723,-8.814667370278416,15.989308681633549,donchian,24,ny0812,False,3.0,trail2.0,0.048622599109489885,0.19449039643795954,False
121,-0.08963871502560591,0.8075237296300485,0.36363636363636365,-10.846284518098315,19.141303521145424,donchian,24,ny0812,False,3.0,trail3.0,0.048622599109489885,0.19449039643795954,False
127,-0.14938548757842807,0.7661027342215441,0.3700787401574803,-18.971956922460365,28.747285595272302,donchian,24,ny0812,True,1.5,tp1.5,0.09724519821897977,0.3889807928759191,False
119,-0.18739364626695929,0.7341695353837256,0.31932773109243695,-22.299843905768157,29.573542455693666,donchian,24,ny0812,True,1.5,tp2.0,0.09724519821897977,0.3889807928759191,False
113,-0.21522354695674226,0.7138933867904611,0.25663716814159293,-24.320260806111875,34.06570191667845,donchian,24,ny0812,True,1.5,tp3.0,0.09724519821897977,0.3889807928759191,False
112,-0.2509853202543863,0.6323524009216972,0.24107142857142858,-28.11035586849127,34.42040301593015,donchian,24,ny0812,True,1.5,trail2.0,0.09724519821897977,0.3889807928759191,False
108,-0.19970628240831326,0.732424510347036,0.24074074074074073,-21.568278500097833,31.08548189095708,donchian,24,ny0812,True,1.5,trail3.0,0.09724519821897977,0.3889807928759191,False
112,-0.14837592288953072,0.7551241374738323,0.39285714285714285,-16.61810336362744,22.51448759317394,donchian,24,ny0812,True,2.0,tp1.5,0.07293389866423483,0.2917355946569393,False
110,-0.19929739101670063,0.6900284445154872,0.32727272727272727,-21.922713011837068,25.324176224426598,donchian,24,ny0812,True,2.0,tp2.0,0.07293389866423483,0.2917355946569393,False
103,-0.19852074553308033,0.7057420508980029,0.30097087378640774,-20.447636789907275,23.86599409055941,donchian,24,ny0812,True,2.0,tp3.0,0.07293389866423483,0.2917355946569393,False
107,-0.1980461580537226,0.6464367811892207,0.27102803738317754,-21.19093891174832,25.897610783652755,donchian,24,ny0812,True,2.0,trail2.0,0.07293389866423483,0.2917355946569393,False
102,-0.17065695844708695,0.7405321535585755,0.28431372549019607,-17.40700976160287,22.708131592658805,donchian,24,ny0812,True,2.0,trail3.0,0.07293389866423483,0.2917355946569393,False
108,-0.1580085755417566,0.7087026654531016,0.37962962962962965,-17.064926158509714,23.554881183862975,donchian,24,ny0812,True,2.5,tp1.5,0.05834711893138786,0.23338847572555144,False
104,-0.13892964429165333,0.750625879716432,0.3557692307692308,-14.448683006331947,23.419282947106552,donchian,24,ny0812,True,2.5,tp2.0,0.05834711893138786,0.23338847572555144,False
99,-0.1825417267913667,0.6884433854648,0.32323232323232326,-18.071630952345306,22.31164700089667,donchian,24,ny0812,True,2.5,tp3.0,0.05834711893138786,0.23338847572555144,False
105,-0.15422260668807075,0.6606609507425472,0.2857142857142857,-16.193373702247428,21.095632251238786,donchian,24,ny0812,True,2.5,trail2.0,0.05834711893138786,0.23338847572555144,False
100,-0.1464223688782326,0.7384219253785008,0.32,-14.64223688782326,22.983589376933878,donchian,24,ny0812,True,2.5,trail3.0,0.05834711893138786,0.23338847572555144,False
101,-0.13226956928803704,0.7258296708195148,0.37623762376237624,-13.35922649809174,20.53947505752489,donchian,24,ny0812,True,3.0,tp1.5,0.048622599109489885,0.19449039643795954,False
97,-0.13791264781900653,0.7250547058352637,0.36082474226804123,-13.377526838443634,19.666247274688025,donchian,24,ny0812,True,3.0,tp2.0,0.048622599109489885,0.19449039643795954,False
96,-0.13922934100967424,0.7259950763273929,0.34375,-13.366016736928728,19.62699220613897,donchian,24,ny0812,True,3.0,tp3.0,0.048622599109489885,0.19449039643795954,False
105,-0.13447593339207797,0.6504303222747082,0.2857142857142857,-14.119973006168186,17.87701288336122,donchian,24,ny0812,True,3.0,trail2.0,0.048622599109489885,0.19449039643795954,False
99,-0.14439778667342396,0.7067050914526449,0.32323232323232326,-14.295380880668972,20.424318059422042,donchian,24,ny0812,True,3.0,trail3.0,0.048622599109489885,0.19449039643795954,False
303,-0.16381648526050555,0.7537730135436781,0.3696369636963696,-49.636395033933184,66.34995997351353,donchian,24,ln0312,False,1.5,tp1.5,0.09724519821897977,0.3889807928759191,False
284,-0.14063638329197678,0.8035306316358731,0.3274647887323944,-39.94073285492141,57.97384616505118,donchian,24,ln0312,False,1.5,tp2.0,0.09724519821897977,0.3889807928759191,False
255,-0.1409196102383429,0.8185086731122297,0.25882352941176473,-35.93450061077744,53.273144263096306,donchian,24,ln0312,False,1.5,tp3.0,0.09724519821897977,0.3889807928759191,False
256,-0.16027368157247035,0.7415651457752828,0.26171875,-41.03006248255241,49.49000246156275,donchian,24,ln0312,False,1.5,trail2.0,0.09724519821897977,0.3889807928759191,False
240,-0.1405851619181104,0.8085953131458753,0.24166666666666667,-33.7404388603465,49.76755745513381,donchian,24,ln0312,False,1.5,trail3.0,0.09724519821897977,0.3889807928759191,False
267,-0.13969449878194892,0.7795699569495,0.3857677902621723,-37.29843117478036,48.07326615737764,donchian,24,ln0312,False,2.0,tp1.5,0.07293389866423483,0.2917355946569393,False
248,-0.18199207685352137,0.7386245343592265,0.31451612903225806,-45.1340350596733,53.8507167427167,donchian,24,ln0312,False,2.0,tp2.0,0.07293389866423483,0.2917355946569393,False
231,-0.14347417055031758,0.7974768296890917,0.30303030303030304,-33.14253339712336,44.27250930060521,donchian,24,ln0312,False,2.0,tp3.0,0.07293389866423483,0.2917355946569393,False
245,-0.12585583068098585,0.7495665739692956,0.2979591836734694,-30.834678516841535,38.73513915807464,donchian,24,ln0312,False,2.0,trail2.0,0.07293389866423483,0.2917355946569393,False
226,-0.1220716931945888,0.8070274412924435,0.27876106194690264,-27.588202661977068,41.19654482551705,donchian,24,ln0312,False,2.0,trail3.0,0.07293389866423483,0.2917355946569393,False
246,-0.14926030375875143,0.7482068693211331,0.37398373983739835,-36.71803472465285,43.11907507171306,donchian,24,ln0312,False,2.5,tp1.5,0.05834711893138786,0.23338847572555144,False
226,-0.1421113475853131,0.7685512912589644,0.3495575221238938,-32.11716455428076,41.307405670931374,donchian,24,ln0312,False,2.5,tp2.0,0.05834711893138786,0.23338847572555144,False
216,-0.10475524512915071,0.832234517961197,0.3425925925925926,-22.627132947896555,34.05528833449466,donchian,24,ln0312,False,2.5,tp3.0,0.05834711893138786,0.23338847572555144,False
240,-0.09783079258391848,0.762458154289936,0.31666666666666665,-23.479390220140434,30.90718845526312,donchian,24,ln0312,False,2.5,trail2.0,0.05834711893138786,0.23338847572555144,False
220,-0.13039812097678355,0.7643992719388031,0.29545454545454547,-28.687586614892382,36.93414638532604,donchian,24,ln0312,False,2.5,trail3.0,0.05834711893138786,0.23338847572555144,False
222,-0.11086430484636882,0.788488390612213,0.38738738738738737,-24.611875675893877,32.68061954827319,donchian,24,ln0312,False,3.0,tp1.5,0.048622599109489885,0.19449039643795954,False
215,-0.08377720018775296,0.8410661844135878,0.39069767441860465,-18.012098040366887,28.98075012164754,donchian,24,ln0312,False,3.0,tp2.0,0.048622599109489885,0.19449039643795954,False
207,-0.10636885196908528,0.8016632401586127,0.37681159420289856,-22.018352357600655,28.316636826104485,donchian,24,ln0312,False,3.0,tp3.0,0.048622599109489885,0.19449039643795954,False
239,-0.09099458704130266,0.7437443370437146,0.3179916317991632,-21.747706302871336,27.055100258972267,donchian,24,ln0312,False,3.0,trail2.0,0.048622599109489885,0.19449039643795954,False
216,-0.12926533212058916,0.7337316823182188,0.3055555555555556,-27.921311738047258,35.20623538271846,donchian,24,ln0312,False,3.0,trail3.0,0.048622599109489885,0.19449039643795954,False
175,-0.19243754331999005,0.7118444676651892,0.35428571428571426,-33.67657008099826,43.37688342970772,donchian,24,ln0312,True,1.5,tp1.5,0.09724519821897977,0.3889807928759191,False
163,-0.2579555665191777,0.6518704721958261,0.294478527607362,-42.046757342625966,45.090286346022495,donchian,24,ln0312,True,1.5,tp2.0,0.09724519821897977,0.3889807928759191,False
152,-0.2375973937073457,0.6955575599770415,0.24342105263157895,-36.11480384351655,43.31642839921725,donchian,24,ln0312,True,1.5,tp3.0,0.09724519821897977,0.3889807928759191,False
148,-0.21059613819409753,0.6821031954657877,0.23648648648648649,-31.168228452726435,40.30417647957868,donchian,24,ln0312,True,1.5,trail2.0,0.09724519821897977,0.3889807928759191,False
143,-0.20636566505850237,0.7281115572758344,0.23776223776223776,-29.51029010336584,38.07115988053738,donchian,24,ln0312,True,1.5,trail3.0,0.09724519821897977,0.3889807928759191,False
150,-0.1824441756565527,0.7101902814496232,0.38,-27.366626348482903,35.26977374466455,donchian,24,ln0312,True,2.0,tp1.5,0.07293389866423483,0.2917355946569393,False
146,-0.19461981307314336,0.7069885506048825,0.3219178082191781,-28.414492708678928,38.192611586008404,donchian,24,ln0312,True,2.0,tp2.0,0.07293389866423483,0.2917355946569393,False
136,-0.18481630744484062,0.7325300886701649,0.29411764705882354,-25.135017812498326,32.57658155356703,donchian,24,ln0312,True,2.0,tp3.0,0.07293389866423483,0.2917355946569393,False
139,-0.14883088854780802,0.718622787959568,0.2805755395683453,-20.687493508145316,29.518090463421082,donchian,24,ln0312,True,2.0,trail2.0,0.07293389866423483,0.2917355946569393,False
133,-0.16185020377747605,0.7535777168829032,0.2781954887218045,-21.526077102404315,30.700260581827333,donchian,24,ln0312,True,2.0,trail3.0,0.07293389866423483,0.2917355946569393,False
143,-0.21047158433329682,0.6411295704230304,0.34965034965034963,-30.097436559661446,36.29078442078735,donchian,24,ln0312,True,2.5,tp1.5,0.05834711893138786,0.23338847572555144,False
138,-0.16913249406458328,0.715073496329583,0.34057971014492755,-23.34028418091249,33.09011422898253,donchian,24,ln0312,True,2.5,tp2.0,0.05834711893138786,0.23338847572555144,False
133,-0.2100386315419224,0.6639447623983671,0.3082706766917293,-27.935137995075678,32.990528361675956,donchian,24,ln0312,True,2.5,tp3.0,0.05834711893138786,0.23338847572555144,False
138,-0.12887780253190828,0.7064402769054461,0.2898550724637681,-17.785136749403343,24.336556916337805,donchian,24,ln0312,True,2.5,trail2.0,0.05834711893138786,0.23338847572555144,False
132,-0.17615552969078918,0.6958331792756105,0.2878787878787879,-23.252529919184173,30.148671027818537,donchian,24,ln0312,True,2.5,trail3.0,0.05834711893138786,0.23338847572555144,False
136,-0.15736717143701032,0.6938175572156947,0.3602941176470588,-21.401935315433402,28.377431332237123,donchian,24,ln0312,True,3.0,tp1.5,0.048622599109489885,0.19449039643795954,False
132,-0.181927709951675,0.6652393800692682,0.3333333333333333,-24.014457713621102,27.645237017739607,donchian,24,ln0312,True,3.0,tp2.0,0.048622599109489885,0.19449039643795954,False
130,-0.17620271222991743,0.6759608748296817,0.33076923076923076,-22.906352589889266,27.93263267741402,donchian,24,ln0312,True,3.0,tp3.0,0.048622599109489885,0.19449039643795954,False
138,-0.11436807242374884,0.6932332294178828,0.2898550724637681,-15.782793994477341,20.712698159114105,donchian,24,ln0312,True,3.0,trail2.0,0.048622599109489885,0.19449039643795954,False
132,-0.18220625330355328,0.6482692331965563,0.2878787878787879,-24.051225436069032,28.920840908348264,donchian,24,ln0312,True,3.0,trail3.0,0.048622599109489885,0.19449039643795954,False
532,-0.19327807462349877,0.6989970096257903,0.36466165413533835,-102.82393569970135,121.04843317617635,donchian,24,allday,False,1.5,tp1.5,0.09724519821897977,0.3889807928759191,False
491,-0.18107901012082206,0.7335784082760062,0.3340122199592668,-88.90979396932363,114.38309732586684,donchian,24,allday,False,1.5,tp2.0,0.09724519821897977,0.3889807928759191,False
450,-0.20103802365068613,0.7208999328898101,0.28444444444444444,-90.46711064280876,113.87944495115187,donchian,24,allday,False,1.5,tp3.0,0.09724519821897977,0.3889807928759191,False
452,-0.21426102586866566,0.6427931317334674,0.2721238938053097,-96.84598369263688,107.86118479880786,donchian,24,allday,False,1.5,trail2.0,0.09724519821897977,0.3889807928759191,False
431,-0.21942468441917476,0.6850674503103343,0.26450116009280744,-94.57203898466432,111.56578547844555,donchian,24,allday,False,1.5,trail3.0,0.09724519821897977,0.3889807928759191,False
466,-0.15025698229411932,0.7396715394748555,0.38626609442060084,-70.0197537490596,88.54689314518163,donchian,24,allday,False,2.0,tp1.5,0.07293389866423483,0.2917355946569393,False
437,-0.1802052364140583,0.7054699253472445,0.3340961098398169,-78.74968831294348,88.00397097011407,donchian,24,allday,False,2.0,tp2.0,0.07293389866423483,0.2917355946569393,False
411,-0.1575082939030763,0.7489120849721895,0.32116788321167883,-64.73590879416436,84.7403543513124,donchian,24,allday,False,2.0,tp3.0,0.07293389866423483,0.2917355946569393,False
439,-0.17805444400857778,0.635238377905156,0.30068337129840544,-78.16590091976565,86.72304924540174,donchian,24,allday,False,2.0,trail2.0,0.07293389866423483,0.2917355946569393,False
411,-0.19115048416509087,0.6787901576911515,0.29683698296836986,-78.56284899185235,91.80934117371501,donchian,24,allday,False,2.0,trail3.0,0.07293389866423483,0.2917355946569393,False
417,-0.11975103630238948,0.76249858738723,0.3932853717026379,-49.93618213809641,59.93577934526433,donchian,24,allday,False,2.5,tp1.5,0.05834711893138786,0.23338847572555144,False
395,-0.13359479514156145,0.7487781904980915,0.36455696202531646,-52.769944080916765,60.58322574226311,donchian,24,allday,False,2.5,tp2.0,0.05834711893138786,0.23338847572555144,False
377,-0.11457508295750195,0.7860849882786916,0.35809018567639256,-43.194806274978234,62.80499000423006,donchian,24,allday,False,2.5,tp3.0,0.05834711893138786,0.23338847572555144,False
428,-0.1384967181701284,0.6538520439075495,0.3177570093457944,-59.27659537681495,65.07992706971521,donchian,24,allday,False,2.5,trail2.0,0.05834711893138786,0.23338847572555144,False
393,-0.16242449509329213,0.6807159647854253,0.31806615776081426,-63.8328265716638,71.49770973386426,donchian,24,allday,False,2.5,trail3.0,0.05834711893138786,0.23338847572555144,False
388,-0.0978767644105565,0.7790316239589712,0.39690721649484534,-37.97618459129592,48.3814635540164,donchian,24,allday,False,3.0,tp1.5,0.048622599109489885,0.19449039643795954,False
375,-0.09807028825732779,0.7872821127431464,0.38133333333333336,-36.77635809649792,48.27869663167335,donchian,24,allday,False,3.0,tp2.0,0.048622599109489885,0.19449039643795954,False
362,-0.11349995968208959,0.754871534598939,0.3729281767955801,-41.08698540491643,51.78673352149899,donchian,24,allday,False,3.0,tp3.0,0.048622599109489885,0.19449039643795954,False
427,-0.12344102961439823,0.6385996042509051,0.3185011709601874,-52.709319645348046,57.18457663589395,donchian,24,allday,False,3.0,trail2.0,0.048622599109489885,0.19449039643795954,False
386,-0.1454754297408933,0.6674743653824493,0.32642487046632124,-56.153515879984816,62.44188056281455,donchian,24,allday,False,3.0,trail3.0,0.048622599109489885,0.19449039643795954,False
273,-0.21937146880354302,0.6465271394293799,0.3516483516483517,-59.888410983367244,67.63737598900167,donchian,24,allday,True,1.5,tp1.5,0.09724519821897977,0.3889807928759191,False
255,-0.23182207234750896,0.6469273901726794,0.3254901960784314,-59.11462844861478,62.73782730623623,donchian,24,allday,True,1.5,tp2.0,0.09724519821897977,0.3889807928759191,False
241,-0.2326428132944954,0.6574733363244847,0.2863070539419087,-56.06691800397339,62.67031604245713,donchian,24,allday,True,1.5,tp3.0,0.09724519821897977,0.3889807928759191,False
234,-0.23097518038684364,0.6174510791145261,0.2606837606837607,-54.048192210521414,57.75136052258365,donchian,24,allday,True,1.5,trail2.0,0.09724519821897977,0.3889807928759191,False
224,-0.2142684047771077,0.6806119785194507,0.2857142857142857,-47.996122670072126,54.692242770510326,donchian,24,allday,True,1.5,trail3.0,0.09724519821897977,0.3889807928759191,False
241,-0.1755624656109181,0.6823876934673667,0.38589211618257263,-42.31055421223126,45.71763192201513,donchian,24,allday,True,2.0,tp1.5,0.07293389866423483,0.2917355946569393,False
230,-0.17621296193961553,0.6918936763435101,0.34347826086956523,-40.52898124611157,49.06474874539171,donchian,24,allday,True,2.0,tp2.0,0.07293389866423483,0.2917355946569393,False
217,-0.18449473167235556,0.6886396028726091,0.31797235023041476,-40.03535677290115,44.82305754178235,donchian,24,allday,True,2.0,tp3.0,0.07293389866423483,0.2917355946569393,False
225,-0.18158149643655214,0.6244985916838551,0.28888888888888886,-40.85583669822423,42.5292910535609,donchian,24,allday,True,2.0,trail2.0,0.07293389866423483,0.2917355946569393,False
214,-0.18608293474470625,0.6786213682587506,0.308411214953271,-39.821748035367136,44.24628193930984,donchian,24,allday,True,2.0,trail3.0,0.07293389866423483,0.2917355946569393,False
225,-0.1797264499400139,0.6391557256441487,0.37333333333333335,-40.43845123650313,46.912400115309346,donchian,24,allday,True,2.5,tp1.5,0.05834711893138786,0.23338847572555144,False
216,-0.15650240465867657,0.6904794411694279,0.35648148148148145,-33.80451940627414,42.791498891608526,donchian,24,allday,True,2.5,tp2.0,0.05834711893138786,0.23338847572555144,False
208,-0.19401706794241763,0.6371705352981109,0.3317307692307692,-40.35555013202287,43.05228946688987,donchian,24,allday,True,2.5,tp3.0,0.05834711893138786,0.23338847572555144,False
220,-0.1396413244010021,0.6452848380787674,0.30454545454545456,-30.72109136822046,36.48187147933341,donchian,24,allday,True,2.5,trail2.0,0.05834711893138786,0.23338847572555144,False
209,-0.17474612721334806,0.6523894149339146,0.3157894736842105,-36.52194058758975,42.504209125199374,donchian,24,allday,True,2.5,trail3.0,0.05834711893138786,0.23338847572555144,False
214,-0.12549518766546153,0.6997261726212152,0.3878504672897196,-26.855970160408766,36.34160169706799,donchian,24,allday,True,3.0,tp1.5,0.048622599109489885,0.19449039643795954,False
207,-0.15494528364671759,0.6556498160339218,0.3526570048309179,-32.07367371487054,38.188657910089056,donchian,24,allday,True,3.0,tp2.0,0.048622599109489885,0.19449039643795954,False
201,-0.14551009990413416,0.6747819638595621,0.3582089552238806,-29.247530080730964,35.287286379251555,donchian,24,allday,True,3.0,tp3.0,0.048622599109489885,0.19449039643795954,False
220,-0.12007901959000893,0.6380665675862021,0.30454545454545456,-26.417384309801964,31.031920581631077,donchian,24,allday,True,3.0,trail2.0,0.048622599109489885,0.19449039643795954,False
208,-0.16602045599826118,0.6228334714559112,0.3173076923076923,-34.53225484763833,39.71404510036244,donchian,24,allday,True,3.0,trail3.0,0.048622599109489885,0.19449039643795954,False
116,-0.11604763422431293,0.8213429238483957,0.3793103448275862,-13.4615255700203,20.060671627188682,donchian,48,ny0811,False,1.5,tp1.5,0.09724519821897977,0.3889807928759191,False
111,-0.17605776333289147,0.7551506775383219,0.3153153153153153,-19.542411729950953,25.855559961630487,donchian,48,ny0811,False,1.5,tp2.0,0.09724519821897977,0.3889807928759191,False
105,-0.25302346295571443,0.6807218969034651,0.23809523809523808,-26.567463610350018,33.52572732290851,donchian,48,ny0811,False,1.5,tp3.0,0.09724519821897977,0.3889807928759191,False
103,-0.11470362793458157,0.8256653310687415,0.27184466019417475,-11.814473677261901,21.44726034747879,donchian,48,ny0811,False,1.5,trail2.0,0.09724519821897977,0.3889807928759191,False
102,-0.16756422306754207,0.7783282393930557,0.24509803921568626,-17.09155075288929,26.357777430122145,donchian,48,ny0811,False,1.5,trail3.0,0.09724519821897977,0.3889807928759191,False
108,-0.14325556764507524,0.7687066816023748,0.37962962962962965,-15.471601305668125,18.525394974011345,donchian,48,ny0811,False,2.0,tp1.5,0.07293389866423483,0.2917355946569393,False
104,-0.1714073814134573,0.7413731651574982,0.3269230769230769,-17.82636766699956,20.092368723323677,donchian,48,ny0811,False,2.0,tp2.0,0.07293389866423483,0.2917355946569393,False
100,-0.19349286068223326,0.7223034610763722,0.28,-19.349286068223325,21.982603885860833,donchian,48,ny0811,False,2.0,tp3.0,0.07293389866423483,0.2917355946569393,False
100,-0.0923698129670514,0.8294724181961576,0.3,-9.23698129670514,15.628534816281821,donchian,48,ny0811,False,2.0,trail2.0,0.07293389866423483,0.2917355946569393,False
98,-0.1334716129183586,0.7975818490889899,0.2857142857142857,-13.080218065999142,16.952049586866085,donchian,48,ny0811,False,2.0,trail3.0,0.07293389866423483,0.2917355946569393,False
99,-0.060860412684090176,0.8875830703222458,0.42424242424242425,-6.025180855724927,11.199165946896851,donchian,48,ny0811,False,2.5,tp1.5,0.05834711893138786,0.23338847572555144,False
95,-0.11706918592651813,0.7975448966082282,0.3684210526315789,-11.121572663019222,19.58404481941259,donchian,48,ny0811,False,2.5,tp2.0,0.05834711893138786,0.23338847572555144,False
92,-0.13277163926402996,0.7780346550184288,0.34782608695652173,-12.214990812290756,15.317682890283063,donchian,48,ny0811,False,2.5,tp3.0,0.05834711893138786,0.23338847572555144,False
97,-0.046301045214544936,0.890472132567875,0.32989690721649484,-4.491201385810859,11.404212426585225,donchian,48,ny0811,False,2.5,trail2.0,0.05834711893138786,0.23338847572555144,False
95,-0.08021350824749392,0.8515291676298848,0.3368421052631579,-7.620283283511922,15.170674484816278,donchian,48,ny0811,False,2.5,trail3.0,0.05834711893138786,0.23338847572555144,False
94,-0.15086768340700246,0.7156687902623037,0.39361702127659576,-14.18156224025823,17.4827534634453,donchian,48,ny0811,False,3.0,tp1.5,0.048622599109489885,0.19449039643795954,False
93,-0.1269727161723901,0.7645518314149542,0.3870967741935484,-11.808462604032277,16.105703394327875,donchian,48,ny0811,False,3.0,tp2.0,0.048622599109489885,0.19449039643795954,False
91,-0.14199566967486435,0.7413537802363388,0.37362637362637363,-12.921605940412656,16.187302860826303,donchian,48,ny0811,False,3.0,tp3.0,0.048622599109489885,0.19449039643795954,False
97,-0.050174724835457936,0.8621073556395114,0.32989690721649484,-4.86694830903942,10.466281929384952,donchian,48,ny0811,False,3.0,trail2.0,0.048622599109489885,0.19449039643795954,False
94,-0.09457098696130892,0.803804895618482,0.3404255319148936,-8.889672774363039,14.448852033509473,donchian,48,ny0811,False,3.0,trail3.0,0.048622599109489885,0.19449039643795954,False
91,-0.07811940885184242,0.8773129985378763,0.3956043956043956,-7.108866205517661,14.020391724681868,donchian,48,ny0811,True,1.5,tp1.5,0.09724519821897977,0.3889807928759191,False
86,-0.13004794656547092,0.8140905012555693,0.3372093023255814,-11.1841234046305,19.456376616011497,donchian,48,ny0811,True,1.5,tp2.0,0.09724519821897977,0.3889807928759191,False
84,-0.19091509022999004,0.749871480422762,0.2619047619047619,-16.036867579319164,23.953849452280153,donchian,48,ny0811,True,1.5,tp3.0,0.09724519821897977,0.3889807928759191,False
83,-0.13054886335186824,0.8037668244224737,0.26506024096385544,-10.835555658205063,19.813677308059113,donchian,48,ny0811,True,1.5,trail2.0,0.09724519821897977,0.3889807928759191,False
82,-0.12227755671380873,0.8350560880075024,0.25609756097560976,-10.026759650532316,21.61445428798939,donchian,48,ny0811,True,1.5,trail3.0,0.09724519821897977,0.3889807928759191,False
83,-0.0989259538527038,0.8348854746136264,0.40963855421686746,-8.210854169774414,13.978855097710621,donchian,48,ny0811,True,2.0,tp1.5,0.07293389866423483,0.2917355946569393,False
83,-0.14079987652799109,0.7805962464876847,0.3493975903614458,-11.68638975182326,16.16512480635738,donchian,48,ny0811,True,2.0,tp2.0,0.07293389866423483,0.2917355946569393,False
79,-0.14952444729121428,0.7790392986185408,0.3037974683544304,-11.812431336005929,16.53773595978059,donchian,48,ny0811,True,2.0,tp3.0,0.07293389866423483,0.2917355946569393,False
80,-0.10588050302533758,0.8074393045900142,0.2875,-8.470440242027006,15.219549671878788,donchian,48,ny0811,True,2.0,trail2.0,0.07293389866423483,0.2917355946569393,False
78,-0.09277424111589985,0.8565886378797308,0.2948717948717949,-7.2363908070401886,14.076876766576506,donchian,48,ny0811,True,2.0,trail3.0,0.07293389866423483,0.2917355946569393,False
80,-0.12738080812999217,0.7739441910674651,0.4,-10.190464650399374,16.75422773727448,donchian,48,ny0811,True,2.5,tp1.5,0.05834711893138786,0.23338847572555144,False
77,-0.1364631131617941,0.767538514903689,0.36363636363636365,-10.507659713458146,17.99420403674582,donchian,48,ny0811,True,2.5,tp2.0,0.05834711893138786,0.23338847572555144,False
75,-0.14536032587844097,0.7597904706768165,0.3333333333333333,-10.902024440883073,15.970291092946411,donchian,48,ny0811,True,2.5,tp3.0,0.05834711893138786,0.23338847572555144,False
78,-0.06560249227824376,0.8497776433194412,0.3076923076923077,-5.116994397703014,12.419439140784913,donchian,48,ny0811,True,2.5,trail2.0,0.05834711893138786,0.23338847572555144,False
76,-0.06041684424909587,0.8888421289266927,0.34210526315789475,-4.5916801629312864,14.04973728185584,donchian,48,ny0811,True,2.5,trail3.0,0.05834711893138786,0.23338847572555144,False
77,-0.17868168112559746,0.6707027058790732,0.37662337662337664,-13.758489446671003,18.523451557146416,donchian,48,ny0811,True,3.0,tp1.5,0.048622599109489885,0.19449039643795954,False
76,-0.1538031587443407,0.7204243018363198,0.3684210526315789,-11.689040064569893,15.227978972327023,donchian,48,ny0811,True,3.0,tp2.0,0.048622599109489885,0.19449039643795954,False
75,-0.1566097049107726,0.7199056944156332,0.3466666666666667,-11.745727868307947,17.31607026711405,donchian,48,ny0811,True,3.0,tp3.0,0.048622599109489885,0.19449039643795954,False
78,-0.0678918296129389,0.8199833336357537,0.3076923076923077,-5.295562709809234,11.21942441541104,donchian,48,ny0811,True,3.0,trail2.0,0.048622599109489885,0.19449039643795954,False
76,-0.09153963905384346,0.8147450834846252,0.34210526315789475,-6.957012568092103,14.683203605023465,donchian,48,ny0811,True,3.0,trail3.0,0.048622599109489885,0.19449039643795954,False
141,-0.10191134388492218,0.8375317432769622,0.3829787234042553,-14.369499487774027,20.566734617844734,donchian,48,ny0812,False,1.5,tp1.5,0.09724519821897977,0.3889807928759191,False
134,-0.14802914661152494,0.7864521787209668,0.3283582089552239,-19.835905645944344,29.55741991366613,donchian,48,ny0812,False,1.5,tp2.0,0.09724519821897977,0.3889807928759191,False
126,-0.21089194379659604,0.7210476905215141,0.2619047619047619,-26.5723849183711,39.1737401176002,donchian,48,ny0812,False,1.5,tp3.0,0.09724519821897977,0.3889807928759191,False
122,-0.12444463044621755,0.8057904527584464,0.2786885245901639,-15.182244914438542,26.013626796369646,donchian,48,ny0812,False,1.5,trail2.0,0.09724519821897977,0.3889807928759191,False
120,-0.16016056531158415,0.7817913519842313,0.25833333333333336,-19.2192678373901,30.93353796000021,donchian,48,ny0812,False,1.5,trail3.0,0.09724519821897977,0.3889807928759191,False
127,-0.10141229261318181,0.8263129360527541,0.4015748031496063,-12.87936116187409,20.42088126328848,donchian,48,ny0812,False,2.0,tp1.5,0.07293389866423483,0.2917355946569393,False
122,-0.14608352073302083,0.7665327245976102,0.3442622950819672,-17.82218952942854,23.579523152181995,donchian,48,ny0812,False,2.0,tp2.0,0.07293389866423483,0.2917355946569393,False
116,-0.15983897240980421,0.7582371938531465,0.3103448275862069,-18.54132079953729,24.137700720058753,donchian,48,ny0812,False,2.0,tp3.0,0.07293389866423483,0.2917355946569393,False
117,-0.08765433724397627,0.8310865569816246,0.3162393162393162,-10.255557457545223,18.46908931884014,donchian,48,ny0812,False,2.0,trail2.0,0.07293389866423483,0.2917355946569393,False
114,-0.12111987980679333,0.808845857543685,0.30701754385964913,-13.80766629797444,20.642559921725336,donchian,48,ny0812,False,2.0,trail3.0,0.07293389866423483,0.2917355946569393,False
117,-0.01102059806778856,0.9770932249325381,0.4444444444444444,-1.2894099739312617,11.255469762892087,donchian,48,ny0812,False,2.5,tp1.5,0.05834711893138786,0.23338847572555144,False
112,-0.04637877409400798,0.909475321343928,0.4017857142857143,-5.194422698528894,19.040084475173757,donchian,48,ny0812,False,2.5,tp2.0,0.05834711893138786,0.23338847572555144,False
106,-0.07739449008802099,0.8569757569537327,0.37735849056603776,-8.203815949330226,14.821978369723535,donchian,48,ny0812,False,2.5,tp3.0,0.05834711893138786,0.23338847572555144,False
113,-0.03869281530589102,0.9035018586729279,0.34513274336283184,-4.3722881295656855,13.466096467500584,donchian,48,ny0812,False,2.5,trail2.0,0.05834711893138786,0.23338847572555144,False
109,-0.0568564961664102,0.8881563913239715,0.3577981651376147,-6.197358082138711,17.013910078918553,donchian,48,ny0812,False,2.5,trail3.0,0.05834711893138786,0.23338847572555144,False
111,-0.08394530954440683,0.8202823819537312,0.42342342342342343,-9.317929359429158,16.875555844052677,donchian,48,ny0812,False,3.0,tp1.5,0.048622599109489885,0.19449039643795954,False
107,-0.07911135067766055,0.837289796853194,0.411214953271028,-8.464914522509678,16.067665314842387,donchian,48,ny0812,False,3.0,tp2.0,0.048622599109489885,0.19449039643795954,False
105,-0.09057009479654379,0.8165181140850623,0.4,-9.509859953637099,15.244900632128434,donchian,48,ny0812,False,3.0,tp3.0,0.048622599109489885,0.19449039643795954,False
113,-0.04219339760031067,0.8773770940709978,0.34513274336283184,-4.767853928835105,12.18451863014775,donchian,48,ny0812,False,3.0,trail2.0,0.048622599109489885,0.19449039643795954,False
108,-0.07069260653311954,0.8430542212283714,0.3611111111111111,-7.63480150557691,15.915781427619589,donchian,48,ny0812,False,3.0,trail3.0,0.048622599109489885,0.19449039643795954,False
113,-0.1060054388571133,0.8313813321451291,0.3805309734513274,-11.978614590853804,17.194937531493718,donchian,48,ny0812,True,1.5,tp1.5,0.09724519821897977,0.3889807928759191,False
106,-0.14826879034099733,0.7853886802416058,0.330188679245283,-15.716491776145718,24.018929813676753,donchian,48,ny0812,True,1.5,tp2.0,0.09724519821897977,0.3889807928759191,False
102,-0.2038857911379712,0.7269432414504211,0.2647058823529412,-20.796350696073063,30.802717459511975,donchian,48,ny0812,True,1.5,tp3.0,0.09724519821897977,0.3889807928759191,False
99,-0.1914938252940862,0.7111107676230101,0.25252525252525254,-18.957888704114534,27.049173971830896,donchian,48,ny0812,True,1.5,trail2.0,0.09724519821897977,0.3889807928759191,False
97,-0.17431998498727785,0.7643780139450217,0.24742268041237114,-16.909038543765952,27.391070030407576,donchian,48,ny0812,True,1.5,trail3.0,0.09724519821897977,0.3889807928759191,False
100,-0.09845649312469588,0.830355950433008,0.41,-9.845649312469588,17.82286224124069,donchian,48,ny0812,True,2.0,tp1.5,0.07293389866423483,0.2917355946569393,False
99,-0.16574996869435857,0.7341435125325997,0.3434343434343434,-16.409246900741497,21.459231972131963,donchian,48,ny0812,True,2.0,tp2.0,0.07293389866423483,0.2917355946569393,False
93,-0.1679383534270683,0.7461339779032679,0.3118279569892473,-15.618266868717352,20.641353648231444,donchian,48,ny0812,True,2.0,tp3.0,0.07293389866423483,0.2917355946569393,False
95,-0.14845070741331104,0.7266052628248815,0.28421052631578947,-14.102817204264548,20.42554477165862,donchian,48,ny0812,True,2.0,trail2.0,0.07293389866423483,0.2917355946569393,False
92,-0.13671347652622773,0.7872531688121229,0.29347826086956524,-12.577639840412951,20.435574814461845,donchian,48,ny0812,True,2.0,trail3.0,0.07293389866423483,0.2917355946569393,False
96,-0.09858254612184165,0.8066141716157057,0.40625,-9.4639244276968,17.659023601083796,donchian,48,ny0812,True,2.5,tp1.5,0.05834711893138786,0.23338847572555144,False
93,-0.09425857500082492,0.8210363764160777,0.3763440860215054,-8.766047475076718,18.75600879583994,donchian,48,ny0812,True,2.5,tp2.0,0.05834711893138786,0.23338847572555144,False
88,-0.12586803754581186,0.7741670906300387,0.3409090909090909,-11.076387304031444,16.97564250807239,donchian,48,ny0812,True,2.5,tp3.0,0.05834711893138786,0.23338847572555144,False
92,-0.09662088894104087,0.7744196137041809,0.30434782608695654,-8.88912178257576,16.191566525657656,donchian,48,ny0812,True,2.5,trail2.0,0.05834711893138786,0.23338847572555144,False
89,-0.0899565146958605,0.8310165281709073,0.33707865168539325,-8.006129807931584,18.02494370492238,donchian,48,ny0812,True,2.5,trail3.0,0.05834711893138786,0.23338847572555144,False
93,-0.1242736693018716,0.7375535995678011,0.3870967741935484,-11.55745124507406,18.246257762456562,donchian,48,ny0812,True,3.0,tp1.5,0.048622599109489885,0.19449039643795954,False
89,-0.12368636699190366,0.7496261425789583,0.3707865168539326,-11.008086662279426,15.979719198601233,donchian,48,ny0812,True,3.0,tp2.0,0.048622599109489885,0.19449039643795954,False
88,-0.12496109728141498,0.750596864230204,0.3522727272727273,-10.996576560764519,17.25940941955196,donchian,48,ny0812,True,3.0,tp3.0,0.048622599109489885,0.19449039643795954,False
92,-0.08275705186244092,0.7695906890533449,0.30434782608695654,-7.613648771344565,13.537510476946373,donchian,48,ny0812,True,3.0,trail2.0,0.048622599109489885,0.19449039643795954,False
89,-0.10008914133436647,0.7864725455856355,0.33707865168539325,-8.907933578758616,16.69079841764375,donchian,48,ny0812,True,3.0,trail3.0,0.048622599109489885,0.19449039643795954,False
251,-0.1662228103961234,0.7521205667142724,0.3665338645418327,-41.72192540942697,49.57238799633294,donchian,48,ln0312,False,1.5,tp1.5,0.09724519821897977,0.3889807928759191,False
235,-0.11760925677327183,0.8336568877377754,0.33617021276595743,-27.63817534171888,39.78267208119448,donchian,48,ln0312,False,1.5,tp2.0,0.09724519821897977,0.3889807928759191,False
217,-0.1836247623591698,0.7670958715731588,0.2534562211981567,-39.846573431939845,57.086194821777404,donchian,48,ln0312,False,1.5,tp3.0,0.09724519821897977,0.3889807928759191,False
211,-0.15245629374543307,0.7597998358588886,0.27488151658767773,-32.168277980286376,43.529066522091895,donchian,48,ln0312,False,1.5,trail2.0,0.09724519821897977,0.3889807928759191,False
199,-0.0973053484754194,0.8674089510663111,0.25125628140703515,-19.36376434660846,38.90888720522061,donchian,48,ln0312,False,1.5,trail3.0,0.09724519821897977,0.3889807928759191,False
220,-0.06614380376234678,0.8891580832008602,0.41818181818181815,-14.551636827716292,23.129282837200897,donchian,48,ln0312,False,2.0,tp1.5,0.07293389866423483,0.2917355946569393,False
209,-0.14688708786896817,0.7820785369205898,0.33014354066985646,-30.69940136461435,40.75686136077622,donchian,48,ln0312,False,2.0,tp2.0,0.07293389866423483,0.2917355946569393,False
193,-0.11253772332807876,0.8381353114193293,0.31088082901554404,-21.7197806023192,30.4234347943476,donchian,48,ln0312,False,2.0,tp3.0,0.07293389866423483,0.2917355946569393,False
200,-0.09782359087850673,0.8054025306317462,0.32,-19.564718175701344,31.268817839427328,donchian,48,ln0312,False,2.0,trail2.0,0.07293389866423483,0.2917355946569393,False
185,-0.06679124015297433,0.8928679924019034,0.2918918918918919,-12.35637942830025,27.951586207747823,donchian,48,ln0312,False,2.0,trail3.0,0.07293389866423483,0.2917355946569393,False
203,-0.06366536795068958,0.8838594295759179,0.4088669950738916,-12.924069693989987,21.1012943495273,donchian,48,ln0312,False,2.5,tp1.5,0.05834711893138786,0.23338847572555144,False
187,-0.05508237178717833,0.9040086897210046,0.37433155080213903,-10.300403524202347,21.380760740933116,donchian,48,ln0312,False,2.5,tp2.0,0.05834711893138786,0.23338847572555144,False
177,-0.04156830908022681,0.9302994734778068,0.3559322033898305,-7.357590707200146,18.1449042972318,donchian,48,ln0312,False,2.5,tp3.0,0.05834711893138786,0.23338847572555144,False
195,-0.062418818489255935,0.8449128312873861,0.3435897435897436,-12.171669605404908,22.771339702251794,donchian,48,ln0312,False,2.5,trail2.0,0.05834711893138786,0.23338847572555144,False
177,-0.051774667966584954,0.9013256411010908,0.3163841807909605,-9.164116230085536,20.764479978794764,donchian,48,ln0312,False,2.5,trail3.0,0.05834711893138786,0.23338847572555144,False
188,-0.07830133726949443,0.8482901600270543,0.39893617021276595,-14.720651406664953,26.11177059594699,donchian,48,ln0312,False,3.0,tp1.5,0.048622599109489885,0.19449039643795954,False
179,-0.028304468954326745,0.9456119910756331,0.4022346368715084,-5.066499942824487,16.848958071600983,donchian,48,ln0312,False,3.0,tp2.0,0.048622599109489885,0.19449039643795954,False
173,-0.04277698854994541,0.9194662447492274,0.3872832369942196,-7.400419019140556,17.906553979294642,donchian,48,ln0312,False,3.0,tp3.0,0.048622599109489885,0.19449039643795954,False
195,-0.06246307393529167,0.8193893580145265,0.3435897435897436,-12.180299417381876,19.660806694682496,donchian,48,ln0312,False,3.0,trail2.0,0.048622599109489885,0.19449039643795954,False
176,-0.06596192706674443,0.8570475915553875,0.32386363636363635,-11.609299163747021,21.64616184722283,donchian,48,ln0312,False,3.0,trail3.0,0.048622599109489885,0.19449039643795954,False
144,-0.10982674144584864,0.8275380037902621,0.3819444444444444,-15.815050768202205,23.023993148672314,donchian,48,ln0312,True,1.5,tp1.5,0.09724519821897977,0.3889807928759191,False
133,-0.17384682253978898,0.7539733339767302,0.3233082706766917,-23.121627397791933,32.61271589732644,donchian,48,ln0312,True,1.5,tp2.0,0.09724519821897977,0.3889807928759191,False
126,-0.1827844199553188,0.759580461107485,0.2619047619047619,-23.03083691437017,34.5989689650412,donchian,48,ln0312,True,1.5,tp3.0,0.09724519821897977,0.3889807928759191,False
121,-0.12613273395318103,0.8022496380106446,0.2727272727272727,-15.262060808334905,30.415759263015783,donchian,48,ln0312,True,1.5,trail2.0,0.09724519821897977,0.3889807928759191,False
118,-0.13278569144168278,0.8181761871653089,0.2457627118644068,-15.668711590118567,30.120242108870215,donchian,48,ln0312,True,1.5,trail3.0,0.09724519821897977,0.3889807928759191,False
123,-0.09923458279129754,0.8302691081152651,0.4146341463414634,-12.205853683329599,23.865247766021042,donchian,48,ln0312,True,2.0,tp1.5,0.07293389866423483,0.2917355946569393,False
121,-0.1279259793226931,0.796628403108435,0.34710743801652894,-15.479043498045865,27.737161362870147,donchian,48,ln0312,True,2.0,tp2.0,0.07293389866423483,0.2917355946569393,False
114,-0.11140409198521925,0.8333898722389889,0.30701754385964913,-12.700066486314995,25.19660880131488,donchian,48,ln0312,True,2.0,tp3.0,0.07293389866423483,0.2917355946569393,False
115,-0.09170192876025801,0.8231315110992726,0.3130434782608696,-10.545721807429672,24.346188085714306,donchian,48,ln0312,True,2.0,trail2.0,0.07293389866423483,0.2917355946569393,False
111,-0.11384608421889478,0.8212816925346316,0.27927927927927926,-12.63691534829732,26.938064211559464,donchian,48,ln0312,True,2.0,trail3.0,0.07293389866423483,0.2917355946569393,False
117,-0.120054946645815,0.7746186319793168,0.38461538461538464,-14.046428757560355,23.367166467789296,donchian,48,ln0312,True,2.5,tp1.5,0.05834711893138786,0.23338847572555144,False
114,-0.07528438081291598,0.8617939358167962,0.3684210526315789,-8.582419412672422,22.28819161161364,donchian,48,ln0312,True,2.5,tp2.0,0.05834711893138786,0.23338847572555144,False
108,-0.1253226092817693,0.7830260176899894,0.32407407407407407,-13.534841802431085,22.034853140652462,donchian,48,ln0312,True,2.5,tp3.0,0.05834711893138786,0.23338847572555144,False
113,-0.06584218471457054,0.842485264842351,0.3274336283185841,-7.44016687274647,19.300006977038528,donchian,48,ln0312,True,2.5,trail2.0,0.05834711893138786,0.23338847572555144,False
108,-0.10036501109385931,0.8143175402000622,0.2962962962962963,-10.839421198136806,22.86102693794956,donchian,48,ln0312,True,2.5,trail3.0,0.05834711893138786,0.23338847572555144,False
114,-0.11164735816659431,0.769881708517019,0.37719298245614036,-12.727798830991752,22.575667895616547,donchian,48,ln0312,True,3.0,tp1.5,0.048622599109489885,0.19449039643795954,False
110,-0.11909476855800018,0.7707702457976409,0.34545454545454546,-13.10042454138002,19.990641447832125,donchian,48,ln0312,True,3.0,tp2.0,0.048622599109489885,0.19449039643795954,False
107,-0.12815355442392978,0.7514190272722313,0.3364485981308411,-13.712430323360488,21.198080503113484,donchian,48,ln0312,True,3.0,tp3.0,0.048622599109489885,0.19449039643795954,False
113,-0.0582098291146917,0.8344807423397085,0.3274336283185841,-6.577710689960162,15.723853155143,donchian,48,ln0312,True,3.0,trail2.0,0.048622599109489885,0.19449039643795954,False
108,-0.10866279487467301,0.7714567273161571,0.2962962962962963,-11.735581846464685,21.155282079291716,donchian,48,ln0312,True,3.0,trail3.0,0.048622599109489885,0.19449039643795954,False
389,-0.21828547844328305,0.6703040030653534,0.3444730077120823,-84.91305111443711,98.53231044383892,donchian,48,allday,False,1.5,tp1.5,0.09724519821897977,0.3889807928759191,False
357,-0.1769391310341078,0.7429006365593993,0.32492997198879553,-63.167269779176486,83.01295315617435,donchian,48,allday,False,1.5,tp2.0,0.09724519821897977,0.3889807928759191,False
332,-0.24964276154192386,0.6695896668952874,0.25,-82.88139683191872,100.8200634140585,donchian,48,allday,False,1.5,tp3.0,0.09724519821897977,0.3889807928759191,False
322,-0.208876591620952,0.6621138117910219,0.27639751552795033,-67.25826250194655,79.49558399345699,donchian,48,allday,False,1.5,trail2.0,0.09724519821897977,0.3889807928759191,False
307,-0.20253519542933537,0.7162997275566076,0.247557003257329,-62.17830499680596,83.85292518862705,donchian,48,allday,False,1.5,trail3.0,0.09724519821897977,0.3889807928759191,False
338,-0.12173165682540736,0.7897104853557434,0.39349112426035504,-41.14530000698769,55.96111784356004,donchian,48,allday,False,2.0,tp1.5,0.07293389866423483,0.2917355946569393,False
318,-0.17757757996235454,0.7206737781709871,0.31761006289308175,-56.46967042802874,72.4526284762793,donchian,48,allday,False,2.0,tp2.0,0.07293389866423483,0.2917355946569393,False
298,-0.19870888246468804,0.6996931031273677,0.29194630872483224,-59.21524697447703,70.20127628559378,donchian,48,allday,False,2.0,tp3.0,0.07293389866423483,0.2917355946569393,False
310,-0.16429390169429148,0.6705271861962029,0.3096774193548387,-50.931109525230355,57.4290314792836,donchian,48,allday,False,2.0,trail2.0,0.07293389866423483,0.2917355946569393,False
289,-0.1692858290777868,0.7192088087236965,0.2837370242214533,-48.923604603480385,63.34479135668517,donchian,48,allday,False,2.0,trail3.0,0.07293389866423483,0.2917355946569393,False
306,-0.10287219406476088,0.8013814917128732,0.3888888888888889,-31.47889138381683,51.632598177802834,donchian,48,allday,False,2.5,tp1.5,0.05834711893138786,0.23338847572555144,False
292,-0.11234669350223986,0.7924163605514587,0.363013698630137,-32.80523450265404,49.404829144878725,donchian,48,allday,False,2.5,tp2.0,0.05834711893138786,0.23338847572555144,False
276,-0.13542675502411086,0.7561010779166545,0.33695652173913043,-37.3777843866546,49.65126831523156,donchian,48,allday,False,2.5,tp3.0,0.05834711893138786,0.23338847572555144,False
302,-0.12286784691338008,0.6961463038793024,0.33112582781456956,-37.106089767840785,45.488676306296824,donchian,48,allday,False,2.5,trail2.0,0.05834711893138786,0.23338847572555144,False
277,-0.134761161019697,0.7328156566526177,0.3140794223826715,-37.32884160245607,49.495926026124636,donchian,48,allday,False,2.5,trail3.0,0.05834711893138786,0.23338847572555144,False
295,-0.12665372519278004,0.7361099709257066,0.38305084745762713,-37.36284893187011,50.20630190706692,donchian,48,allday,False,3.0,tp1.5,0.048622599109489885,0.19449039643795954,False
280,-0.09853454637800935,0.7959376143482395,0.37857142857142856,-27.58967298584262,41.48928665502785,donchian,48,allday,False,3.0,tp2.0,0.048622599109489885,0.19449039643795954,False
269,-0.11794061059613739,0.7618457877473302,0.3680297397769517,-31.726024250360958,44.56159643462922,donchian,48,allday,False,3.0,tp3.0,0.048622599109489885,0.19449039643795954,False
302,-0.11373293584578893,0.673475865463104,0.33112582781456956,-34.34734662542826,40.637181577842355,donchian,48,allday,False,3.0,trail2.0,0.048622599109489885,0.19449039643795954,False
275,-0.12503301185800922,0.7148380521143012,0.32727272727272727,-34.384078260952535,44.97049835332922,donchian,48,allday,False,3.0,trail3.0,0.048622599109489885,0.19449039643795954,False
209,-0.2163855164805811,0.6579924428414928,0.3349282296650718,-45.22457294444145,49.15846561071778,donchian,48,allday,True,1.5,tp1.5,0.09724519821897977,0.3889807928759191,False
193,-0.22786474388172587,0.6579628871205081,0.31088082901554404,-43.97789556917309,49.24964075166258,donchian,48,allday,True,1.5,tp2.0,0.09724519821897977,0.3889807928759191,False
184,-0.268317986744106,0.6231092153904678,0.25,-49.37050956091551,60.212964275251714,donchian,48,allday,True,1.5,tp3.0,0.09724519821897977,0.3889807928759191,False
174,-0.21947786968642613,0.6477714330502642,0.25862068965517243,-38.189149325438144,48.89030965546961,donchian,48,allday,True,1.5,trail2.0,0.09724519821897977,0.3889807928759191,False
168,-0.23504862082795405,0.6657716743139553,0.24404761904761904,-39.48816829909628,51.07930093334708,donchian,48,allday,True,1.5,trail3.0,0.09724519821897977,0.3889807928759191,False
183,-0.16561374542668283,0.7027993330539333,0.3770491803278688,-30.30731541308296,35.41274057652548,donchian,48,allday,True,2.0,tp1.5,0.07293389866423483,0.2917355946569393,False
175,-0.17614779403136915,0.7008750955157691,0.32,-30.825863955489602,41.50776741339252,donchian,48,allday,True,2.0,tp2.0,0.07293389866423483,0.2917355946569393,False
166,-0.19336851106521105,0.6917846069679066,0.28313253012048195,-32.09917283682503,37.660765071024514,donchian,48,allday,True,2.0,tp3.0,0.07293389866423483,0.2917355946569393,False
168,-0.183065160692841,0.6420271050660129,0.2857142857142857,-30.75494699639729,38.960195631273244,donchian,48,allday,True,2.0,trail2.0,0.07293389866423483,0.2917355946569393,False
161,-0.1987410749994572,0.6747237959094072,0.2670807453416149,-31.997313074912608,40.08324752400711,donchian,48,allday,True,2.0,trail3.0,0.07293389866423483,0.2917355946569393,False
169,-0.14390375603251274,0.7064550047683007,0.3727810650887574,-24.31973476949465,34.39084210288981,donchian,48,allday,True,2.5,tp1.5,0.05834711893138786,0.23338847572555144,False
163,-0.12714293979851587,0.7497078159507639,0.34355828220858897,-20.72429918715809,32.84890610277997,donchian,48,allday,True,2.5,tp2.0,0.05834711893138786,0.23338847572555144,False
154,-0.1743503874449361,0.6799129060937318,0.3051948051948052,-26.84995966652016,33.72429874241719,donchian,48,allday,True,2.5,tp3.0,0.05834711893138786,0.23338847572555144,False
163,-0.13380585074224502,0.6739011366127096,0.3067484662576687,-21.81035367098594,31.96688131123422,donchian,48,allday,True,2.5,trail2.0,0.05834711893138786,0.23338847572555144,False
154,-0.1496997227603441,0.7054709437177991,0.2922077922077922,-23.053757305092994,32.52796448102917,donchian,48,allday,True,2.5,trail3.0,0.05834711893138786,0.23338847572555144,False
165,-0.14480575695141315,0.6749990947107674,0.36363636363636365,-23.89294989698317,32.410773988095954,donchian,48,allday,True,3.0,tp1.5,0.048622599109489885,0.19449039643795954,False
159,-0.16506155374122097,0.6562680267305153,0.32075471698113206,-26.244787044854135,31.30716900688127,donchian,48,allday,True,3.0,tp2.0,0.048622599109489885,0.19449039643795954,False
152,-0.16647471746416842,0.6537120778618242,0.3223684210526316,-25.3041570545536,31.101747015702866,donchian,48,allday,True,3.0,tp3.0,0.048622599109489885,0.19449039643795954,False
163,-0.117387684202603,0.6625031512911044,0.3067484662576687,-19.13419252502429,27.597965558564546,donchian,48,allday,True,3.0,trail2.0,0.048622599109489885,0.19449039643795954,False
154,-0.14486577690244837,0.6740044432895903,0.2987012987012987,-22.309329642977048,30.037835622923758,donchian,48,allday,True,3.0,trail3.0,0.048622599109489885,0.19449039643795954,False
84,-0.11533059516642877,0.8225672735099612,0.38095238095238093,-9.687769993980016,19.229424284573287,donchian,96,ny0811,False,1.5,tp1.5,0.09724519821897977,0.3889807928759191,False
80,-0.26844842739632335,0.6425217758643863,0.2875,-21.47587419170587,30.37438153740794,donchian,96,ny0811,False,1.5,tp2.0,0.09724519821897977,0.3889807928759191,False
76,-0.30803255232399995,0.621581120322925,0.2236842105263158,-23.410473976623997,36.49711383636288,donchian,96,ny0811,False,1.5,tp3.0,0.09724519821897977,0.3889807928759191,False
74,-0.09922929786132678,0.846339636709448,0.28378378378378377,-7.342968041738182,23.493832082073364,donchian,96,ny0811,False,1.5,trail2.0,0.09724519821897977,0.3889807928759191,False
74,-0.20563608806251307,0.7327061938010078,0.22972972972972974,-15.217070516625968,31.440088349258943,donchian,96,ny0811,False,1.5,trail3.0,0.09724519821897977,0.3889807928759191,False
78,-0.19489047156802566,0.689373283481501,0.358974358974359,-15.201456782306002,23.544628584039447,donchian,96,ny0811,False,2.0,tp1.5,0.07293389866423483,0.2917355946569393,False
76,-0.1674855804629477,0.7441762642352275,0.32894736842105265,-12.728904115184026,22.66724657163705,donchian,96,ny0811,False,2.0,tp2.0,0.07293389866423483,0.2917355946569393,False
74,-0.25256228392765906,0.6373565918716148,0.2702702702702703,-18.68960901064677,25.934780225172325,donchian,96,ny0811,False,2.0,tp3.0,0.07293389866423483,0.2917355946569393,False
72,-0.057067752071720955,0.890155045586023,0.3194444444444444,-4.108878149163909,16.90782194755759,donchian,96,ny0811,False,2.0,trail2.0,0.07293389866423483,0.2917355946569393,False
72,-0.16305521952347318,0.7493930547945185,0.2777777777777778,-11.739975805690069,23.939571516209284,donchian,96,ny0811,False,2.0,trail3.0,0.07293389866423483,0.2917355946569393,False
72,-0.11555050845347692,0.7914967495397924,0.4027777777777778,-8.319636608650338,17.00299451501004,donchian,96,ny0811,False,2.5,tp1.5,0.05834711893138786,0.23338847572555144,False
70,-0.16337505770794494,0.715310039045806,0.35714285714285715,-11.436254039556147,22.172076508623103,donchian,96,ny0811,False,2.5,tp2.0,0.05834711893138786,0.23338847572555144,False
68,-0.18687087855162196,0.6911436051651065,0.3382352941176471,-12.707219741510293,20.013073316888686,donchian,96,ny0811,False,2.5,tp3.0,0.05834711893138786,0.23338847572555144,False
69,-0.007777433680161464,0.9806854711987547,0.36231884057971014,-0.536642923931141,12.491739299386957,donchian,96,ny0811,False,2.5,trail2.0,0.05834711893138786,0.23338847572555144,False
69,-0.11504114052884142,0.7860997516989313,0.3188405797101449,-7.937838696490058,19.85888112278695,donchian,96,ny0811,False,2.5,trail3.0,0.05834711893138786,0.23338847572555144,False
70,-0.2053221251592214,0.6244415219323403,0.37142857142857144,-14.372548761145499,21.48573415203467,donchian,96,ny0811,False,3.0,tp1.5,0.048622599109489885,0.19449039643795954,False
70,-0.22991856020139698,0.5932278357413178,0.35714285714285715,-16.094299214097788,21.27719048694332,donchian,96,ny0811,False,3.0,tp2.0,0.048622599109489885,0.19449039643795954,False
68,-0.2120696235990464,0.6325589343064094,0.35294117647058826,-14.420734404735155,20.67561238421718,donchian,96,ny0811,False,3.0,tp3.0,0.048622599109489885,0.19449039643795954,False
69,-0.018041911592065748,0.9480241889736569,0.36231884057971014,-1.2448918998525367,11.12449364156505,donchian,96,ny0811,False,3.0,trail2.0,0.048622599109489885,0.19449039643795954,False
69,-0.1401873115393312,0.7153604098549546,0.3188405797101449,-9.672924496213852,19.44045985146125,donchian,96,ny0811,False,3.0,trail3.0,0.048622599109489885,0.19449039643795954,False
71,-0.15608169496529764,0.7678133118226096,0.36619718309859156,-11.081800342536132,19.01920228716404,donchian,96,ny0811,True,1.5,tp1.5,0.09724519821897977,0.3889807928759191,False
68,-0.3079796223603461,0.5978104621875872,0.27941176470588236,-20.942614320503534,26.16415953999831,donchian,96,ny0811,True,1.5,tp2.0,0.09724519821897977,0.3889807928759191,False
66,-0.31157329418873564,0.6145859950587236,0.22727272727272727,-20.56383741645655,31.376020539795416,donchian,96,ny0811,True,1.5,tp3.0,0.09724519821897977,0.3889807928759191,False
65,-0.17354251936432188,0.7445642765663552,0.24615384615384617,-11.280263758680922,24.371896491271087,donchian,96,ny0811,True,1.5,trail2.0,0.09724519821897977,0.3889807928759191,False
65,-0.24108343464846654,0.693960167566493,0.2153846153846154,-15.670423252150325,29.582793672039664,donchian,96,ny0811,True,1.5,trail3.0,0.09724519821897977,0.3889807928759191,False
66,-0.24711334828788795,0.6208196830309841,0.3484848484848485,-16.309480987000605,21.894931194078573,donchian,96,ny0811,True,2.0,tp1.5,0.07293389866423483,0.2917355946569393,False
66,-0.225028724290225,0.6646270918904467,0.3181818181818182,-14.85189580315485,23.584395707307767,donchian,96,ny0811,True,2.0,tp2.0,0.07293389866423483,0.2917355946569393,False
64,-0.2877456856496322,0.5953443818944405,0.265625,-18.41572388157646,24.828000729637523,donchian,96,ny0811,True,2.0,tp3.0,0.07293389866423483,0.2917355946569393,False
63,-0.12581171006286335,0.7723546395773613,0.2698412698412698,-7.926137733960391,18.43065805154531,donchian,96,ny0811,True,2.0,trail2.0,0.07293389866423483,0.2917355946569393,False
63,-0.21476020775056182,0.6825559795748691,0.25396825396825395,-13.529893088285394,23.996503239246884,donchian,96,ny0811,True,2.0,trail3.0,0.07293389866423483,0.2917355946569393,False
63,-0.20040435027924108,0.6595587260344826,0.36507936507936506,-12.625474067592188,20.644157932111856,donchian,96,ny0811,True,2.5,tp1.5,0.05834711893138786,0.23338847572555144,False
61,-0.2210691036898846,0.6375665378091451,0.32786885245901637,-13.485215325082962,23.056363752309753,donchian,96,ny0811,True,2.5,tp2.0,0.05834711893138786,0.23338847572555144,False
60,-0.2524005330938894,0.6042383308283823,0.3,-15.144031985633362,21.98357006784018,donchian,96,ny0811,True,2.5,tp3.0,0.05834711893138786,0.23338847572555144,False
60,-0.053020005152920734,0.8742835783476618,0.31666666666666665,-3.181200309175244,13.300757899984049,donchian,96,ny0811,True,2.5,trail2.0,0.05834711893138786,0.23338847572555144,False
60,-0.1532060256772437,0.7260324258372461,0.3,-9.192361540634622,19.727015519285338,donchian,96,ny0811,True,2.5,trail3.0,0.05834711893138786,0.23338847572555144,False
61,-0.25868985811666223,0.5529751453895154,0.3442622950819672,-15.780081345116397,22.256038367805502,donchian,96,ny0811,True,3.0,tp1.5,0.048622599109489885,0.19449039643795954,False
61,-0.27549970577366195,0.5376588130355215,0.32786885245901637,-16.80548205219338,21.76644374739595,donchian,96,ny0811,True,3.0,tp2.0,0.048622599109489885,0.19449039643795954,False
60,-0.2584361212527601,0.5734046925280472,0.31666666666666665,-15.506167275165607,21.539115677004673,donchian,96,ny0811,True,3.0,tp3.0,0.048622599109489885,0.19449039643795954,False
60,-0.05582526590991995,0.8462513398017383,0.31666666666666665,-3.349515954595197,11.699502042435203,donchian,96,ny0811,True,3.0,trail2.0,0.048622599109489885,0.19449039643795954,False
60,-0.17370708644366453,0.6607585691649613,0.3,-10.422425186619872,19.03463683549545,donchian,96,ny0811,True,3.0,trail3.0,0.048622599109489885,0.19449039643795954,False
105,-0.10065096697888082,0.8373291971538442,0.3904761904761905,-10.568351532782486,23.796342182592884,donchian,96,ny0812,False,1.5,tp1.5,0.09724519821897977,0.3889807928759191,False
102,-0.2144712035490867,0.6940141505595708,0.3137254901960784,-21.876062762006843,35.75531001464509,donchian,96,ny0812,False,1.5,tp2.0,0.09724519821897977,0.3889807928759191,False
96,-0.2138157001694639,0.7116391658436368,0.2708333333333333,-20.526307216268535,40.31269858277885,donchian,96,ny0812,False,1.5,tp3.0,0.09724519821897977,0.3889807928759191,False
93,-0.10341355817536295,0.832040142381939,0.3010752688172043,-9.617460910308754,28.987732853911297,donchian,96,ny0812,False,1.5,trail2.0,0.09724519821897977,0.3889807928759191,False
92,-0.16878208475612927,0.7656120245566802,0.2608695652173913,-15.527951797563892,35.25567309567492,donchian,96,ny0812,False,1.5,trail3.0,0.09724519821897977,0.3889807928759191,False
96,-0.13094110454445645,0.7707744674390451,0.3958333333333333,-12.57034603626782,25.72301505266619,donchian,96,ny0812,False,2.0,tp1.5,0.07293389866423483,0.2917355946569393,False
93,-0.11929233586868464,0.8006680803960587,0.3655913978494624,-11.094187235787672,24.0124739994065,donchian,96,ny0812,False,2.0,tp2.0,0.07293389866423483,0.2917355946569393,False
89,-0.1947928553753516,0.6968648128024109,0.3146067415730337,-17.33656412840629,27.247015290076376,donchian,96,ny0812,False,2.0,tp3.0,0.07293389866423483,0.2917355946569393,False
89,-0.04558983745561161,0.9056502434297516,0.34831460674157305,-4.057495533549433,19.52171927908764,donchian,96,ny0812,False,2.0,trail2.0,0.07293389866423483,0.2917355946569393,False
88,-0.12483983627293598,0.7931046766479323,0.3181818181818182,-10.985905592018366,25.850781249682107,donchian,96,ny0812,False,2.0,trail3.0,0.07293389866423483,0.2917355946569393,False
89,-0.04217413807129809,0.9119595416268419,0.43820224719101125,-3.75349828834553,16.19100382700614,donchian,96,ny0812,False,2.5,tp1.5,0.05834711893138786,0.23338847572555144,False
86,-0.07265833347405061,0.8536819230679694,0.4069767441860465,-6.248616678768352,21.233691930326934,donchian,96,ny0812,False,2.5,tp2.0,0.05834711893138786,0.23338847572555144,False
83,-0.1060918391990469,0.7983950311181804,0.3855421686746988,-8.805622653520892,19.074688738592513,donchian,96,ny0812,False,2.5,tp3.0,0.05834711893138786,0.23338847572555144,False
86,-0.001599178858663161,0.9956894565775951,0.38372093023255816,-0.13752938184503183,14.224849715016468,donchian,96,ny0812,False,2.5,trail2.0,0.05834711893138786,0.23338847572555144,False
84,-0.06842241032300438,0.8581745832925642,0.35714285714285715,-5.747482467132368,19.80074885114489,donchian,96,ny0812,False,2.5,trail3.0,0.05834711893138786,0.23338847572555144,False
86,-0.1179893491416341,0.7482927217751854,0.4186046511627907,-10.147084026180533,20.63464673581275,donchian,96,ny0812,False,3.0,tp1.5,0.048622599109489885,0.19449039643795954,False
84,-0.16031379166404186,0.6763603550365045,0.39285714285714285,-13.466358499779515,20.426103070721396,donchian,96,ny0812,False,3.0,tp2.0,0.048622599109489885,0.19449039643795954,False
83,-0.1337385931377776,0.7311599487543632,0.39759036144578314,-11.100303230435541,19.82452496799526,donchian,96,ny0812,False,3.0,tp3.0,0.048622599109489885,0.19449039643795954,False
86,-0.010608107923807498,0.966686823137062,0.38372093023255816,-0.9122972814474448,12.568752321256309,donchian,96,ny0812,False,3.0,trail2.0,0.048622599109489885,0.19449039643795954,False
84,-0.09260151631873807,0.7883960250498573,0.35714285714285715,-7.778527370773999,19.322916024117745,donchian,96,ny0812,False,3.0,trail3.0,0.048622599109489885,0.19449039643795954,False
89,-0.1789231050440564,0.7258993457579824,0.3595505617977528,-15.92415634892102,25.009875409784353,donchian,96,ny0812,True,1.5,tp1.5,0.09724519821897977,0.3889807928759191,False
87,-0.29404226834857855,0.5970702644107996,0.28735632183908044,-25.581677346326334,32.74594322977559,donchian,96,ny0812,True,1.5,tp2.0,0.09724519821897977,0.3889807928759191,False
83,-0.27029195740763773,0.6420487530631285,0.25301204819277107,-22.434232464833933,36.39246049875153,donchian,96,ny0812,True,1.5,tp3.0,0.09724519821897977,0.3889807928759191,False
81,-0.22604096834548534,0.6586269547019038,0.24691358024691357,-18.309318435984313,31.066652475649153,donchian,96,ny0812,True,1.5,trail2.0,0.09724519821897977,0.3889807928759191,False
80,-0.2591983292727635,0.6573867726378098,0.225,-20.73586634182108,34.599233630995776,donchian,96,ny0812,True,1.5,trail3.0,0.09724519821897977,0.3889807928759191,False
82,-0.21835860399331244,0.6416098974515523,0.36585365853658536,-17.90540552745162,26.02183851695825,donchian,96,ny0812,True,2.0,tp1.5,0.07293389866423483,0.2917355946569393,False
81,-0.2215335087684907,0.6497522140495228,0.3333333333333333,-17.944214210247747,26.878143989330145,donchian,96,ny0812,True,2.0,tp2.0,0.07293389866423483,0.2917355946569393,False
77,-0.2815127246848499,0.5848309552535808,0.2857142857142857,-21.676479800733443,28.0887566487945,donchian,96,ny0812,True,2.0,tp3.0,0.07293389866423483,0.2917355946569393,False
78,-0.16010969127876118,0.6988130799241634,0.28205128205128205,-12.488555919743373,22.993076237328296,donchian,96,ny0812,True,2.0,trail2.0,0.07293389866423483,0.2917355946569393,False
77,-0.22583926851962535,0.6516635547465861,0.2727272727272727,-17.38962367601115,27.85623382697264,donchian,96,ny0812,True,2.0,trail3.0,0.07293389866423483,0.2917355946569393,False
79,-0.1548792539426541,0.7026655017339887,0.379746835443038,-12.235461061469673,21.885481012501238,donchian,96,ny0812,True,2.5,tp1.5,0.05834711893138786,0.23338847572555144,False
76,-0.16425152224215867,0.6960898611220796,0.35526315789473684,-12.483115690404059,24.17129294240686,donchian,96,ny0812,True,2.5,tp2.0,0.05834711893138786,0.23338847572555144,False
74,-0.2084861165372009,0.6338280278446679,0.32432432432432434,-15.427972623752867,23.09849925793729,donchian,96,ny0812,True,2.5,tp3.0,0.05834711893138786,0.23338847572555144,False
75,-0.08897503210942738,0.7809489891018631,0.32,-6.673127408207053,16.792684999015865,donchian,96,ny0812,True,2.5,trail2.0,0.05834711893138786,0.23338847572555144,False
74,-0.159991623752033,0.6960553648843095,0.3108108108108108,-11.83938015765044,22.374034136301162,donchian,96,ny0812,True,2.5,trail3.0,0.05834711893138786,0.23338847572555144,False
76,-0.1870685695971521,0.6221718554398951,0.3684210526315789,-14.21721128938356,22.29069233271936,donchian,96,ny0812,True,3.0,tp1.5,0.048622599109489885,0.19449039643795954,False
74,-0.22756940563658423,0.5645978952210844,0.33783783783783783,-16.840136017107234,21.801097712309808,donchian,96,ny0812,True,3.0,tp2.0,0.048622599109489885,0.19449039643795954,False
74,-0.20065311864997462,0.6160960655222294,0.33783783783783783,-14.848330780098122,21.573769641918524,donchian,96,ny0812,True,3.0,tp3.0,0.048622599109489885,0.19449039643795954,False
75,-0.07245469037239669,0.7848704104127501,0.32,-5.434101777929751,13.784087865769756,donchian,96,ny0812,True,3.0,trail2.0,0.048622599109489885,0.19449039643795954,False
74,-0.1585651397382791,0.6581853755996447,0.3108108108108108,-11.733820340632654,20.346031989508237,donchian,96,ny0812,True,3.0,trail3.0,0.048622599109489885,0.19449039643795954,False
162,-0.162332669879151,0.7539368594379088,0.37037037037037035,-26.297892520422458,35.287629165164205,donchian,96,ln0312,False,1.5,tp1.5,0.09724519821897977,0.3889807928759191,False
154,-0.18514800175548987,0.7409061902648979,0.3181818181818182,-28.51279227034544,39.87411689766674,donchian,96,ln0312,False,1.5,tp2.0,0.09724519821897977,0.3889807928759191,False
143,-0.19363904052583317,0.7477689882702229,0.26573426573426573,-27.690382795194143,36.73426619559252,donchian,96,ln0312,False,1.5,tp3.0,0.09724519821897977,0.3889807928759191,False
138,-0.1205296444092663,0.8081878766348857,0.2826086956521739,-16.63309092847875,34.04643468465738,donchian,96,ln0312,False,1.5,trail2.0,0.09724519821897977,0.3889807928759191,False
133,-0.1328924590510716,0.8213711171466063,0.24060150375939848,-17.674697053792524,33.096941317072336,donchian,96,ln0312,False,1.5,trail3.0,0.09724519821897977,0.3889807928759191,False
142,-0.07800579500678895,0.8653834818839717,0.4154929577464789,-11.07682289096403,24.563649611284173,donchian,96,ln0312,False,2.0,tp1.5,0.07293389866423483,0.2917355946569393,False
135,-0.11709099475540327,0.816864219530264,0.35555555555555557,-15.807284291979443,28.222558651902276,donchian,96,ln0312,False,2.0,tp2.0,0.07293389866423483,0.2917355946569393,False
129,-0.13313656751607994,0.8017275339696877,0.32558139534883723,-17.17461720957431,27.165998138359548,donchian,96,ln0312,False,2.0,tp3.0,0.07293389866423483,0.2917355946569393,False
129,-0.042759813168127665,0.9104417749847316,0.3488372093023256,-5.516015898688469,22.857081999070374,donchian,96,ln0312,False,2.0,trail2.0,0.07293389866423483,0.2917355946569393,False
123,-0.0944917709281977,0.8479497994341223,0.2845528455284553,-11.622487824168317,25.936225651864873,donchian,96,ln0312,False,2.0,trail3.0,0.07293389866423483,0.2917355946569393,False
133,-0.06220231671472552,0.8813743881991997,0.41353383458646614,-8.272908123058494,20.003589207737797,donchian,96,ln0312,False,2.5,tp1.5,0.05834711893138786,0.23338847572555144,False
124,-0.08194116868849124,0.8500730533157471,0.3790322580645161,-10.160704917372914,19.14266810044968,donchian,96,ln0312,False,2.5,tp2.0,0.05834711893138786,0.23338847572555144,False
121,-0.07168541367580662,0.8738095407748454,0.36363636363636365,-8.6739350547726,17.240573576688405,donchian,96,ln0312,False,2.5,tp3.0,0.05834711893138786,0.23338847572555144,False
127,-0.025620121159451465,0.9332206906994003,0.3700787401574803,-3.253755387250336,17.29253793872227,donchian,96,ln0312,False,2.5,trail2.0,0.05834711893138786,0.23338847572555144,False
119,-0.07114329531919866,0.8621124401644633,0.3025210084033613,-8.46605214298464,19.859144253098147,donchian,96,ln0312,False,2.5,trail3.0,0.05834711893138786,0.23338847572555144,False
122,-0.09900821861065201,0.8026058299128541,0.4098360655737705,-12.079002670499545,17.757651472822186,donchian,96,ln0312,False,3.0,tp1.5,0.048622599109489885,0.19449039643795954,False
119,-0.05814498489267022,0.8813183616726453,0.42016806722689076,-6.919253202227756,16.78676165028255,donchian,96,ln0312,False,3.0,tp2.0,0.048622599109489885,0.19449039643795954,False
117,-0.05982862610784441,0.8821203990140649,0.4017094017094017,-6.999949254617796,16.410132061148598,donchian,96,ln0312,False,3.0,tp3.0,0.048622599109489885,0.19449039643795954,False
126,-0.021302522702424775,0.9338496065439763,0.373015873015873,-2.6841178605055216,13.842435206536026,donchian,96,ln0312,False,3.0,trail2.0,0.048622599109489885,0.19449039643795954,False
117,-0.06075745288081575,0.8620218230700776,0.3247863247863248,-7.108621987055443,15.569844044337236,donchian,96,ln0312,False,3.0,trail3.0,0.048622599109489885,0.19449039643795954,False
110,-0.1935191215683465,0.7094367780695154,0.35454545454545455,-21.287103372518114,31.267457364820107,donchian,96,ln0312,True,1.5,tp1.5,0.09724519821897977,0.3889807928759191,False
106,-0.31276837100401556,0.578692618945003,0.2830188679245283,-33.15344732642565,40.80791210741731,donchian,96,ln0312,True,1.5,tp2.0,0.09724519821897977,0.3889807928759191,False
100,-0.32958705956358486,0.5827052494903163,0.23,-32.958705956358486,41.17076510274538,donchian,96,ln0312,True,1.5,tp3.0,0.09724519821897977,0.3889807928759191,False
97,-0.19957603817559952,0.7008528082292188,0.24742268041237114,-19.358875703033153,33.64328766997572,donchian,96,ln0312,True,1.5,trail2.0,0.09724519821897977,0.3889807928759191,False
96,-0.2792781520998377,0.6370161971719807,0.20833333333333334,-26.810702601584417,37.68266937584589,donchian,96,ln0312,True,1.5,trail3.0,0.09724519821897977,0.3889807928759191,False
99,-0.2400696636963771,0.6145313911215026,0.36363636363636365,-23.766896705941335,32.37661030931507,donchian,96,ln0312,True,2.0,tp1.5,0.07293389866423483,0.2917355946569393,False
97,-0.26352420797485865,0.6038296799277326,0.30927835051546393,-25.561848173561287,34.41068814250163,donchian,96,ln0312,True,2.0,tp2.0,0.07293389866423483,0.2917355946569393,False
93,-0.28851197534654693,0.5937333882097479,0.26881720430107525,-26.831613707228865,33.04126894522431,donchian,96,ln0312,True,2.0,tp3.0,0.07293389866423483,0.2917355946569393,False
92,-0.14277400651094813,0.7362030207380598,0.29347826086956524,-13.135208599007228,27.153603280613737,donchian,96,ln0312,True,2.0,trail2.0,0.07293389866423483,0.2917355946569393,False
91,-0.2582614583727366,0.6164375223753783,0.24175824175824176,-23.50179271191903,32.535083604961486,donchian,96,ln0312,True,2.0,trail3.0,0.07293389866423483,0.2917355946569393,False
95,-0.19118099941522976,0.6478573041265007,0.3473684210526316,-18.162194944446828,27.32948267845286,donchian,96,ln0312,True,2.5,tp1.5,0.05834711893138786,0.23338847572555144,False
91,-0.21591745788171118,0.6242289781005597,0.31868131868131866,-19.648488667235718,27.96407032150963,donchian,96,ln0312,True,2.5,tp2.0,0.05834711893138786,0.23338847572555144,False
90,-0.2311664642906076,0.614503659729613,0.3,-20.804981786154684,27.54443787586941,donchian,96,ln0312,True,2.5,tp3.0,0.05834711893138786,0.23338847572555144,False
90,-0.0995326391049448,0.7696833853658989,0.32222222222222224,-8.957937519445032,20.596040820416828,donchian,96,ln0312,True,2.5,trail2.0,0.05834711893138786,0.23338847572555144,False
88,-0.1985156231125994,0.6417658006921387,0.26136363636363635,-17.46937483390875,26.402760021380345,donchian,96,ln0312,True,2.5,trail3.0,0.05834711893138786,0.23338847572555144,False
90,-0.23057872371180707,0.5603717073594536,0.3333333333333333,-20.752085134062636,26.240042720708153,donchian,96,ln0312,True,3.0,tp1.5,0.048622599109489885,0.19449039643795954,False
89,-0.23704186070834898,0.5689010697921691,0.3146067415730337,-21.09672560304306,26.18696843851689,donchian,96,ln0312,True,3.0,tp2.0,0.048622599109489885,0.19449039643795954,False
88,-0.22029893046235643,0.5951990586473832,0.3181818181818182,-19.386305880687367,25.809000960680684,donchian,96,ln0312,True,3.0,tp3.0,0.048622599109489885,0.19449039643795954,False
89,-0.07270760784268736,0.7940340750930353,0.3258426966292135,-6.4709770979991745,16.227614561214725,donchian,96,ln0312,True,3.0,trail2.0,0.048622599109489885,0.19449039643795954,False
87,-0.18255151326858374,0.6215139227629042,0.26436781609195403,-15.881981654366786,22.993135977259705,donchian,96,ln0312,True,3.0,trail3.0,0.048622599109489885,0.19449039643795954,False
265,-0.2011838358346171,0.6846299104697654,0.35471698113207545,-53.313716496173534,67.01720292597712,donchian,96,allday,False,1.5,tp1.5,0.09724519821897977,0.3889807928759191,False
245,-0.1916271659424759,0.7113734286181094,0.32653061224489793,-46.94865565590659,67.87065623542381,donchian,96,allday,False,1.5,tp2.0,0.09724519821897977,0.3889807928759191,False
226,-0.23469658078288722,0.6733056349836501,0.26991150442477874,-53.04142725693251,68.69587661744515,donchian,96,allday,False,1.5,tp3.0,0.09724519821897977,0.3889807928759191,False
220,-0.16951992455038561,0.7165500006183039,0.2909090909090909,-37.294383401084836,58.199445778250656,donchian,96,allday,False,1.5,trail2.0,0.09724519821897977,0.3889807928759191,False
215,-0.18542968412662886,0.7302975536517561,0.2651162790697674,-39.8673820872252,61.56703019524667,donchian,96,allday,False,1.5,trail3.0,0.09724519821897977,0.3889807928759191,False
232,-0.10800775428023314,0.8003422599343625,0.39655172413793105,-25.05779899301409,44.741656414559685,donchian,96,allday,False,2.0,tp1.5,0.07293389866423483,0.2917355946569393,False
216,-0.13653316866976442,0.7671745786590608,0.33796296296296297,-29.491164432669116,51.84387883782466,donchian,96,allday,False,2.0,tp2.0,0.07293389866423483,0.2917355946569393,False
207,-0.17673682362996673,0.7144934036220231,0.30434782608695654,-36.58452249140311,48.83673256876856,donchian,96,allday,False,2.0,tp3.0,0.07293389866423483,0.2917355946569393,False
211,-0.12376849571281906,0.7393203413345883,0.33175355450236965,-26.115152595404822,42.223515672134354,donchian,96,allday,False,2.0,trail2.0,0.07293389866423483,0.2917355946569393,False
202,-0.15270123051914228,0.7328958027216884,0.30198019801980197,-30.845648564866742,46.44922363825191,donchian,96,allday,False,2.0,trail3.0,0.07293389866423483,0.2917355946569393,False
210,-0.07973012427608188,0.8328757627783264,0.3952380952380952,-16.743326097977196,36.33795781853976,donchian,96,allday,False,2.5,tp1.5,0.05834711893138786,0.23338847572555144,False
201,-0.09866587362201791,0.8021741126902948,0.373134328358209,-19.8318405980256,36.80219483859824,donchian,96,allday,False,2.5,tp2.0,0.05834711893138786,0.23338847572555144,False
194,-0.12155171173814878,0.7656355127471267,0.3402061855670103,-23.581032077200863,34.89785712274671,donchian,96,allday,False,2.5,tp3.0,0.05834711893138786,0.23338847572555144,False
205,-0.08860072846212105,0.7692357417601464,0.36097560975609755,-18.163149334734815,32.836320989432586,donchian,96,allday,False,2.5,trail2.0,0.05834711893138786,0.23338847572555144,False
194,-0.10878563461432554,0.7693826459497457,0.32989690721649484,-21.104413115179156,34.66417620385822,donchian,96,allday,False,2.5,trail3.0,0.05834711893138786,0.23338847572555144,False
200,-0.11783594476545087,0.7385846072467931,0.395,-23.567188953090174,32.92280594710098,donchian,96,allday,False,3.0,tp1.5,0.048622599109489885,0.19449039643795954,False
193,-0.09194728185196348,0.7943002854543578,0.39378238341968913,-17.745825397428952,32.64692614305898,donchian,96,allday,False,3.0,tp2.0,0.048622599109489885,0.19449039643795954,False
189,-0.11112396945039464,0.7617317729104615,0.37037037037037035,-21.002430226124588,30.765765338810034,donchian,96,allday,False,3.0,tp3.0,0.048622599109489885,0.19449039643795954,False
204,-0.07855362643386796,0.7589493186007923,0.3627450980392157,-16.024939792509063,28.0942535930807,donchian,96,allday,False,3.0,trail2.0,0.048622599109489885,0.19449039643795954,False
192,-0.09971106405259939,0.755272953353588,0.3489583333333333,-19.144524298099082,29.570606112908415,donchian,96,allday,False,3.0,trail3.0,0.048622599109489885,0.19449039643795954,False
166,-0.25044303638624155,0.6083680588647125,0.3313253012048193,-41.5735440401161,46.631076659278776,donchian,96,allday,True,1.5,tp1.5,0.09724519821897977,0.3889807928759191,False
158,-0.32746485069134207,0.52091776551527,0.2848101265822785,-51.739446409232045,57.98206397801445,donchian,96,allday,True,1.5,tp2.0,0.09724519821897977,0.3889807928759191,False
150,-0.35944418696592884,0.503511931271289,0.24,-53.91662804488932,59.408901779686126,donchian,96,allday,True,1.5,tp3.0,0.09724519821897977,0.3889807928759191,False
143,-0.25374179386706136,0.5968532248739334,0.2517482517482518,-36.285076522989776,46.41554985458959,donchian,96,allday,True,1.5,trail2.0,0.09724519821897977,0.3889807928759191,False
142,-0.3182935542952922,0.549386648064465,0.2323943661971831,-45.197684709931494,52.46716168674,donchian,96,allday,True,1.5,trail3.0,0.09724519821897977,0.3889807928759191,False
151,-0.2552421931721606,0.5553863614285824,0.3443708609271523,-38.541571168996256,44.079186494457076,donchian,96,allday,True,2.0,tp1.5,0.07293389866423483,0.2917355946569393,False
144,-0.25258508755152215,0.5801762118986478,0.3055555555555556,-36.37225260741919,44.82845315519991,donchian,96,allday,True,2.0,tp2.0,0.07293389866423483,0.2917355946569393,False
140,-0.2923550225244813,0.5379775095302519,0.2714285714285714,-40.92970315342738,44.68526182377229,donchian,96,allday,True,2.0,tp3.0,0.07293389866423483,0.2917355946569393,False
138,-0.2069398993202256,0.5996527509226807,0.2826086956521739,-28.557706106191134,36.26726843573345,donchian,96,allday,True,2.0,trail2.0,0.07293389866423483,0.2917355946569393,False
136,-0.27334895459130315,0.5530321351524401,0.25735294117647056,-37.17545782441723,42.27015053042998,donchian,96,allday,True,2.0,trail3.0,0.07293389866423483,0.2917355946569393,False
139,-0.17425177289812677,0.6402573339355685,0.35251798561151076,-24.22099643283962,34.81306244497074,donchian,96,allday,True,2.5,tp1.5,0.05834711893138786,0.23338847572555144,False
134,-0.20150490341268387,0.603101845101536,0.3283582089552239,-27.00165705729964,34.89726477049572,donchian,96,allday,True,2.5,tp2.0,0.05834711893138786,0.23338847572555144,False
130,-0.23089525174214257,0.5754375878298885,0.3,-30.016382726478533,36.547747733475546,donchian,96,allday,True,2.5,tp3.0,0.05834711893138786,0.23338847572555144,False
133,-0.14572898120194422,0.6451821751449469,0.3157894736842105,-19.38195449985858,28.696073380474793,donchian,96,allday,True,2.5,trail2.0,0.05834711893138786,0.23338847572555144,False
129,-0.1996595966577351,0.5994116135678045,0.27906976744186046,-25.75608796884783,33.030770111476045,donchian,96,allday,True,2.5,trail3.0,0.05834711893138786,0.23338847572555144,False
135,-0.2052841311303087,0.5457768144314457,0.34814814814814815,-27.713357702591672,33.36387173758438,donchian,96,allday,True,3.0,tp1.5,0.048622599109489885,0.19449039643795954,False
132,-0.22148853225314913,0.5358826831743663,0.3181818181818182,-29.236486257415685,34.02844520808381,donchian,96,allday,True,3.0,tp2.0,0.048622599109489885,0.19449039643795954,False
127,-0.20861185036210464,0.5666041104148081,0.3228346456692913,-26.49370499598729,32.576324173715825,donchian,96,allday,True,3.0,tp3.0,0.048622599109489885,0.19449039643795954,False
132,-0.11814900156738961,0.6531594078776238,0.3181818181818182,-15.595668206895429,23.357433940742283,donchian,96,allday,True,3.0,trail2.0,0.048622599109489885,0.19449039643795954,False
128,-0.17820923093291421,0.5855292990601951,0.2890625,-22.81078155941302,28.70635001160318,donchian,96,allday,True,3.0,trail3.0,0.048622599109489885,0.19449039643795954,False
168,-0.13294142642047846,0.7929196080198536,0.3869047619047619,-22.33415963864038,35.635175290225135,orb,4,ny0811,False,1.5,tp1.5,0.09724519821897977,0.3889807928759191,False
154,-0.21855305095702787,0.6949817208000957,0.3116883116883117,-33.65716984738229,47.06233363951198,orb,4,ny0811,False,1.5,tp2.0,0.09724519821897977,0.3889807928759191,False
144,-0.27795159028717303,0.6372616593484343,0.2569444444444444,-40.02502900135292,55.83710363466555,orb,4,ny0811,False,1.5,tp3.0,0.09724519821897977,0.3889807928759191,False
142,-0.15254683726822144,0.7687337410780564,0.2746478873239437,-21.661650892087444,40.03383891133617,orb,4,ny0811,False,1.5,trail2.0,0.09724519821897977,0.3889807928759191,False
140,-0.20001544086243656,0.7357593283780114,0.24285714285714285,-28.002161720741118,45.591514857956895,orb,4,ny0811,False,1.5,trail3.0,0.09724519821897977,0.3889807928759191,False
145,-0.20647116853662006,0.6735500178039704,0.3586206896551724,-29.93831943780991,37.46564359444456,orb,4,ny0811,False,2.0,tp1.5,0.07293389866423483,0.2917355946569393,False
137,-0.26361534533324027,0.6089811609546077,0.30656934306569344,-36.11530231065392,43.275639399787664,orb,4,ny0811,False,2.0,tp2.0,0.07293389866423483,0.2917355946569393,False
131,-0.2517309969021381,0.6425250545023069,0.2900763358778626,-32.97676059418009,40.28493352132653,orb,4,ny0811,False,2.0,tp3.0,0.07293389866423483,0.2917355946569393,False
134,-0.14519701531704932,0.7369810360608783,0.29850746268656714,-19.456400052484607,31.45432344004886,orb,4,ny0811,False,2.0,trail2.0,0.07293389866423483,0.2917355946569393,False
130,-0.18662984768246574,0.716064865377472,0.2846153846153846,-24.261880198720547,35.93450284241309,orb,4,ny0811,False,2.0,trail3.0,0.07293389866423483,0.2917355946569393,False
137,-0.24840917106369886,0.5847777231798226,0.3357664233576642,-34.032056435726744,40.24605985991943,orb,4,ny0811,False,2.5,tp1.5,0.05834711893138786,0.23338847572555144,False
130,-0.22436600693927927,0.637843120581209,0.3230769230769231,-29.167580902106305,39.17649276274971,orb,4,ny0811,False,2.5,tp2.0,0.05834711893138786,0.23338847572555144,False
128,-0.23909843938638303,0.6223537982676507,0.3046875,-30.604600241457028,38.349803818072964,orb,4,ny0811,False,2.5,tp3.0,0.05834711893138786,0.23338847572555144,False
132,-0.12394290063287779,0.7357374862789507,0.3106060606060606,-16.360462883539867,25.081845009615662,orb,4,ny0811,False,2.5,trail2.0,0.05834711893138786,0.23338847572555144,False
128,-0.20277661274274741,0.6611460371638851,0.296875,-25.95540643107167,34.54228153802645,orb,4,ny0811,False,2.5,trail3.0,0.05834711893138786,0.23338847572555144,False
126,-0.257801065475,0.5540448574029956,0.31746031746031744,-32.48293424985,39.09028212993722,orb,4,ny0811,False,3.0,tp1.5,0.048622599109489885,0.19449039643795954,False
123,-0.2671605688032014,0.5554930272829789,0.3008130081300813,-32.86074996279377,38.42906579294757,orb,4,ny0811,False,3.0,tp2.0,0.048622599109489885,0.19449039643795954,False
122,-0.24388748810141986,0.594919121046125,0.30327868852459017,-29.754273548373224,37.3975764042053,orb,4,ny0811,False,3.0,tp3.0,0.048622599109489885,0.19449039643795954,False
130,-0.11746562183019789,0.7124196340007943,0.3153846153846154,-15.270530837925726,21.485698784450225,orb,4,ny0811,False,3.0,trail2.0,0.048622599109489885,0.19449039643795954,False
124,-0.19814839235823223,0.6306817205599775,0.29838709677419356,-24.570400652420798,31.228192469011475,orb,4,ny0811,False,3.0,trail3.0,0.048622599109489885,0.19449039643795954,False
147,-0.15427923969286642,0.7657457944792372,0.3741496598639456,-22.679048234851365,32.37033106051388,orb,4,ny0811,True,1.5,tp1.5,0.09724519821897977,0.3889807928759191,False
135,-0.24451379006247356,0.6675644796039091,0.2962962962962963,-33.00936165843393,40.80479262464142,orb,4,ny0811,True,1.5,tp2.0,0.09724519821897977,0.3889807928759191,False
126,-0.30580667690253976,0.6107176441651799,0.24603174603174602,-38.531641289720014,49.36295581277653,orb,4,ny0811,True,1.5,tp3.0,0.09724519821897977,0.3889807928759191,False
126,-0.20093927065322548,0.7026910651783975,0.25396825396825395,-25.31834810230641,34.08806938906008,orb,4,ny0811,True,1.5,trail2.0,0.09724519821897977,0.3889807928759191,False
124,-0.24993381242325918,0.6774374606463801,0.23387096774193547,-30.99179274048414,39.80649432577301,orb,4,ny0811,True,1.5,trail3.0,0.09724519821897977,0.3889807928759191,False
128,-0.2273407844891717,0.6496752953157247,0.34375,-29.099620414613977,35.427491738100976,orb,4,ny0811,True,2.0,tp1.5,0.07293389866423483,0.2917355946569393,False
122,-0.2704030161370649,0.6049200733723653,0.29508196721311475,-32.98916796872192,40.13392215351695,orb,4,ny0811,True,2.0,tp2.0,0.07293389866423483,0.2917355946569393,False
115,-0.25741272284733785,0.6412944844912779,0.2782608695652174,-29.60246312744385,36.75632857714602,orb,4,ny0811,True,2.0,tp3.0,0.07293389866423483,0.2917355946569393,False
119,-0.18943476082642585,0.6700252432437149,0.2773109243697479,-22.542736538344677,29.207627012687563,orb,4,ny0811,True,2.0,trail2.0,0.07293389866423483,0.2917355946569393,False
115,-0.2378433839601563,0.6505861432813954,0.26956521739130435,-27.351989155417975,34.807897850937394,orb,4,ny0811,True,2.0,trail3.0,0.07293389866423483,0.2917355946569393,False
122,-0.25909167568112945,0.5741883335279618,0.319672131147541,-31.60918443309779,36.653956104994634,orb,4,ny0811,True,2.5,tp1.5,0.05834711893138786,0.23338847572555144,False
114,-0.244265283710041,0.6154015217219866,0.30701754385964913,-27.846242342944674,36.266631763406814,orb,4,ny0811,True,2.5,tp2.0,0.05834711893138786,0.23338847572555144,False
113,-0.2760606664392012,0.5753579077173605,0.2920353982300885,-31.194855307629734,34.417622247909904,orb,4,ny0811,True,2.5,tp3.0,0.05834711893138786,0.23338847572555144,False
117,-0.1575005649961007,0.6766098712078394,0.2905982905982906,-18.427566104543782,23.870873071312598,orb,4,ny0811,True,2.5,trail2.0,0.05834711893138786,0.23338847572555144,False
113,-0.23954613468806923,0.6105423303809169,0.2831858407079646,-27.068713219751825,32.70874930580579,orb,4,ny0811,True,2.5,trail3.0,0.05834711893138786,0.23338847572555144,False
110,-0.27488587489322025,0.5289334013732427,0.3090909090909091,-30.23744623825423,35.32735178923847,orb,4,ny0811,True,3.0,tp1.5,0.048622599109489885,0.19449039643795954,False
108,-0.2768609608250886,0.5396140556922456,0.2962962962962963,-29.90098376910957,33.75550888481834,orb,4,ny0811,True,3.0,tp2.0,0.048622599109489885,0.19449039643795954,False
108,-0.27249341465903626,0.546876751234345,0.2962962962962963,-29.429288783175913,32.91120820318834,orb,4,ny0811,True,3.0,tp3.0,0.048622599109489885,0.19449039643795954,False
114,-0.14410449517596047,0.6616777250855418,0.2982456140350877,-16.427912450059495,20.590764537640467,orb,4,ny0811,True,3.0,trail2.0,0.048622599109489885,0.19449039643795954,False
109,-0.22236284319436522,0.5889123105848544,0.29357798165137616,-24.23754990818581,28.355955749440472,orb,4,ny0811,True,3.0,trail3.0,0.048622599109489885,0.19449039643795954,False
221,-0.13967209832346617,0.7799601283062867,0.3891402714932127,-30.86753372948602,47.85435755733881,orb,4,ny0812,False,1.5,tp1.5,0.09724519821897977,0.3889807928759191,False
200,-0.19110827323151797,0.721995456777749,0.335,-38.22165464630359,55.13225522549729,orb,4,ny0812,False,1.5,tp2.0,0.09724519821897977,0.3889807928759191,False
183,-0.23152432077830104,0.6765909210537764,0.29508196721311475,-42.36895070242909,61.3844383168926,orb,4,ny0812,False,1.5,tp3.0,0.09724519821897977,0.3889807928759191,False
184,-0.19899574196786815,0.6926761462479142,0.28804347826086957,-36.61521652208774,49.63287692720649,orb,4,ny0812,False,1.5,trail2.0,0.09724519821897977,0.3889807928759191,False
174,-0.20392971246055108,0.7183783198016623,0.27586206896551724,-35.48376996813589,53.529638915681744,orb,4,ny0812,False,1.5,trail3.0,0.09724519821897977,0.3889807928759191,False
184,-0.1686828860180468,0.7159111718701995,0.3967391304347826,-31.03765102732061,43.706359049882515,orb,4,ny0812,False,2.0,tp1.5,0.07293389866423483,0.2917355946569393,False
174,-0.19790392454950215,0.6815194949713116,0.3563218390804598,-34.435282871613374,45.12927263788364,orb,4,ny0812,False,2.0,tp2.0,0.07293389866423483,0.2917355946569393,False
164,-0.23344449771036016,0.6473461329491991,0.3231707317073171,-38.28489762449907,46.94612580800317,orb,4,ny0812,False,2.0,tp3.0,0.07293389866423483,0.2917355946569393,False
174,-0.1711492835894049,0.6773086485251334,0.3218390804597701,-29.779975344556455,38.0726307222724,orb,4,ny0812,False,2.0,trail2.0,0.07293389866423483,0.2917355946569393,False
160,-0.17263844247941462,0.719903676655675,0.33125,-27.62215079670634,41.09616229008298,orb,4,ny0812,False,2.0,trail3.0,0.07293389866423483,0.2917355946569393,False
167,-0.18060406759338743,0.6646125995254097,0.38922155688622756,-30.1608792880957,38.940570010768084,orb,4,ny0812,False,2.5,tp1.5,0.05834711893138786,0.23338847572555144,False
158,-0.19134570008427315,0.6618086035337287,0.36075949367088606,-30.232620613315156,40.45938025910074,orb,4,ny0812,False,2.5,tp2.0,0.05834711893138786,0.23338847572555144,False
150,-0.2087378991214217,0.6421672109448398,0.3466666666666667,-31.310684868213258,40.31425189686749,orb,4,ny0812,False,2.5,tp3.0,0.05834711893138786,0.23338847572555144,False
169,-0.15030643187534512,0.6653252874920673,0.33136094674556216,-25.401786986933324,31.415076762048912,orb,4,ny0812,False,2.5,trail2.0,0.05834711893138786,0.23338847572555144,False
154,-0.1879337293987226,0.6619558572031097,0.34415584415584416,-28.94179432740328,38.787032886396354,orb,4,ny0812,False,2.5,trail3.0,0.05834711893138786,0.23338847572555144,False
154,-0.18193373628106693,0.6367357610801664,0.37662337662337664,-28.017795387284306,37.25042483485052,orb,4,ny0812,False,3.0,tp1.5,0.048622599109489885,0.19449039643795954,False
146,-0.20044045017380827,0.620370446538329,0.3561643835616438,-29.264305725376005,37.02020861204799,orb,4,ny0812,False,3.0,tp2.0,0.048622599109489885,0.19449039643795954,False
141,-0.19731985885516004,0.6339927324925114,0.3475177304964539,-27.822100098577565,35.8988973599305,orb,4,ny0812,False,3.0,tp3.0,0.048622599109489885,0.19449039643795954,False
167,-0.12520835934155009,0.6710142703483751,0.3473053892215569,-20.909796010038864,26.455185950358846,orb,4,ny0812,False,3.0,trail2.0,0.048622599109489885,0.19449039643795954,False
147,-0.16716586175002,0.6557779006209639,0.35374149659863946,-24.57338167725294,32.18583192645882,orb,4,ny0812,False,3.0,trail3.0,0.048622599109489885,0.19449039643795954,False
201,-0.18302174065291038,0.7224456459605287,0.3681592039800995,-36.787369871234986,48.739522564030764,orb,4,ny0812,True,1.5,tp1.5,0.09724519821897977,0.3889807928759191,False
184,-0.2254273584374147,0.6802480776185436,0.32065217391304346,-41.47863395248431,51.70699192807309,orb,4,ny0812,True,1.5,tp2.0,0.09724519821897977,0.3889807928759191,False
168,-0.2479151156319069,0.6582150606164794,0.2916666666666667,-41.64973942616036,55.68446693036772,orb,4,ny0812,True,1.5,tp3.0,0.09724519821897977,0.3889807928759191,False
168,-0.25012701157136846,0.6239895170549634,0.26785714285714285,-42.021337943989906,47.12067552031464,orb,4,ny0812,True,1.5,trail2.0,0.09724519821897977,0.3889807928759191,False
158,-0.2545748430352033,0.6568792484902776,0.26582278481012656,-40.222825199562116,49.49404259518105,orb,4,ny0812,True,1.5,trail3.0,0.09724519821897977,0.3889807928759191,False
169,-0.19003222190249816,0.6854589641052279,0.38461538461538464,-32.11544550152219,43.58470069093642,orb,4,ny0812,True,2.0,tp1.5,0.07293389866423483,0.2917355946569393,False
161,-0.20637044737316085,0.6702329135042464,0.34782608695652173,-33.2256420270789,43.90404888901043,orb,4,ny0812,True,2.0,tp2.0,0.07293389866423483,0.2917355946569393,False
149,-0.25035940109959937,0.626530679844412,0.31543624161073824,-37.303550763840306,46.258805063226546,orb,4,ny0812,True,2.0,tp3.0,0.07293389866423483,0.2917355946569393,False
160,-0.21766854740859035,0.6047713060267548,0.3,-34.826967585374454,39.26565170647233,orb,4,ny0812,True,2.0,trail2.0,0.07293389866423483,0.2917355946569393,False
147,-0.21777124144070212,0.655546375874118,0.3197278911564626,-32.01237249178321,41.2696700369867,orb,4,ny0812,True,2.0,trail3.0,0.07293389866423483,0.2917355946569393,False
154,-0.19921613725506068,0.6375597179649858,0.37012987012987014,-30.679285137279344,38.28974410765589,orb,4,ny0812,True,2.5,tp1.5,0.05834711893138786,0.23338847572555144,False
146,-0.21906115432078882,0.6207477066783678,0.3424657534246575,-31.982928530835167,39.995768903926255,orb,4,ny0812,True,2.5,tp2.0,0.05834711893138786,0.23338847572555144,False
138,-0.24889267810546645,0.5830045191339006,0.3333333333333333,-34.34718957855437,38.828319970872826,orb,4,ny0812,True,2.5,tp3.0,0.05834711893138786,0.23338847572555144,False
154,-0.19328473522835282,0.588663691279372,0.3051948051948052,-29.765849225166335,33.3837798951421,orb,4,ny0812,True,2.5,trail2.0,0.05834711893138786,0.23338847572555144,False
140,-0.22465456183424284,0.60642499542858,0.32857142857142857,-31.451638656794,38.35003819488626,orb,4,ny0812,True,2.5,trail3.0,0.05834711893138786,0.23338847572555144,False
144,-0.19229707165614301,0.6122140060122371,0.3680555555555556,-27.690778318484593,34.87040370076794,orb,4,ny0812,True,3.0,tp1.5,0.048622599109489885,0.19449039643795954,False
135,-0.21738832757855953,0.5838181907021427,0.34814814814814815,-29.347424223105534,34.90043326529534,orb,4,ny0812,True,3.0,tp2.0,0.048622599109489885,0.19449039643795954,False
131,-0.22129607142487423,0.5822617039123987,0.3435114503816794,-28.989785356658523,33.28655246241168,orb,4,ny0812,True,3.0,tp3.0,0.048622599109489885,0.19449039643795954,False
152,-0.15550724177190056,0.6049322573802276,0.3223684210526316,-23.637100749328887,27.487751242506064,orb,4,ny0812,True,3.0,trail2.0,0.048622599109489885,0.19449039643795954,False
135,-0.18434400651789773,0.6162719943149496,0.34814814814814815,-24.886440879916194,29.959505153786058,orb,4,ny0812,True,3.0,trail3.0,0.048622599109489885,0.19449039643795954,False
533,-0.1852087087827194,0.7230733348763837,0.36585365853658536,-98.71624178118944,103.79695790148739,orb,4,ln0312,False,1.5,tp1.5,0.09724519821897977,0.3889807928759191,False
457,-0.14926539209250322,0.787755338090849,0.3304157549234136,-68.21428418627397,86.18911114520606,orb,4,ln0312,False,1.5,tp2.0,0.09724519821897977,0.3889807928759191,False
386,-0.20996783963362417,0.7290230755593256,0.2538860103626943,-81.04758609857893,89.95702677537645,orb,4,ln0312,False,1.5,tp3.0,0.09724519821897977,0.3889807928759191,False
404,-0.19585783276375845,0.6987516834982685,0.2698019801980198,-79.12656443655841,88.12156205759707,orb,4,ln0312,False,1.5,trail2.0,0.09724519821897977,0.3889807928759191,False
341,-0.2065532588422939,0.7213962191869588,0.2375366568914956,-70.43466126522222,87.79887109019884,orb,4,ln0312,False,1.5,trail3.0,0.09724519821897977,0.3889807928759191,False
398,-0.12475221642732542,0.7961148980754349,0.3869346733668342,-49.65138213807552,64.48692434741142,orb,4,ln0312,False,2.0,tp1.5,0.07293389866423483,0.2917355946569393,False
347,-0.17499292459302468,0.7417237871766209,0.31988472622478387,-60.722544833779565,69.47774395185593,orb,4,ln0312,False,2.0,tp2.0,0.07293389866423483,0.2917355946569393,False
308,-0.22243899117612634,0.6862876875370774,0.288961038961039,-68.51120928224691,76.75041428303638,orb,4,ln0312,False,2.0,tp3.0,0.07293389866423483,0.2917355946569393,False
373,-0.16871452693006542,0.6860193935384127,0.289544235924933,-62.9305185449144,71.96516869764976,orb,4,ln0312,False,2.0,trail2.0,0.07293389866423483,0.2917355946569393,False
301,-0.16908084224369485,0.7326764093710673,0.2757475083056478,-50.893333515352154,67.34046662289805,orb,4,ln0312,False,2.0,trail3.0,0.07293389866423483,0.2917355946569393,False
322,-0.12174400433757997,0.7885817307355671,0.38198757763975155,-39.20156939670075,47.23713513822212,orb,4,ln0312,False,2.5,tp1.5,0.05834711893138786,0.23338847572555144,False
296,-0.12537037617983,0.7883831124940354,0.3547297297297297,-37.10963134922967,49.34164563149368,orb,4,ln0312,False,2.5,tp2.0,0.05834711893138786,0.23338847572555144,False
269,-0.16236081800870542,0.7343423890158349,0.3382899628252788,-43.675060044341755,50.754520343171606,orb,4,ln0312,False,2.5,tp3.0,0.05834711893138786,0.23338847572555144,False
360,-0.14850646077093227,0.670636255722939,0.3055555555555556,-53.46232587753561,62.075246911686925,orb,4,ln0312,False,2.5,trail2.0,0.05834711893138786,0.23338847572555144,False
279,-0.13513739748090467,0.7489988424608354,0.3010752688172043,-37.7033338971724,48.835242290132534,orb,4,ln0312,False,2.5,trail3.0,0.05834711893138786,0.23338847572555144,False
276,-0.11696822252593683,0.7755505952339927,0.39492753623188404,-32.283229417158566,37.30271364455159,orb,4,ln0312,False,3.0,tp1.5,0.048622599109489885,0.19449039643795954,False
256,-0.14621672192209836,0.7329540430625896,0.37109375,-37.43148081205718,40.44775041356042,orb,4,ln0312,False,3.0,tp2.0,0.048622599109489885,0.19449039643795954,False
245,-0.14627245263391195,0.7327662599823735,0.37142857142857144,-35.83675089530843,38.043538701886284,orb,4,ln0312,False,3.0,tp3.0,0.048622599109489885,0.19449039643795954,False
350,-0.11794092260028685,0.6846293667693666,0.3171428571428571,-41.2793229101004,48.996305841844205,orb,4,ln0312,False,3.0,trail2.0,0.048622599109489885,0.19449039643795954,False
269,-0.12036088574079888,0.7382799355849418,0.31226765799256506,-32.3770782642749,40.773810936382944,orb,4,ln0312,False,3.0,trail3.0,0.048622599109489885,0.19449039643795954,False
351,-0.1745817912419314,0.7335121536324772,0.36182336182336183,-61.27820872591792,72.67769975420917,orb,4,ln0312,True,1.5,tp1.5,0.09724519821897977,0.3889807928759191,False
310,-0.15550111003668932,0.7749823131278704,0.32903225806451614,-48.20534411137369,62.049025199909956,orb,4,ln0312,True,1.5,tp2.0,0.09724519821897977,0.3889807928759191,False
273,-0.2556108198091524,0.6691672371146213,0.2490842490842491,-69.78175380789861,77.61011395958565,orb,4,ln0312,True,1.5,tp3.0,0.09724519821897977,0.3889807928759191,False
280,-0.2262341113359827,0.6639307955290737,0.25357142857142856,-63.345551174075155,73.381577018798,orb,4,ln0312,True,1.5,trail2.0,0.09724519821897977,0.3889807928759191,False
250,-0.26343571651309994,0.6501207344014889,0.224,-65.85892912827498,76.2794269132548,orb,4,ln0312,True,1.5,trail3.0,0.09724519821897977,0.3889807928759191,False
276,-0.18894735432082885,0.6956365309054771,0.358695652173913,-52.149469792548764,58.25074834840898,orb,4,ln0312,True,2.0,tp1.5,0.07293389866423483,0.2917355946569393,False
248,-0.22620428419112198,0.6637364536826151,0.3064516129032258,-56.09866247939825,58.78133047067344,orb,4,ln0312,True,2.0,tp2.0,0.07293389866423483,0.2917355946569393,False
227,-0.25558535147102285,0.6303780309843947,0.28634361233480177,-58.01787478392219,65.5466553655806,orb,4,ln0312,True,2.0,tp3.0,0.07293389866423483,0.2917355946569393,False
260,-0.20488161279323083,0.6359715607594083,0.2653846153846154,-53.26921932624002,61.947433942188134,orb,4,ln0312,True,2.0,trail2.0,0.07293389866423483,0.2917355946569393,False
225,-0.23887947461420653,0.6361754809924767,0.25333333333333335,-53.747881788196466,61.685378936677026,orb,4,ln0312,True,2.0,trail3.0,0.07293389866423483,0.2917355946569393,False
232,-0.15424530838876951,0.7268410601940748,0.3620689655172414,-35.78491154619453,43.40293546722652,orb,4,ln0312,True,2.5,tp1.5,0.05834711893138786,0.23338847572555144,False
213,-0.20593799235383925,0.652012048264876,0.3333333333333333,-43.86479237136776,53.10589552702791,orb,4,ln0312,True,2.5,tp2.0,0.05834711893138786,0.23338847572555144,False
201,-0.20478607216605046,0.6651288513580359,0.30845771144278605,-41.16200050537614,50.77199242327734,orb,4,ln0312,True,2.5,tp3.0,0.05834711893138786,0.23338847572555144,False
248,-0.1737195684119091,0.6292858397704194,0.2701612903225806,-43.08245296615346,50.3693162220255,orb,4,ln0312,True,2.5,trail2.0,0.05834711893138786,0.23338847572555144,False
207,-0.19122810145755395,0.6567810954432756,0.2753623188405797,-39.58421700171367,45.961058224218654,orb,4,ln0312,True,2.5,trail3.0,0.05834711893138786,0.23338847572555144,False
196,-0.1861871465153597,0.6512524721080396,0.3469387755102041,-36.4926807170105,42.17857492793878,orb,4,ln0312,True,3.0,tp1.5,0.048622599109489885,0.19449039643795954,False
184,-0.19222187983530895,0.6443284373452681,0.3423913043478261,-35.36882588969684,40.927021082918685,orb,4,ln0312,True,3.0,tp2.0,0.048622599109489885,0.19449039643795954,False
179,-0.20652141503966762,0.6240411721222777,0.3240223463687151,-36.967333292100506,42.16711926363315,orb,4,ln0312,True,3.0,tp3.0,0.048622599109489885,0.19449039643795954,False
239,-0.13105211829312507,0.6590823024402761,0.2803347280334728,-31.321456272056896,38.30513930580377,orb,4,ln0312,True,3.0,trail2.0,0.048622599109489885,0.19449039643795954,False
197,-0.15571666290915626,0.6721556704422631,0.2893401015228426,-30.676182593103782,36.20549173994141,orb,4,ln0312,True,3.0,trail3.0,0.048622599109489885,0.19449039643795954,False
1118,-0.12900395242106488,0.7879836972119051,0.3953488372093023,-144.22641880675053,153.3156128741121,orb,4,allday,False,1.5,tp1.5,0.09724519821897977,0.3889807928759191,False
978,-0.11197415086047773,0.8256885973115251,0.3558282208588957,-109.51071954154722,126.13258825946892,orb,4,allday,False,1.5,tp2.0,0.09724519821897977,0.3889807928759191,False
818,-0.12404146623283323,0.8155052531490283,0.3251833740831296,-101.46591937845758,117.39933632625767,orb,4,allday,False,1.5,tp3.0,0.09724519821897977,0.3889807928759191,False
901,-0.11252120644411617,0.7976455111729938,0.3274139844617092,-101.38160700614867,112.46234227892245,orb,4,allday,False,1.5,trail2.0,0.09724519821897977,0.3889807928759191,False
764,-0.10126021969084725,0.8352654173750285,0.3193717277486911,-77.3628078438073,96.41457304972184,orb,4,allday,False,1.5,trail3.0,0.09724519821897977,0.3889807928759191,False
828,-0.08950395509835506,0.8343666320112865,0.41545893719806765,-74.10927482143799,88.8859260794848,orb,4,allday,False,2.0,tp1.5,0.07293389866423483,0.2917355946569393,False
742,-0.09371767752351338,0.8317546604094359,0.38409703504043125,-69.53851672244693,80.44983914187355,orb,4,allday,False,2.0,tp2.0,0.07293389866423483,0.2917355946569393,False
675,-0.11392726794549808,0.8003018595982014,0.3496296296296296,-76.90090586321121,91.36354268342004,orb,4,allday,False,2.0,tp3.0,0.07293389866423483,0.2917355946569393,False
838,-0.0969697154168889,0.7839381968607286,0.35083532219570407,-81.2606215193529,89.58479819725551,orb,4,allday,False,2.0,trail2.0,0.07293389866423483,0.2917355946569393,False
688,-0.09236108816688181,0.8199226583033327,0.35319767441860467,-63.54442865881468,72.80493777775622,orb,4,allday,False,2.0,trail3.0,0.07293389866423483,0.2917355946569393,False
682,-0.0701265885562522,0.8498236946542603,0.4178885630498534,-47.826333395364,57.16702784018577,orb,4,allday,False,2.5,tp1.5,0.05834711893138786,0.23338847572555144,False
640,-0.07943547029835078,0.8339171113951173,0.39375,-50.8387009909445,56.4716583756194,orb,4,allday,False,2.5,tp2.0,0.05834711893138786,0.23338847572555144,False
604,-0.08028461971293073,0.8350625882374798,0.3890728476821192,-48.49191030661016,55.98402053656627,orb,4,allday,False,2.5,tp3.0,0.05834711893138786,0.23338847572555144,False
804,-0.07466875417634422,0.7956375836914328,0.36069651741293535,-60.03367835778076,66.10531543822776,orb,4,allday,False,2.5,trail2.0,0.05834711893138786,0.23338847572555144,False
642,-0.07306702824235525,0.8323290974410388,0.3707165109034268,-46.90903213159207,53.19088285575579,orb,4,allday,False,2.5,trail3.0,0.05834711893138786,0.23338847572555144,False
606,-0.08325207756647013,0.8013023711660128,0.4240924092409241,-50.4507590052809,59.73090417242345,orb,4,allday,False,3.0,tp1.5,0.048622599109489885,0.19449039643795954,False
579,-0.07394281653549235,0.8257832273404284,0.41450777202072536,-42.812890774050075,53.28932079146178,orb,4,allday,False,3.0,tp2.0,0.048622599109489885,0.19449039643795954,False
562,-0.08658118991384374,0.7998713445798851,0.4092526690391459,-48.65862873158018,60.48802692123017,orb,4,allday,False,3.0,tp3.0,0.048622599109489885,0.19449039643795954,False
790,-0.0677357142048621,0.7807120935310294,0.3670886075949367,-53.51121422184106,58.56883192534324,orb,4,allday,False,3.0,trail2.0,0.048622599109489885,0.19449039643795954,False
621,-0.06537288200709548,0.8228993536854653,0.38003220611916266,-40.5965597264063,44.8446848394047,orb,4,allday,False,3.0,trail3.0,0.048622599109489885,0.19449039643795954,False
647,-0.13213855448810832,0.7706365464250611,0.39258114374034003,-85.49364475380608,93.82948024865294,orb,4,allday,True,1.5,tp1.5,0.09724519821897977,0.3889807928759191,False
584,-0.11009520800462301,0.8166984335354965,0.3647260273972603,-64.29560147469984,82.20189598243482,orb,4,allday,True,1.5,tp2.0,0.09724519821897977,0.3889807928759191,False
505,-0.1463662248832877,0.7686851293357634,0.3227722772277228,-73.91494356606029,89.05439192941759,orb,4,allday,True,1.5,tp3.0,0.09724519821897977,0.3889807928759191,False
540,-0.12848581639531048,0.7645992745699944,0.32592592592592595,-69.38234085346767,83.20207331589711,orb,4,allday,True,1.5,trail2.0,0.09724519821897977,0.3889807928759191,False
482,-0.12411046363093521,0.7942078059686534,0.31950207468879666,-59.82124347011077,81.21085994618345,orb,4,allday,True,1.5,trail3.0,0.09724519821897977,0.3889807928759191,False
501,-0.0986878631308486,0.8044778226891147,0.4091816367265469,-49.44261942855515,58.50992937351584,orb,4,allday,True,2.0,tp1.5,0.07293389866423483,0.2917355946569393,False
459,-0.12111230587086519,0.7722437324428666,0.37254901960784315,-55.59054839472712,61.884471552286946,orb,4,allday,True,2.0,tp2.0,0.07293389866423483,0.2917355946569393,False
427,-0.11975381749492339,0.7753608749920958,0.3629976580796253,-51.13488007033229,66.0031258502412,orb,4,allday,True,2.0,tp3.0,0.07293389866423483,0.2917355946569393,False
501,-0.11566041106991505,0.7390010862353008,0.34331337325349304,-57.94586594602744,66.79505756735918,orb,4,allday,True,2.0,trail2.0,0.07293389866423483,0.2917355946569393,False
434,-0.12576858661485962,0.7528426377136869,0.35023041474654376,-54.583566590849074,63.44520651878979,orb,4,allday,True,2.0,trail3.0,0.07293389866423483,0.2917355946569393,False
432,-0.08261811783132736,0.8137449069690943,0.41435185185185186,-35.69102690313342,44.39587904232967,orb,4,allday,True,2.5,tp1.5,0.05834711893138786,0.23338847572555144,False
406,-0.10179448995381327,0.7734136396941312,0.3842364532019704,-41.328562921248185,50.71310446565866,orb,4,allday,True,2.5,tp2.0,0.05834711893138786,0.23338847572555144,False
388,-0.09766686959362078,0.7855390935537193,0.38144329896907214,-37.894745402324865,49.41645060270626,orb,4,allday,True,2.5,tp3.0,0.05834711893138786,0.23338847572555144,False
478,-0.08504678309994523,0.7596781394762804,0.3493723849372385,-40.65236232177382,48.900122871477414,orb,4,allday,True,2.5,trail2.0,0.05834711893138786,0.23338847572555144,False
404,-0.09709739125483523,0.7688313377638246,0.36633663366336633,-39.22734606695343,48.304333340637406,orb,4,allday,True,2.5,trail3.0,0.05834711893138786,0.23338847572555144,False
382,-0.08919643750632994,0.7732064379464298,0.4031413612565445,-34.073039127418035,39.93308587584745,orb,4,allday,True,3.0,tp1.5,0.048622599109489885,0.19449039643795954,False
373,-0.08514186429607352,0.7852806547118512,0.39946380697050937,-31.757915382435424,39.790895821903085,orb,4,allday,True,3.0,tp2.0,0.048622599109489885,0.19449039643795954,False
360,-0.09439036198297159,0.7637318977366804,0.38055555555555554,-33.98053031386977,43.241931259977534,orb,4,allday,True,3.0,tp3.0,0.048622599109489885,0.19449039643795954,False
472,-0.07580451919073183,0.7450569698828622,0.3474576271186441,-35.77973305802543,43.12230512276952,orb,4,allday,True,3.0,trail2.0,0.048622599109489885,0.19449039643795954,False
385,-0.08083903767549538,0.7719818283093014,0.37922077922077924,-31.123029505065723,36.70154584345419,orb,4,allday,True,3.0,trail3.0,0.048622599109489885,0.19449039643795954,False
80,-0.10445532263437152,0.8284881472390622,0.3875,-8.356425810749721,16.7162117547255,orb,8,ny0811,False,1.5,tp1.5,0.09724519821897977,0.3889807928759191,False
79,-0.055716183878968685,0.9096595954730915,0.379746835443038,-4.401578526438526,15.005607524732294,orb,8,ny0811,False,1.5,tp2.0,0.09724519821897977,0.3889807928759191,False
78,-0.08696412867445656,0.8650855477909475,0.34615384615384615,-6.783202036607612,18.80051448439216,orb,8,ny0811,False,1.5,tp3.0,0.09724519821897977,0.3889807928759191,False
78,-0.057594946209838224,0.9060075010337688,0.32051282051282054,-4.492405804367381,20.528207965053433,orb,8,ny0811,False,1.5,trail2.0,0.09724519821897977,0.3889807928759191,False
78,0.015762366109346202,1.0250916310128113,0.34615384615384615,1.2294645565290037,16.979435271993385,orb,8,ny0811,False,1.5,trail3.0,0.09724519821897977,0.3889807928759191,False
77,-0.12000910660675564,0.7831127128332004,0.4155844155844156,-9.240701208720184,16.355927573367495,orb,8,ny0811,False,2.0,tp1.5,0.07293389866423483,0.2917355946569393,False
76,-0.15342546536082277,0.735129310340896,0.3815789473684211,-11.660335367422531,20.532486985870186,orb,8,ny0811,False,2.0,tp2.0,0.07293389866423483,0.2917355946569393,False
76,-0.12050358224369026,0.7919649983774528,0.3815789473684211,-9.15827225052046,18.735994114732268,orb,8,ny0811,False,2.0,tp3.0,0.07293389866423483,0.2917355946569393,False
76,-0.08481694131630574,0.8349196657838884,0.35526315789473684,-6.446087540039236,17.59316865961569,orb,8,ny0811,False,2.0,trail2.0,0.07293389866423483,0.2917355946569393,False
76,-0.05938657293220353,0.8933249261948781,0.3815789473684211,-4.513379542847468,17.02688493681545,orb,8,ny0811,False,2.0,trail3.0,0.07293389866423483,0.2917355946569393,False
76,-0.18405195369531166,0.6489213732362837,0.39473684210526316,-13.987948480843686,21.154231918994988,orb,8,ny0811,False,2.5,tp1.5,0.05834711893138786,0.23338847572555144,False
76,-0.1545539698131058,0.7051887013778099,0.39473684210526316,-11.74610170579604,19.94756902461775,orb,8,ny0811,False,2.5,tp2.0,0.05834711893138786,0.23338847572555144,False
76,-0.12879697614302793,0.754320100342596,0.39473684210526316,-9.788570186870123,19.2739515029757,orb,8,ny0811,False,2.5,tp3.0,0.05834711893138786,0.23338847572555144,False
76,-0.08745170904459125,0.8001670796734113,0.3684210526315789,-6.6463298873889345,15.459413273428707,orb,8,ny0811,False,2.5,trail2.0,0.05834711893138786,0.23338847572555144,False
76,-0.0879125076662576,0.8215915918405865,0.39473684210526316,-6.681350582635578,16.632041979069495,orb,8,ny0811,False,2.5,trail3.0,0.05834711893138786,0.23338847572555144,False
75,-0.15112115411682658,0.6688833478547481,0.4266666666666667,-11.334086558761994,17.355524626395923,orb,8,ny0811,False,3.0,tp1.5,0.048622599109489885,0.19449039643795954,False
75,-0.13228873997614576,0.7101464387735383,0.4266666666666667,-9.921655498210933,16.65351338917925,orb,8,ny0811,False,3.0,tp2.0,0.048622599109489885,0.19449039643795954,False
75,-0.10554923598259076,0.7687344974349081,0.4266666666666667,-7.916192698694307,16.086775672046688,orb,8,ny0811,False,3.0,tp3.0,0.048622599109489885,0.19449039643795954,False
75,-0.08646244605904035,0.7737554162113578,0.37333333333333335,-6.484683454428026,13.10467117760285,orb,8,ny0811,False,3.0,trail2.0,0.048622599109489885,0.19449039643795954,False
75,-0.08736482631062997,0.796766244990653,0.41333333333333333,-6.5523619732972485,14.780519673080576,orb,8,ny0811,False,3.0,trail3.0,0.048622599109489885,0.19449039643795954,False
72,-0.15783224726560074,0.7595894704990811,0.3611111111111111,-11.363921803123255,16.72836931463649,orb,8,ny0811,True,1.5,tp1.5,0.09724519821897977,0.3889807928759191,False
71,-0.12547992280016831,0.8115232259129005,0.352112676056338,-8.90907451881195,15.517765084643305,orb,8,ny0811,True,1.5,tp2.0,0.09724519821897977,0.3889807928759191,False
70,-0.17177260070606812,0.7537283791364165,0.3142857142857143,-12.024082049424768,19.341287347455527,orb,8,ny0811,True,1.5,tp3.0,0.09724519821897977,0.3889807928759191,False
70,-0.1390675481280591,0.7882683438156934,0.2857142857142857,-9.734728368964138,19.19297321512792,orb,8,ny0811,True,1.5,trail2.0,0.09724519821897977,0.3889807928759191,False
70,-0.0841266517293803,0.8761429423045678,0.3142857142857143,-5.888865621056621,17.520208135056752,orb,8,ny0811,True,1.5,trail3.0,0.09724519821897977,0.3889807928759191,False
69,-0.17929453917391447,0.7002054926423642,0.391304347826087,-12.371323203000099,15.733633717487429,orb,8,ny0811,True,2.0,tp1.5,0.07293389866423483,0.2917355946569393,False
68,-0.22192640260346153,0.6464380767218402,0.35294117647058826,-15.090995377035384,20.329541289002353,orb,8,ny0811,True,2.0,tp2.0,0.07293389866423483,0.2917355946569393,False
68,-0.1998372391196069,0.6816294150814858,0.35294117647058826,-13.58893226013327,18.891573762029697,orb,8,ny0811,True,2.0,tp3.0,0.07293389866423483,0.2917355946569393,False
68,-0.15487328895878047,0.7216700070122749,0.3235294117647059,-10.531383649197071,15.543866387527375,orb,8,ny0811,True,2.0,trail2.0,0.07293389866423483,0.2917355946569393,False
68,-0.14120775258877252,0.7656280095047373,0.35294117647058826,-9.602127176036532,17.182464584112882,orb,8,ny0811,True,2.0,trail3.0,0.07293389866423483,0.2917355946569393,False
68,-0.2416540660078514,0.5739656989570913,0.36764705882352944,-16.432476488533894,20.945318078785924,orb,8,ny0811,True,2.5,tp1.5,0.05834711893138786,0.23338847572555144,False
68,-0.2160386722571507,0.6191254455022377,0.36764705882352944,-14.690629713486247,19.73865518440868,orb,8,ny0811,True,2.5,tp2.0,0.05834711893138786,0.23338847572555144,False
68,-0.2019573263905929,0.6439507523679929,0.36764705882352944,-13.733098194560318,19.06503766276663,orb,8,ny0811,True,2.5,tp3.0,0.05834711893138786,0.23338847572555144,False
68,-0.14874362903993057,0.6886972569465596,0.3382352941176471,-10.114566774715279,14.658272423473399,orb,8,ny0811,True,2.5,trail2.0,0.05834711893138786,0.23338847572555144,False
68,-0.1558681898068373,0.7074064881777422,0.36764705882352944,-10.599036906864937,16.469816356538523,orb,8,ny0811,True,2.5,trail3.0,0.05834711893138786,0.23338847572555144,False
67,-0.20081382933090342,0.5923269221786236,0.40298507462686567,-13.454526565170529,17.014763092888415,orb,8,ny0811,True,3.0,tp1.5,0.048622599109489885,0.19449039643795954,False
67,-0.18719545529282883,0.6199736459004057,0.40298507462686567,-12.542095504619532,16.31275185567174,orb,8,ny0811,True,3.0,tp2.0,0.048622599109489885,0.19449039643795954,False
67,-0.1638113102610011,0.6674459061979667,0.40298507462686567,-10.975357787487074,15.74601413853918,orb,8,ny0811,True,3.0,tp3.0,0.048622599109489885,0.19449039643795954,False
67,-0.14241115712238864,0.661511060420538,0.34328358208955223,-9.54154752720004,12.653804245198895,orb,8,ny0811,True,3.0,trail2.0,0.048622599109489885,0.19449039643795954,False
67,-0.14807423634886596,0.6832717813617035,0.3880597014925373,-9.920973835374019,14.749204912857063,orb,8,ny0811,True,3.0,trail3.0,0.048622599109489885,0.19449039643795954,False
125,-0.0986089160819766,0.8318998434007958,0.392,-12.326114510247075,22.884884037256963,orb,8,ny0812,False,1.5,tp1.5,0.09724519821897977,0.3889807928759191,False
116,-0.0610951197150559,0.8957478515669162,0.39655172413793105,-7.087033886946484,19.669462919338294,orb,8,ny0812,False,1.5,tp2.0,0.09724519821897977,0.3889807928759191,False
106,-0.09273798679459465,0.848711257102065,0.36792452830188677,-9.830226600227032,23.81036870317931,orb,8,ny0812,False,1.5,tp3.0,0.09724519821897977,0.3889807928759191,False
109,-0.10734698771515193,0.8153531126198431,0.3302752293577982,-11.70082166095156,27.410657359612202,orb,8,ny0812,False,1.5,trail2.0,0.09724519821897977,0.3889807928759191,False
105,-0.030156704908128766,0.9500682903345238,0.3619047619047619,-3.1664540153535206,22.686760986878696,orb,8,ny0812,False,1.5,trail3.0,0.09724519821897977,0.3889807928759191,False
112,-0.11296893630879325,0.7832433311023328,0.42857142857142855,-12.652520866584844,20.27155247084225,orb,8,ny0812,False,2.0,tp1.5,0.07293389866423483,0.2917355946569393,False
103,-0.12225277624269194,0.7742399851505564,0.4077669902912621,-12.59203595299727,23.4098491597288,orb,8,ny0812,False,2.0,tp2.0,0.07293389866423483,0.2917355946569393,False
101,-0.13337685672506677,0.7584800990094661,0.39603960396039606,-13.471062529231745,22.993497814986256,orb,8,ny0812,False,2.0,tp3.0,0.07293389866423483,0.2917355946569393,False
105,-0.12779716438328298,0.7382044049674026,0.3523809523809524,-13.418702260244713,22.42876717461761,orb,8,ny0812,False,2.0,trail2.0,0.07293389866423483,0.2917355946569393,False
101,-0.08088446368582605,0.8470340750843102,0.39603960396039606,-8.16933083226843,20.532874028926155,orb,8,ny0812,False,2.0,trail3.0,0.07293389866423483,0.2917355946569393,False
100,-0.12482406024749158,0.7305375365450335,0.43,-12.482406024749158,21.87457539279752,orb,8,ny0812,False,2.5,tp1.5,0.05834711893138786,0.23338847572555144,False
98,-0.12106470500932456,0.7438799401903075,0.41836734693877553,-11.864341090913808,20.836294124896394,orb,8,ny0812,False,2.5,tp2.0,0.05834711893138786,0.23338847572555144,False
97,-0.11327053773189623,0.7628142096052569,0.41237113402061853,-10.987242159993935,21.243109191260384,orb,8,ny0812,False,2.5,tp3.0,0.05834711893138786,0.23338847572555144,False
102,-0.12142560793334115,0.708690804486923,0.3627450980392157,-12.385412009200797,19.232214038241516,orb,8,ny0812,False,2.5,trail2.0,0.05834711893138786,0.23338847572555144,False
97,-0.0973462217841286,0.7924382583176529,0.41237113402061853,-9.442583513060475,20.16376062465526,orb,8,ny0812,False,2.5,trail3.0,0.05834711893138786,0.23338847572555144,False
97,-0.10781110718976764,0.7293253662265702,0.4536082474226804,-10.45767739740746,17.121186894342117,orb,8,ny0812,False,3.0,tp1.5,0.048622599109489885,0.19449039643795954,False
96,-0.10271599185053376,0.7447759390210115,0.4479166666666667,-9.860735217651241,17.234664537920278,orb,8,ny0812,False,3.0,tp2.0,0.048622599109489885,0.19449039643795954,False
96,-0.0818257543555689,0.796683058372386,0.4479166666666667,-7.855272418134614,16.66792682078772,orb,8,ny0812,False,3.0,tp3.0,0.048622599109489885,0.19449039643795954,False
101,-0.10463071897939148,0.7043328177231484,0.37623762376237624,-10.56770261691854,16.066154682923333,orb,8,ny0812,False,3.0,trail2.0,0.048622599109489885,0.19449039643795954,False
96,-0.08118308149814367,0.7946268418582844,0.4375,-7.793575823821792,16.6932296371896,orb,8,ny0812,False,3.0,trail3.0,0.048622599109489885,0.19449039643795954,False
118,-0.16586695922802372,0.7357137253798337,0.3644067796610169,-19.5723011889068,25.710793974319373,orb,8,ny0812,True,1.5,tp1.5,0.09724519821897977,0.3889807928759191,False
111,-0.12036338046549909,0.8055573337494475,0.3783783783783784,-13.3603352316704,21.04904798917145,orb,8,ny0812,True,1.5,tp2.0,0.09724519821897977,0.3889807928759191,False
101,-0.16670209866727403,0.7437607322395182,0.3465346534653465,-16.836911965394677,24.996273146086544,orb,8,ny0812,True,1.5,tp3.0,0.09724519821897977,0.3889807928759191,False
103,-0.1901910058252763,0.6926363262625743,0.30097087378640774,-19.589673600003458,27.601278211635226,orb,8,ny0812,True,1.5,trail2.0,0.09724519821897977,0.3889807928759191,False
100,-0.12050589545289629,0.8121406704689866,0.34,-12.050589545289629,23.87266542978592,orb,8,ny0812,True,1.5,trail3.0,0.09724519821897977,0.3889807928759191,False
107,-0.15959510840122829,0.7081962430338303,0.411214953271028,-17.076676598931428,21.69920437884202,orb,8,ny0812,True,2.0,tp1.5,0.07293389866423483,0.2917355946569393,False
98,-0.17669622143547756,0.6903685718459637,0.3877551020408163,-17.3162297006768,24.692240597534127,orb,8,ny0812,True,2.0,tp2.0,0.07293389866423483,0.2917355946569393,False
96,-0.19995058621782533,0.6567697057881798,0.375,-19.19525627691123,24.275889252791583,orb,8,ny0812,True,2.0,tp3.0,0.07293389866423483,0.2917355946569393,False
99,-0.19654621337421932,0.6224304675676479,0.32323232323232326,-19.458075124047713,22.730609882179806,orb,8,ny0812,True,2.0,trail2.0,0.07293389866423483,0.2917355946569393,False
96,-0.15157929378671006,0.7282881522076666,0.375,-14.551612203524165,21.5407739335626,orb,8,ny0812,True,2.0,trail3.0,0.07293389866423483,0.2917355946569393,False
94,-0.17755527059739853,0.6406277214298011,0.40425531914893614,-16.690195436155463,23.42892295630455,orb,8,ny0812,True,2.5,tp1.5,0.05834711893138786,0.23338847572555144,False
92,-0.1801318532860882,0.6431698884435999,0.391304347826087,-16.572130502320114,22.390641688403417,orb,8,ny0812,True,2.5,tp2.0,0.05834711893138786,0.23338847572555144,False
91,-0.18346188540000244,0.6405235900582403,0.38461538461538464,-16.69503157140022,22.797456754767406,orb,8,ny0812,True,2.5,tp3.0,0.05834711893138786,0.23338847572555144,False
95,-0.19100362856322134,0.5793779839420691,0.3263157894736842,-18.145344713506027,20.732673364181185,orb,8,ny0812,True,2.5,trail2.0,0.05834711893138786,0.23338847572555144,False
91,-0.16619265100006508,0.6687711273534805,0.38461538461538464,-15.123531241005923,21.764796405840386,orb,8,ny0812,True,2.5,trail3.0,0.05834711893138786,0.23338847572555144,False
91,-0.1452983349566386,0.64967926023976,0.42857142857142855,-13.222148481054113,17.424456438072728,orb,8,ny0812,True,3.0,tp1.5,0.048622599109489885,0.19449039643795954,False
90,-0.14583562556997728,0.6522477426747295,0.4222222222222222,-13.125206301297956,17.537934081650892,orb,8,ny0812,True,3.0,tp2.0,0.048622599109489885,0.19449039643795954,False
90,-0.12842742871295,0.6937584485076407,0.4222222222222222,-11.5584685841655,16.971196364518335,orb,8,ny0812,True,3.0,tp3.0,0.048622599109489885,0.19449039643795954,False
94,-0.15647829551043613,0.5868537899637835,0.3404255319148936,-14.708959777980997,16.80748522168552,orb,8,ny0812,True,3.0,trail2.0,0.048622599109489885,0.19449039643795954,False
90,-0.13118020847929643,0.6840316191527409,0.4111111111111111,-11.806218763136679,17.305945954204205,orb,8,ny0812,True,3.0,trail3.0,0.048622599109489885,0.19449039643795954,False
426,-0.13013123078225206,0.7961048860240502,0.38967136150234744,-55.43590431323938,61.96963422029906,orb,8,ln0312,False,1.5,tp1.5,0.09724519821897977,0.3889807928759191,False
359,-0.09480600324605803,0.8596612598728988,0.35097493036211697,-34.035355165334835,44.4228911335014,orb,8,ln0312,False,1.5,tp2.0,0.09724519821897977,0.3889807928759191,False
299,-0.16572854635991965,0.7782737702191544,0.27424749163879597,-49.552835361615976,56.77548017354958,orb,8,ln0312,False,1.5,tp3.0,0.09724519821897977,0.3889807928759191,False
315,-0.13646923951444512,0.7785277106345513,0.2857142857142857,-42.98781044705021,54.986034092487955,orb,8,ln0312,False,1.5,trail2.0,0.09724519821897977,0.3889807928759191,False
264,-0.14285668819301625,0.8005390798990073,0.25757575757575757,-37.71416568295629,55.8622590598029,orb,8,ln0312,False,1.5,trail3.0,0.09724519821897977,0.3889807928759191,False
327,-0.10657360732513903,0.8221616183661395,0.39143730886850153,-34.84956959532046,41.37843398425799,orb,8,ln0312,False,2.0,tp1.5,0.07293389866423483,0.2917355946569393,False
287,-0.16766311114514976,0.747288500804786,0.3240418118466899,-48.11931289865798,51.76070393267979,orb,8,ln0312,False,2.0,tp2.0,0.07293389866423483,0.2917355946569393,False
255,-0.177495500657584,0.7411146691344592,0.30196078431372547,-45.261352667683916,51.0317126603195,orb,8,ln0312,False,2.0,tp3.0,0.07293389866423483,0.2917355946569393,False
299,-0.1334176877247842,0.7402983555860477,0.3010033444816054,-39.89188862971048,47.60754048889092,orb,8,ln0312,False,2.0,trail2.0,0.07293389866423483,0.2917355946569393,False
246,-0.15156327509501255,0.7567397832517299,0.2804878048780488,-37.28456567337309,46.04682150545273,orb,8,ln0312,False,2.0,trail3.0,0.07293389866423483,0.2917355946569393,False
276,-0.12615790679069847,0.7780429672818833,0.3695652173913043,-34.81958227423278,41.95473036830164,orb,8,ln0312,False,2.5,tp1.5,0.05834711893138786,0.23338847572555144,False
242,-0.17488818601637407,0.713106507077037,0.32644628099173556,-42.32294101596253,46.79218309052065,orb,8,ln0312,False,2.5,tp2.0,0.05834711893138786,0.23338847572555144,False
226,-0.15824998851774583,0.7437955376163163,0.3230088495575221,-35.76449740501056,44.3574118547467,orb,8,ln0312,False,2.5,tp3.0,0.05834711893138786,0.23338847572555144,False
292,-0.11871954601788946,0.7224716586026101,0.3116438356164384,-34.66610743722372,41.269590159491464,orb,8,ln0312,False,2.5,trail2.0,0.05834711893138786,0.23338847572555144,False
235,-0.13263346254639052,0.7515094197562138,0.2978723404255319,-31.168863698401772,37.949702098513086,orb,8,ln0312,False,2.5,trail3.0,0.05834711893138786,0.23338847572555144,False
233,-0.11167116642710984,0.7813761957315792,0.36909871244635195,-26.019381777516593,31.02685206755205,orb,8,ln0312,False,3.0,tp1.5,0.048622599109489885,0.19449039643795954,False
217,-0.13031555457476052,0.7572350464996795,0.35023041474654376,-28.278475342723034,32.588560566041494,orb,8,ln0312,False,3.0,tp2.0,0.048622599109489885,0.19449039643795954,False
203,-0.12668118039514406,0.7647373984680709,0.3448275862068966,-25.716279620214245,29.56900235369898,orb,8,ln0312,False,3.0,tp3.0,0.048622599109489885,0.19449039643795954,False
285,-0.09362595954357285,0.7370953918212587,0.3192982456140351,-26.683398469918263,31.7695482161986,orb,8,ln0312,False,3.0,trail2.0,0.048622599109489885,0.19449039643795954,False
226,-0.11492036398199593,0.747405390323567,0.3008849557522124,-25.97200225993108,30.22974904689875,orb,8,ln0312,False,3.0,trail3.0,0.048622599109489885,0.19449039643795954,False
307,-0.1455544763090369,0.7732308568391579,0.3745928338762215,-44.685224226874325,57.846950188796164,orb,8,ln0312,True,1.5,tp1.5,0.09724519821897977,0.3889807928759191,False
270,-0.12022324564305098,0.8220752307428658,0.34444444444444444,-32.460276323623766,45.419617022458404,orb,8,ln0312,True,1.5,tp2.0,0.09724519821897977,0.3889807928759191,False
234,-0.19760068443953768,0.735933381863196,0.2692307692307692,-46.23856015885182,56.301501789937575,orb,8,ln0312,True,1.5,tp3.0,0.09724519821897977,0.3889807928759191,False
239,-0.19836943475196298,0.7008773609510606,0.26778242677824265,-47.41029490571915,57.21818544297611,orb,8,ln0312,True,1.5,trail2.0,0.09724519821897977,0.3889807928759191,False
211,-0.2002645944479055,0.7289768946666526,0.25118483412322273,-42.255829428508065,53.361528894619596,orb,8,ln0312,True,1.5,trail3.0,0.09724519821897977,0.3889807928759191,False
247,-0.16177751688655406,0.7335146067155696,0.3724696356275304,-39.95904667097885,45.94602503501214,orb,8,ln0312,True,2.0,tp1.5,0.07293389866423483,0.2917355946569393,False
219,-0.20541089746669794,0.6889115822636808,0.3105022831050228,-44.98498654520685,50.11528846396235,orb,8,ln0312,True,2.0,tp2.0,0.07293389866423483,0.2917355946569393,False
203,-0.2190345207277934,0.6764337451176278,0.30049261083743845,-44.464007707742056,52.18502469846254,orb,8,ln0312,True,2.0,tp3.0,0.07293389866423483,0.2917355946569393,False
226,-0.19406265256422353,0.6548129324825123,0.2831858407079646,-43.85815947951452,51.33849722022856,orb,8,ln0312,True,2.0,trail2.0,0.07293389866423483,0.2917355946569393,False
197,-0.20629181191072266,0.682790311693685,0.27411167512690354,-40.63948694641236,48.189094170637205,orb,8,ln0312,True,2.0,trail3.0,0.07293389866423483,0.2917355946569393,False
210,-0.155048660459707,0.7257056288147432,0.3523809523809524,-32.56021869653847,41.73227850038056,orb,8,ln0312,True,2.5,tp1.5,0.05834711893138786,0.23338847572555144,False
193,-0.19374334919382644,0.6737647889079704,0.3316062176165803,-37.3924663944085,47.00169782301676,orb,8,ln0312,True,2.5,tp2.0,0.05834711893138786,0.23338847572555144,False
181,-0.19431756195476757,0.68568643704597,0.30386740331491713,-35.17147871381293,44.526568842206146,orb,8,ln0312,True,2.5,tp3.0,0.05834711893138786,0.23338847572555144,False
217,-0.17161142132263854,0.6360480950294263,0.2903225806451613,-37.239678427012564,43.82163711262166,orb,8,ln0312,True,2.5,trail2.0,0.05834711893138786,0.23338847572555144,False
184,-0.18083805559165464,0.6775458116398663,0.28804347826086957,-33.27420222886445,39.77187154654024,orb,8,ln0312,True,2.5,trail3.0,0.05834711893138786,0.23338847572555144,False
182,-0.14728982888992384,0.7122364550489175,0.3516483516483517,-26.806748857966138,36.71966672898438,orb,8,ln0312,True,3.0,tp1.5,0.048622599109489885,0.19449039643795954,False
169,-0.16242800144646086,0.6929122166593169,0.3431952662721893,-27.450332244451886,35.17149458979839,orb,8,ln0312,True,3.0,tp2.0,0.048622599109489885,0.19449039643795954,False
163,-0.1796296845954381,0.6647582411644795,0.31901840490797545,-29.27963858905641,36.20806903653374,orb,8,ln0312,True,3.0,tp3.0,0.048622599109489885,0.19449039643795954,False
210,-0.13046085548085812,0.6627480897476762,0.29523809523809524,-27.396779650980204,33.19868717209875,orb,8,ln0312,True,3.0,trail2.0,0.048622599109489885,0.19449039643795954,False
176,-0.1529739604181732,0.6801889172281441,0.29545454545454547,-26.923417033598483,31.488525678614046,orb,8,ln0312,True,3.0,trail3.0,0.048622599109489885,0.19449039643795954,False
996,-0.09493961072324572,0.8392400008629358,0.4106425702811245,-94.55985228035274,109.9654644088003,orb,8,allday,False,1.5,tp1.5,0.09724519821897977,0.3889807928759191,False
866,-0.0878618721973215,0.860161707847832,0.3672055427251732,-76.08838132288042,96.89235011669845,orb,8,allday,False,1.5,tp2.0,0.09724519821897977,0.3889807928759191,False
749,-0.08442179118674709,0.8722881721126979,0.33511348464619495,-63.23192159887357,81.81444720286373,orb,8,allday,False,1.5,tp3.0,0.09724519821897977,0.3889807928759191,False
800,-0.08621851118421726,0.8403267085702922,0.33125,-68.97480894737382,86.21584181681705,orb,8,allday,False,1.5,trail2.0,0.09724519821897977,0.3889807928759191,False
694,-0.09065940393220039,0.8518040711978027,0.32132564841498557,-62.917626328947065,83.59639312351239,orb,8,allday,False,1.5,trail3.0,0.09724519821897977,0.3889807928759191,False
759,-0.07077722663809259,0.8669956818288052,0.42292490118577075,-53.71991501831228,69.81802274271345,orb,8,allday,False,2.0,tp1.5,0.07293389866423483,0.2917355946569393,False
684,-0.06887399535750642,0.8744090817355197,0.39035087719298245,-47.10981282453439,58.866433725695856,orb,8,allday,False,2.0,tp2.0,0.07293389866423483,0.2917355946569393,False
625,-0.07842917505802971,0.8607251803276466,0.3648,-49.018234411268566,64.22874204120875,orb,8,allday,False,2.0,tp3.0,0.07293389866423483,0.2917355946569393,False
752,-0.07905601113044626,0.8196336460528039,0.3497340425531915,-59.45012037009559,72.80160522661826,orb,8,allday,False,2.0,trail2.0,0.07293389866423483,0.2917355946569393,False
633,-0.07791530457896396,0.8462375672797237,0.36018957345971564,-49.32038779848419,62.77541258413699,orb,8,allday,False,2.0,trail3.0,0.07293389866423483,0.2917355946569393,False
627,-0.04840475610396996,0.8938757132317856,0.43381180223285487,-30.349782077189165,44.42838130117619,orb,8,allday,False,2.5,tp1.5,0.05834711893138786,0.23338847572555144,False
590,-0.05535509978193051,0.8824764592633209,0.40847457627118644,-32.659508871339,45.43586608437256,orb,8,allday,False,2.5,tp2.0,0.05834711893138786,0.23338847572555144,False
556,-0.04759594542294201,0.9000099140644057,0.4028776978417266,-26.463345655155756,48.28727095468208,orb,8,allday,False,2.5,tp3.0,0.05834711893138786,0.23338847572555144,False
719,-0.055787046709200726,0.8422317903128821,0.3588317107093185,-40.110886583915324,51.15162267914592,orb,8,allday,False,2.5,trail2.0,0.05834711893138786,0.23338847572555144,False
589,-0.05321169890744367,0.8750449574116441,0.38200339558573854,-31.34169065648432,40.63371514318567,orb,8,allday,False,2.5,trail3.0,0.05834711893138786,0.23338847572555144,False
577,-0.06851449217155733,0.8363624549597882,0.42807625649913345,-39.53286198298858,48.3251480838491,orb,8,allday,False,3.0,tp1.5,0.048622599109489885,0.19449039643795954,False
552,-0.05307325725076839,0.874932864524784,0.4257246376811594,-29.29643800242415,41.91823723266553,orb,8,allday,False,3.0,tp2.0,0.048622599109489885,0.19449039643795954,False
531,-0.06627766582480185,0.844762767569943,0.4124293785310734,-35.19344055296978,49.38630475006735,orb,8,allday,False,3.0,tp3.0,0.048622599109489885,0.19449039643795954,False
708,-0.049306428565059325,0.8348404824206845,0.365819209039548,-34.908951424062,43.46157760985312,orb,8,allday,False,3.0,trail2.0,0.048622599109489885,0.19449039643795954,False
573,-0.045476217077033955,0.8737187348779618,0.39790575916230364,-26.057872385140456,34.33362766088075,orb,8,allday,False,3.0,trail3.0,0.048622599109489885,0.19449039643795954,False
586,-0.1040998102253126,0.815267069462799,0.4061433447098976,-61.00248879203318,73.95991469258047,orb,8,allday,True,1.5,tp1.5,0.09724519821897977,0.3889807928759191,False
526,-0.09829720886983234,0.8349225456715731,0.376425855513308,-51.70433186553181,68.02010691210704,orb,8,allday,True,1.5,tp2.0,0.09724519821897977,0.3889807928759191,False
464,-0.12273147907534018,0.8050998613679194,0.33836206896551724,-56.947406290957844,77.16074604886822,orb,8,allday,True,1.5,tp3.0,0.09724519821897977,0.3889807928759191,False
489,-0.122273484623565,0.7755957051366973,0.3312883435582822,-59.79173398092329,73.44107009711493,orb,8,allday,True,1.5,trail2.0,0.09724519821897977,0.3889807928759191,False
436,-0.11959682687162745,0.8000732205076708,0.3302752293577982,-52.14421651602957,71.37965221947161,orb,8,allday,True,1.5,trail3.0,0.09724519821897977,0.3889807928759191,False
461,-0.08279660373986186,0.8345326364498821,0.420824295010846,-38.16923432407632,49.989742726912766,orb,8,allday,True,2.0,tp1.5,0.07293389866423483,0.2917355946569393,False
425,-0.1047702267559062,0.8023205746318276,0.38588235294117645,-44.52734637126014,57.7569002938959,orb,8,allday,True,2.0,tp2.0,0.07293389866423483,0.2917355946569393,False
392,-0.10188183945742216,0.8078376017279364,0.375,-39.937681067309484,57.401482751431374,orb,8,allday,True,2.0,tp3.0,0.07293389866423483,0.2917355946569393,False
459,-0.11377014178287757,0.7440065147325037,0.3420479302832244,-52.220495078340804,61.28884605798271,orb,8,allday,True,2.0,trail2.0,0.07293389866423483,0.2917355946569393,False
395,-0.10562733660498502,0.7912859009582655,0.3620253164556962,-41.72279795896908,54.385685057577334,orb,8,allday,True,2.0,trail3.0,0.07293389866423483,0.2917355946569393,False
395,-0.07195051132248638,0.835799833136204,0.4278481012658228,-28.42045197238212,38.607440116674375,orb,8,allday,True,2.5,tp1.5,0.05834711893138786,0.23338847572555144,False
371,-0.08146517560259511,0.8165618781704643,0.40161725067385445,-30.223580148562785,42.16924501128196,orb,8,allday,True,2.5,tp2.0,0.05834711893138786,0.23338847572555144,False
355,-0.08306587621582642,0.8157076532372932,0.39436619718309857,-29.488386056618378,43.12688413927417,orb,8,allday,True,2.5,tp3.0,0.05834711893138786,0.23338847572555144,False
435,-0.07839441323246005,0.7754871372560382,0.34942528735632183,-34.10156975612012,41.412041746009024,orb,8,allday,True,2.5,trail2.0,0.05834711893138786,0.23338847572555144,False
369,-0.07816718928009113,0.8108859655033174,0.3821138211382114,-28.843692844353626,40.443451770769165,orb,8,allday,True,2.5,trail3.0,0.05834711893138786,0.23338847572555144,False
357,-0.07556758611710022,0.8059779083134908,0.42296918767507,-26.97762824380478,37.098042168475125,orb,8,allday,True,3.0,tp1.5,0.048622599109489885,0.19449039643795954,False
347,-0.07768592895011295,0.8020122611354348,0.414985590778098,-26.957017345689195,37.830581767941524,orb,8,allday,True,3.0,tp2.0,0.048622599109489885,0.19449039643795954,False
335,-0.09772751131874699,0.7551316018035549,0.3940298507462687,-32.73871629178024,42.09585891614602,orb,8,allday,True,3.0,tp3.0,0.048622599109489885,0.19449039643795954,False
430,-0.06654970727786416,0.7725733616714354,0.3511627906976744,-28.616374129481592,35.139457477144525,orb,8,allday,True,3.0,trail2.0,0.048622599109489885,0.19449039643795954,False
354,-0.06352391339217144,0.8175806421202914,0.3983050847457627,-22.487465340828688,31.92704574603483,orb,8,allday,True,3.0,trail3.0,0.048622599109489885,0.19449039643795954,False
