n,exp,pf,wr,profitR,maxddR,fast,slow,session,volfloor,k,exit,req_exp
193,-0.01933256053578951,0.9677272472724645,0.43523316062176165,-3.731184183407375,14.768624083277865,9,50,ny0811,False,1.5,tp1.5,0.3889807928759191
181,-0.007193612390976274,0.9888474731437344,0.3867403314917127,-1.3020438427667056,15.73225404148965,9,50,ny0811,False,1.5,tp2.0,0.3889807928759191
170,-0.08507736133288231,0.8795047900462164,0.31176470588235294,-14.463151426589992,23.464923934098145,9,50,ny0811,False,1.5,tp3.0,0.3889807928759191
177,-0.08288722885989216,0.8642724339518939,0.3389830508474576,-14.671039508200913,23.705014726446514,9,50,ny0811,False,1.5,trail2.0,0.3889807928759191
167,-0.11204981024111517,0.832548836394983,0.281437125748503,-18.712318310266234,32.09716538500364,9,50,ny0811,False,1.5,trail3.0,0.3889807928759191
165,-0.033703093049357216,0.940292618009019,0.4303030303030303,-5.56101035314394,11.8487135877796,9,50,ny0811,False,2.0,tp1.5,0.2917355946569393
158,-0.009798234337064256,0.9831128676539796,0.3924050632911392,-1.5481210252561524,11.541487051559784,9,50,ny0811,False,2.0,tp2.0,0.2917355946569393
151,-0.10212335878934353,0.8352968732087,0.3509933774834437,-15.420627177190873,20.989104453742318,9,50,ny0811,False,2.0,tp3.0,0.2917355946569393
164,-0.04108223109822522,0.9132215600146478,0.38414634146341464,-6.737485900108936,13.104217169510578,9,50,ny0811,False,2.0,trail2.0,0.2917355946569393
153,-0.0871948333090543,0.8430903001208111,0.3333333333333333,-13.340809496285306,21.094703625323334,9,50,ny0811,False,2.0,trail3.0,0.2917355946569393
148,-0.034900638473271496,0.9329104263507055,0.41216216216216217,-5.165294494044182,16.958718236879637,9,50,ny0811,False,2.5,tp1.5,0.23338847572555144
141,-0.10766466370439452,0.8076241656402657,0.36879432624113473,-15.180717582319627,22.122468576601946,9,50,ny0811,False,2.5,tp2.0,0.23338847572555144
138,-0.13112564752778377,0.7648743707895831,0.36231884057971014,-18.09533935883416,24.41746287152405,9,50,ny0811,False,2.5,tp3.0,0.23338847572555144
159,-0.04560996019966774,0.8859870261629427,0.389937106918239,-7.251983671747171,12.699134090757038,9,50,ny0811,False,2.5,trail2.0,0.23338847572555144
143,-0.0896104696454984,0.8150823121837899,0.34265734265734266,-12.814297159306271,20.358301856753023,9,50,ny0811,False,2.5,trail3.0,0.23338847572555144
136,-0.030266925590202543,0.93402870596602,0.41911764705882354,-4.116301880267546,15.56036832271579,9,50,ny0811,False,3.0,tp1.5,0.19449039643795954
134,-0.08285617653051958,0.8273484006674005,0.39552238805970147,-11.102727655089623,17.188152757841003,9,50,ny0811,False,3.0,tp2.0,0.19449039643795954
131,-0.06729058881839876,0.8600306282045337,0.3969465648854962,-8.815067135210239,18.561358155856198,9,50,ny0811,False,3.0,tp3.0,0.19449039643795954
156,-0.031984581295084524,0.9044270692328151,0.40384615384615385,-4.989594682033186,10.034161126958956,9,50,ny0811,False,3.0,trail2.0,0.19449039643795954
140,-0.0672881228386144,0.8364280575221195,0.36428571428571427,-9.420337197406017,18.93175632596088,9,50,ny0811,False,3.0,trail3.0,0.19449039643795954
159,-0.08930018155778033,0.856582586386057,0.4088050314465409,-14.198728867687072,21.571039511599825,9,50,ny0811,True,1.5,tp1.5,0.3889807928759191
152,-0.05769673999947694,0.9124036609765889,0.3684210526315789,-8.769904479920495,21.485779838736164,9,50,ny0811,True,1.5,tp2.0,0.3889807928759191
147,-0.17296090293230312,0.7615169745903956,0.2857142857142857,-25.42525273104856,35.40266485168552,9,50,ny0811,True,1.5,tp3.0,0.3889807928759191
152,-0.1890472697487712,0.7014814721447716,0.29605263157894735,-28.73518500181322,33.30942970067074,9,50,ny0811,True,1.5,trail2.0,0.3889807928759191
144,-0.19856610344303188,0.7186420127862497,0.25,-28.593518895796592,37.60449946984257,9,50,ny0811,True,1.5,trail3.0,0.3889807928759191
134,-0.08077010014767343,0.8593669821944464,0.41044776119402987,-10.82319341978824,15.952451024499933,9,50,ny0811,True,2.0,tp1.5,0.2917355946569393
130,-0.11546541316977679,0.8093633450271743,0.35384615384615387,-15.010503712070983,22.34128185548456,9,50,ny0811,True,2.0,tp2.0,0.2917355946569393
126,-0.15356762145662992,0.7533913474057744,0.3333333333333333,-19.34952030353537,24.874255310620665,9,50,ny0811,True,2.0,tp3.0,0.2917355946569393
138,-0.12438470665783855,0.7466483585193484,0.3333333333333333,-17.16508951878172,20.43702289864235,9,50,ny0811,True,2.0,trail2.0,0.2917355946569393
128,-0.15534662346464537,0.7336887171173377,0.3046875,-19.884367803474607,25.30196945979292,9,50,ny0811,True,2.0,trail3.0,0.2917355946569393
122,-0.11467796320434945,0.7849439020224173,0.36885245901639346,-13.990711510930632,24.918381232401277,9,50,ny0811,True,2.5,tp1.5,0.23338847572555144
118,-0.17859405913859067,0.6801278039239361,0.3389830508474576,-21.0740989783537,28.90217353968149,9,50,ny0811,True,2.5,tp2.0,0.23338847572555144
117,-0.17286179393496617,0.6914377464326884,0.3333333333333333,-20.224829890391042,27.59599751072532,9,50,ny0811,True,2.5,tp3.0,0.23338847572555144
135,-0.12082453419579679,0.7093238015559863,0.3333333333333333,-16.311312116432568,19.48262422380965,9,50,ny0811,True,2.5,trail2.0,0.23338847572555144
120,-0.14767095440259106,0.706542181944998,0.30833333333333335,-17.72051452831093,24.357863519732927,9,50,ny0811,True,2.5,trail3.0,0.23338847572555144
115,-0.09738090900059487,0.7923790151578181,0.3826086956521739,-11.19880453506841,20.5500355994432,9,50,ny0811,True,3.0,tp1.5,0.19449039643795954
113,-0.12510668166744413,0.7400496812742455,0.37168141592920356,-14.137055028421186,20.977182142632998,9,50,ny0811,True,3.0,tp2.0,0.19449039643795954
111,-0.14546774008279836,0.7025407602836666,0.36036036036036034,-16.14691914919062,22.488858498145305,9,50,ny0811,True,3.0,tp3.0,0.19449039643795954
132,-0.08994218474195056,0.7379025451389508,0.3484848484848485,-11.872368385937474,15.273828098081236,9,50,ny0811,True,3.0,trail2.0,0.19449039643795954
117,-0.11297248985143775,0.7349743485900548,0.3333333333333333,-13.217781312618216,21.094256935285546,9,50,ny0811,True,3.0,trail3.0,0.19449039643795954
227,-0.038151516744349655,0.9353516145188617,0.42731277533039647,-8.660394300967372,19.995829112358095,9,50,ny0812,False,1.5,tp1.5,0.3889807928759191
213,-0.056326731143315295,0.9118928925250416,0.3755868544600939,-11.997593733526157,27.17030302824168,9,50,ny0812,False,1.5,tp2.0,0.3889807928759191
196,-0.12190695344242329,0.8230727835708141,0.3163265306122449,-23.893762874714966,33.260687878488895,9,50,ny0812,False,1.5,tp3.0,0.3889807928759191
214,-0.12853479347551786,0.7886046192548124,0.3317757009345794,-27.506445803760823,36.38126580024773,9,50,ny0812,False,1.5,trail2.0,0.3889807928759191
195,-0.12041386560929762,0.8132366148168927,0.30256410256410254,-23.480703793813035,38.28116111731369,9,50,ny0812,False,1.5,trail3.0,0.3889807928759191
193,-0.07005105786706772,0.8742111064701055,0.41450777202072536,-13.51985416834407,20.4793087551559,9,50,ny0812,False,2.0,tp1.5,0.2917355946569393
180,-0.05263281159088496,0.9085794076724403,0.3888888888888889,-9.473906086359293,20.35155652715808,9,50,ny0812,False,2.0,tp2.0,0.2917355946569393
167,-0.12700726741245566,0.7927778528949566,0.3532934131736527,-21.210213657880093,26.85988246994564,9,50,ny0812,False,2.0,tp3.0,0.2917355946569393
195,-0.08342917539952555,0.8247154900812722,0.3641025641025641,-16.26868920290748,22.073194592205752,9,50,ny0812,False,2.0,trail2.0,0.2917355946569393
174,-0.09589978920247648,0.8225254840790278,0.3448275862068966,-16.686563321230906,25.252165136841306,9,50,ny0812,False,2.0,trail3.0,0.2917355946569393
170,-0.053654387563378265,0.8936063151773393,0.40588235294117647,-9.121245885774306,22.061257129832153,9,50,ny0812,False,2.5,tp1.5,0.23338847572555144
156,-0.12718408047668234,0.7680781262966004,0.3717948717948718,-19.840716554362444,26.643494738298266,9,50,ny0812,False,2.5,tp2.0,0.23338847572555144
151,-0.14888190681153832,0.729383683180969,0.36423841059602646,-22.481167928542284,28.774142149519573,9,50,ny0812,False,2.5,tp3.0,0.23338847572555144
190,-0.07577172578595512,0.8110168193382895,0.3736842105263158,-14.396627899331474,19.95368086247411,9,50,ny0812,False,2.5,trail2.0,0.23338847572555144
162,-0.10090977201219778,0.786951583764361,0.35185185185185186,-16.34738306597604,24.340753912680782,9,50,ny0812,False,2.5,trail3.0,0.23338847572555144
149,-0.056766736072257615,0.8748261449315023,0.40939597315436244,-8.458243674766385,19.12385568665202,9,50,ny0812,False,3.0,tp1.5,0.19449039643795954
144,-0.11085640408971718,0.7700605463056184,0.3819444444444444,-15.963322188919275,21.270983181133598,9,50,ny0812,False,3.0,tp2.0,0.19449039643795954
140,-0.09456594787123322,0.8043241888966297,0.38571428571428573,-13.23923270197265,22.20775961208157,9,50,ny0812,False,3.0,tp3.0,0.19449039643795954
186,-0.06358761430033787,0.8116854442891401,0.3817204301075269,-11.827296259862843,17.152394039511933,9,50,ny0812,False,3.0,trail2.0,0.19449039643795954
158,-0.08684524826994075,0.7870883370627352,0.3670886075949367,-13.72154922665064,22.7504663725672,9,50,ny0812,False,3.0,trail3.0,0.19449039643795954
190,-0.1015798504621847,0.834958898224018,0.4052631578947368,-19.300171587815093,28.14785332896415,9,50,ny0812,True,1.5,tp1.5,0.3889807928759191
182,-0.1047077483487221,0.840034008651156,0.3626373626373626,-19.05681019946742,30.262556734923535,9,50,ny0812,True,1.5,tp2.0,0.3889807928759191
173,-0.20607233428699104,0.7087963721594437,0.2947976878612717,-35.65051383164945,43.60333093683071,9,50,ny0812,True,1.5,tp3.0,0.3889807928759191
186,-0.21366078613563488,0.6587482719605052,0.3010752688172043,-39.74090622122809,45.729242572738116,9,50,ny0812,True,1.5,trail2.0,0.3889807928759191
171,-0.1988898705111373,0.7074432322733618,0.2807017543859649,-34.010167857404475,44.23724581605896,9,50,ny0812,True,1.5,trail3.0,0.3889807928759191
161,-0.1274475834094042,0.7775984570935339,0.391304347826087,-20.519060928914076,25.213808104034005,9,50,ny0812,True,2.0,tp1.5,0.2917355946569393
153,-0.16558452366350768,0.7255601368865754,0.3464052287581699,-25.334432120516674,32.110798175194816,9,50,ny0812,True,2.0,tp2.0,0.2917355946569393
145,-0.191730457099916,0.6905935628497992,0.3310344827586207,-27.800916279487822,32.27454535904006,9,50,ny0812,True,2.0,tp3.0,0.2917355946569393
169,-0.1627943600085527,0.671460040111655,0.31952662721893493,-27.51224684144541,31.594748960795368,9,50,ny0812,True,2.0,trail2.0,0.2917355946569393
151,-0.17409448696095617,0.6968748119896006,0.31788079470198677,-26.28826753110438,31.80349648789175,9,50,ny0812,True,2.0,trail3.0,0.2917355946569393
142,-0.12845472839076075,0.751717033167821,0.36619718309859156,-18.240571431488025,29.772426668648684,9,50,ny0812,True,2.5,tp1.5,0.23338847572555144
133,-0.19322775859388833,0.6454557809329062,0.3458646616541353,-25.699291892987148,32.95549844822034,9,50,ny0812,True,2.5,tp2.0,0.23338847572555144
131,-0.19159974933717916,0.6521097274590495,0.33587786259541985,-25.09956716317047,31.898866777410156,9,50,ny0812,True,2.5,tp3.0,0.23338847572555144
165,-0.14347903975402412,0.656429423455352,0.32727272727272727,-23.67404155941398,27.479707805058435,9,50,ny0812,True,2.5,trail2.0,0.23338847572555144
139,-0.1671539340244088,0.6671268267671212,0.3237410071942446,-23.234396829392825,29.829115806474064,9,50,ny0812,True,2.5,trail3.0,0.23338847572555144
128,-0.1256092011971923,0.7281057398701204,0.3671875,-16.077977753240614,24.356612066567692,9,50,ny0812,True,3.0,tp1.5,0.19449039643795954
125,-0.1516520815401224,0.6815020566726133,0.36,-18.956510192515303,24.783758609757488,9,50,ny0812,True,3.0,tp2.0,0.19449039643795954
122,-0.16337953848302816,0.658597056759862,0.3524590163934426,-19.932303694929438,26.2954349652698,9,50,ny0812,True,3.0,tp3.0,0.19449039643795954
161,-0.11221400135034842,0.6730218531795492,0.33540372670807456,-18.066454217406097,22.37635520626484,9,50,ny0812,True,3.0,trail2.0,0.19449039643795954
135,-0.1358837302075135,0.68127156064983,0.34074074074074073,-18.34430357801432,25.837288826289207,9,50,ny0812,True,3.0,trail3.0,0.19449039643795954
411,-0.07622007916181535,0.8782633365313721,0.41362530413625304,-31.326452535506107,41.99030469188473,9,50,ln0312,False,1.5,tp1.5,0.3889807928759191
383,-0.09662684595504534,0.8598835465155302,0.3524804177545692,-37.008082000782366,49.511802531644136,9,50,ln0312,False,1.5,tp2.0,0.3889807928759191
340,-0.14990971675878345,0.801783881001752,0.27941176470588236,-50.969303697986376,62.87506014277716,9,50,ln0312,False,1.5,tp3.0,0.3889807928759191
362,-0.07883643443688094,0.866135200114432,0.3453038674033149,-28.5387892661509,40.045855507489534,9,50,ln0312,False,1.5,trail2.0,0.3889807928759191
322,-0.10881494518962906,0.8401704197130582,0.2795031055900621,-35.03841235106056,48.74281425448423,9,50,ln0312,False,1.5,trail3.0,0.3889807928759191
337,-0.07804973874537419,0.8691866970285732,0.4124629080118694,-26.3027619571911,35.19450511830586,9,50,ln0312,False,2.0,tp1.5,0.2917355946569393
305,-0.12003394343068603,0.8148504309336821,0.3540983606557377,-36.61035274635924,47.85922910308377,9,50,ln0312,False,2.0,tp2.0,0.2917355946569393
280,-0.1117860237237617,0.8328264050916587,0.33214285714285713,-31.300086642653277,41.07722164082682,9,50,ln0312,False,2.0,tp3.0,0.2917355946569393
336,-0.07981890108338148,0.8318873892905474,0.3630952380952381,-26.81915076401618,35.19437737626251,9,50,ln0312,False,2.0,trail2.0,0.2917355946569393
292,-0.11058093856089816,0.8091523354958028,0.3184931506849315,-32.289634059782266,41.509541594753735,9,50,ln0312,False,2.0,trail3.0,0.2917355946569393
284,-0.12543138493537395,0.7814728431249384,0.38380281690140844,-35.6225133216462,46.24169567961006,9,50,ln0312,False,2.5,tp1.5,0.23338847572555144
265,-0.13980639849266577,0.7681690962965333,0.3584905660377358,-37.04869560055643,44.75144337153265,9,50,ln0312,False,2.5,tp2.0,0.23338847572555144
256,-0.1374402063287736,0.7766775921010607,0.35546875,-35.18469282016604,45.63767015071644,9,50,ln0312,False,2.5,tp3.0,0.23338847572555144
328,-0.07601802565559841,0.8093859984205778,0.3719512195121951,-24.93391241503628,31.625569347426477,9,50,ln0312,False,2.5,trail2.0,0.23338847572555144
275,-0.1259592800657922,0.7568214637132499,0.32727272727272727,-34.63880201809286,42.682507944855395,9,50,ln0312,False,2.5,trail3.0,0.23338847572555144
253,-0.11192040160464048,0.7848177790306095,0.39920948616600793,-28.315861605974042,35.135989066086054,9,50,ln0312,False,3.0,tp1.5,0.19449039643795954
242,-0.10739272987731824,0.797052514145788,0.39669421487603307,-25.989040630311013,32.04803488559915,9,50,ln0312,False,3.0,tp2.0,0.19449039643795954
238,-0.10995255905612815,0.7952866145345103,0.3865546218487395,-26.168709055358498,33.299682429362896,9,50,ln0312,False,3.0,tp3.0,0.19449039643795954
322,-0.061696236258288475,0.8153494769619325,0.37888198757763975,-19.86618807516889,25.736305600816525,9,50,ln0312,False,3.0,trail2.0,0.19449039643795954
265,-0.10662248322691018,0.7622437673479651,0.3320754716981132,-28.254958055131198,34.41426259312889,9,50,ln0312,False,3.0,trail3.0,0.19449039643795954
251,-0.09477503968417321,0.8476272049964405,0.4063745019920319,-23.788534960727475,30.80482248642782,9,50,ln0312,True,1.5,tp1.5,0.3889807928759191
234,-0.10868013712435347,0.8382656735403134,0.3547008547008547,-25.431152087098713,35.947062495198516,9,50,ln0312,True,1.5,tp2.0,0.3889807928759191
216,-0.2550880259028078,0.6558874044179104,0.2777777777777778,-55.09901359500649,61.405344455887416,9,50,ln0312,True,1.5,tp3.0,0.3889807928759191
232,-0.2023859861555317,0.6620527161337851,0.3232758620689655,-46.95354878808335,51.71580752532526,9,50,ln0312,True,1.5,trail2.0,0.3889807928759191
211,-0.2583192175083837,0.6196087385542178,0.27014218009478674,-54.50535489426896,59.94763110611189,9,50,ln0312,True,1.5,trail3.0,0.3889807928759191
211,-0.13190184453873835,0.7783983260389438,0.3933649289099526,-27.831289197673794,31.008659277276887,9,50,ln0312,True,2.0,tp1.5,0.2917355946569393
195,-0.22115093954151285,0.6569328038685318,0.3333333333333333,-43.12443321059501,47.868930567082856,9,50,ln0312,True,2.0,tp2.0,0.2917355946569393
182,-0.2697220684513723,0.59640829495043,0.3021978021978022,-49.089416458149756,53.56304553770201,9,50,ln0312,True,2.0,tp3.0,0.2917355946569393
216,-0.1867157987458058,0.6181735956682297,0.3287037037037037,-40.330612529094054,43.61481290278578,9,50,ln0312,True,2.0,trail2.0,0.2917355946569393
190,-0.23078877748610546,0.5985441078895637,0.3105263157894737,-43.84986772236004,47.614213526764395,9,50,ln0312,True,2.0,trail3.0,0.2917355946569393
179,-0.17290480808654757,0.6841998559945289,0.36312849162011174,-30.949960647492016,40.693175782177825,9,50,ln0312,True,2.5,tp1.5,0.23338847572555144
169,-0.24393428947309,0.5795322672655933,0.3431952662721893,-41.22489492095221,46.72255483581022,9,50,ln0312,True,2.5,tp2.0,0.23338847572555144
167,-0.281183756164549,0.524485667168187,0.32335329341317365,-46.957687279479686,50.94036419088643,9,50,ln0312,True,2.5,tp3.0,0.23338847572555144
211,-0.16696314417265767,0.5944691307919391,0.33649289099526064,-35.22922342043077,38.850383915102576,9,50,ln0312,True,2.5,trail2.0,0.23338847572555144
179,-0.2213373565438832,0.562352519418875,0.31843575418994413,-39.61938682135509,43.9189872755125,9,50,ln0312,True,2.5,trail3.0,0.23338847572555144
164,-0.16895678724391378,0.6559286494907708,0.3719512195121951,-27.70891310800186,36.11410351290969,9,50,ln0312,True,3.0,tp1.5,0.19449039643795954
159,-0.20468747734082599,0.5954942057963508,0.3522012578616352,-32.54530889719133,35.19439495022621,9,50,ln0312,True,3.0,tp2.0,0.19449039643795954
156,-0.24069269575159824,0.5327148684309672,0.33974358974358976,-37.54806053724933,39.285279516123936,9,50,ln0312,True,3.0,tp3.0,0.19449039643795954
207,-0.13897267486775292,0.5965082706655858,0.34299516908212563,-28.767343697624852,31.72186137523937,9,50,ln0312,True,3.0,trail2.0,0.19449039643795954
175,-0.2047603034285636,0.5416020674931094,0.32571428571428573,-35.83305309999863,39.0626634571766,9,50,ln0312,True,3.0,trail3.0,0.19449039643795954
811,-0.1374853720263941,0.774723026790712,0.39457459926017263,-111.50063671340561,124.79981624076451,9,50,allday,False,1.5,tp1.5,0.3889807928759191
745,-0.15254507408614168,0.766807011745545,0.3530201342281879,-113.64608019417555,127.47718794570099,9,50,allday,False,1.5,tp2.0,0.3889807928759191
674,-0.17621923909430642,0.7454740938898592,0.3115727002967359,-118.77176714956252,130.1394153078917,9,50,allday,False,1.5,tp3.0,0.3889807928759191
717,-0.11351346040283967,0.7971997832323267,0.3403068340306834,-81.38915110883605,92.17757605417187,9,50,allday,False,1.5,trail2.0,0.3889807928759191
649,-0.16523454053148579,0.7433111123357069,0.29583975346687214,-107.23721680493428,114.88487007048766,9,50,allday,False,1.5,trail3.0,0.3889807928759191
651,-0.11682034779651841,0.7859414698405318,0.40860215053763443,-76.05004641553349,86.31185321820188,9,50,allday,False,2.0,tp1.5,0.2917355946569393
607,-0.12521838995518175,0.7814107045253035,0.3756177924217463,-76.00756270279533,86.75936480925276,9,50,allday,False,2.0,tp2.0,0.2917355946569393
575,-0.1478208854946743,0.7511646633806871,0.34956521739130436,-84.99700915943771,92.02296187517366,9,50,allday,False,2.0,tp3.0,0.2917355946569393
659,-0.0916075551285082,0.7939354274212729,0.3611532625189681,-60.3693788296869,68.51464189298984,9,50,allday,False,2.0,trail2.0,0.2917355946569393
586,-0.1504963765563204,0.7208817707892041,0.3395904436860068,-88.19087666200375,94.23056096546958,9,50,allday,False,2.0,trail3.0,0.2917355946569393
559,-0.0844743186503496,0.8232032283865989,0.4150268336314848,-47.22114412554543,54.82406670533249,9,50,allday,False,2.5,tp1.5,0.23338847572555144
529,-0.10619754890352924,0.7835317181447019,0.3931947069943289,-56.17850336996697,60.41432569738487,9,50,allday,False,2.5,tp2.0,0.23338847572555144
514,-0.10713579317631337,0.7848672134882221,0.38910505836575876,-55.06779769262507,58.654177044989076,9,50,allday,False,2.5,tp3.0,0.23338847572555144
640,-0.07335034499068402,0.796812002929556,0.3734375,-46.94422079403777,53.377859475462245,9,50,allday,False,2.5,trail2.0,0.23338847572555144
545,-0.11700885253359346,0.7408366034980904,0.3577981651376147,-63.769824630808436,68.37236958101514,9,50,allday,False,2.5,trail3.0,0.23338847572555144
512,-0.07140179352490247,0.8275190188034213,0.41015625,-36.55771828475007,46.14987138737045,9,50,allday,False,3.0,tp1.5,0.19449039643795954
497,-0.06232333434186238,0.854275089981725,0.4044265593561368,-30.974697167905603,41.73623525088401,9,50,allday,False,3.0,tp2.0,0.19449039643795954
488,-0.07954021085796975,0.8162802553511037,0.3975409836065574,-38.81562289868924,46.197780602166894,9,50,allday,False,3.0,tp3.0,0.19449039643795954
631,-0.05765081013061364,0.8077551752895902,0.37717908082408874,-36.37766119241721,44.33156970007959,9,50,allday,False,3.0,trail2.0,0.19449039643795954
530,-0.08441074438243105,0.7783932368204947,0.36792452830188677,-44.73769452268846,50.19783391965215,9,50,allday,False,3.0,trail3.0,0.19449039643795954
463,-0.1659223892509356,0.718023062276191,0.38228941684665224,-76.82206622318319,80.62136096915998,9,50,allday,True,1.5,tp1.5,0.3889807928759191
432,-0.16984314118241603,0.7264771651194952,0.3541666666666667,-73.37223699080373,78.45363263005194,9,50,allday,True,1.5,tp2.0,0.3889807928759191
396,-0.24428826726794028,0.6287782184077593,0.31313131313131315,-96.73815383810435,103.8195494773526,9,50,allday,True,1.5,tp3.0,0.3889807928759191
425,-0.22106163567486312,0.6099870097857633,0.32941176470588235,-93.95119516181683,98.20897964074932,9,50,allday,True,1.5,trail2.0,0.3889807928759191
388,-0.2646641680941321,0.5776639614456311,0.29381443298969073,-102.68969722052326,107.8583550856317,9,50,allday,True,1.5,trail3.0,0.3889807928759191
387,-0.16101866832690778,0.6954293642215041,0.39276485788113696,-62.31422464251331,65.8752713719495,9,50,allday,True,2.0,tp1.5,0.2917355946569393
364,-0.19841042264623354,0.6400558090867183,0.36538461538461536,-72.22139384322901,76.78244057266522,9,50,allday,True,2.0,tp2.0,0.2917355946569393
348,-0.22696803474158603,0.5984877303495326,0.34770114942528735,-78.98487609007194,83.42836404559814,9,50,allday,True,2.0,tp3.0,0.2917355946569393
396,-0.19034364356860486,0.5843552462263572,0.3409090909090909,-75.37608285316753,78.9163175823292,9,50,allday,True,2.0,trail2.0,0.2917355946569393
352,-0.23699330819828496,0.5510462645840127,0.32954545454545453,-83.4216444857963,87.16258776392691,9,50,allday,True,2.0,trail3.0,0.2917355946569393
332,-0.1385182971805247,0.6976925446962647,0.4036144578313253,-45.9880746639342,50.464911110843175,9,50,allday,True,2.5,tp1.5,0.23338847572555144
320,-0.19051396644238885,0.6019056024857027,0.378125,-60.96446926156443,63.530155772452,9,50,allday,True,2.5,tp2.0,0.23338847572555144
311,-0.20611932217616963,0.5738607586588214,0.3665594855305466,-64.10310919678875,68.26247113439993,9,50,allday,True,2.5,tp3.0,0.23338847572555144
386,-0.16169748355906735,0.5693390051219023,0.34974093264248707,-62.4152286538,65.23245157726488,9,50,allday,True,2.5,trail2.0,0.23338847572555144
327,-0.2037883364095923,0.5420668975741851,0.3425076452599388,-66.63878600593668,69.5453716032036,9,50,allday,True,2.5,trail3.0,0.23338847572555144
308,-0.1397013636596603,0.65565050918058,0.38961038961038963,-43.02802000717537,51.10200119169837,9,50,allday,True,3.0,tp1.5,0.19449039643795954
299,-0.15561882702948354,0.6241920802682783,0.3779264214046823,-46.53002928181558,50.72764658952555,9,50,allday,True,3.0,tp2.0,0.19449039643795954
295,-0.17906180580725964,0.577147060078731,0.3694915254237288,-52.82323271314159,56.348760219344804,9,50,allday,True,3.0,tp3.0,0.19449039643795954
381,-0.1379866303530061,0.5635709113777815,0.35170603674540685,-52.57290616449532,56.02031069178701,9,50,allday,True,3.0,trail2.0,0.19449039643795954
321,-0.17121051496498574,0.5555549392348221,0.35202492211838005,-54.958575303760426,58.070002497665534,9,50,allday,True,3.0,trail3.0,0.19449039643795954
191,0.01555755927769836,1.0264366069313762,0.450261780104712,2.9714938220403866,11.231196572515266,9,100,ny0811,False,1.5,tp1.5,0.3889807928759191
178,-0.00428210856553746,0.9933885891893768,0.38764044943820225,-0.762215324665668,14.026927519892185,9,100,ny0811,False,1.5,tp2.0,0.3889807928759191
169,-0.03617064975206493,0.9483390041083748,0.3254437869822485,-6.112839808098974,18.882138003248038,9,100,ny0811,False,1.5,tp3.0,0.3889807928759191
175,-0.028051169662384332,0.9535800185255976,0.3314285714285714,-4.908954690917258,18.101204007351324,9,100,ny0811,False,1.5,trail2.0,0.3889807928759191
166,-0.08613063769359997,0.8720384565804701,0.29518072289156627,-14.297685857137594,27.854042232388505,9,100,ny0811,False,1.5,trail3.0,0.3889807928759191
160,-0.003561441529141368,0.9935669890660775,0.44375,-0.5698306446626189,12.353088615548007,9,100,ny0811,False,2.0,tp1.5,0.2917355946569393
154,0.02423099862911578,1.0420622463089182,0.4025974025974026,3.7315737888838303,10.586029984150784,9,100,ny0811,False,2.0,tp2.0,0.2917355946569393
147,-0.02637415671966217,0.9571674162388503,0.3673469387755102,-3.8770010377903388,14.07604979941274,9,100,ny0811,False,2.0,tp3.0,0.2917355946569393
160,0.020572270442697577,1.0451156629484633,0.3875,3.2915632708316123,12.156433542092183,9,100,ny0811,False,2.0,trail2.0,0.2917355946569393
150,-0.04584728772314625,0.9161299077546545,0.35333333333333333,-6.877093158471937,15.913062533975175,9,100,ny0811,False,2.0,trail3.0,0.2917355946569393
146,-0.00055268251069194,0.998907118018708,0.4383561643835616,-0.08069164656102323,13.865393117045043,9,100,ny0811,False,2.5,tp1.5,0.23338847572555144
139,-0.04652105693274711,0.9145020903113751,0.4028776978417266,-6.466426913651848,13.677530242895255,9,100,ny0811,False,2.5,tp2.0,0.23338847572555144
136,-0.06270375477748152,0.8859302001921208,0.3897058823529412,-8.527710649737488,16.678021018376857,9,100,ny0811,False,2.5,tp3.0,0.23338847572555144
157,0.001718414857819348,1.004408087050858,0.39490445859872614,0.26979113267763766,9.013567637506426,9,100,ny0811,False,2.5,trail2.0,0.23338847572555144
142,-0.04011391087551722,0.9136756047311473,0.3732394366197183,-5.696175344323445,11.894441655112582,9,100,ny0811,False,2.5,trail3.0,0.23338847572555144
134,0.011554172275133891,1.0256619813067918,0.4552238805970149,1.5482590848679414,9.225761140606568,9,100,ny0811,False,3.0,tp1.5,0.19449039643795954
132,-0.021761869982439952,0.9538503229343527,0.4318181818181818,-2.872566837682074,10.345839162705232,9,100,ny0811,False,3.0,tp2.0,0.19449039643795954
129,-0.034290341793056636,0.9286317022882323,0.4263565891472868,-4.423454091304306,10.77122214189153,9,100,ny0811,False,3.0,tp3.0,0.19449039643795954
154,0.007642132869232109,1.023394418838505,0.4090909090909091,1.1768884618617448,8.735931346167467,9,100,ny0811,False,3.0,trail2.0,0.19449039643795954
139,-0.04431015308534679,0.8909652628752238,0.38848920863309355,-6.159111278863204,11.919882453130079,9,100,ny0811,False,3.0,trail3.0,0.19449039643795954
158,-0.035087929447525965,0.942140359799598,0.43037974683544306,-5.543892852709103,15.2151444099594,9,100,ny0811,True,1.5,tp1.5,0.3889807928759191
150,-0.04248586537337278,0.9354207407680261,0.37333333333333335,-6.372879806005917,15.891674453761874,9,100,ny0811,True,1.5,tp2.0,0.3889807928759191
145,-0.16579725896284514,0.771443580452351,0.2896551724137931,-24.040602549612544,31.7292367300898,9,100,ny0811,True,1.5,tp3.0,0.3889807928759191
149,-0.17273793750471358,0.7192546476547488,0.2953020134228188,-25.737952688202324,31.001829254596622,9,100,ny0811,True,1.5,trail2.0,0.3889807928759191
142,-0.21435977221028935,0.6953202100203942,0.2605633802816901,-30.439087653861087,36.731257319957315,9,100,ny0811,True,1.5,trail3.0,0.3889807928759191
131,-0.041999411486102686,0.9251284509239566,0.42748091603053434,-5.501922904679452,11.429282712381877,9,100,ny0811,True,2.0,tp1.5,0.2917355946569393
127,-0.07448810476746591,0.8751970790050779,0.3700787401574803,-9.45998930546817,14.830440751571464,9,100,ny0811,True,2.0,tp2.0,0.2917355946569393
122,-0.132167787741405,0.786546577377928,0.3442622950819672,-16.12447010445141,21.649205111536702,9,100,ny0811,True,2.0,tp3.0,0.2917355946569393
134,-0.09537077097693941,0.793741023105271,0.34328358208955223,-12.779683310909881,16.237726370563962,9,100,ny0811,True,2.0,trail2.0,0.2917355946569393
125,-0.14942886947430936,0.7366334018984674,0.32,-18.67860868428867,23.995542830984913,9,100,ny0811,True,2.0,trail3.0,0.2917355946569393
120,-0.06448894453697815,0.8750269584524858,0.4,-7.7386733444373785,16.478854450826,9,100,ny0811,True,2.5,tp1.5,0.23338847572555144
115,-0.14419506241630645,0.7357962497245213,0.3652173913043478,-16.58243217787524,22.934011206671826,9,100,ny0811,True,2.5,tp2.0,0.23338847572555144
114,-0.13801020254309382,0.7479722405276663,0.35964912280701755,-15.733163089912695,20.75295109558085,9,100,ny0811,True,2.5,tp3.0,0.23338847572555144
132,-0.09160384236194445,0.7657129151075203,0.3484848484848485,-12.091707191776667,14.34330882462612,9,100,ny0811,True,2.5,trail2.0,0.23338847572555144
118,-0.12350681900212751,0.7409152192422181,0.3305084745762712,-14.573804642251046,17.985937389929283,9,100,ny0811,True,2.5,trail3.0,0.23338847572555144
112,-0.06859560821846858,0.849768682787603,0.4107142857142857,-7.68270812046848,13.259360195352617,9,100,ny0811,True,3.0,tp1.5,0.19449039643795954
110,-0.09636188298703133,0.7945143778520892,0.4,-10.599807128573445,15.068624447317973,9,100,ny0811,True,3.0,tp2.0,0.19449039643795954
108,-0.12949738888042983,0.7283445409777392,0.3888888888888889,-13.985717999086422,16.76951887902591,9,100,ny0811,True,3.0,tp3.0,0.19449039643795954
129,-0.06470288459756414,0.799042409079897,0.3643410852713178,-8.346672113085774,12.069477645437706,9,100,ny0811,True,3.0,trail2.0,0.19449039643795954
115,-0.10633921734975996,0.7400699921835407,0.34782608695652173,-12.229009995222395,16.47591671083571,9,100,ny0811,True,3.0,trail3.0,0.19449039643795954
226,-0.008250124959200727,0.985842828900927,0.43805309734513276,-1.8645282407793644,15.785911887758832,9,100,ny0812,False,1.5,tp1.5,0.3889807928759191
210,-0.05730021107049336,0.9113022775963479,0.37142857142857144,-12.033044324803605,22.964756179980405,9,100,ny0812,False,1.5,tp2.0,0.3889807928759191
197,-0.09258573722328134,0.8662979464609032,0.3197969543147208,-18.239390232986423,31.618710011542603,9,100,ny0812,False,1.5,tp3.0,0.3889807928759191
211,-0.08406193957336107,0.8615901228924132,0.3222748815165877,-17.737069249979186,31.452949549239918,9,100,ny0812,False,1.5,trail2.0,0.3889807928759191
194,-0.10123657588393545,0.8449438191583573,0.30927835051546393,-19.639895721483477,35.176306045829286,9,100,ny0812,False,1.5,trail3.0,0.3889807928759191
188,-0.015487344718908318,0.9709026417115671,0.43617021276595747,-2.911620807154764,13.375579623748148,9,100,ny0812,False,2.0,tp1.5,0.2917355946569393
178,-0.0006443928365229731,0.9988417097588732,0.4044943820224719,-0.11470192490108921,11.520060166096997,9,100,ny0812,False,2.0,tp2.0,0.2917355946569393
167,-0.04597349144730101,0.9229855189902196,0.3712574850299401,-7.677573071699268,16.662179741206103,9,100,ny0812,False,2.0,tp3.0,0.2917355946569393
189,-0.009166721543923645,0.9796406802922105,0.37566137566137564,-1.7325103718015689,13.935974435357052,9,100,ny0812,False,2.0,trail2.0,0.2917355946569393
171,-0.028824484521005046,0.9440770109571939,0.3742690058479532,-4.928986853091863,16.655423221285506,9,100,ny0812,False,2.0,trail3.0,0.2917355946569393
169,-0.017913608696437853,0.9633479717067244,0.4319526627218935,-3.027399869697997,14.905479326960968,9,100,ny0812,False,2.5,tp1.5,0.23338847572555144
157,-0.07073238964357903,0.8666585017745857,0.4012738853503185,-11.104985174041907,17.514198430860986,9,100,ny0812,False,2.5,tp2.0,0.23338847572555144
151,-0.07839154439791259,0.8535548375482618,0.39072847682119205,-11.8371232040848,20.087582613089605,9,100,ny0812,False,2.5,tp3.0,0.23338847572555144
184,-0.02750883902274389,0.929021191835553,0.3804347826086957,-5.061626380184876,11.507810123859201,9,100,ny0812,False,2.5,trail2.0,0.23338847572555144
160,-0.03988823981631042,0.9108715798628823,0.3875,-6.382118370609668,15.198005513321396,9,100,ny0812,False,2.5,trail3.0,0.23338847572555144
151,-0.013445685983714085,0.9692797772990854,0.44370860927152317,-2.030298583540827,11.182814090291538,9,100,ny0812,False,3.0,tp1.5,0.19449039643795954
147,-0.04701190143788516,0.8982846126144575,0.4217687074829932,-6.910749511369119,11.769694574568106,9,100,ny0812,False,3.0,tp2.0,0.19449039643795954
141,-0.042200098268848595,0.9086924047106512,0.425531914893617,-5.950213855907652,12.636760337985587,9,100,ny0812,False,3.0,tp3.0,0.19449039643795954
180,-0.015581684050610963,0.9518659229115917,0.39444444444444443,-2.8047031291099733,9.60379316318507,9,100,ny0812,False,3.0,trail2.0,0.19449039643795954
156,-0.0474427850236678,0.8790661449307315,0.3974358974358974,-7.401074463692177,14.53469468780506,9,100,ny0812,False,3.0,trail3.0,0.19449039643795954
189,-0.050901185504554164,0.9154458485014731,0.42328042328042326,-9.620324060360737,21.662988104051678,9,100,ny0812,True,1.5,tp1.5,0.3889807928759191
179,-0.09107955964913504,0.86150627707218,0.36312849162011174,-16.303241177195172,25.22257099805551,9,100,ny0812,True,1.5,tp2.0,0.3889807928759191
170,-0.19946658412856333,0.7198013875106765,0.29411764705882354,-33.90931930185577,40.21565016273674,9,100,ny0812,True,1.5,tp3.0,0.3889807928759191
182,-0.2020820461278389,0.6724590826456123,0.2967032967032967,-36.77893239526668,43.53375727833931,9,100,ny0812,True,1.5,trail2.0,0.3889807928759191
168,-0.21130471587566257,0.6901039188516094,0.2857142857142857,-35.49919226711131,43.47869765504654,9,100,ny0812,True,1.5,trail3.0,0.3889807928759191
157,-0.0591156752639968,0.8916118058997555,0.42038216560509556,-9.281161016447498,14.278667754464399,9,100,ny0812,True,2.0,tp1.5,0.2917355946569393
150,-0.10170876806384688,0.8252063716452349,0.37333333333333335,-15.256315209577032,20.381888639089368,9,100,ny0812,True,2.0,tp2.0,0.2917355946569393
141,-0.14218626649692945,0.7636902484399689,0.3546099290780142,-20.04826357606705,24.725268591456764,9,100,ny0812,True,2.0,tp3.0,0.2917355946569393
163,-0.11841052447957688,0.7446796919019003,0.3374233128834356,-19.300915490171032,23.163270951566176,9,100,ny0812,True,2.0,trail2.0,0.2917355946569393
147,-0.13258614682569692,0.7558357675595985,0.3469387755102041,-19.490163583377445,24.960001722980895,9,100,ny0812,True,2.0,trail3.0,0.2917355946569393
140,-0.07590228079871071,0.8482064514443137,0.4,-10.6263193118195,20.262892600637713,9,100,ny0812,True,2.5,tp1.5,0.23338847572555144
130,-0.15265700876410318,0.7125434033255424,0.3769230769230769,-19.845411139333414,25.953534918158418,9,100,ny0812,True,2.5,tp2.0,0.23338847572555144
128,-0.15035692507435044,0.7198608251698723,0.3671875,-19.245686409516857,24.1431904411546,9,100,ny0812,True,2.5,tp3.0,0.23338847572555144
158,-0.1163681869205481,0.7066745110243349,0.34177215189873417,-18.3861735334466,21.556713228435775,9,100,ny0812,True,2.5,trail2.0,0.23338847572555144
136,-0.12569904727734194,0.7316593610431176,0.35294117647058826,-17.095070429718504,22.126829907098866,9,100,ny0812,True,2.5,trail3.0,0.23338847572555144
126,-0.08477131887260735,0.8085704035859353,0.40476190476190477,-10.681186177948526,16.108756846852913,9,100,ny0812,True,3.0,tp1.5,0.19449039643795954
123,-0.1100696514794748,0.7590239563930893,0.3983739837398374,-13.5385671319754,17.33233486369078,9,100,ny0812,True,3.0,tp2.0,0.19449039643795954
120,-0.1324200615344423,0.711331529523526,0.39166666666666666,-15.890407384133077,19.354054265193483,9,100,ny0812,True,3.0,tp3.0,0.19449039643795954
154,-0.0801416287257019,0.7507219569662248,0.35714285714285715,-12.341810823758092,16.794038219673425,9,100,ny0812,True,3.0,trail2.0,0.19449039643795954
132,-0.1086494095089171,0.727498180324063,0.36363636363636365,-14.341722055177058,19.321069533132686,9,100,ny0812,True,3.0,trail3.0,0.19449039643795954
412,-0.034843521134467564,0.9429859290902892,0.42961165048543687,-14.355530707400638,26.184098612807283,9,100,ln0312,False,1.5,tp1.5,0.3889807928759191
383,-0.06958283445805667,0.8980690033420548,0.360313315926893,-26.650225597435703,36.126469875048286,9,100,ln0312,False,1.5,tp2.0,0.3889807928759191
337,-0.09370508172084616,0.8746607699883376,0.29376854599406527,-31.578612539925153,45.53658669750466,9,100,ln0312,False,1.5,tp3.0,0.3889807928759191
352,-0.012010826414205427,0.9793683332246371,0.3522727272727273,-4.22781089780031,38.69548525460516,9,100,ln0312,False,1.5,trail2.0,0.3889807928759191
316,-0.055934931392104224,0.9161353090052199,0.2974683544303797,-17.675438319904934,45.183514602363694,9,100,ln0312,False,1.5,trail3.0,0.3889807928759191
330,-0.026136445890061522,0.9542048571305158,0.43333333333333335,-8.625027143720303,21.687503265832746,9,100,ln0312,False,2.0,tp1.5,0.2917355946569393
302,-0.036701400500260314,0.9402571974040191,0.3841059602649007,-11.083822951078615,25.936728360118472,9,100,ln0312,False,2.0,tp2.0,0.2917355946569393
269,-0.007809445532145727,0.9876925279112888,0.3643122676579926,-2.1007408481472005,23.649600110075916,9,100,ln0312,False,2.0,tp3.0,0.2917355946569393
319,0.0028850452026425557,1.0064199174104953,0.3824451410658307,0.9203294196429752,23.915010111601244,9,100,ln0312,False,2.0,trail2.0,0.2917355946569393
278,-0.020067794661443875,0.9627788016449629,0.3489208633093525,-5.578846915881398,28.73884822819233,9,100,ln0312,False,2.0,trail3.0,0.2917355946569393
283,-0.05405806385238148,0.8998781230074241,0.4169611307420495,-15.29843207022396,26.583942164729173,9,100,ln0312,False,2.5,tp1.5,0.23338847572555144
259,-0.08106369171790702,0.8592027049489371,0.3861003861003861,-20.995496154937918,28.564157634316317,9,100,ln0312,False,2.5,tp2.0,0.23338847572555144
251,-0.06375071630440188,0.8912314799799019,0.3784860557768924,-16.00142979240487,24.303086528623755,9,100,ln0312,False,2.5,tp3.0,0.23338847572555144
314,-0.025809796438574978,0.9334934362183464,0.3821656050955414,-8.104276081712543,23.36673292850493,9,100,ln0312,False,2.5,trail2.0,0.23338847572555144
266,-0.04511106355215064,0.906730115098522,0.3533834586466165,-11.999542904872069,26.473219411615958,9,100,ln0312,False,2.5,trail3.0,0.23338847572555144
247,-0.060009745292582385,0.8793865273120074,0.4331983805668016,-14.82240708726785,20.39228289564567,9,100,ln0312,False,3.0,tp1.5,0.19449039643795954
236,-0.054644212797231174,0.8920848951822627,0.4279661016949153,-12.896034220146557,18.532885762662808,9,100,ln0312,False,3.0,tp2.0,0.19449039643795954
232,-0.058002433127588814,0.8875953883256905,0.41379310344827586,-13.456564485600605,19.44446711073421,9,100,ln0312,False,3.0,tp3.0,0.19449039643795954
309,-0.01877638168872375,0.9424705767887668,0.39158576051779936,-5.801901941815639,21.32474471465899,9,100,ln0312,False,3.0,trail2.0,0.19449039643795954
254,-0.03223689105805443,0.9226647146934635,0.3700787401574803,-8.188170328745827,21.918304449601735,9,100,ln0312,False,3.0,trail3.0,0.19449039643795954
248,-0.007951839597679745,0.9865359533793034,0.43951612903225806,-1.9720562202245766,20.598728071187956,9,100,ln0312,True,1.5,tp1.5,0.3889807928759191
230,-0.047683733611688435,0.9270942332306694,0.3739130434782609,-10.96725873068834,23.216412417061413,9,100,ln0312,True,1.5,tp2.0,0.3889807928759191
208,-0.16834166051088187,0.7666974306261324,0.2980769230769231,-35.01506538626343,48.65061823638352,9,100,ln0312,True,1.5,tp3.0,0.3889807928759191
225,-0.14659483620385635,0.7473622496366131,0.3288888888888889,-32.98383814586768,45.62873623714417,9,100,ln0312,True,1.5,trail2.0,0.3889807928759191
202,-0.20063398118165332,0.6971473544344287,0.29207920792079206,-40.52806419869397,51.529873424460604,9,100,ln0312,True,1.5,trail3.0,0.3889807928759191
201,-0.039351298320090766,0.928470665283036,0.43283582089552236,-7.909610962338244,15.008040494291167,9,100,ln0312,True,2.0,tp1.5,0.2917355946569393
189,-0.09904813721215353,0.8332725135900844,0.38095238095238093,-18.720097933097016,24.880437891193722,9,100,ln0312,True,2.0,tp2.0,0.2917355946569393
172,-0.1327965236161912,0.7889665525936181,0.3430232558139535,-22.841002061984888,32.25914565301134,9,100,ln0312,True,2.0,tp3.0,0.2917355946569393
206,-0.11743683056072418,0.740423954850118,0.34951456310679613,-24.19198709550918,29.65082022197293,9,100,ln0312,True,2.0,trail2.0,0.2917355946569393
179,-0.14802899545524473,0.7191931113506356,0.3463687150837989,-26.497190186488805,31.416989031940684,9,100,ln0312,True,2.0,trail3.0,0.2917355946569393
177,-0.07485325205621704,0.8506795125492206,0.4067796610169492,-13.249025613950415,21.41239443810278,9,100,ln0312,True,2.5,tp1.5,0.23338847572555144
164,-0.14287108477909127,0.7360541896514332,0.3780487804878049,-23.43085790377097,31.74068801627994,9,100,ln0312,True,2.5,tp2.0,0.23338847572555144
160,-0.19265709276716197,0.6538632340221521,0.35625,-30.825134842745914,34.82246191087559,9,100,ln0312,True,2.5,tp3.0,0.23338847572555144
200,-0.11256739547434055,0.7075366030726152,0.355,-22.51347909486811,26.76120092191221,9,100,ln0312,True,2.5,trail2.0,0.23338847572555144
170,-0.14683233598702156,0.6798603823942793,0.34705882352941175,-24.961497117793666,29.01802864096432,9,100,ln0312,True,2.5,trail3.0,0.23338847572555144
159,-0.055778291217617626,0.8734158590999418,0.4339622641509434,-8.868748303601203,17.65010255801677,9,100,ln0312,True,3.0,tp1.5,0.19449039643795954
152,-0.08563273418351172,0.8129984050533494,0.4144736842105263,-13.016175595893781,18.63030412659197,9,100,ln0312,True,3.0,tp2.0,0.19449039643795954
149,-0.1457159267150232,0.6921849324331492,0.3959731543624161,-21.711673080538457,26.131671320140818,9,100,ln0312,True,3.0,tp3.0,0.19449039643795954
196,-0.08530469577955736,0.7318961801809817,0.3673469387755102,-16.719720372793244,21.972060718023215,9,100,ln0312,True,3.0,trail2.0,0.19449039643795954
166,-0.13023707351049674,0.6734231439616364,0.3614457831325301,-21.619354202742457,25.28107529193886,9,100,ln0312,True,3.0,trail3.0,0.19449039643795954
815,-0.13913875916768795,0.773585789639604,0.3914110429447853,-113.39808872166569,124.70395077452417,9,100,allday,False,1.5,tp1.5,0.3889807928759191
750,-0.165722976513088,0.749849771473299,0.344,-124.292232384816,135.8481135575709,9,100,allday,False,1.5,tp2.0,0.3889807928759191
685,-0.1744805742946474,0.7512279876154374,0.3051094890510949,-119.51919339183345,130.52311617885886,9,100,allday,False,1.5,tp3.0,0.3889807928759191
716,-0.10630254827470924,0.8142100124921295,0.33519553072625696,-76.11262456469181,107.92072622674232,9,100,allday,False,1.5,trail2.0,0.3889807928759191
650,-0.1571711899674034,0.7580623757242727,0.28923076923076924,-102.1612734788122,119.35294245619743,9,100,allday,False,1.5,trail3.0,0.3889807928759191
643,-0.10860057898131592,0.7991012055380031,0.40746500777604977,-69.83017228498613,78.25918849483195,9,100,allday,False,2.0,tp1.5,0.2917355946569393
599,-0.09663415762249224,0.8279673479836487,0.3806343906510851,-57.88386041587285,69.38952222821658,9,100,allday,False,2.0,tp2.0,0.2917355946569393
563,-0.10545571459841743,0.8190664593467047,0.35701598579040855,-59.371567318909015,72.43543713728705,9,100,allday,False,2.0,tp3.0,0.2917355946569393
641,-0.058858305906037765,0.8660827470500255,0.36349453978159124,-37.728174085770206,62.82227655698978,9,100,allday,False,2.0,trail2.0,0.2917355946569393
566,-0.11016628860833097,0.7896351156534709,0.33568904593639576,-62.35411935231533,74.7956410128576,9,100,allday,False,2.0,trail3.0,0.2917355946569393
552,-0.0642838452954667,0.8622156712449608,0.4221014492753623,-35.48468260309762,41.60134621660318,9,100,allday,False,2.5,tp1.5,0.23338847572555144
519,-0.08895471578801871,0.8159450922843048,0.3969171483622351,-46.16749749398171,50.67527652817296,9,100,allday,False,2.5,tp2.0,0.23338847572555144
505,-0.08509727284260662,0.8268045149335795,0.38811881188118813,-42.97412278551634,51.93116769402414,9,100,allday,False,2.5,tp3.0,0.23338847572555144
626,-0.049748347826100735,0.8615770459537159,0.3722044728434505,-31.14246573913906,51.56978497304844,9,100,allday,False,2.5,trail2.0,0.23338847572555144
531,-0.08859370134346975,0.7999665678149371,0.352165725047081,-47.04325541338244,56.4821491302505,9,100,allday,False,2.5,trail3.0,0.23338847572555144
502,-0.07235470095577481,0.8263232575240282,0.41434262948207173,-36.32205987979896,40.84476976120308,9,100,allday,False,3.0,tp1.5,0.19449039643795954
487,-0.07278609820523928,0.8307988218884644,0.40451745379876797,-35.446829825951525,41.5823537746094,9,100,allday,False,3.0,tp2.0,0.19449039643795954
478,-0.08606103170750333,0.8036010814371158,0.39539748953974896,-41.13717315618659,46.506302157520565,9,100,allday,False,3.0,tp3.0,0.19449039643795954
619,-0.03856729577929311,0.8713754191695152,0.3764135702746365,-23.873156087382434,43.77233067125948,9,100,allday,False,3.0,trail2.0,0.19449039643795954
513,-0.06216374872259513,0.8339644933358266,0.3684210526315789,-31.890003094691302,44.632568208930834,9,100,allday,False,3.0,trail3.0,0.19449039643795954
468,-0.14279131355999375,0.7556799603817386,0.38675213675213677,-66.82633474607708,75.31656774884843,9,100,allday,True,1.5,tp1.5,0.3889807928759191
435,-0.16572919309365167,0.7348420794822639,0.3471264367816092,-72.09219899573847,76.3706974322864,9,100,allday,True,1.5,tp2.0,0.3889807928759191
399,-0.23369163373353635,0.6471430597269845,0.3057644110275689,-93.242961859681,99.26913122910105,9,100,allday,True,1.5,tp3.0,0.3889807928759191
424,-0.22342818530902264,0.6096481864666708,0.31839622641509435,-94.7335505710256,100.05661802177016,9,100,allday,True,1.5,trail2.0,0.3889807928759191
388,-0.2622718723145119,0.5833798895708024,0.28865979381443296,-101.7614864580306,105.87648952748394,9,100,allday,True,1.5,trail3.0,0.3889807928759191
383,-0.1262444670057935,0.7526070983684326,0.39947780678851175,-48.35163086321891,54.341013016815225,9,100,allday,True,2.0,tp1.5,0.2917355946569393
361,-0.15533428543959168,0.7095337215539527,0.37119113573407203,-56.0756770436926,60.7152039764998,9,100,allday,True,2.0,tp2.0,0.2917355946569393
344,-0.17595668053714045,0.680617402229923,0.3546511627906977,-60.52909810477632,66.69529799138176,9,100,allday,True,2.0,tp3.0,0.2917355946569393
387,-0.17163559470662607,0.6171457235756171,0.3385012919896641,-66.42297515146429,68.97958493419786,9,100,allday,True,2.0,trail2.0,0.2917355946569393
344,-0.2036228331212628,0.5968074910638058,0.33430232558139533,-70.04625459371441,73.24021817735138,9,100,allday,True,2.0,trail3.0,0.2917355946569393
331,-0.09652399068801877,0.7785858580346564,0.41389728096676737,-31.949440917734215,37.29541853577476,9,100,allday,True,2.5,tp1.5,0.23338847572555144
318,-0.1349556271003791,0.7023613684709994,0.39308176100628933,-42.91588941792055,47.70016736552511,9,100,allday,True,2.5,tp2.0,0.23338847572555144
307,-0.15947796295944655,0.6538372901458965,0.3778501628664495,-48.959734628550095,52.28233211557789,9,100,allday,True,2.5,tp3.0,0.23338847572555144
375,-0.14283488513259707,0.6123130547382805,0.34933333333333333,-53.5630819247239,55.56099729584567,9,100,allday,True,2.5,trail2.0,0.23338847572555144
319,-0.16131195317919958,0.6126772583275458,0.3510971786833856,-51.45851306416466,54.5671388839088,9,100,allday,True,2.5,trail3.0,0.23338847572555144
304,-0.0870075311977459,0.7712607908707927,0.41776315789473684,-26.450289484114755,33.09024281154346,9,100,allday,True,3.0,tp1.5,0.19449039643795954
294,-0.10058474155149529,0.7415756996282067,0.40476190476190477,-29.571914016139612,34.89655798962799,9,100,allday,True,3.0,tp2.0,0.19449039643795954
289,-0.13538188697091588,0.6628318741551967,0.3944636678200692,-39.12536533459469,41.18286686932135,9,100,allday,True,3.0,tp3.0,0.19449039643795954
369,-0.11544908075422336,0.6229630217660489,0.35501355013550134,-42.60071079830842,46.338503193334816,9,100,allday,True,3.0,trail2.0,0.19449039643795954
311,-0.1268816489776598,0.6430951936913382,0.3665594855305466,-39.4601928320522,43.476686649096145,9,100,allday,True,3.0,trail3.0,0.19449039643795954
184,0.08085038219507004,1.1442832726557812,0.47282608695652173,14.876470323892889,11.888638442533495,9,200,ny0811,False,1.5,tp1.5,0.3889807928759191
172,0.08855940032915115,1.1437145905431103,0.4127906976744186,15.232216856613997,13.586262675092959,9,200,ny0811,False,1.5,tp2.0,0.3889807928759191
163,0.058831554393536684,1.087522724919693,0.3558282208588957,9.58954336614648,14.21123772901443,9,200,ny0811,False,1.5,tp3.0,0.3889807928759191
168,0.05061659080001325,1.0874949190609255,0.3333333333333333,8.503587254402227,18.705556456877634,9,200,ny0811,False,1.5,trail2.0,0.3889807928759191
158,0.05870921354855609,1.090687825070382,0.3227848101265823,9.276055740671863,23.27687378203303,9,200,ny0811,False,1.5,trail3.0,0.3889807928759191
157,0.033355207912812705,1.06057227340053,0.45222929936305734,5.2367676423115945,12.912984667995035,9,200,ny0811,False,2.0,tp1.5,0.2917355946569393
150,0.06282384130187693,1.1086132018124737,0.41333333333333333,9.42357619528154,12.92487985741869,9,200,ny0811,False,2.0,tp2.0,0.2917355946569393
142,-0.01034523634915099,0.9833398713834861,0.3732394366197183,-1.4690235615794407,21.02537405361931,9,200,ny0811,False,2.0,tp3.0,0.2917355946569393
156,0.0633360308991661,1.1422684411688673,0.3717948717948718,9.880420820269912,12.783607555902085,9,200,ny0811,False,2.0,trail2.0,0.2917355946569393
144,0.037719153553566996,1.0680875058234802,0.3541666666666667,5.431558111713647,17.866995212226794,9,200,ny0811,False,2.0,trail3.0,0.2917355946569393
142,0.048362070737506535,1.0961412345527528,0.45774647887323944,6.867414044725928,13.434874643511254,9,200,ny0811,False,2.5,tp1.5,0.23338847572555144
134,-0.03225358577572223,0.9410917263136463,0.41044776119402987,-4.3219804939467785,19.90637435809301,9,200,ny0811,False,2.5,tp2.0,0.23338847572555144
131,0.0006556866179942076,1.0011848542524764,0.3969465648854962,0.0858949469572412,18.701144509974814,9,200,ny0811,False,2.5,tp3.0,0.23338847572555144
154,0.03380060621859148,1.0888931383550615,0.37662337662337664,5.205293357663089,10.640642230363065,9,200,ny0811,False,2.5,trail2.0,0.23338847572555144
136,0.032638717620036665,1.069636471042278,0.375,4.438865596324987,14.612572680183256,9,200,ny0811,False,2.5,trail3.0,0.23338847572555144
130,0.041798393690065765,1.092603482634666,0.46923076923076923,5.43379117970855,7.839428522612175,9,200,ny0811,False,3.0,tp1.5,0.19449039643795954
127,-0.007958984904812966,0.9831574557555742,0.4409448818897638,-1.0107910829112468,12.356189455141543,9,200,ny0811,False,3.0,tp2.0,0.19449039643795954
124,0.03421531709402334,1.0710072298634343,0.43548387096774194,4.242699319658894,10.552082117718964,9,200,ny0811,False,3.0,tp3.0,0.19449039643795954
151,0.0382302243377336,1.1212316012431955,0.39072847682119205,5.772763874997773,9.76365125991476,9,200,ny0811,False,3.0,trail2.0,0.19449039643795954
133,0.034364943416386275,1.0867681062241508,0.39849624060150374,4.570537474379375,10.998026249415553,9,200,ny0811,False,3.0,trail3.0,0.19449039643795954
151,0.009367180069070285,1.0159513486915488,0.44370860927152317,1.414444190429613,13.257176454231509,9,200,ny0811,True,1.5,tp1.5,0.3889807928759191
144,0.025581719612832763,1.0402441559023603,0.3888888888888889,3.683767624247918,12.7190760933026,9,200,ny0811,True,1.5,tp2.0,0.3889807928759191
141,-0.04576255937279194,0.9337952248075768,0.3262411347517731,-6.452520871563663,21.03672099384512,9,200,ny0811,True,1.5,tp3.0,0.3889807928759191
144,-0.08484341375977346,0.8568971381577822,0.2986111111111111,-12.217451581407378,19.03214785709323,9,200,ny0811,True,1.5,trail2.0,0.3889807928759191
136,-0.08102525676760877,0.8797355265683888,0.29411764705882354,-11.019434920394794,21.555352656986507,9,200,ny0811,True,1.5,trail3.0,0.3889807928759191
128,-0.03631768110136417,0.9367302472784067,0.421875,-4.648663180974614,13.223882604535882,9,200,ny0811,True,2.0,tp1.5,0.2917355946569393
125,-0.048877431600002554,0.9198083591379828,0.376,-6.109678950000319,16.89267573196244,9,200,ny0811,True,2.0,tp2.0,0.2917355946569393
120,-0.11569779554962285,0.8162155009068783,0.35,-13.883735465954743,22.2054312035179,9,200,ny0811,True,2.0,tp3.0,0.2917355946569393
132,-0.05191458580239401,0.8874530565112944,0.32575757575757575,-6.852725325916009,11.964292563687858,9,200,ny0811,True,2.0,trail2.0,0.2917355946569393
122,-0.08840156865736076,0.8478325301098038,0.319672131147541,-10.784991376198013,17.444663592582387,9,200,ny0811,True,2.0,trail3.0,0.2917355946569393
117,-0.01884982226821983,0.9638064951676899,0.4188034188034188,-2.20542920538172,15.57999222070401,9,200,ny0811,True,2.5,tp1.5,0.23338847572555144
112,-0.1260114994627623,0.7720508400812878,0.375,-14.113287939829378,24.16270552948252,9,200,ny0811,True,2.5,tp2.0,0.23338847572555144
111,-0.08464936019084386,0.8474085294319592,0.36936936936936937,-9.396078981183669,18.558991171137233,9,200,ny0811,True,2.5,tp3.0,0.23338847572555144
130,-0.060596003226390076,0.8458583579117986,0.33076923076923076,-7.87748041943071,11.515904230708289,9,200,ny0811,True,2.5,trail2.0,0.23338847572555144
114,-0.06865944117770488,0.8592408576662829,0.3333333333333333,-7.827176294258356,15.297700292395216,9,200,ny0811,True,2.5,trail3.0,0.23338847572555144
110,-0.03497917167543656,0.9245501881421619,0.42727272727272725,-3.847708884298021,12.33922642656272,9,200,ny0811,True,3.0,tp1.5,0.19449039643795954
107,-0.08225031020422177,0.826981899266901,0.411214953271028,-8.80078319185173,15.461208732401396,9,200,ny0811,True,3.0,tp2.0,0.19449039643795954
105,-0.0781898144688958,0.838276957056363,0.4,-8.209930519234058,13.21727859850315,9,200,ny0811,True,3.0,tp3.0,0.19449039643795954
127,-0.03549315563570938,0.8894818200523299,0.3464566929133858,-4.507630765735091,9.025292187932674,9,200,ny0811,True,3.0,trail2.0,0.19449039643795954
111,-0.043403880790750235,0.8930833213718363,0.36036036036036034,-4.817830767773276,11.762831679337925,9,200,ny0811,True,3.0,trail3.0,0.19449039643795954
217,0.05203144511158851,1.0935633633994928,0.45622119815668205,11.290823589214707,14.153713576390004,9,200,ny0812,False,1.5,tp1.5,0.3889807928759191
200,0.019639894119219913,1.031516259950148,0.385,3.927978823843983,19.3962423216729,9,200,ny0812,False,1.5,tp2.0,0.3889807928759191
186,-0.009126656759347174,0.9864254007366692,0.3387096774193548,-1.6975581572385745,19.398636969393067,9,200,ny0812,False,1.5,tp3.0,0.3889807928759191
201,-0.0036258128750449497,0.9937429990946541,0.32338308457711445,-0.7287883878840349,23.576611582229425,9,200,ny0812,False,1.5,trail2.0,0.3889807928759191
182,0.02143097166864784,1.033775042324226,0.3241758241758242,3.9004368436939068,27.933113543258234,9,200,ny0812,False,1.5,trail3.0,0.3889807928759191
184,0.0018509100798557792,1.0034512060544738,0.43478260869565216,0.3405674546934634,14.734524475230923,9,200,ny0812,False,2.0,tp1.5,0.2917355946569393
172,0.021381011087043565,1.0378504048195842,0.4069767441860465,3.677533906971493,14.416060782870515,9,200,ny0812,False,2.0,tp2.0,0.2917355946569393
160,-0.04480851356258441,0.9264200373446393,0.36875,-7.169362170013506,23.483277714055554,9,200,ny0812,False,2.0,tp3.0,0.2917355946569393
184,0.039176349977993526,1.0901515058272078,0.3641304347826087,7.208448395950809,14.613921278587085,9,200,ny0812,False,2.0,trail2.0,0.2917355946569393
164,0.029422282877851993,1.055683331503277,0.36585365853658536,4.825254391967727,20.57798430359074,9,200,ny0812,False,2.0,trail3.0,0.2917355946569393
165,0.012954229406383048,1.026543249131692,0.43636363636363634,2.137447852053203,15.840703892384187,9,200,ny0812,False,2.5,tp1.5,0.23338847572555144
151,-0.06768266200921791,0.8735543239645435,0.3973509933774834,-10.220081963391904,22.538152972604713,9,200,ny0812,False,2.5,tp2.0,0.23338847572555144
146,-0.03429298340360153,0.9365403789161469,0.3835616438356164,-5.006775576925824,20.537226168941682,9,200,ny0812,False,2.5,tp3.0,0.23338847572555144
180,0.011411277330120529,1.0306279867074966,0.36666666666666664,2.054029919421695,12.70998420936349,9,200,ny0812,False,2.5,trail2.0,0.23338847572555144
154,0.008973340611317642,1.019661789466058,0.37662337662337664,1.381894454142917,17.890729950516985,9,200,ny0812,False,2.5,trail3.0,0.23338847572555144
147,0.007772958049962238,1.0176930503027308,0.4489795918367347,1.142624833344449,9.007379768967244,9,200,ny0812,False,3.0,tp1.5,0.19449039643795954
142,-0.04057452418699735,0.9125135128856032,0.4225352112676056,-5.761582434553624,14.357775072920916,9,200,ny0812,False,3.0,tp2.0,0.19449039643795954
137,0.011437240219218875,1.024668658728888,0.4233576642335766,1.566901910032986,12.082150166858021,9,200,ny0812,False,3.0,tp3.0,0.19449039643795954
177,0.017296619857755498,1.055874888361279,0.3785310734463277,3.061501714822723,10.911365458142278,9,200,ny0812,False,3.0,trail2.0,0.19449039643795954
151,0.011190252908793087,1.0289047364644957,0.3973509933774834,1.6897281892277562,13.729823974693666,9,200,ny0812,False,3.0,trail3.0,0.19449039643795954
180,-0.007842287161558105,0.9865434707790836,0.43333333333333335,-1.411611689080459,18.764907778052198,9,200,ny0812,True,1.5,tp1.5,0.3889807928759191
169,-0.03715977976078946,0.942300095719569,0.3668639053254438,-6.280002779573419,21.46868556411135,9,200,ny0812,True,1.5,tp2.0,0.3889807928759191
161,-0.09616017839940677,0.860137511636557,0.3167701863354037,-15.48178872230449,28.294649414793987,9,200,ny0812,True,1.5,tp3.0,0.3889807928759191
173,-0.12579570474850343,0.7884540080481058,0.2947976878612717,-21.762656921491093,29.630627115733752,9,200,ny0812,True,1.5,trail2.0,0.3889807928759191
158,-0.10198068712833597,0.8458707885351524,0.3037974683544304,-16.112948566277083,27.024439035796217,9,200,ny0812,True,1.5,trail3.0,0.3889807928759191
153,-0.07177981253508922,0.8728280699040583,0.40522875816993464,-10.982311317868652,17.952880015613772,9,200,ny0812,True,2.0,tp1.5,0.2917355946569393
147,-0.09837016924649787,0.8364412565658836,0.3673469387755102,-14.460414879235188,21.29131426125626,9,200,ny0812,True,2.0,tp2.0,0.2917355946569393
138,-0.1475502823383795,0.7620761856032889,0.34782608695652173,-20.36193896269637,27.882174093909587,9,200,ny0812,True,2.0,tp3.0,0.2917355946569393
159,-0.07922534402018468,0.8271921152441918,0.32075471698113206,-12.596829699209364,18.37714588808476,9,200,ny0812,True,2.0,trail2.0,0.2917355946569393
143,-0.09895773636652294,0.8242500145775501,0.3356643356643357,-14.15095630041278,21.060273837980294,9,200,ny0812,True,2.0,trail3.0,0.2917355946569393
138,-0.053623535527393275,0.8940918895276583,0.39855072463768115,-7.400047902780272,19.647336696682803,9,200,ny0812,True,2.5,tp1.5,0.23338847572555144
127,-0.15086240055766384,0.7203814774550379,0.3700787401574803,-19.159524870823308,28.36777397539654,9,200,ny0812,True,2.5,tp2.0,0.23338847572555144
125,-0.11753488216258859,0.784522279713009,0.36,-14.691860270323573,22.44320243390318,9,200,ny0812,True,2.5,tp3.0,0.23338847572555144
154,-0.08605046374257501,0.7812357776459445,0.3246753246753247,-13.25177141635655,17.87602436745687,9,200,ny0812,True,2.5,trail2.0,0.23338847572555144
132,-0.09635962270925495,0.8012025113607625,0.3409090909090909,-12.719470197621654,20.604652034998708,9,200,ny0812,True,2.5,trail3.0,0.23338847572555144
125,-0.06396179669440502,0.8578281139041586,0.408,-7.995224586800628,15.619101724832117,9,200,ny0812,True,3.0,tp1.5,0.19449039643795954
121,-0.10651719702707645,0.7700353988949589,0.39669421487603307,-12.88858084027625,18.6813659765927,9,200,ny0812,True,3.0,tp2.0,0.19449039643795954
118,-0.0954547249940956,0.7948742162937296,0.3898305084745763,-11.26365754930328,15.955357535263811,9,200,ny0812,True,3.0,tp3.0,0.19449039643795954
151,-0.05485047894376331,0.8273571441829429,0.33774834437086093,-8.28242232050826,12.284816737229427,9,200,ny0812,True,3.0,trail2.0,0.19449039643795954
129,-0.0664293715352758,0.8342974755694925,0.3643410852713178,-8.569388928050579,15.05503658717015,9,200,ny0812,True,3.0,trail3.0,0.19449039643795954
392,0.022105342819468632,1.037754820611333,0.4489795918367347,8.665294385231704,20.00150408660423,9,200,ln0312,False,1.5,tp1.5,0.3889807928759191
352,0.02607846259153167,1.0402205155884654,0.38636363636363635,9.179618832219148,26.219252230583653,9,200,ln0312,False,1.5,tp2.0,0.3889807928759191
311,-0.009100129353274306,0.9873359948495172,0.3183279742765273,-2.8301402288683093,34.25651241073411,9,200,ln0312,False,1.5,tp3.0,0.3889807928759191
334,0.04539034426867028,1.0817697683610423,0.3532934131736527,15.160374985735874,27.212539583943162,9,200,ln0312,False,1.5,trail2.0,0.3889807928759191
290,0.04724542107299596,1.073816821326397,0.3275862068965517,13.701172111168828,30.57081947514859,9,200,ln0312,False,1.5,trail3.0,0.3889807928759191
313,0.034521718758122495,1.0626669026814113,0.4504792332268371,10.80529797129234,18.175657925603257,9,200,ln0312,False,2.0,tp1.5,0.2917355946569393
286,0.02137278605783389,1.0354762569328506,0.3986013986013986,6.112616812540493,18.531135054969965,9,200,ln0312,False,2.0,tp2.0,0.2917355946569393
252,0.018650886174671477,1.0295879927841811,0.36904761904761907,4.700023316017212,28.22840829974237,9,200,ln0312,False,2.0,tp3.0,0.2917355946569393
304,0.06009459466134465,1.1417256137339968,0.3815789473684211,18.26875677704877,20.55760394979942,9,200,ln0312,False,2.0,trail2.0,0.2917355946569393
258,0.06965560801431757,1.1341078901621917,0.37209302325581395,17.971146867693932,23.36923796877136,9,200,ln0312,False,2.0,trail3.0,0.2917355946569393
265,0.021498385940913786,1.0422178316570205,0.4528301886792453,5.697072274342153,18.224782817981005,9,200,ln0312,False,2.5,tp1.5,0.23338847572555144
240,0.004927040306743698,1.009032911663905,0.42083333333333334,1.1824896736184876,21.847748491237983,9,200,ln0312,False,2.5,tp2.0,0.23338847572555144
231,0.016874073484245248,1.030368840855748,0.4069264069264069,3.897910974860652,24.53433269982812,9,200,ln0312,False,2.5,tp3.0,0.23338847572555144
298,0.03050417229437693,1.0843783947896748,0.3859060402684564,9.090243343724325,17.57107436768885,9,200,ln0312,False,2.5,trail2.0,0.23338847572555144
247,0.03305393395137896,1.072278238110465,0.38461538461538464,8.164321685990604,20.960196339837157,9,200,ln0312,False,2.5,trail3.0,0.23338847572555144
234,0.0031152669552378847,1.0066649694208785,0.46153846153846156,0.728972467525665,13.735501419370674,9,200,ln0312,False,3.0,tp1.5,0.19449039643795954
220,-0.004385492623568776,0.9908081168044411,0.44545454545454544,-0.9648083771851308,17.77962078070032,9,200,ln0312,False,3.0,tp2.0,0.19449039643795954
216,0.009530842300647442,1.0196737650628684,0.4351851851851852,2.0586619369398473,18.98703108594212,9,200,ln0312,False,3.0,tp3.0,0.19449039643795954
294,0.031824421132936105,1.1060203779175775,0.3945578231292517,9.356379813083215,13.520922110930158,9,200,ln0312,False,3.0,trail2.0,0.19449039643795954
240,0.030408975368240165,1.0776647412527733,0.3958333333333333,7.29815408837764,17.352068475460957,9,200,ln0312,False,3.0,trail3.0,0.19449039643795954
236,0.06177595921288085,1.110408612879535,0.461864406779661,14.57912637423988,13.599354883747093,9,200,ln0312,True,1.5,tp1.5,0.3889807928759191
213,0.04616793050857117,1.0740724417126926,0.39436619718309857,9.833769198325658,18.944619550400667,9,200,ln0312,True,1.5,tp2.0,0.3889807928759191
194,-0.05337367026741411,0.9218414803642184,0.32989690721649484,-10.354492031878337,28.01099456288989,9,200,ln0312,True,1.5,tp3.0,0.3889807928759191
214,-0.0787521934472477,0.8568304149948548,0.3364485981308411,-16.852969397711007,30.648516173307907,9,200,ln0312,True,1.5,trail2.0,0.3889807928759191
187,-0.09679216205588666,0.8457624923230073,0.3155080213903743,-18.100134304450805,30.658622143244635,9,200,ln0312,True,1.5,trail3.0,0.3889807928759191
193,-0.02527537348845232,0.9546443385442653,0.42487046632124353,-4.878147083271298,16.977445610960032,9,200,ln0312,True,2.0,tp1.5,0.2917355946569393
183,-0.0829556117935289,0.862831463160536,0.3770491803278688,-15.180876958215787,22.076363341574606,9,200,ln0312,True,2.0,tp2.0,0.2917355946569393
166,-0.14377802070729653,0.7765064153870535,0.3313253012048193,-23.867151437411223,31.062929640081528,9,200,ln0312,True,2.0,tp3.0,0.2917355946569393
200,-0.08360835520355922,0.8101851602220588,0.345,-16.721671040711843,21.50815515482516,9,200,ln0312,True,2.0,trail2.0,0.2917355946569393
172,-0.1139280211942039,0.7842421685906698,0.3430232558139535,-19.59561964540307,24.660910934117496,9,200,ln0312,True,2.0,trail3.0,0.2917355946569393
170,-0.04129029566145719,0.9172504553250983,0.4235294117647059,-7.019350262447722,19.237093640220476,9,200,ln0312,True,2.5,tp1.5,0.23338847572555144
156,-0.10921843011266276,0.7957967488069674,0.3974358974358974,-17.03807509757539,25.813126730952792,9,200,ln0312,True,2.5,tp2.0,0.23338847572555144
152,-0.1491739174135241,0.7305415194640948,0.3684210526315789,-22.67443544685566,28.889526850780097,9,200,ln0312,True,2.5,tp3.0,0.23338847572555144
194,-0.08804987575044243,0.7668518880151151,0.35051546391752575,-17.081675895585832,20.91086318687649,9,200,ln0312,True,2.5,trail2.0,0.23338847572555144
162,-0.10756077382872671,0.7628220125998049,0.35185185185185186,-17.424845360253727,23.52469889659635,9,200,ln0312,True,2.5,trail3.0,0.23338847572555144
154,-0.04739746000188059,0.8945265111853925,0.43506493506493504,-7.2992088402896105,17.492281254050027,9,200,ln0312,True,3.0,tp1.5,0.19449039643795954
146,-0.07774084709002632,0.8318684632112753,0.4178082191780822,-11.350163675143843,17.860477316800562,9,200,ln0312,True,3.0,tp2.0,0.19449039643795954
143,-0.12163402993488485,0.7458471431760163,0.3986013986013986,-17.393666280688535,22.66604993728593,9,200,ln0312,True,3.0,tp3.0,0.19449039643795954
190,-0.05911411458166238,0.8073691947870794,0.3631578947368421,-11.231681770515852,15.929044016977128,9,200,ln0312,True,3.0,trail2.0,0.19449039643795954
160,-0.09682216252496005,0.7522089209970066,0.3625,-15.491546003993609,20.99215584572912,9,200,ln0312,True,3.0,trail3.0,0.19449039643795954
782,-0.07509335712323117,0.871810085083603,0.4117647058823529,-58.723005270366784,68.85114611653728,9,200,allday,False,1.5,tp1.5,0.3889807928759191
702,-0.08316026878035693,0.8676835185831477,0.3660968660968661,-58.378508683810566,67.22755563117215,9,200,allday,False,1.5,tp2.0,0.3889807928759191
643,-0.10791870320040889,0.8397677774111082,0.3234836702954899,-69.39172615786292,79.38465069395427,9,200,allday,False,1.5,tp3.0,0.3889807928759191
686,-0.05517420880677519,0.8984936972047997,0.3454810495626822,-37.84950724144778,55.9453587537325,9,200,allday,False,1.5,trail2.0,0.3889807928759191
609,-0.07641822177679025,0.8764082082358213,0.3103448275862069,-46.53869706206526,61.01657676309823,9,200,allday,False,1.5,trail3.0,0.3889807928759191
621,-0.048580147744118014,0.9056576561049494,0.42673107890499196,-30.168271749097286,35.78892118351353,9,200,allday,False,2.0,tp1.5,0.2917355946569393
579,-0.050272785811646285,0.9076262526241149,0.39378238341968913,-29.1079429849432,36.39939174142998,9,200,allday,False,2.0,tp2.0,0.2917355946569393
540,-0.06922757857287616,0.8772354528000531,0.37037037037037035,-37.38289242935313,45.64891464267099,9,200,allday,False,2.0,tp3.0,0.2917355946569393
624,-0.012853594142437573,0.9690194374332224,0.375,-8.020642744881046,27.9768339779474,9,200,allday,False,2.0,trail2.0,0.2917355946569393
543,-0.03978263044803534,0.91950221097334,0.3572744014732965,-21.60196833328319,33.613914576329655,9,200,allday,False,2.0,trail3.0,0.2917355946569393
536,-0.018083862148551386,0.9596024498492767,0.44402985074626866,-9.692950111623542,20.605976116140198,9,200,allday,False,2.5,tp1.5,0.23338847572555144
504,-0.024399738195452523,0.9472515419222195,0.4246031746031746,-12.297468050508071,24.042675516796848,9,200,allday,False,2.5,tp2.0,0.23338847572555144
491,-0.02810147430733362,0.9396601374110422,0.4154786150712831,-13.797823884900808,27.002536974202542,9,200,allday,False,2.5,tp3.0,0.23338847572555144
606,-0.010626400127807646,0.9688382344141659,0.38283828382838286,-6.439598477451433,22.2546836803107,9,200,allday,False,2.5,trail2.0,0.23338847572555144
511,-0.02920524103416881,0.9297851891403142,0.37377690802348335,-14.923878168460261,29.33243960723879,9,200,allday,False,2.5,trail3.0,0.23338847572555144
491,-0.021039174291194618,0.9471556749641256,0.4419551934826884,-10.330234576976558,18.604812642602333,9,200,allday,False,3.0,tp1.5,0.19449039643795954
474,-0.027660145040455084,0.9315792280202629,0.43248945147679324,-13.11090874917571,19.75886394862659,9,200,allday,False,3.0,tp2.0,0.19449039643795954
468,-0.029045667390538606,0.9285554968850377,0.43162393162393164,-13.593372338772067,22.86138635739272,9,200,allday,False,3.0,tp3.0,0.19449039643795954
600,-0.004070300374860934,0.9855904310982557,0.38666666666666666,-2.4421802249165605,18.44218114501599,9,200,allday,False,3.0,trail2.0,0.19449039643795954
498,-0.017074315619048097,0.951390585736791,0.3855421686746988,-8.503009178285952,24.434780341624972,9,200,allday,False,3.0,trail3.0,0.19449039643795954
451,-0.07447368062166414,0.8652204893170093,0.4057649667405765,-33.58762996037053,50.346668817467595,9,200,allday,True,1.5,tp1.5,0.3889807928759191
412,-0.10636476563948105,0.8220651467175563,0.3567961165048544,-43.82228344346619,50.36770016539902,9,200,allday,True,1.5,tp2.0,0.3889807928759191
380,-0.1522159341025774,0.7579620683506315,0.3236842105263158,-57.8420549589794,66.52854426715297,9,200,allday,True,1.5,tp3.0,0.3889807928759191
411,-0.1584352347445792,0.7070095549800269,0.3309002433090024,-65.11688148002206,73.68904732156507,9,200,allday,True,1.5,trail2.0,0.3889807928759191
370,-0.18274371945890133,0.6941594295876703,0.3027027027027027,-67.6151761997935,75.80799775974073,9,200,allday,True,1.5,trail3.0,0.3889807928759191
371,-0.10991199863741925,0.7821491976069013,0.3935309973045822,-40.777351494482545,47.260141135823645,9,200,allday,True,2.0,tp1.5,0.2917355946569393
354,-0.13630653803183457,0.7440877001498959,0.3672316384180791,-48.252514463269435,53.45888648296691,9,200,allday,True,2.0,tp2.0,0.2917355946569393
336,-0.16299947065404263,0.7018018482020374,0.35119047619047616,-54.76782213975832,61.178934271746755,9,200,allday,True,2.0,tp3.0,0.2917355946569393
382,-0.1305855392824464,0.6963275960567645,0.34554973821989526,-49.88367600589453,53.97742274783691,9,200,allday,True,2.0,trail2.0,0.2917355946569393
336,-0.1591272944532137,0.6755392886931796,0.3392857142857143,-53.4667709362798,59.41040038023423,9,200,allday,True,2.0,trail3.0,0.2917355946569393
325,-0.08546380245054215,0.8046636131835325,0.4153846153846154,-27.775735796426197,37.398496302837984,9,200,allday,True,2.5,tp1.5,0.23338847572555144
309,-0.11724921144565213,0.7402213626622054,0.39805825242718446,-36.23000633670651,45.2429757097689,9,200,allday,True,2.5,tp2.0,0.23338847572555144
301,-0.1314003084044133,0.7129524521436666,0.3853820598006645,-39.5514928297284,47.197079092343294,9,200,allday,True,2.5,tp3.0,0.23338847572555144
368,-0.11236831364734087,0.6848771851838986,0.35597826086956524,-41.35153942222144,44.78471884872769,9,200,allday,True,2.5,trail2.0,0.23338847572555144
311,-0.1261742633475647,0.6907671283702194,0.36012861736334406,-39.240195901092626,45.62384668248205,9,200,allday,True,2.5,trail3.0,0.23338847572555144
300,-0.07390536818211052,0.806240499580153,0.42,-22.171610454633157,31.84001397820269,9,200,allday,True,3.0,tp1.5,0.19449039643795954
290,-0.08351180452494925,0.7831178192362935,0.41379310344827586,-24.21842331223528,31.92244377939384,9,200,allday,True,3.0,tp2.0,0.19449039643795954
287,-0.10646223116861851,0.7306082721488438,0.4076655052264808,-30.55466034539351,37.17038928251068,9,200,allday,True,3.0,tp3.0,0.19449039643795954
363,-0.08837897358470795,0.6997917758039013,0.3608815426997245,-32.08156741124898,36.88996369331029,9,200,allday,True,3.0,trail2.0,0.19449039643795954
305,-0.09609397068145287,0.7217688336732563,0.3737704918032787,-29.308661057843125,36.52704499412003,9,200,allday,True,3.0,trail3.0,0.19449039643795954
138,0.02751960019143999,1.0469254054022792,0.4492753623188406,3.7977048264187188,10.00819684091937,20,50,ny0811,False,1.5,tp1.5,0.3889807928759191
133,0.027018818030439443,1.0423440425572368,0.39849624060150374,3.593502798048446,9.426963895608008,20,50,ny0811,False,1.5,tp2.0,0.3889807928759191
127,0.007967194027977971,1.0116058890200978,0.3464566929133858,1.0118336415532023,13.390434629696573,20,50,ny0811,False,1.5,tp3.0,0.3889807928759191
134,-0.038499254904647194,0.9348264051648639,0.3582089552238806,-5.158900157222724,19.85700354902154,20,50,ny0811,False,1.5,trail2.0,0.3889807928759191
129,-0.019234141325885783,0.9706421058188245,0.31007751937984496,-2.481204231039266,17.00235176779598,20,50,ny0811,False,1.5,trail3.0,0.3889807928759191
119,-0.010435125165943184,0.9810543044859508,0.44537815126050423,-1.241779894747239,10.871077830462227,20,50,ny0811,False,2.0,tp1.5,0.2917355946569393
115,0.007164133543327579,1.0125785118499147,0.40869565217391307,0.8238753574826716,9.58877640510858,20,50,ny0811,False,2.0,tp2.0,0.2917355946569393
113,-0.03434710292351142,0.9417159835202136,0.3893805309734513,-3.88122263035679,11.615714702735751,20,50,ny0811,False,2.0,tp3.0,0.2917355946569393
123,-0.04003137746149933,0.9164418727762118,0.3902439024390244,-4.923859427764418,16.552856155962548,20,50,ny0811,False,2.0,trail2.0,0.2917355946569393
117,-0.033563188790477705,0.9391235474931161,0.3504273504273504,-3.9268930884858912,13.522789264395623,20,50,ny0811,False,2.0,trail3.0,0.2917355946569393
113,-0.04271767168519211,0.9197360139910915,0.4247787610619469,-4.827096900426708,14.347943627225458,20,50,ny0811,False,2.5,tp1.5,0.23338847572555144
110,-0.08294477821751994,0.8499953956395575,0.4,-9.123925603927194,14.107173364524627,20,50,ny0811,False,2.5,tp2.0,0.23338847572555144
108,-0.11036358777920768,0.7995136438504307,0.39814814814814814,-11.91926748015443,15.28104815579349,20,50,ny0811,False,2.5,tp3.0,0.23338847572555144
123,-0.07119512531557644,0.8308253792111674,0.3902439024390244,-8.757000413815902,16.353039528476288,20,50,ny0811,False,2.5,trail2.0,0.23338847572555144
113,-0.057589260212652656,0.8826900175942767,0.36283185840707965,-6.50758640402975,12.49698250579242,20,50,ny0811,False,2.5,trail3.0,0.23338847572555144
104,-0.01866699294697435,0.9596481728753021,0.4423076923076923,-1.9413672664853325,7.569717004313893,20,50,ny0811,False,3.0,tp1.5,0.19449039643795954
102,-0.04390506101974564,0.9060704432321899,0.43137254901960786,-4.478316224014055,9.844258506703474,20,50,ny0811,False,3.0,tp2.0,0.19449039643795954
101,-0.024345926714601163,0.9472798064130026,0.43564356435643564,-2.4589385981747176,8.84425850670339,20,50,ny0811,False,3.0,tp3.0,0.19449039643795954
120,-0.0691409013689115,0.8095000118421777,0.39166666666666666,-8.29690816426938,13.855281574011176,20,50,ny0811,False,3.0,trail2.0,0.19449039643795954
109,-0.02971967715694121,0.9273738784449421,0.3853211009174312,-3.239444810106592,8.201926406734135,20,50,ny0811,False,3.0,trail3.0,0.19449039643795954
109,-0.03033822641884865,0.9496196375282505,0.43119266055045874,-3.3068666796545028,11.565721290463092,20,50,ny0811,True,1.5,tp1.5,0.3889807928759191
107,0.03836917022975053,1.061922641374413,0.411214953271028,4.105501214583307,10.51930602449771,20,50,ny0811,True,1.5,tp2.0,0.3889807928759191
104,-0.005806689125718834,0.9914593675795309,0.3557692307692308,-0.6038956690747588,13.971662509128578,20,50,ny0811,True,1.5,tp3.0,0.3889807928759191
108,-0.07589293814073736,0.8722972596541592,0.3333333333333333,-8.196437319199635,17.75909888515046,20,50,ny0811,True,1.5,trail2.0,0.3889807928759191
106,-0.04315587493968247,0.9345580589600587,0.3113207547169811,-4.574522743606342,18.116269433695088,20,50,ny0811,True,1.5,trail3.0,0.3889807928759191
98,-0.010179030280447157,0.9810769613567083,0.4489795918367347,-0.9975449674838215,8.279875469534959,20,50,ny0811,True,2.0,tp1.5,0.2917355946569393
97,-0.0037012932301296255,0.9934467118364869,0.41237113402061853,-0.3590254433225737,10.235961458538643,20,50,ny0811,True,2.0,tp2.0,0.2917355946569393
95,-0.08308307299634321,0.8587489119713952,0.3894736842105263,-7.892891934652605,12.044702814162937,20,50,ny0811,True,2.0,tp3.0,0.2917355946569393
102,-0.06625357087750311,0.8612111705788301,0.3627450980392157,-6.757864229505317,13.589209478262111,20,50,ny0811,True,2.0,trail2.0,0.2917355946569393
99,-0.05673602226664468,0.8980266700377747,0.35353535353535354,-5.616866204397824,13.084322476820372,20,50,ny0811,True,2.0,trail3.0,0.2917355946569393
95,-0.06434486616064675,0.8766962766457079,0.42105263157894735,-6.112762285261441,12.950164536175846,20,50,ny0811,True,2.5,tp1.5,0.23338847572555144
93,-0.11339767752041365,0.7917836604983176,0.3978494623655914,-10.545984009398468,13.646613433625333,20,50,ny0811,True,2.5,tp2.0,0.23338847572555144
92,-0.1232376239637229,0.7746844783409619,0.391304347826087,-11.337861404662506,13.42252417931204,20,50,ny0811,True,2.5,tp3.0,0.23338847572555144
102,-0.08880846484409846,0.7873876288613543,0.3627450980392157,-9.058463414098043,13.067689887175375,20,50,ny0811,True,2.5,trail2.0,0.23338847572555144
96,-0.08243658020630591,0.83230696122403,0.3541666666666667,-7.913911699805368,13.16766773131017,20,50,ny0811,True,2.5,trail3.0,0.23338847572555144
88,-0.035573692526937366,0.921416826593292,0.4431818181818182,-3.1304849423704884,7.027183289734099,20,50,ny0811,True,3.0,tp1.5,0.19449039643795954
86,-0.07625505656615786,0.8335674536852874,0.43023255813953487,-6.557934864689576,9.301724792123679,20,50,ny0811,True,3.0,tp2.0,0.19449039643795954
86,-0.044245605265099575,0.9034305516366987,0.43023255813953487,-3.8051220527985636,8.301724792123593,20,50,ny0811,True,3.0,tp3.0,0.19449039643795954
98,-0.07011823487945434,0.7993433124761842,0.3673469387755102,-6.871587018186525,9.500816475514764,20,50,ny0811,True,3.0,trail2.0,0.19449039643795954
92,-0.047089933093181345,0.884350234717893,0.3804347826086957,-4.332273844572684,8.211073022712267,20,50,ny0811,True,3.0,trail3.0,0.19449039643795954
162,-0.017220202720710055,0.9705380632342094,0.43209876543209874,-2.7896728407550286,9.224711788451597,20,50,ny0812,False,1.5,tp1.5,0.3889807928759191
156,-0.013712572425857618,0.9782995931184701,0.391025641025641,-2.1391612984337884,10.230617083987111,20,50,ny0812,False,1.5,tp2.0,0.3889807928759191
148,-0.03462735046092591,0.9491325088497343,0.34459459459459457,-5.124847868217035,14.027363535617926,20,50,ny0812,False,1.5,tp3.0,0.3889807928759191
160,-0.08709284706060316,0.8544416794792099,0.34375,-13.934855529696506,19.06119956763076,20,50,ny0812,False,1.5,trail2.0,0.3889807928759191
151,-0.059511269340219976,0.9085172116858762,0.31125827814569534,-8.986201670373216,17.892870967876732,20,50,ny0812,False,1.5,trail3.0,0.3889807928759191
137,-0.02417628665103551,0.9548037322718801,0.44525547445255476,-3.3121512711918646,11.787716444527582,20,50,ny0812,False,2.0,tp1.5,0.2917355946569393
130,-0.012699935896608405,0.9773774443272149,0.4153846153846154,-1.6509916665590927,10.731486175810799,20,50,ny0812,False,2.0,tp2.0,0.2917355946569393
127,-0.05854598158690824,0.8996211887029256,0.3937007874015748,-7.435339661537347,11.876287591696611,20,50,ny0812,False,2.0,tp3.0,0.2917355946569393
145,-0.07165315745049759,0.8514241371483949,0.3793103448275862,-10.38970783032215,15.731021491877282,20,50,ny0812,False,2.0,trail2.0,0.2917355946569393
134,-0.04907846620947245,0.908969919484171,0.3582089552238806,-6.576514472069308,13.918946357083195,20,50,ny0812,False,2.0,trail3.0,0.2917355946569393
128,-0.019782779492955586,0.9603691337641316,0.4453125,-2.532195775098315,12.078121462969245,20,50,ny0812,False,2.5,tp1.5,0.23338847572555144
123,-0.06928997265797919,0.8680264159534757,0.4146341463414634,-8.52266663693144,12.600751205979419,20,50,ny0812,False,2.5,tp2.0,0.23338847572555144
120,-0.08995244793898326,0.8277936608436415,0.4166666666666667,-10.79429375267799,13.250911236767601,20,50,ny0812,False,2.5,tp3.0,0.23338847572555144
143,-0.08241068279331046,0.8009980656466594,0.38461538461538464,-11.784727639443396,14.926934658931106,20,50,ny0812,False,2.5,trail2.0,0.23338847572555144
129,-0.04010518971838837,0.9129397827260255,0.3798449612403101,-5.173569473672099,11.100212831858059,20,50,ny0812,False,2.5,trail3.0,0.23338847572555144
118,-0.010339483336031073,0.9762571118791068,0.4491525423728814,-1.2200590336516666,7.591761128394294,20,50,ny0812,False,3.0,tp1.5,0.19449039643795954
115,-0.040375431848749574,0.9088727947732841,0.43478260869565216,-4.643174662606201,9.744785591608863,20,50,ny0812,False,3.0,tp2.0,0.19449039643795954
113,-0.019357239554863945,0.9557930248315479,0.4424778761061947,-2.187368069699626,8.744785591608782,20,50,ny0812,False,3.0,tp3.0,0.19449039643795954
141,-0.07724117308939349,0.7814706058709503,0.3829787234042553,-10.891005405604481,12.666860849390192,20,50,ny0812,False,3.0,trail2.0,0.19449039643795954
125,-0.02268531533746218,0.9410296175318784,0.392,-2.8356644171827727,7.571218477011337,20,50,ny0812,False,3.0,trail3.0,0.19449039643795954
132,-0.07345622068436766,0.8775678067669012,0.4166666666666667,-9.696221130336532,14.578372667330218,20,50,ny0812,True,1.5,tp1.5,0.3889807928759191
129,-0.011078602057420195,0.9820943589532628,0.40310077519379844,-1.4291396654072053,11.847318289417998,20,50,ny0812,True,1.5,tp2.0,0.3889807928759191
125,-0.05351152109414478,0.9205807017687875,0.352,-6.688940136768098,13.564224109271981,20,50,ny0812,True,1.5,tp3.0,0.3889807928759191
133,-0.12612307876076467,0.7917863026328398,0.3233082706766917,-16.7743694751817,18.924752301556072,20,50,ny0812,True,1.5,trail2.0,0.3889807928759191
127,-0.08568107847597306,0.8695523303863572,0.31496062992125984,-10.881496966448578,19.023507928194803,20,50,ny0812,True,1.5,trail3.0,0.3889807928759191
115,-0.025386077665736136,0.9515909986947743,0.45217391304347826,-2.919398931559656,10.272273878455412,20,50,ny0812,True,2.0,tp1.5,0.2917355946569393
112,-0.020437845067630356,0.962913698646041,0.41964285714285715,-2.2890386475746,11.073716416858243,20,50,ny0812,True,2.0,tp2.0,0.2917355946569393
109,-0.10001977198204974,0.826439853946777,0.3944954128440367,-10.902155146043421,13.507983614355336,20,50,ny0812,True,2.0,tp3.0,0.2917355946569393
123,-0.09817231885930289,0.7972071006530531,0.35772357723577236,-12.075195219694255,14.874373531838858,20,50,ny0812,True,2.0,trail2.0,0.2917355946569393
115,-0.07059104500532565,0.8704705265193827,0.3652173913043478,-8.117970175612449,14.262659357577203,20,50,ny0812,True,2.0,trail3.0,0.2917355946569393
109,-0.03022152660048039,0.9376172447355842,0.44954128440366975,-3.2941463994523623,11.136049377218063,20,50,ny0812,True,2.5,tp1.5,0.23338847572555144
105,-0.08972390744687649,0.8251474038291584,0.41904761904761906,-9.421010281922031,12.58179273876841,20,50,ny0812,True,2.5,tp2.0,0.23338847572555144
104,-0.09820084304986604,0.8092848955750606,0.41346153846153844,-10.212887677186067,12.297550451835605,20,50,ny0812,True,2.5,tp3.0,0.23338847572555144
122,-0.09881318372524098,0.7590434238737173,0.36065573770491804,-12.055208414479399,13.363707154438641,20,50,ny0812,True,2.5,trail2.0,0.23338847572555144
110,-0.05793862849912542,0.8748821295714964,0.38181818181818183,-6.373249134903796,11.652084127480782,20,50,ny0812,True,2.5,trail3.0,0.23338847572555144
101,-0.019532155866035496,0.9537732230171679,0.45544554455445546,-1.972747742469585,7.0492274138145,20,50,ny0812,True,3.0,tp1.5,0.19449039643795954
98,-0.06414657485933145,0.8511814704611924,0.4387755102040816,-6.286364336214483,9.20225187702907,20,50,ny0812,True,3.0,tp2.0,0.19449039643795954
98,-0.03605664820738236,0.9163494328717046,0.4387755102040816,-3.533551524323471,8.202251877028985,20,50,ny0812,True,3.0,tp3.0,0.19449039643795954
119,-0.07932660284439647,0.7669402648908776,0.36134453781512604,-9.43986573848318,10.515057151670364,20,50,ny0812,True,3.0,trail2.0,0.19449039643795954
106,-0.03543668637920374,0.9078661969943963,0.39622641509433965,-3.7562887561955964,7.361902245784117,20,50,ny0812,True,3.0,trail3.0,0.19449039643795954
302,-0.027780802347849416,0.9543119177944872,0.4304635761589404,-8.389802309050523,24.923343222610804,20,50,ln0312,False,1.5,tp1.5,0.3889807928759191
285,-0.01608018848711682,0.9758549020773469,0.37894736842105264,-4.582853718828294,20.494484190681366,20,50,ln0312,False,1.5,tp2.0,0.3889807928759191
263,-0.06379720657516405,0.91414244545971,0.30798479087452474,-16.778665329268144,24.295489786445618,20,50,ln0312,False,1.5,tp3.0,0.3889807928759191
288,0.0034193489944191035,1.0058177697985446,0.3611111111111111,0.9847725103927019,21.58558813135308,20,50,ln0312,False,1.5,trail2.0,0.3889807928759191
266,-0.06156722147779634,0.9082793802222624,0.30451127819548873,-16.376880913093828,26.60259324114697,20,50,ln0312,False,1.5,trail3.0,0.3889807928759191
252,-0.009453725363754734,0.9833947496271765,0.4444444444444444,-2.382338791666193,19.897668368492937,20,50,ln0312,False,2.0,tp1.5,0.2917355946569393
237,-0.02088482265529388,0.9664635446539296,0.3924050632911392,-4.949702969304649,20.76276094085356,20,50,ln0312,False,2.0,tp2.0,0.2917355946569393
224,-0.10540287226647183,0.8438663974965839,0.34375,-23.61024338768969,28.600437989574925,20,50,ln0312,False,2.0,tp3.0,0.2917355946569393
267,-0.02856095646509628,0.9405913511124085,0.39325842696629215,-7.625775376180707,25.3377601345659,20,50,ln0312,False,2.0,trail2.0,0.2917355946569393
237,-0.06196004931651752,0.8905026395262974,0.350210970464135,-14.684531688014651,23.74409014484768,20,50,ln0312,False,2.0,trail3.0,0.2917355946569393
222,-0.024439530751745403,0.9549093209605931,0.44144144144144143,-5.42557582688748,18.15940804363312,20,50,ln0312,False,2.5,tp1.5,0.23338847572555144
211,-0.09686402910878299,0.8363151156725076,0.3933649289099526,-20.43831014195321,25.98267218602625,20,50,ln0312,False,2.5,tp2.0,0.23338847572555144
206,-0.13186873329975946,0.7819508627668375,0.3786407766990291,-27.164959059750448,29.043093368080008,20,50,ln0312,False,2.5,tp3.0,0.23338847572555144
262,-0.050343392945700845,0.8782831806319785,0.3969465648854962,-13.189968951773622,22.745827794717815,20,50,ln0312,False,2.5,trail2.0,0.23338847572555144
225,-0.07573332695628157,0.8464415184948733,0.3688888888888889,-17.039998565163355,21.162730585588346,20,50,ln0312,False,2.5,trail3.0,0.23338847572555144
203,-0.06136185859088647,0.8795589777795234,0.42857142857142855,-12.456457293949953,18.85838649940795,20,50,ln0312,False,3.0,tp1.5,0.19449039643795954
196,-0.09352803822452453,0.8221230241030197,0.40816326530612246,-18.33149549200681,21.662916711424206,20,50,ln0312,False,3.0,tp2.0,0.19449039643795954
192,-0.12399609226823738,0.7655027817636065,0.40625,-23.807249715501577,24.276996979408082,20,50,ln0312,False,3.0,tp3.0,0.19449039643795954
259,-0.05008663962245221,0.8585446699087025,0.4015444015444015,-12.972439662215123,19.573519465242644,20,50,ln0312,False,3.0,trail2.0,0.19449039643795954
218,-0.07968702742084861,0.8123353559091309,0.3761467889908257,-17.371771977745,20.46620455832261,20,50,ln0312,False,3.0,trail3.0,0.19449039643795954
179,-0.01851552016501941,0.9685630565557253,0.43575418994413406,-3.314278109538474,14.744208176420784,20,50,ln0312,True,1.5,tp1.5,0.3889807928759191
173,0.009618160461990356,1.0152231976195722,0.3988439306358382,1.6639417599243316,12.969428208309518,20,50,ln0312,True,1.5,tp2.0,0.3889807928759191
162,-0.1421489157535206,0.8031241763124112,0.3148148148148148,-23.028124352070336,27.575751572488826,20,50,ln0312,True,1.5,tp3.0,0.3889807928759191
177,-0.08400449244746881,0.8557043427018303,0.3446327683615819,-14.86879516320198,20.054660291482904,20,50,ln0312,True,1.5,trail2.0,0.3889807928759191
164,-0.09536598597466966,0.8552743981510318,0.3048780487804878,-15.640021699845825,21.217575007567294,20,50,ln0312,True,1.5,trail3.0,0.3889807928759191
154,-0.009085041018329701,0.9832407190123527,0.45454545454545453,-1.399096316822774,9.982323906674981,20,50,ln0312,True,2.0,tp1.5,0.2917355946569393
147,-0.11496265230150107,0.8133954855285077,0.38095238095238093,-16.899509888320658,21.172880323952587,20,50,ln0312,True,2.0,tp2.0,0.2917355946569393
143,-0.1829763956203364,0.7177564826072794,0.34965034965034963,-26.165624573708108,28.929918844465416,20,50,ln0312,True,2.0,tp3.0,0.2917355946569393
166,-0.09039291513730861,0.8068062436779411,0.37349397590361444,-15.00522391279323,16.618011032574007,20,50,ln0312,True,2.0,trail2.0,0.2917355946569393
149,-0.11500192286857516,0.7927797177635818,0.348993288590604,-17.1352865074177,19.74111497572961,20,50,ln0312,True,2.0,trail3.0,0.2917355946569393
138,-0.09934757595584133,0.8117374125555679,0.427536231884058,-13.709965481906103,17.492074109189012,20,50,ln0312,True,2.5,tp1.5,0.23338847572555144
134,-0.15655482860990658,0.7200562289481022,0.39552238805970147,-20.97834703372748,25.73102053475275,20,50,ln0312,True,2.5,tp2.0,0.23338847572555144
133,-0.17322450442959259,0.6912032148675065,0.39097744360902253,-23.038859089135816,25.12954252034483,20,50,ln0312,True,2.5,tp3.0,0.23338847572555144
163,-0.0976803785217285,0.7536863265681571,0.37423312883435583,-15.921901699041747,17.21213139486637,20,50,ln0312,True,2.5,trail2.0,0.23338847572555144
139,-0.09171369579074247,0.8000906256339372,0.37410071942446044,-12.748203714913203,14.832866489562736,20,50,ln0312,True,2.5,trail3.0,0.23338847572555144
130,-0.09538015980678301,0.7985664874442665,0.43846153846153846,-12.399420774881792,16.58841053841113,20,50,ln0312,True,3.0,tp1.5,0.19449039643795954
127,-0.12210835149660126,0.7462830003534034,0.4251968503937008,-15.50776064006836,18.66197721106222,20,50,ln0312,True,3.0,tp2.0,0.19449039643795954
127,-0.12156278965922208,0.7474165699316102,0.4251968503937008,-15.438474286721204,17.621371530558786,20,50,ln0312,True,3.0,tp3.0,0.19449039643795954
160,-0.08359475296896338,0.7494923245665239,0.375,-13.37516047503414,14.450351888221315,20,50,ln0312,True,3.0,trail2.0,0.19449039643795954
138,-0.08244478050249153,0.7911828667506661,0.38405797101449274,-11.377379709343831,14.190044771011484,20,50,ln0312,True,3.0,trail3.0,0.19449039643795954
591,-0.06359269605118141,0.8904052787635788,0.4263959390862944,-37.58328336624822,42.191196696528166,20,50,allday,False,1.5,tp1.5,0.3889807928759191
558,-0.0264866588216002,0.9571145485845695,0.3870967741935484,-14.779555622452913,24.169588652868903,20,50,allday,False,1.5,tp2.0,0.3889807928759191
515,-0.061367488770156756,0.9082949691431986,0.3378640776699029,-31.60425671663073,40.19569836653408,20,50,allday,False,1.5,tp3.0,0.3889807928759191
583,-0.038523230694725345,0.9296228771128393,0.34991423670668953,-22.459043495024876,40.82890206099308,20,50,allday,False,1.5,trail2.0,0.3889807928759191
520,-0.04948779910412365,0.9206068715360383,0.3211538461538462,-25.7336555341443,39.36889144779405,20,50,allday,False,1.5,trail3.0,0.3889807928759191
494,-0.01696795765684058,0.9670004856565666,0.44534412955465585,-8.382171082479246,18.631456084343334,20,50,allday,False,2.0,tp1.5,0.2917355946569393
466,-0.041444551151439656,0.9246583136019543,0.4034334763948498,-19.31316083657088,26.029580411039248,20,50,allday,False,2.0,tp2.0,0.2917355946569393
445,-0.07937612012743765,0.864083987519621,0.37303370786516854,-35.322373456709755,46.07951519273317,20,50,allday,False,2.0,tp3.0,0.2917355946569393
542,-0.03364151316114006,0.9219262628860021,0.3837638376383764,-18.233700133337912,35.36050097308859,20,50,allday,False,2.0,trail2.0,0.2917355946569393
465,-0.05594825427538416,0.8909011763787712,0.3634408602150538,-26.015938238053636,33.95947933130085,20,50,allday,False,2.0,trail3.0,0.2917355946569393
440,-0.03232208985683347,0.9299789858996432,0.44545454545454544,-14.221719537006727,20.576523364402412,20,50,allday,False,2.5,tp1.5,0.23338847572555144
419,-0.07099499170683542,0.8551448797810907,0.41766109785202865,-29.746901525164038,34.53320857405304,20,50,allday,False,2.5,tp2.0,0.23338847572555144
412,-0.07039404108980017,0.8583817735680824,0.4029126213592233,-29.00234492899767,34.65587559544748,20,50,allday,False,2.5,tp3.0,0.23338847572555144
528,-0.034352098147132186,0.903539381314309,0.39015151515151514,-18.137907821685793,29.066167661740334,20,50,allday,False,2.5,trail2.0,0.23338847572555144
436,-0.06285113864153881,0.8534896263056132,0.38073394495412843,-27.403096447710922,30.558404291932874,20,50,allday,False,2.5,trail3.0,0.23338847572555144
403,-0.05950005601842809,0.8574317589268933,0.43672456575682383,-23.97852257542652,29.739185260124966,20,50,allday,False,3.0,tp1.5,0.19449039643795954
393,-0.04771939604403804,0.8880725762089415,0.42748091603053434,-18.75372264530695,28.371476726212194,20,50,allday,False,3.0,tp2.0,0.19449039643795954
388,-0.07927450049953716,0.81693959721836,0.41494845360824745,-30.75850619382042,36.97898937558345,20,50,allday,False,3.0,tp3.0,0.19449039643795954
523,-0.032734809290911396,0.8917271035885121,0.3938814531548757,-17.12030525914666,25.08113572882665,20,50,allday,False,3.0,trail2.0,0.19449039643795954
424,-0.05864926903843545,0.8401180990848875,0.3891509433962264,-24.867290072296633,27.496713275814948,20,50,allday,False,3.0,trail3.0,0.19449039643795954
321,-0.06292039998244316,0.8836291151414991,0.4236760124610592,-20.197448394364255,27.788916103961707,20,50,allday,True,1.5,tp1.5,0.3889807928759191
307,-0.03879651644524016,0.9319732831471781,0.39087947882736157,-11.91053054868873,25.833439830983046,20,50,allday,True,1.5,tp2.0,0.3889807928759191
289,-0.11389406747699773,0.8150908439746767,0.3460207612456747,-32.915385500852345,41.93645882954622,20,50,allday,True,1.5,tp3.0,0.3889807928759191
322,-0.11515022397839078,0.7830871392820713,0.3385093167701863,-37.07837212104183,45.500355960642636,20,50,allday,True,1.5,trail2.0,0.3889807928759191
289,-0.09693463745551643,0.8329303856903547,0.3356401384083045,-28.01411022464425,42.486089501662576,20,50,allday,True,1.5,trail3.0,0.3889807928759191
277,-0.039293121073106035,0.9175419790718856,0.4332129963898917,-10.884194537250371,19.81850536709559,20,50,allday,True,2.0,tp1.5,0.2917355946569393
265,-0.08972943525478352,0.8241637676928258,0.4,-23.778300342517635,33.71818741229003,20,50,allday,True,2.0,tp2.0,0.2917355946569393
255,-0.11656714331492186,0.7807646497702934,0.38823529411764707,-29.724621545305077,40.13151936355476,20,50,allday,True,2.0,tp3.0,0.2917355946569393
302,-0.10207695380549509,0.7594221399744898,0.36423841059602646,-30.827240049259515,36.58264853435356,20,50,allday,True,2.0,trail2.0,0.2917355946569393
264,-0.09793127050882801,0.7966115566387122,0.375,-25.853855414330596,35.82455687266664,20,50,allday,True,2.0,trail3.0,0.2917355946569393
245,-0.06180324320747826,0.8510041373197881,0.44081632653061226,-15.141794585832173,21.66838618040442,20,50,allday,True,2.5,tp1.5,0.23338847572555144
235,-0.08963762113574035,0.7936096960676426,0.4297872340425532,-21.06484096689898,27.36749587529328,20,50,allday,True,2.5,tp2.0,0.23338847572555144
234,-0.09640865349475358,0.7783470634553703,0.42735042735042733,-22.55962491777234,28.709800483905784,20,50,allday,True,2.5,tp3.0,0.23338847572555144
294,-0.09674882554494338,0.7238330188550738,0.3673469387755102,-28.444154710213354,31.789211959581603,20,50,allday,True,2.5,trail2.0,0.23338847572555144
245,-0.07143448299667127,0.8140301366877751,0.4,-17.50144833418446,24.076926018177094,20,50,allday,True,2.5,trail3.0,0.23338847572555144
233,-0.06267821929386021,0.8312992000968563,0.45064377682403434,-14.604025095469428,23.855109692356248,20,50,allday,True,3.0,tp1.5,0.19449039643795954
227,-0.07728775412704275,0.7951138158766575,0.44493392070484583,-17.544320186838704,26.92557328539293,20,50,allday,True,3.0,tp2.0,0.19449039643795954
227,-0.07547415991754783,0.7999215684285148,0.44493392070484583,-17.132634301283357,25.884967604889496,20,50,allday,True,3.0,tp3.0,0.19449039643795954
289,-0.08040842350176554,0.7259108782249504,0.370242214532872,-23.238034392010242,27.625852526585902,20,50,allday,True,3.0,trail2.0,0.19449039643795954
242,-0.07124427034127748,0.786993866533529,0.4049586776859504,-17.241113422589148,24.677063449062285,20,50,allday,True,3.0,trail3.0,0.19449039643795954
142,0.1314313418558608,1.2413064116595152,0.49295774647887325,18.663250543532236,7.392601928335614,20,100,ny0811,False,1.5,tp1.5,0.3889807928759191
137,0.12791529598869222,1.2128019453851666,0.43795620437956206,17.524395550450834,10.115926135827454,20,100,ny0811,False,1.5,tp2.0,0.3889807928759191
132,0.10496617097255351,1.1595757380168548,0.3787878787878788,13.855534568377063,14.047605695182902,20,100,ny0811,False,1.5,tp3.0,0.3889807928759191
139,-0.013291513009596696,0.97615712287239,0.37410071942446044,-1.8475203083339409,15.04183611025486,20,100,ny0811,False,1.5,trail2.0,0.3889807928759191
134,0.02085511998797082,1.0330569390142748,0.3358208955223881,2.79458607838809,15.178203994867115,20,100,ny0811,False,1.5,trail3.0,0.3889807928759191
122,0.10418682918645862,1.207255738888764,0.5,12.710793160747953,6.841181763511263,20,100,ny0811,False,2.0,tp1.5,0.2917355946569393
119,0.11644201015160693,1.2194169900066703,0.453781512605042,13.856599208041224,9.019754653249016,20,100,ny0811,False,2.0,tp2.0,0.2917355946569393
117,0.05501241792941369,1.0985382289051964,0.42735042735042733,6.436452897741402,11.993965613910898,20,100,ny0811,False,2.0,tp3.0,0.2917355946569393
128,0.007189413668370587,1.0163717935642553,0.421875,0.9202449495514351,12.14011394492766,20,100,ny0811,False,2.0,trail2.0,0.2917355946569393
122,0.020058108474527773,1.0386090048220682,0.38524590163934425,2.447089233892388,11.94677416768889,20,100,ny0811,False,2.0,trail3.0,0.2917355946569393
116,0.09012326030118985,1.193300472307157,0.5,10.454298194938023,7.864509487302492,20,100,ny0811,False,2.5,tp1.5,0.23338847572555144
113,0.029637473737038508,1.0593014972497579,0.46017699115044247,3.3490345322853514,8.53962720210848,20,100,ny0811,False,2.5,tp2.0,0.23338847572555144
111,0.0006144138871452905,1.0012139198155268,0.45045045045045046,0.06819994147312725,8.365868099441538,20,100,ny0811,False,2.5,tp3.0,0.23338847572555144
127,-0.008154562601437848,0.97803203690286,0.4409448818897638,-1.0356294503826067,9.144703864341746,20,100,ny0811,False,2.5,trail2.0,0.23338847572555144
117,0.023444704384696813,1.0537611406516074,0.4188034188034188,2.743030413009527,7.9605521757511175,20,100,ny0811,False,2.5,trail3.0,0.23338847572555144
106,0.0673858063199084,1.1596748265592545,0.49056603773584906,7.14289546991029,7.018075707167828,20,100,ny0811,False,3.0,tp1.5,0.19449039643795954
104,0.03970430414174374,1.0932101875818458,0.4807692307692308,4.129247630741348,7.247190082286368,20,100,ny0811,False,3.0,tp2.0,0.19449039643795954
103,0.04317870885363274,1.1003238901038148,0.47572815533980584,4.447407011924172,7.247190082286368,20,100,ny0811,False,3.0,tp3.0,0.19449039643795954
124,-0.010695419350250937,0.9661388883396409,0.4435483870967742,-1.3262319994311162,7.728186166051064,20,100,ny0811,False,3.0,trail2.0,0.19449039643795954
113,0.023340907352136852,1.0631099764612897,0.4336283185840708,2.6375225307914643,6.534669278112187,20,100,ny0811,False,3.0,trail3.0,0.19449039643795954
113,0.05852370007819813,1.1029516822060947,0.4690265486725664,6.613178108836389,8.730937466705143,20,100,ny0811,True,1.5,tp1.5,0.3889807928759191
110,0.0925367234106858,1.1542917708665734,0.43636363636363634,10.17903957517544,9.77637178168015,20,100,ny0811,True,1.5,tp2.0,0.3889807928759191
107,0.012708109060341016,1.0190230206934436,0.37383177570093457,1.3597676694564886,14.70805134103584,20,100,ny0811,True,1.5,tp3.0,0.3889807928759191
111,-0.13455769462413478,0.7640037883695011,0.3333333333333333,-14.93590410327896,15.453917320021482,20,100,ny0811,True,1.5,trail2.0,0.3889807928759191
109,-0.11163027783133089,0.8280952585100653,0.3211009174311927,-12.167700283615067,15.81677816095751,20,100,ny0811,True,1.5,trail3.0,0.3889807928759191
100,0.04039615347519732,1.0781312071081344,0.48,4.0396153475197325,6.7019883621667855,20,100,ny0811,True,2.0,tp1.5,0.2917355946569393
99,0.04389624853672117,1.0808167647189308,0.4444444444444444,4.345728605135396,9.07618635158733,20,100,ny0811,True,2.0,tp2.0,0.2917355946569393
97,-0.08293604311897719,0.8561890064096104,0.41237113402061853,-8.044796182540788,12.029784202593802,20,100,ny0811,True,2.0,tp3.0,0.2917355946569393
105,-0.10276584415208366,0.7728741492918095,0.37142857142857144,-10.790413635968784,11.178923548525674,20,100,ny0811,True,2.0,trail2.0,0.2917355946569393
102,-0.11364153708403767,0.7926861467270774,0.3627450980392157,-11.591436782571842,14.197265250883763,20,100,ny0811,True,2.0,trail3.0,0.2917355946569393
96,0.013366131732787593,1.028119089125969,0.4791666666666667,1.283148646347609,7.826687378269256,20,100,ny0811,True,2.5,tp1.5,0.23338847572555144
94,-0.0716531884560246,0.8589935705716393,0.44680851063829785,-6.735399714866313,11.132212414066775,20,100,ny0811,True,2.5,tp2.0,0.23338847572555144
93,-0.09169115172183123,0.8202413921532331,0.44086021505376344,-8.527277110130305,10.61193988477984,20,100,ny0811,True,2.5,tp3.0,0.23338847572555144
104,-0.0898191822056267,0.7624069708127734,0.3942307692307692,-9.341194949385176,9.652002879430688,20,100,ny0811,True,2.5,trail2.0,0.23338847572555144
98,-0.08940265785205916,0.8032265898599845,0.3877551020408163,-8.761460469501797,11.150920821580097,20,100,ny0811,True,2.5,trail3.0,0.23338847572555144
88,-0.0027584961565612835,0.9934966687367026,0.4772727272727273,-0.24274766177739293,7.125965504291406,20,100,ny0811,True,3.0,tp1.5,0.19449039643795954
86,-0.057069416065821416,0.8669676061275088,0.46511627906976744,-4.907969781660642,7.6752525291611295,20,100,ny0811,True,3.0,tp2.0,0.19449039643795954
86,-0.05268841534317853,0.8771799940204934,0.46511627906976744,-4.531203719513353,7.67525252916113,20,100,ny0811,True,3.0,tp3.0,0.19449039643795954
100,-0.06615746095437007,0.7866763664316784,0.4,-6.615746095437006,7.169461759749524,20,100,ny0811,True,3.0,trail2.0,0.19449039643795954
94,-0.06681311191197487,0.8233090991135279,0.40425531914893614,-6.280432519725638,8.271649479790888,20,100,ny0811,True,3.0,trail3.0,0.19449039643795954
162,0.10401089941687335,1.1951891410222546,0.48148148148148145,16.849765705533482,8.664575129991723,20,100,ny0812,False,1.5,tp1.5,0.3889807928759191
156,0.10618989925092046,1.1814626839821107,0.4358974358974359,16.565624283143592,9.674137944892744,20,100,ny0812,False,1.5,tp2.0,0.3889807928759191
147,0.07100071243935974,1.110157885987698,0.38095238095238093,10.437104728585881,13.605817504248192,20,100,ny0812,False,1.5,tp3.0,0.3889807928759191
159,-0.05224784044320499,0.9066166327335848,0.36477987421383645,-8.307406630469593,16.5736158286539,20,100,ny0812,False,1.5,trail2.0,0.3889807928759191
151,-0.011432099897781812,0.9815332082837237,0.33774834437086093,-1.7262470845650537,16.88939369586778,20,100,ny0812,False,1.5,trail3.0,0.3889807928759191
139,0.0885812192888575,1.1826925693670598,0.49640287769784175,12.312789481151192,8.62163551142793,20,100,ny0812,False,2.0,tp1.5,0.2917355946569393
133,0.10195658585773971,1.1980906173574086,0.45864661654135336,13.560225919079382,9.571221803030328,20,100,ny0812,False,2.0,tp2.0,0.2917355946569393
128,0.03138597883102094,1.0577427996549302,0.4296875,4.0174052903706805,12.522389723965658,20,100,ny0812,False,2.0,tp3.0,0.2917355946569393
146,-0.027423525619504386,0.937999332816415,0.410958904109589,-4.00383474044764,13.832821515582985,20,100,ny0812,False,2.0,trail2.0,0.2917355946569393
137,-0.004543509981304921,0.9910372029934488,0.38686131386861317,-0.6224608674387742,13.242705914253696,20,100,ny0812,False,2.0,trail3.0,0.2917355946569393
131,0.10652475028353521,1.2464114169907214,0.5114503816793893,13.954742287143112,8.30954788752537,20,100,ny0812,False,2.5,tp1.5,0.23338847572555144
123,0.022704118923634414,1.0477370914941535,0.4634146341463415,2.792606627607033,8.9676296904025,20,100,ny0812,False,2.5,tp2.0,0.23338847572555144
120,0.004722894504190442,1.0099165560238719,0.4583333333333333,0.566747340502853,8.793870587735558,20,100,ny0812,False,2.5,tp3.0,0.23338847572555144
143,-0.02534146680512079,0.9309564485029025,0.43356643356643354,-3.6238297531322727,9.678924240618981,20,100,ny0812,False,2.5,trail2.0,0.23338847572555144
131,0.028451150984428387,1.0694588585323983,0.42748091603053434,3.7271007789601187,7.4175428624811905,20,100,ny0812,False,2.5,trail3.0,0.23338847572555144
118,0.06609330048805888,1.1673239593552476,0.4915254237288136,7.799009457590948,7.388941040686894,20,100,ny0812,False,3.0,tp1.5,0.19449039643795954
114,0.025944362524577713,1.0640509762893724,0.47368421052631576,2.957657327801859,7.388941040686894,20,100,ny0812,False,3.0,tp2.0,0.19449039643795954
112,0.0385859773399526,1.095694047695321,0.4732142857142857,4.321629462074691,7.388941040686894,20,100,ny0812,False,3.0,tp3.0,0.19449039643795954
141,-0.02520607663145175,0.9186540928930368,0.4326241134751773,-3.554056805034697,8.17336981294876,20,100,ny0812,False,3.0,trail2.0,0.19449039643795954
127,0.021651029816609473,1.0622404874788185,0.4330708661417323,2.749680786709403,6.435196363017578,20,100,ny0812,False,3.0,trail3.0,0.19449039643795954
132,0.03643080433756723,1.065686496090831,0.4621212121212121,4.808866172558874,8.956908120498525,20,100,ny0812,True,1.5,tp1.5,0.3889807928759191
128,0.07210500944991749,1.1232199114605343,0.4375,9.229441209589439,9.334583590745437,20,100,ny0812,True,1.5,tp2.0,0.3889807928759191
124,-0.0011309216438092065,0.9982560015144517,0.3790322580645161,-0.1402342838323416,14.266263150101128,20,100,ny0812,True,1.5,tp3.0,0.3889807928759191
131,-0.1413289577680406,0.7520495338478045,0.33587786259541985,-18.51409346761332,21.210196793579776,20,100,ny0812,True,1.5,trail2.0,0.3889807928759191
126,-0.11024464432330426,0.8257381283844784,0.3333333333333333,-13.890825184736338,18.656897834482997,20,100,ny0812,True,1.5,trail3.0,0.3889807928759191
116,0.031452511588050895,1.0631628090621226,0.4827586206896552,3.6484913442139035,7.2456925206397,20,100,ny0812,True,2.0,tp1.5,0.2917355946569393
113,0.03492429523587053,1.0666873888216393,0.45132743362831856,3.94644536165337,8.382529522525086,20,100,ny0812,True,2.0,tp2.0,0.2917355946569393
109,-0.07775552499402495,0.8594416731818064,0.42201834862385323,-8.47535222434872,12.798086323704851,20,100,ny0812,True,2.0,tp3.0,0.2917355946569393
123,-0.11018878542777963,0.7571401850235977,0.37398373983739835,-13.553220607616895,15.166007727397664,20,100,ny0812,True,2.0,trail2.0,0.2917355946569393
117,-0.1073735528848641,0.7972897786041958,0.37606837606837606,-12.5627056875291,15.168534155841014,20,100,ny0812,True,2.0,trail3.0,0.2917355946569393
109,0.04874138752354246,1.1114914903825732,0.5045871559633027,5.312811240066129,8.271725778492137,20,100,ny0812,True,2.5,tp1.5,0.23338847572555144
104,-0.05397310252351454,0.8872536832915044,0.46153846153846156,-5.613202662445512,10.15583580865598,20,100,ny0812,True,2.5,tp2.0,0.23338847572555144
103,-0.07189398114281075,0.8502720333000575,0.4563106796116505,-7.405080057709506,10.205146262006034,20,100,ny0812,True,2.5,tp3.0,0.23338847572555144
121,-0.08502651886035506,0.7697939712014651,0.39669421487603307,-10.288208782102963,11.578438477927579,20,100,ny0812,True,2.5,trail2.0,0.23338847572555144
111,-0.054152553529758486,0.8722949050627806,0.4144144144144144,-6.010933441803192,8.400393793881497,20,100,ny0812,True,2.5,trail3.0,0.23338847572555144
100,0.01882202323429094,1.0480174430369067,0.49,1.882202323429094,8.179595656748553,20,100,ny0812,True,3.0,tp1.5,0.19449039643795954
96,-0.048757353684210386,0.8792533392848211,0.46875,-4.680705953684197,8.197421749467711,20,100,ny0812,True,3.0,tp2.0,0.19449039643795954
96,-0.04483270720350945,0.8889726517828183,0.46875,-4.303939891536907,8.160597375655566,20,100,ny0812,True,3.0,tp3.0,0.19449039643795954
118,-0.06335521618090978,0.7897849512432286,0.3983050847457627,-7.475915509347353,9.72985495852696,20,100,ny0812,True,3.0,trail2.0,0.19449039643795954
107,-0.04388997238957344,0.8759345228713753,0.4205607476635514,-4.696227045684358,7.079765397269969,20,100,ny0812,True,3.0,trail3.0,0.19449039643795954
302,0.061698363427785605,1.1082982103845835,0.46688741721854304,18.632905755191253,13.71441147634343,20,100,ln0312,False,1.5,tp1.5,0.3889807928759191
282,0.07026805448652503,1.111172407106808,0.41134751773049644,19.815591365200056,13.5580114537638,20,100,ln0312,False,1.5,tp2.0,0.3889807928759191
260,0.06202914302663301,1.0881269414737886,0.34615384615384615,16.127577186924583,17.30213913763014,20,100,ln0312,False,1.5,tp3.0,0.3889807928759191
285,0.04227700681426814,1.0750706927727545,0.37543859649122807,12.048946942066419,19.51125301778466,20,100,ln0312,False,1.5,trail2.0,0.3889807928759191
260,0.010487673088985053,1.0164768010876026,0.3384615384615385,2.7267950031361137,22.443989489357747,20,100,ln0312,False,1.5,trail3.0,0.3889807928759191
249,0.09028690526174135,1.1729286154515621,0.4899598393574297,22.481439410173596,7.864338260586086,20,100,ln0312,False,2.0,tp1.5,0.2917355946569393
237,0.11462353333693003,1.2020921620225624,0.4430379746835443,27.165777400852416,10.374012599532865,20,100,ln0312,False,2.0,tp2.0,0.2917355946569393
218,0.01683359799644985,1.026790288025671,0.38990825688073394,3.669724363226067,14.699857279728697,20,100,ln0312,False,2.0,tp3.0,0.2917355946569393
265,0.019135371969606223,1.042144010715904,0.4075471698113208,5.070873571945649,16.972378470510698,20,100,ln0312,False,2.0,trail2.0,0.2917355946569393
232,0.021569184414042642,1.0414603926130142,0.3879310344827586,5.004050784057893,12.204705186361025,20,100,ln0312,False,2.0,trail3.0,0.2917355946569393
217,0.12102972417428966,1.2562358161132343,0.5069124423963134,26.263450145820855,6.963285326889061,20,100,ln0312,False,2.5,tp1.5,0.23338847572555144
205,0.06512112335944616,1.124261589929992,0.45365853658536587,13.349830288686462,7.828680149355222,20,100,ln0312,False,2.5,tp2.0,0.23338847572555144
197,0.005444530393996332,1.0098991795500947,0.4263959390862944,1.0725724876172773,9.86383470770873,20,100,ln0312,False,2.5,tp3.0,0.23338847572555144
259,0.012668107639246967,1.0336055257580663,0.4247104247104247,3.2810398785649646,11.992507011234864,20,100,ln0312,False,2.5,trail2.0,0.23338847572555144
219,0.03579439471303363,1.0825652245088084,0.4155251141552511,7.838972442154365,13.000657201227975,20,100,ln0312,False,2.5,trail3.0,0.23338847572555144
199,0.07241112121194793,1.1619799249928642,0.4824120603015075,14.409813121177638,7.46796066454586,20,100,ln0312,False,3.0,tp1.5,0.19449039643795954
188,0.021104263675911044,1.0449395525380982,0.4574468085106383,3.967601571071276,9.002482295729209,20,100,ln0312,False,3.0,tp2.0,0.19449039643795954
185,0.01907699106381226,1.0400019975210877,0.4486486486486487,3.529243346805268,9.581957497098061,20,100,ln0312,False,3.0,tp3.0,0.19449039643795954
257,0.003110964582485394,1.0096656507552828,0.4280155642023346,0.7995178976987463,10.681667237068506,20,100,ln0312,False,3.0,trail2.0,0.19449039643795954
212,0.026469815449275173,1.0706734048870892,0.42452830188679247,5.611600875246337,12.291886184916052,20,100,ln0312,False,3.0,trail3.0,0.19449039643795954
180,0.06963748331481454,1.1260824216413392,0.4722222222222222,12.534746996666616,9.763232580926948,20,100,ln0312,True,1.5,tp1.5,0.3889807928759191
171,0.09284403397454091,1.1553202627833943,0.4327485380116959,15.876329809646496,11.848621431826967,20,100,ln0312,True,1.5,tp2.0,0.3889807928759191
160,-0.033217092225708275,0.9511788861358493,0.35625,-5.3147347561133245,21.439201413578047,20,100,ln0312,True,1.5,tp3.0,0.3889807928759191
176,-0.08826373381515801,0.8412573993210516,0.3522727272727273,-15.53441715146781,27.7974425790736,20,100,ln0312,True,1.5,trail2.0,0.3889807928759191
160,-0.0925736690725334,0.8518469127552272,0.3375,-14.811787051605343,27.382022780241115,20,100,ln0312,True,1.5,trail3.0,0.3889807928759191
151,0.07047437502380208,1.1409077913234715,0.4966887417218543,10.641630628594115,6.325775058289019,20,100,ln0312,True,2.0,tp1.5,0.2917355946569393
146,0.01358624412736586,1.0243222338919251,0.4383561643835616,1.9835916425954156,12.535064890074366,20,100,ln0312,True,2.0,tp2.0,0.2917355946569393
139,-0.0992838962284489,0.8352067947530165,0.39568345323741005,-13.800461575754397,25.6332269514301,20,100,ln0312,True,2.0,tp3.0,0.2917355946569393
166,-0.09328064093156113,0.7894301016758252,0.3795180722891566,-15.484586394639148,21.605055647299206,20,100,ln0312,True,2.0,trail2.0,0.2917355946569393
146,-0.09484435460406858,0.8158532838558369,0.3767123287671233,-13.847275772194013,20.275679629737603,20,100,ln0312,True,2.0,trail3.0,0.2917355946569393
133,0.05800096397122522,1.130217037172459,0.5112781954887218,7.714128208172954,7.603992435902564,20,100,ln0312,True,2.5,tp1.5,0.23338847572555144
128,-0.006290799508201425,0.9869342931557137,0.46875,-0.8052223370497824,11.054455408897669,20,100,ln0312,True,2.5,tp2.0,0.23338847572555144
126,-0.0705813469001852,0.8573467524907129,0.4523809523809524,-8.893249709423335,15.215384918819215,20,100,ln0312,True,2.5,tp3.0,0.23338847572555144
163,-0.06533150647504901,0.8154121519899472,0.3987730061349693,-10.649035555432988,15.398078933287099,20,100,ln0312,True,2.5,trail2.0,0.23338847572555144
136,-0.02618499046922312,0.9336548341440324,0.41911764705882354,-3.5611587038143444,11.718849040642985,20,100,ln0312,True,2.5,trail3.0,0.23338847572555144
125,0.04728502050326141,1.1194562566816824,0.512,5.910627562907676,8.18446974818348,20,100,ln0312,True,3.0,tp1.5,0.19449039643795954
120,0.00046426356530264353,1.001135910056762,0.49166666666666664,0.055711627836317223,10.364331677922822,20,100,ln0312,True,3.0,tp2.0,0.19449039643795954
120,-0.01723759950612378,0.9586967052652356,0.48333333333333334,-2.0685119407348536,10.848088031127652,20,100,ln0312,True,3.0,tp3.0,0.19449039643795954
161,-0.05522307535519126,0.8128640748566606,0.39751552795031053,-8.890915132185793,13.357911067390292,20,100,ln0312,True,3.0,trail2.0,0.19449039643795954
135,-0.028863122421177587,0.9147361143162611,0.42962962962962964,-3.896521526858974,10.844561782691464,20,100,ln0312,True,3.0,trail3.0,0.19449039643795954
585,-0.04004435876434502,0.9297137435432441,0.4393162393162393,-23.425949877141836,28.277614476317897,20,100,allday,False,1.5,tp1.5,0.3889807928759191
548,-0.008853566528643518,0.9854218335690801,0.3978102189781022,-4.851754457696648,29.136122397479483,20,100,allday,False,1.5,tp2.0,0.3889807928759191
507,-0.03297436597849,0.9499689712776085,0.3510848126232742,-16.71800355109443,40.44367942505558,20,100,allday,False,1.5,tp3.0,0.3889807928759191
576,-0.02259398460566434,0.9577776478116098,0.3611111111111111,-13.014135132862659,41.49134290944223,20,100,allday,False,1.5,trail2.0,0.3889807928759191
509,-0.026162481656375015,0.9570361340852999,0.3379174852652259,-13.316703163094882,45.98393688893998,20,100,allday,False,1.5,trail3.0,0.3889807928759191
493,0.0050611929436162675,1.0100745742157011,0.4543610547667343,2.49516812120282,12.750404614512934,20,100,allday,False,2.0,tp1.5,0.2917355946569393
467,0.0009352962596614102,1.001740015080892,0.41541755888650966,0.43678335326187856,22.129014017216186,20,100,allday,False,2.0,tp2.0,0.2917355946569393
442,-0.046658835915451585,0.9192009534807919,0.3778280542986425,-20.6232054746296,36.398861416344175,20,100,allday,False,2.0,tp3.0,0.2917355946569393
537,-0.018827221566332562,0.9553551224556314,0.39106145251396646,-10.110217981120586,29.081179011344087,20,100,allday,False,2.0,trail2.0,0.2917355946569393
463,-0.0280323755771648,0.9438586144778528,0.3714902807775378,-12.978989892227302,31.619864521566964,20,100,allday,False,2.0,trail3.0,0.2917355946569393
437,0.020144701798651837,1.046466932450664,0.4645308924485126,8.803234686010853,14.52261412614994,20,100,allday,False,2.5,tp1.5,0.23338847572555144
416,-0.019459691710865576,0.9582942211492902,0.43028846153846156,-8.09523175172008,21.32055697035573,20,100,allday,False,2.5,tp2.0,0.23338847572555144
409,-0.019218182951980203,0.9596947567585203,0.41075794621026895,-7.860236827359904,21.91325719873547,20,100,allday,False,2.5,tp3.0,0.23338847572555144
522,-0.016293014969257363,0.9529932655679408,0.4003831417624521,-8.504953813952344,20.290056437141715,20,100,allday,False,2.5,trail2.0,0.23338847572555144
433,-0.028537275742907976,0.9299681283892032,0.39260969976905313,-12.356640396679154,22.69445950883583,20,100,allday,False,2.5,trail3.0,0.23338847572555144
401,-0.006988716627985397,0.9821221444900006,0.456359102244389,-2.802475367822144,15.581890807275595,20,100,allday,False,3.0,tp1.5,0.19449039643795954
389,-0.006686666715714116,0.9833250078148377,0.442159383033419,-2.601113352412791,19.16776573919363,20,100,allday,False,3.0,tp2.0,0.19449039643795954
385,-0.027138136420646747,0.9337915657671715,0.42857142857142855,-10.448182521948997,21.787172146733727,20,100,allday,False,3.0,tp3.0,0.19449039643795954
517,-0.013030352586569332,0.9550425086497987,0.40425531914893614,-6.736692287256345,16.88528332969214,20,100,allday,False,3.0,trail2.0,0.19449039643795954
421,-0.02060085576080882,0.9402532250245121,0.40380047505938244,-8.672960275300513,16.334057683755994,20,100,allday,False,3.0,trail3.0,0.19449039643795954
328,-0.037891266784122773,0.9286502175735675,0.43902439024390244,-12.428335505192269,21.797553385888726,20,100,allday,True,1.5,tp1.5,0.3889807928759191
312,-0.016688828650361417,0.9702019391084746,0.40384615384615385,-5.206914538912762,20.722278568981814,20,100,allday,True,1.5,tp2.0,0.3889807928759191
294,-0.07980637884565385,0.8687577746962466,0.36054421768707484,-23.463075380622232,43.45537681608582,20,100,allday,True,1.5,tp3.0,0.3889807928759191
324,-0.1166972942868515,0.7778581465097084,0.35185185185185186,-37.80992334893988,54.4916863425025,20,100,allday,True,1.5,trail2.0,0.3889807928759191
291,-0.11883784463939175,0.7932224796679218,0.3470790378006873,-34.581812790063,55.75515868709451,20,100,allday,True,1.5,trail3.0,0.3889807928759191
280,-0.02053054433653235,0.9558436801562505,0.44642857142857145,-5.748552414229057,16.627931635402224,20,100,allday,True,2.0,tp1.5,0.2917355946569393
270,-0.04653377087773132,0.906182816360269,0.4185185185185185,-12.564118136987457,28.60240267735522,20,100,allday,True,2.0,tp2.0,0.2917355946569393
257,-0.09470276996265237,0.8188032852060656,0.40077821011673154,-24.338611880401658,42.052868889424545,20,100,allday,True,2.0,tp3.0,0.2917355946569393
305,-0.10448793825006579,0.75075038996272,0.3770491803278688,-31.868821166270067,42.424188292527695,20,100,allday,True,2.0,trail2.0,0.2917355946569393
266,-0.10871304052963851,0.7704706783955808,0.37969924812030076,-28.917668780883844,43.12215454238351,20,100,allday,True,2.0,trail3.0,0.2917355946569393
246,-0.006436946736394527,0.9833925403441998,0.4634146341463415,-1.5834888971530536,13.64168983038497,20,100,allday,True,2.5,tp1.5,0.23338847572555144
236,-0.03567573062183691,0.9124991462352591,0.4449152542372881,-8.419472426753511,20.520906049949815,20,100,allday,True,2.5,tp2.0,0.23338847572555144
235,-0.059662462661973434,0.855426806414597,0.43829787234042555,-14.020678725563757,24.379397955712385,20,100,allday,True,2.5,tp3.0,0.23338847572555144
294,-0.08063319156269766,0.7603034665396711,0.3877551020408163,-23.70615831943311,31.40845296079902,20,100,allday,True,2.5,trail2.0,0.23338847572555144
246,-0.05943197828942806,0.8372757797306336,0.4065040650406504,-14.620266659199302,26.9364233169863,20,100,allday,True,2.5,trail3.0,0.23338847572555144
233,-0.014442446950713566,0.9583193659952353,0.4592274678111588,-3.365090139516261,15.474235568466428,20,100,allday,True,3.0,tp1.5,0.19449039643795954
226,-0.034444176223805405,0.9024477616197881,0.45132743362831856,-7.784383826580021,21.453715890587787,20,100,allday,True,3.0,tp2.0,0.19449039643795954
226,-0.047979859126984305,0.8658525530492802,0.4469026548672566,-10.843448162698452,23.351815961688217,20,100,allday,True,3.0,tp3.0,0.19449039643795954
289,-0.06526272352159346,0.7669795203928179,0.39100346020761245,-18.860927097740507,26.68129497658773,20,100,allday,True,3.0,trail2.0,0.19449039643795954
242,-0.06096791246751087,0.8071908106359207,0.4090909090909091,-14.75423481713763,25.167663673768654,20,100,allday,True,3.0,trail3.0,0.19449039643795954
136,0.14769139341677778,1.2754290159017279,0.49264705882352944,20.08602950468178,5.887464600605831,20,200,ny0811,False,1.5,tp1.5,0.3889807928759191
129,0.10035118745877487,1.1637711638768757,0.4186046511627907,12.94530318218196,9.412518860742564,20,200,ny0811,False,1.5,tp2.0,0.3889807928759191
125,0.09516252491677102,1.14436697288306,0.368,11.895315614596377,11.496763638076017,20,200,ny0811,False,1.5,tp3.0,0.3889807928759191
132,-0.014345436708647984,0.9743712718696487,0.3484848484848485,-1.8935976455415338,18.43681929737302,20,200,ny0811,False,1.5,trail2.0,0.3889807928759191
126,0.03690696764189466,1.0577174676642593,0.3333333333333333,4.650277922878727,15.353578647964055,20,200,ny0811,False,1.5,trail3.0,0.3889807928759191
115,0.07489768742256564,1.14493726411564,0.4782608695652174,8.613234053595049,9.328383235867793,20,200,ny0811,False,2.0,tp1.5,0.2917355946569393
112,0.10605182639309496,1.1958498430453153,0.4375,11.877804556026636,10.6177639823753,20,200,ny0811,False,2.0,tp2.0,0.2917355946569393
111,0.056722759222275626,1.1002660950008933,0.4144144144144144,6.296226273672595,13.59309433712307,20,200,ny0811,False,2.0,tp3.0,0.2917355946569393
121,0.007558551995963351,1.017112424343358,0.3884297520661157,0.9145847915115655,14.870039630750718,20,200,ny0811,False,2.0,trail2.0,0.2917355946569393
114,0.03965995657420823,1.074783188629637,0.37719298245614036,4.521235049459738,12.33141410727804,20,200,ny0811,False,2.0,trail3.0,0.2917355946569393
110,0.04992063154920917,1.100184662034898,0.4636363636363636,5.491269470413009,11.195147816233638,20,200,ny0811,False,2.5,tp1.5,0.23338847572555144
108,-0.0008819857389979007,0.9983343395942142,0.42592592592592593,-0.09525445981177327,13.495159235006206,20,200,ny0811,False,2.5,tp2.0,0.23338847572555144
106,-0.02628164150789942,0.9510343828739992,0.41509433962264153,-2.785853999837338,13.321400132339262,20,200,ny0811,False,2.5,tp3.0,0.23338847572555144
121,-0.031448486282129616,0.9192031978262498,0.3884297520661157,-3.8052668401376835,14.63495177373912,20,200,ny0811,False,2.5,trail2.0,0.23338847572555144
110,0.014038681901901743,1.0303141901588528,0.39090909090909093,1.5442550092091918,10.326392869268364,20,200,ny0811,False,2.5,trail3.0,0.23338847572555144
101,0.031740857368238215,1.0704663589280141,0.45544554455445546,3.2058265941920596,7.0130850784090715,20,200,ny0811,False,3.0,tp1.5,0.19449039643795954
99,0.011033738760881373,1.0242414695916218,0.4444444444444444,1.0923401373272559,9.121483089086668,20,200,ny0811,False,3.0,tp2.0,0.19449039643795954
98,0.017995609951500634,1.0391114313002288,0.4387755102040816,1.763569775247062,7.607478395933051,20,200,ny0811,False,3.0,tp3.0,0.19449039643795954
118,-0.029832703229273505,0.909770517287939,0.3898305084745763,-3.5202589810542735,12.41592182961514,20,200,ny0811,False,3.0,trail2.0,0.19449039643795954
106,0.017824615379794642,1.0455562507499827,0.4056603773584906,1.8894092302582322,9.14356094583971,20,200,ny0811,False,3.0,trail3.0,0.19449039643795954
109,0.05388296792567176,1.0947190836185967,0.45871559633027525,5.873243503898221,6.671419540129149,20,200,ny0811,True,1.5,tp1.5,0.3889807928759191
105,0.05082869865970708,1.0823182099393247,0.4095238095238095,5.3370133592692435,10.17528492808533,20,200,ny0811,True,1.5,tp2.0,0.3889807928759191
103,0.0013263579421212382,1.0019737990468938,0.3592233009708738,0.13661486803848755,13.259529705419027,20,200,ny0811,True,1.5,tp3.0,0.3889807928759191
107,-0.09821214176042449,0.8296896363587783,0.308411214953271,-10.508699168365421,16.225707818809855,20,200,ny0811,True,1.5,trail2.0,0.3889807928759191
104,-0.05597623165005839,0.9152008259397948,0.3173076923076923,-5.821528091606073,15.23872133197303,20,200,ny0811,True,1.5,trail3.0,0.3889807928759191
95,0.003350531705898261,1.00626041333725,0.45263157894736844,0.31830051206033483,9.014708889379577,20,200,ny0811,True,2.0,tp1.5,0.2917355946569393
94,0.034674134623466836,1.0623293286551003,0.425531914893617,3.2593686546058827,10.174208066320833,20,200,ny0811,True,2.0,tp2.0,0.2917355946569393
93,-0.06766223768951155,0.8844131757637915,0.3978494623655914,-6.292588105124574,11.739365644835113,20,200,ny0811,True,2.0,tp3.0,0.2917355946569393
100,-0.07206918174067563,0.8431230991454018,0.34,-7.206918174067563,11.929670002901224,20,200,ny0811,True,2.0,trail2.0,0.2917355946569393
96,-0.05884616424069728,0.8949654569769058,0.3541666666666667,-5.649231767106939,12.779499229223184,20,200,ny0811,True,2.0,trail3.0,0.2917355946569393
92,-0.012727643407706489,0.9749438070796851,0.44565217391304346,-1.170943193508997,10.805772698921018,20,200,ny0811,True,2.5,tp1.5,0.23338847572555144
91,-0.10182132907445637,0.8128083692967356,0.4065934065934066,-9.26574094577553,14.257371197029343,20,200,ny0811,True,2.5,tp2.0,0.23338847572555144
90,-0.10519314766947535,0.8074539777654428,0.4,-9.467383290252782,12.520272340516042,20,200,ny0811,True,2.5,tp3.0,0.23338847572555144
100,-0.09712766931849927,0.7613523780347232,0.34,-9.712766931849927,11.903057677742094,20,200,ny0811,True,2.5,trail2.0,0.23338847572555144
93,-0.07597622057402297,0.8439571082418806,0.3548387096774194,-7.065788513384136,12.656695255379256,20,200,ny0811,True,2.5,trail3.0,0.23338847572555144
85,-0.044135608664775235,0.9040613571885942,0.43529411764705883,-3.751526736505895,8.694539261301257,20,200,ny0811,True,3.0,tp1.5,0.19449039643795954
83,-0.08453719848295185,0.8185511146779388,0.42168674698795183,-7.016587474085004,8.78556082400726,20,200,ny0811,True,3.0,tp2.0,0.19449039643795954
83,-0.063695797050611,0.8632846654261397,0.42168674698795183,-5.286751155200713,8.24864275252917,20,200,ny0811,True,3.0,tp3.0,0.19449039643795954
96,-0.07157553979052658,0.7860175836788912,0.34375,-6.871251819890552,8.642818706719957,20,200,ny0811,True,3.0,trail2.0,0.19449039643795954
89,-0.05504997295113731,0.8646798646590111,0.3707865168539326,-4.899447592651221,9.596318449690877,20,200,ny0811,True,3.0,trail3.0,0.19449039643795954
158,0.10631887311836953,1.1992202725132663,0.47468354430379744,16.798381952702385,8.828057218872235,20,200,ny0812,False,1.5,tp1.5,0.3889807928759191
150,0.06951171767174938,1.1153462497805018,0.41333333333333333,10.426757650762408,13.505649491861009,20,200,ny0812,False,1.5,tp2.0,0.3889807928759191
142,0.04871205289220347,1.0745962362914991,0.36619718309859156,6.917111510692893,14.723250425408509,20,200,ny0812,False,1.5,tp3.0,0.3889807928759191
155,-0.06825407275998795,0.8803728951843748,0.33548387096774196,-10.579381277798133,23.04624510692326,20,200,ny0812,False,1.5,trail2.0,0.3889807928759191
145,-0.009864341408184294,0.9844395942048709,0.3310344827586207,-1.4303295041867226,20.219619484167595,20,200,ny0812,False,1.5,trail3.0,0.3889807928759191
135,0.05754672989851452,1.116055113741029,0.4740740740740741,7.76880853629946,13.53401282875977,20,200,ny0812,False,2.0,tp1.5,0.2917355946569393
129,0.08631790255322458,1.1652166070827032,0.4418604651162791,11.13500942936597,14.203202738091143,20,200,ny0812,False,2.0,tp2.0,0.2917355946569393
125,0.027446054628824428,1.0500868825675378,0.416,3.4307568286030534,16.12397688371327,20,200,ny0812,False,2.0,tp3.0,0.2917355946569393
143,-0.039636312287955555,0.9120859922391009,0.3776223776223776,-5.667992657177645,19.146805527209338,20,200,ny0812,False,2.0,trail2.0,0.2917355946569393
132,0.007615629624467891,1.0147893363398777,0.3787878787878788,1.0052631104297616,15.51279914782867,20,200,ny0812,False,2.0,trail3.0,0.2917355946569393
128,0.06589512572233613,1.1436475967322692,0.4765625,8.434576092459025,11.42012139627148,20,200,ny0812,False,2.5,tp1.5,0.23338847572555144
121,-0.009990246567348437,0.9800423179585481,0.4297520661157025,-1.2088198346491608,15.725128472528587,20,200,ny0812,False,2.5,tp2.0,0.23338847572555144
118,-0.024105458228531204,0.9519690424181473,0.423728813559322,-2.844444070966682,15.551369369861646,20,200,ny0812,False,2.5,tp3.0,0.23338847572555144
141,-0.056013824833544806,0.8557305960863548,0.3829787234042553,-7.897949301529818,17.41410276234935,20,200,ny0812,False,2.5,trail2.0,0.23338847572555144
127,0.015521164606304783,1.035882089605049,0.4015748031496063,1.9711879050007075,11.347817494001731,20,200,ny0812,False,2.5,trail3.0,0.23338847572555144
116,0.03192000106135342,1.0768257123249778,0.45689655172413796,3.7027201231169964,7.5548125241633315,20,200,ny0812,False,3.0,tp1.5,0.19449039643795954
112,-0.0021292020032853765,0.9950071833510049,0.4375,-0.23847062436796218,10.670344020436648,20,200,ny0812,False,3.0,tp2.0,0.19449039643795954
110,0.01344156151492595,1.031629213070948,0.43636363636363634,1.4785717666418545,9.15633932728303,20,200,ny0812,False,3.0,tp3.0,0.19449039643795954
139,-0.05037279797740947,0.8459736687304724,0.381294964028777,-7.001818918859916,14.731880986790333,20,200,ny0812,False,3.0,trail2.0,0.19449039643795954
123,0.014978431117239349,1.0412289468264493,0.4065040650406504,1.8423470274204399,9.511668512859345,20,200,ny0812,False,3.0,trail3.0,0.19449039643795954
130,0.019959760412615938,1.0353548767089826,0.4461538461538462,2.594768853640072,11.187112417003739,20,200,ny0812,True,1.5,tp1.5,0.3889807928759191
125,0.0226211258365675,1.0371203344476627,0.408,2.8276407295709376,13.002473305056782,20,200,ny0812,True,1.5,tp2.0,0.3889807928759191
121,-0.016944656324199777,0.9742690428607755,0.36363636363636365,-2.050303415228173,12.49012247204635,20,200,ny0812,True,1.5,tp3.0,0.3889807928759191
130,-0.12548296802169792,0.7858108239608623,0.3076923076923077,-16.31278584282073,18.601228499629304,20,200,ny0812,True,1.5,trail2.0,0.3889807928759191
123,-0.07401973379544437,0.8861847054501844,0.3252032520325203,-9.104427256839656,17.213237186515308,20,200,ny0812,True,1.5,trail3.0,0.3889807928759191
114,-0.004554783587230912,0.9911011706785996,0.45614035087719296,-0.519245328944324,12.156630688656708,20,200,ny0812,True,2.0,tp1.5,0.2917355946569393
111,0.02174471687770302,1.04080958262356,0.43243243243243246,2.413663573425035,11.974688882328309,20,200,ny0812,True,2.0,tp2.0,0.2917355946569393
108,-0.06638487022806792,0.8809916261240938,0.4074074074074074,-7.169565984631335,12.615562229538826,20,200,ny0812,True,2.0,tp3.0,0.2917355946569393
122,-0.09531330249512954,0.7956247581945975,0.3442622950819672,-11.628222904405803,15.174626439555567,20,200,ny0812,True,2.0,trail2.0,0.2917355946569393
114,-0.06199054833125454,0.8847005193203091,0.3684210526315789,-7.0669225097630175,14.930084060599222,20,200,ny0812,True,2.0,trail3.0,0.2917355946569393
109,0.016310707977704238,1.0351129235056549,0.46788990825688076,1.777867169569762,10.285552986594213,20,200,ny0812,True,2.5,tp1.5,0.23338847572555144
104,-0.08366039772609421,0.835448528237216,0.4230769230769231,-8.700681363513798,13.838132061777628,20,200,ny0812,True,2.5,tp2.0,0.23338847572555144
103,-0.08643032726204908,0.8305800499409134,0.4174757281553398,-8.902323707991055,12.474139490605527,20,200,ny0812,True,2.5,tp3.0,0.23338847572555144
121,-0.10053109853892711,0.7485622940865476,0.34710743801652894,-12.164262923210181,13.944592803157796,20,200,ny0812,True,2.5,trail2.0,0.23338847572555144
109,-0.04470090785178535,0.9009296932256421,0.3853211009174312,-4.872398955844603,11.912474582812576,20,200,ny0812,True,2.5,trail3.0,0.23338847572555144
100,-0.017857972100551383,0.9572783437633767,0.45,-1.7857972100551383,8.257297338370188,20,200,ny0812,True,3.0,tp1.5,0.19449039643795954
96,-0.07238066775900298,0.832027394805377,0.4270833333333333,-6.948544104864286,9.753314713771431,20,200,ny0812,True,3.0,tp2.0,0.19449039643795954
96,-0.05436153943729163,0.8738440845547967,0.4270833333333333,-5.218707785979996,8.473488633552153,20,200,ny0812,True,3.0,tp3.0,0.19449039643795954
118,-0.07614539293222847,0.7671152022844226,0.3474576271186441,-8.98515636600296,10.606632575765664,20,200,ny0812,True,3.0,trail2.0,0.19449039643795954
105,-0.03309011978443493,0.9116814605501262,0.3904761904761905,-3.4744625773656677,8.671073789508476,20,200,ny0812,True,3.0,trail3.0,0.19449039643795954
291,0.03726164371595787,1.0642594533911542,0.4536082474226804,10.84313832134374,11.76526841231792,20,200,ln0312,False,1.5,tp1.5,0.3889807928759191
272,0.03192820236953925,1.0493483876591683,0.39338235294117646,8.684471044514677,17.425970648788866,20,200,ln0312,False,1.5,tp2.0,0.3889807928759191
250,0.023617238407251388,1.0332206248436941,0.332,5.904309601812847,19.75613147142316,20,200,ln0312,False,1.5,tp3.0,0.3889807928759191
274,0.020630115241770684,1.0364273061088978,0.3613138686131387,5.652651576245168,22.938787384585403,20,200,ln0312,False,1.5,trail2.0,0.3889807928759191
249,-0.007426081267671966,0.9884845781043401,0.3373493975903614,-1.8490942356503197,21.2691997472058,20,200,ln0312,False,1.5,trail3.0,0.3889807928759191
238,0.049541227475264966,1.092215792502091,0.46638655462184875,11.790812139113061,13.792372098375765,20,200,ln0312,False,2.0,tp1.5,0.2917355946569393
228,0.08862062600394116,1.153480135834049,0.42543859649122806,20.205502728898583,14.329901045849134,20,200,ln0312,False,2.0,tp2.0,0.2917355946569393
208,-0.003809150712406566,0.9940077119408727,0.3701923076923077,-0.7923033481805657,21.83408226282119,20,200,ln0312,False,2.0,tp3.0,0.2917355946569393
254,0.004384064876440492,1.0096148199056094,0.3937007874015748,1.113552478615885,20.934152985532585,20,200,ln0312,False,2.0,trail2.0,0.2917355946569393
221,0.019393809805402566,1.0371441174220084,0.3891402714932127,4.286031966993967,16.404736210625774,20,200,ln0312,False,2.0,trail3.0,0.2917355946569393
210,0.08200475170015446,1.167766854607063,0.48095238095238096,17.220997857032437,7.390558332063518,20,200,ln0312,False,2.5,tp1.5,0.23338847572555144
197,0.018396279503882652,1.0339644706553595,0.4213197969543147,3.6240670622648823,17.329971431950167,20,200,ln0312,False,2.5,tp2.0,0.23338847572555144
191,-0.007278025539754535,0.9869628740270354,0.4031413612565445,-1.3901028780931162,20.862187941947177,20,200,ln0312,False,2.5,tp3.0,0.23338847572555144
250,-0.013689150374155535,0.9647063635911016,0.4,-3.4222875935388837,18.498302732301973,20,200,ln0312,False,2.5,trail2.0,0.23338847572555144
211,0.020554803084192805,1.0465233944315881,0.4075829383886256,4.337063450764682,12.548080302873053,20,200,ln0312,False,2.5,trail3.0,0.23338847572555144
191,0.03665783131020317,1.080900152420992,0.45549738219895286,7.001645780248806,10.894367566221732,20,200,ln0312,False,3.0,tp1.5,0.19449039643795954
182,0.015465936233260372,1.0330912087416406,0.43956043956043955,2.8148003944533877,13.693735494910394,20,200,ln0312,False,3.0,tp2.0,0.19449039643795954
180,0.0018708971449009305,1.003962523155391,0.43333333333333335,0.3367614860821675,13.781701784473615,20,200,ln0312,False,3.0,tp3.0,0.19449039643795954
248,-0.01657138279661619,0.9495643288771529,0.4032258064516129,-4.109702933560815,16.69453318184233,20,200,ln0312,False,3.0,trail2.0,0.19449039643795954
206,0.017391672091519067,1.045982144131756,0.4223300970873786,3.582684450852928,10.541145163246258,20,200,ln0312,False,3.0,trail3.0,0.19449039643795954
176,0.011196188071000606,1.0193715844204811,0.4431818181818182,1.9705291004961065,10.64332549151109,20,200,ln0312,True,1.5,tp1.5,0.3889807928759191
166,0.01281206285879759,1.0203482989160189,0.39759036144578314,2.1268024345603997,16.230841110489912,20,200,ln0312,True,1.5,tp2.0,0.3889807928759191
158,-0.0821189643797618,0.8822903589205666,0.33544303797468356,-12.974796372002364,27.77177548087778,20,200,ln0312,True,1.5,tp3.0,0.3889807928759191
174,-0.09608026647581643,0.8327985544976186,0.3218390804597701,-16.71796636679206,27.70435220780498,20,200,ln0312,True,1.5,trail2.0,0.3889807928759191
158,-0.09852620009525212,0.8477055635518551,0.3227848101265823,-15.567139615049834,25.788689088674168,20,200,ln0312,True,1.5,trail3.0,0.3889807928759191
145,0.013987194194541471,1.026837320017994,0.46206896551724136,2.0281431582085134,11.972725689735341,20,200,ln0312,True,2.0,tp1.5,0.2917355946569393
142,-0.01227807241981762,0.9784645162802946,0.4154929577464789,-1.7434862836141019,16.061818643484983,20,200,ln0312,True,2.0,tp2.0,0.2917355946569393
136,-0.11536008436778043,0.8112682895608984,0.375,-15.688971474018139,23.963632248393115,20,200,ln0312,True,2.0,tp3.0,0.2917355946569393
164,-0.0984675469905835,0.7851239182219671,0.3475609756097561,-16.148677706455693,21.48578427579599,20,200,ln0312,True,2.0,trail2.0,0.2917355946569393
142,-0.07796299052719241,0.8514960165354137,0.36619718309859156,-11.070744654861322,16.26934698059567,20,200,ln0312,True,2.0,trail3.0,0.2917355946569393
133,0.01527818968193016,1.0325254058707773,0.47368421052631576,2.031999227696711,12.049845765771261,20,200,ln0312,True,2.5,tp1.5,0.23338847572555144
128,-0.05109285896951545,0.8993409766737356,0.4296875,-6.539885948097978,16.346925547775978,20,200,ln0312,True,2.5,tp2.0,0.23338847572555144
126,-0.10152562905241234,0.8052450799780205,0.4126984126984127,-12.792229260603955,19.782659482626016,20,200,ln0312,True,2.5,tp3.0,0.23338847572555144
162,-0.09277871493486056,0.7584895685194281,0.35185185185185186,-15.030151819447411,19.102331213420932,20,200,ln0312,True,2.5,trail2.0,0.23338847572555144
134,-0.039057555580478534,0.9072874256928051,0.3880597014925373,-5.233712447784123,11.79929014222472,20,200,ln0312,True,2.5,trail3.0,0.23338847572555144
125,0.0016264581688522099,1.0038878706222107,0.472,0.20330727110652624,10.248953541499953,20,200,ln0312,True,3.0,tp1.5,0.19449039643795954
120,-0.03959539401383913,0.9083777234699988,0.45,-4.751447281660695,12.65118367563002,20,200,ln0312,True,3.0,tp2.0,0.19449039643795954
120,-0.04153938682717325,0.9057606375893578,0.44166666666666665,-4.98472641926079,12.055661978804899,20,200,ln0312,True,3.0,tp3.0,0.19449039643795954
159,-0.07261664976755686,0.7704589275444161,0.3522012578616352,-11.54604731304154,15.448989928345544,20,200,ln0312,True,3.0,trail2.0,0.19449039643795954
133,-0.0385194451698507,0.8929223337662404,0.39849624060150374,-5.123086207590143,10.802342155676575,20,200,ln0312,True,3.0,trail3.0,0.19449039643795954
582,-0.04658310311270489,0.9187844172763979,0.436426116838488,-27.111366011594246,37.85562453360711,20,200,allday,False,1.5,tp1.5,0.3889807928759191
543,-0.018925694202902937,0.9690681683164197,0.39594843462246776,-10.276651952176294,29.215185064475097,20,200,allday,False,1.5,tp2.0,0.3889807928759191
502,-0.03133870190316149,0.9523641603344349,0.3545816733067729,-15.732028355387065,29.849530596494983,20,200,allday,False,1.5,tp3.0,0.3889807928759191
568,-0.03779444748956321,0.9306392988202477,0.3591549295774648,-21.467246174071903,40.147970683377494,20,200,allday,False,1.5,trail2.0,0.3889807928759191
502,-0.03761762951890139,0.9392077554639156,0.34063745019920316,-18.884050018488495,39.184453023225764,20,200,allday,False,1.5,trail3.0,0.3889807928759191
479,-0.0013291132607372456,0.9973696837757884,0.453027139874739,-0.6366452518931407,17.245905652146142,20,200,allday,False,2.0,tp1.5,0.2917355946569393
456,-0.0006799321856637038,0.9987385866078691,0.4166666666666667,-0.3100490766626489,23.541095342773012,20,200,allday,False,2.0,tp2.0,0.2917355946569393
432,-0.05317205771645714,0.9074689919347001,0.37962962962962965,-22.970328933509485,39.23751741338652,20,200,allday,False,2.0,tp3.0,0.2917355946569393
527,-0.03140428191299002,0.9269862166124774,0.3889943074003795,-16.55005656814574,33.01659037593622,20,200,allday,False,2.0,trail2.0,0.2917355946569393
449,-0.028897435355144836,0.9428951493638746,0.37639198218262804,-12.974948474460032,27.502431348774316,20,200,allday,False,2.0,trail3.0,0.2917355946569393
425,0.019598165829276773,1.0452386123435868,0.4682352941176471,8.329220477442629,17.06033544445806,20,200,allday,False,2.5,tp1.5,0.23338847572555144
407,-0.02701862533138745,0.9424984008555513,0.42997542997543,-10.996580509874692,30.543761603293493,20,200,allday,False,2.5,tp2.0,0.23338847572555144
400,-0.027394135909473472,0.9419713769181556,0.415,-10.95765436378939,32.55313745868171,20,200,allday,False,2.5,tp3.0,0.23338847572555144
512,-0.026041691011443813,0.9261526423537134,0.3984375,-13.333345797859232,26.21770645617143,20,200,allday,False,2.5,trail2.0,0.23338847572555144
422,-0.029114448193389174,0.9293409002778142,0.3981042654028436,-12.286297137610232,24.777825182456564,20,200,allday,False,2.5,trail3.0,0.23338847572555144
394,-0.02495573058472438,0.937839164659917,0.44923857868020306,-9.832557850381406,19.84132275882118,20,200,allday,False,3.0,tp1.5,0.19449039643795954
384,-0.028488328453117513,0.9302923642220412,0.4401041666666667,-10.939518125997125,25.29064560091347,20,200,allday,False,3.0,tp2.0,0.19449039643795954
381,-0.05662321647597508,0.8635368278243705,0.42782152230971127,-21.573445477346507,29.18191081888921,20,200,allday,False,3.0,tp3.0,0.19449039643795954
508,-0.023077150379406112,0.9220364791181215,0.39960629921259844,-11.723192392738305,22.35538142505405,20,200,allday,False,3.0,trail2.0,0.19449039643795954
410,-0.02484283075714685,0.9295538299940758,0.4073170731707317,-10.185560610430208,22.052524182437786,20,200,allday,False,3.0,trail3.0,0.19449039643795954
326,-0.06340957840348514,0.8828899814700386,0.4294478527607362,-20.671522559536157,29.501945666746412,20,200,allday,True,1.5,tp1.5,0.3889807928759191
309,-0.049556651426769786,0.9134593314854614,0.39805825242718446,-15.313005290871864,28.448665621638046,20,200,allday,True,1.5,tp2.0,0.3889807928759191
294,-0.09982377630705482,0.8379742586178939,0.36054421768707484,-29.348190234274114,45.13174303499152,20,200,allday,True,1.5,tp3.0,0.3889807928759191
323,-0.12150493618780288,0.7742813260013968,0.34055727554179566,-39.24609438866033,52.851221745336595,20,200,allday,True,1.5,trail2.0,0.3889807928759191
289,-0.1162618287334459,0.8026528740537516,0.3494809688581315,-33.599668503965866,51.24808155401445,20,200,allday,True,1.5,trail3.0,0.3889807928759191
272,-0.043584122136484084,0.9085967773230891,0.4411764705882353,-11.854881221123671,21.110649002281413,20,200,allday,True,2.0,tp1.5,0.2917355946569393
265,-0.05729681599755374,0.8865652941248964,0.4188679245283019,-15.183656239351741,28.077337759013496,20,200,allday,True,2.0,tp2.0,0.2917355946569393
253,-0.10141502314729385,0.809263673969402,0.39920948616600793,-25.658000856265343,39.01869312440451,20,200,allday,True,2.0,tp3.0,0.2917355946569393
302,-0.10762231226290114,0.7498962119979293,0.36423841059602646,-32.501938303396145,42.22322494394206,20,200,allday,True,2.0,trail2.0,0.2917355946569393
258,-0.09477070990736447,0.8041452995281434,0.38372093023255816,-24.450843156100035,36.50041143494549,20,200,allday,True,2.0,trail3.0,0.2917355946569393
245,-0.02296937128275797,0.9428176475744716,0.46122448979591835,-5.6274959642757025,17.927190346651916,20,200,allday,True,2.5,tp1.5,0.23338847572555144
235,-0.05509254998129471,0.8700443675349184,0.43829787234042555,-12.946749245604257,22.907870062567188,20,200,allday,True,2.5,tp2.0,0.23338847572555144
234,-0.0714199636091749,0.8335142126189758,0.43162393162393164,-16.712271484546925,26.256968833518883,20,200,allday,True,2.5,tp3.0,0.23338847572555144
293,-0.09255194846030519,0.737218221430172,0.3720136518771331,-27.117720898869422,33.594404971243854,20,200,allday,True,2.5,trail2.0,0.23338847572555144
242,-0.06046138616662825,0.8413550629684159,0.4049586776859504,-14.631655452324036,24.470980792954663,20,200,allday,True,2.5,trail3.0,0.23338847572555144
230,-0.03306582856232828,0.9090732249169804,0.45652173913043476,-7.605140569335504,18.265193108692344,20,200,allday,True,3.0,tp1.5,0.19449039643795954
224,-0.050515118025494916,0.8634946756162242,0.44642857142857145,-11.315386437710862,22.605607478735237,20,200,allday,True,3.0,tp2.0,0.19449039643795954
224,-0.055729939030617064,0.8512604024789707,0.4419642857142857,-12.483506342858222,23.09681972074653,20,200,allday,True,3.0,tp3.0,0.19449039643795954
288,-0.07533029096139697,0.7429016341928116,0.3715277777777778,-21.695123796882328,28.327482868236764,20,200,allday,True,3.0,trail2.0,0.19449039643795954
237,-0.059941024605034775,0.8189212362106324,0.4092827004219409,-14.206022831393241,22.44673515130468,20,200,allday,True,3.0,trail3.0,0.19449039643795954
