trade_date,direction,signal,stopped,raw_ret_pts,gross_usd,net_usd,r_multiple
2022-08-08,1.0,-0.01006206893921098,False,14.199999999999818,141.99999999999818,139.1799999999982,0.36354326676906906
2022-08-09,-1.0,0.007897705121721974,False,-4.5,-45.0,-47.82,-0.120240480961924
2022-08-10,-1.0,0.0024883200098985187,False,5.7999999999999545,57.999999999999545,55.179999999999545,0.16178521617852062
2022-08-11,1.0,-0.0032060167862261865,False,-7.7000000000000455,-77.00000000000045,-79.82000000000045,-0.21739897653079374
2022-08-12,1.0,-0.0042655799657824655,False,11.700000000000045,117.00000000000045,114.18000000000046,0.34061135371179224
2022-08-15,-1.0,0.006456797907317774,False,25.0,250.0,247.18,0.7377895824110975
2022-08-16,1.0,-0.013836072181962969,False,-4.5,-45.0,-47.82,-0.12805587892898726
2022-08-17,1.0,-0.0025099714769688743,False,-11.200000000000045,-112.00000000000045,-114.82000000000045,-0.33209785025945315
2022-08-18,1.0,-0.006275585116497612,False,-4.100000000000136,-41.000000000001364,-43.820000000001365,-0.12139847397791097
2022-08-19,1.0,-0.0023094048059414214,False,-12.5,-125.0,-127.82,-0.3761014399312274
2022-08-22,1.0,-0.007075567967398395,False,-12.299999999999955,-122.99999999999955,-125.81999999999954,-0.3791615289765709
2022-08-23,1.0,-0.0070111724487195975,False,11.100000000000136,111.00000000000136,108.18000000000137,0.34190008663009375
2022-08-24,-1.0,0.006326069026694012,False,-4.7000000000000455,-47.000000000000455,-49.820000000000455,-0.14369211401852489
2022-08-25,-1.0,0.002665836353734009,False,-5.899999999999864,-58.999999999998636,-61.819999999998636,-0.18389610389609964
2022-08-26,-1.0,0.0033377679277611697,False,23.0,230.0,227.18,0.7265170407315046
2022-08-29,1.0,-0.013063172074436535,False,2.7000000000000455,27.000000000000455,24.180000000000454,0.08393564933551084
2022-08-30,-1.0,0.0015436072012763996,False,15.5,155.0,152.18,0.4727050930161636
2022-08-31,1.0,-0.008894558395379774,False,-14.900000000000091,-149.0000000000009,-151.8200000000009,-0.464066028186564
2022-09-01,1.0,-0.008617502216663523,False,-17.09999999999991,-170.9999999999991,-173.81999999999908,-0.5349601126231789
2022-09-02,1.0,-0.009974126841455693,False,12.5,125.0,122.18,0.3990104540738969
2022-09-05,-1.0,0.007290149803553754,False,2.5,25.0,22.18,0.08134049129656744
2022-09-06,1.0,-0.0014514211959010814,False,-9.199999999999818,-91.99999999999818,-94.81999999999817,-0.3078982597054826
2022-09-07,1.0,-0.005362880821742224,False,16.200000000000045,162.00000000000045,159.18000000000046,0.5301914580265109
2022-09-08,-1.0,0.009415389792360656,False,10.599999999999909,105.99999999999909,103.1799999999991,0.34056224899598103
2022-09-09,1.0,-0.006151365729279322,False,6.900000000000091,69.00000000000091,66.18000000000092,0.2176484504376655
2022-09-12,-1.0,0.004003370494333547,False,-7.400000000000091,-74.00000000000091,-76.8200000000009,-0.23270440251572616
2022-09-13,-1.0,0.004273263995388479,False,22.59999999999991,225.9999999999991,223.1799999999991,0.7238369765393518
2022-09-14,1.0,-0.013106955600075647,False,-7.0,-70.0,-72.82,-0.21207301370900558
2022-09-15,1.0,-0.0040959682776798975,True,-32.33249999999998,-323.3249999999998,-326.1449999999998,-0.9999999999999996
2022-09-16,1.0,-0.020413098238970948,False,8.400000000000091,84.00000000000091,81.18000000000092,0.24745912505523915
2022-09-19,-1.0,0.0050053733390694214,False,1.5,15.0,12.18,0.042900042900042894
2022-09-20,1.0,-0.0008905513100811543,False,-11.5,-115.0,-117.82,-0.3294656925941842
2022-09-21,1.0,-0.006847914335892987,False,8.600000000000136,86.00000000000136,83.18000000000137,0.24851900014449171
2022-09-22,-1.0,0.005128522183536409,False,2.599999999999909,25.99999999999909,23.17999999999909,0.07180336923501543
2022-09-23,1.0,-0.001546238785618967,False,-27.40000000000009,-274.0000000000009,-276.8200000000009,-0.7350771294433287
2022-09-26,1.0,-0.016459793721904745,False,-20.09999999999991,-200.9999999999991,-203.81999999999908,-0.5293304365000964
2022-09-27,1.0,-0.012240949412493145,False,5.7000000000000455,57.000000000000455,54.180000000000454,0.14931237721021726
2022-09-28,-1.0,0.003492329622444538,False,-32.59999999999991,-325.9999999999991,-328.8199999999991,-0.8511193786306348
2022-09-29,-1.0,0.019719971233400156,False,-1.3999999999998636,-13.999999999998636,-16.819999999998636,-0.03440860215053427
2022-09-30,-1.0,0.0008388759554794809,False,-1.300000000000182,-13.000000000001819,-15.82000000000182,-0.03195673549656297
2022-10-03,-1.0,0.0007787929104126843,False,-39.09999999999991,-390.9999999999991,-393.8199999999991,-0.9729998755754612
2022-10-04,-1.0,0.023136442208126558,False,-25.09999999999991,-250.9999999999991,-253.81999999999908,-0.5853886070783024
2022-10-05,-1.0,0.014586921435217781,False,10.5,105.0,102.18,0.24146257330113832
2022-10-06,1.0,-0.006067453822326183,False,-3.2000000000000455,-32.000000000000455,-34.820000000000455,-0.0737667127708632
2022-10-07,1.0,-0.0018558260850340214,False,-18.299999999999955,-182.99999999999955,-185.81999999999954,-0.42575466759727676
2022-10-10,1.0,-0.010687169199308766,False,-28.0,-280.0,-282.82,-0.6479231748235563
2022-10-11,1.0,-0.016568426347232705,False,-2.1000000000001364,-21.000000000001364,-23.820000000001365,-0.04769204564810392
2022-10-12,1.0,-0.0012542182191812488,False,9.100000000000136,91.00000000000136,88.18000000000137,0.21101449275362621
2022-10-13,-1.0,0.005423620887962114,False,10.299999999999955,102.99999999999955,100.17999999999955,0.23751873630808137
2022-10-14,1.0,-0.0061468877339793645,False,-24.59999999999991,-245.9999999999991,-248.81999999999908,-0.5656147611657159
2022-10-17,1.0,-0.014810625933394921,False,4.7000000000000455,47.000000000000455,44.180000000000454,0.10723248916267494
2022-10-18,-1.0,0.0028461580965517827,False,-1.2999999999999545,-12.999999999999545,-15.819999999999546,-0.029443406375628887
2022-10-19,-1.0,0.000784953094073501,False,22.5,225.0,222.18,0.5142269454919437
2022-10-20,1.0,-0.013671791262297575,False,-3.699999999999818,-36.99999999999818,-39.81999999999818,-0.08575236108696492
2022-10-21,1.0,-0.002265422674060597,False,27.100000000000136,271.00000000000136,268.18000000000137,0.6349206349206382
2022-10-24,-1.0,0.016458027938237696,False,8.0,80.0,77.18,0.18592760443902154
2022-10-25,1.0,-0.0048227727912259774,False,3.6000000000001364,36.000000000001364,33.180000000001364,0.08388675288361032
2022-10-26,-1.0,0.00217312653431348,False,-11.800000000000182,-118.00000000000182,-120.82000000000181,-0.27338546191717783
2022-10-27,-1.0,0.007095640113609225,False,2.0,20.0,17.18,0.04831793199251074
2022-10-28,1.0,-0.0011992566047267326,False,-18.90000000000009,-189.0000000000009,-191.8200000000009,-0.4628099173553741
2022-10-31,1.0,-0.011399055910651748,False,-12.099999999999909,-120.99999999999909,-123.81999999999908,-0.28923150472092524
2022-11-01,1.0,-0.007372462943551234,False,14.600000000000136,146.00000000000136,143.18000000000137,0.3688265757231308
2022-11-02,-1.0,0.008880296785966257,False,10.599999999999909,105.99999999999909,103.1799999999991,0.27184715009296423
2022-11-03,1.0,-0.006444574834056271,False,-5.5,-55.0,-57.82,-0.13899418751579476
2022-11-04,1.0,-0.0033617586136224153,False,52.399999999999864,523.9999999999986,521.1799999999986,1.3113113113113082
2022-11-07,-1.0,0.031599348846120694,False,3.7000000000000455,37.000000000000455,34.180000000000454,0.08750147806550894
2022-11-08,1.0,-0.0022034967079062663,False,36.600000000000136,366.00000000000136,363.18000000000137,0.8965643946353149
2022-11-09,-1.0,0.02156322502395676,False,7.2000000000000455,72.00000000000045,69.18000000000046,0.167247386759583
2022-11-10,1.0,-0.004207088126534582,False,49.19999999999982,491.9999999999982,489.1799999999982,1.1357340720221567
2022-11-11,-1.0,0.028367425350312357,False,-12.300000000000182,-123.00000000000182,-125.82000000000181,-0.27730808251606776
2022-11-14,-1.0,0.0069698539698517,False,-6.100000000000136,-61.000000000001364,-63.820000000001365,-0.13919790062182988
2022-11-15,-1.0,0.003441179036773551,False,-7.900000000000091,-79.00000000000091,-81.8200000000009,-0.1811718839582638
2022-11-16,-1.0,0.0044433268638442705,False,4.0,40.0,37.18,0.09088843444671671
2022-11-17,1.0,-0.0022478233684948166,False,-12.799999999999955,-127.99999999999955,-130.81999999999954,-0.29727689717238476
2022-11-18,1.0,-0.007232487171477005,False,-13.5,-135.0,-137.82,-0.31468531468531485
2022-11-21,1.0,-0.007683370657290552,False,-11.799999999999955,-117.99999999999955,-120.81999999999954,-0.28559327161614223
2022-11-22,1.0,-0.0067560087500815585,False,1.5,15.0,12.18,0.03674444240308654
2022-11-23,-1.0,0.0008619451761922146,False,-11.600000000000136,-116.00000000000136,-118.82000000000136,-0.29029029029029363
2022-11-24,-1.0,0.0066434011016481,False,-4.7999999999999545,-47.999999999999545,-50.819999999999546,-0.11764705882352826
2022-11-25,-1.0,0.0027383210675796673,False,0.5,5.0,2.1799999999999997,0.012421588721197441
2022-11-28,1.0,-0.000284908403875964,False,-16.09999999999991,-160.9999999999991,-163.81999999999908,-0.4115541922290366
2022-11-29,1.0,-0.009216127511942906,False,6.400000000000091,64.00000000000091,61.18000000000091,0.16016016016016252
2022-11-30,-1.0,0.0036374009982178012,False,-20.40000000000009,-204.0000000000009,-206.8200000000009,-0.5177993527508115
2022-12-01,-1.0,0.011499563025602726,False,-36.0,-360.0,-362.82,-0.9302325581395349
2022-12-02,-1.0,0.020004000929128768,False,5.0,50.0,47.18,0.12628654416871882
2022-12-05,1.0,-0.0027564932829479195,False,-31.5,-315.0,-317.82,-0.8403361344537815
2022-12-06,1.0,-0.01754675293316602,False,1.7999999999999545,17.999999999999545,15.179999999999545,0.045325779036826046
2022-12-07,-1.0,0.0010095912013522745,False,-16.399999999999864,-163.99999999999864,-166.81999999999863,-0.4461674488199649
2022-12-08,-1.0,0.009153892899069066,False,-2.7000000000000455,-27.000000000000455,-29.820000000000455,-0.07317073170731826
2022-12-09,-1.0,0.0015004587549306047,False,-4.900000000000091,-49.00000000000091,-51.82000000000091,-0.1447348988332621
2022-12-12,-1.0,0.0027155105495019777,False,16.799999999999955,167.99999999999955,165.17999999999955,0.5040504050405022
2022-12-13,1.0,-0.009332364142901752,False,29.90000000000009,299.0000000000009,296.1800000000009,0.9007380629612916
2022-12-14,-1.0,0.016543020219142408,False,5.5,55.0,52.18,0.15692988087595394
2022-12-15,1.0,-0.003020735511310775,True,-35.53500000000008,-355.3500000000008,-358.1700000000008,-1.0000000000000016
2022-12-16,1.0,-0.017748663358694235,False,14.299999999999955,142.99999999999955,140.17999999999955,0.387849199891509
2022-12-19,-1.0,0.007968169649176881,False,4.900000000000091,49.00000000000091,46.18000000000091,0.1330076004343129
2022-12-20,1.0,-0.0027241156526266364,False,30.200000000000045,302.00000000000045,299.18000000000046,0.8290439914899462
2022-12-21,-1.0,0.01666613267813216,False,3.7000000000000455,37.000000000000455,34.180000000000454,0.09667515840355456
2022-12-22,1.0,-0.0020263431452324726,False,-24.100000000000136,-241.00000000000136,-243.82000000000136,-0.6613157714207346
2022-12-23,1.0,-0.013301517970103953,False,4.2000000000000455,42.000000000000455,39.180000000000454,0.10911925175370334
2022-12-27,-1.0,0.0023291935996006727,False,-13.900000000000091,-139.0000000000009,-141.8200000000009,-0.36268754076973464
2022-12-28,-1.0,0.007660761100798514,False,8.700000000000045,87.00000000000045,84.18000000000046,0.2229054573405082
2022-12-29,1.0,-0.004789834906994594,False,9.599999999999909,95.99999999999909,93.1799999999991,0.24634334103156025
2022-12-30,-1.0,0.005284319006556684,False,-8.599999999999909,-85.99999999999909,-88.81999999999908,-0.22505724566568272
2023-01-03,-1.0,0.004711046784807754,False,-13.099999999999909,-130.9999999999991,-133.81999999999908,-0.35976656368005205
2023-01-04,-1.0,0.007129475897980022,False,-16.0,-160.0,-162.82,-0.44077134986225847
2023-01-05,-1.0,0.008633302421855196,False,22.09999999999991,220.9999999999991,218.1799999999991,0.629495122124899
2023-01-06,1.0,-0.011952225787272772,False,33.100000000000136,331.00000000000136,328.18000000000137,0.9027067566646249
2023-01-09,-1.0,0.01784269635519624,False,-3.400000000000091,-34.00000000000091,-36.82000000000091,-0.0894501446987659
2023-01-10,-1.0,0.0018143014581886103,False,-6.0,-60.0,-62.82,-0.15701668302257113
2023-01-11,-1.0,0.0031926808368034675,False,1.0,10.0,7.18,0.026418334324020867
2023-01-12,1.0,-0.0005316321231008784,False,21.700000000000045,217.00000000000045,214.18000000000046,0.5736188210415024
2023-01-13,-1.0,0.01147766018211326,False,-24.90000000000009,-249.0000000000009,-251.8200000000009,-0.6749339296605024
2023-01-16,-1.0,0.013026944010641094,False,5.599999999999909,55.99999999999909,53.17999999999909,0.14909478168263868
2023-01-17,1.0,-0.0029148469524019455,False,-7.0,-70.0,-72.82,-0.19476905954368393
2023-01-18,1.0,-0.003654974829080831,False,-4.7000000000000455,-47.000000000000455,-49.820000000000455,-0.13212453440157557
2023-01-19,1.0,-0.002463765563636676,False,29.799999999999955,297.99999999999955,295.17999999999955,0.8137074203017258
2023-01-20,-1.0,0.015520336537176733,False,4.0,40.0,37.18,0.10987501716797148
2023-01-23,1.0,-0.002071788175671365,False,4.5,45.0,42.18,0.12242399510304022
2023-01-24,-1.0,0.002331546871086943,False,-7.399999999999864,-73.99999999999864,-76.81999999999863,-0.2065020231617097
2023-01-25,-1.0,0.003823503676324673,False,-10.099999999999909,-100.99999999999909,-103.81999999999908,-0.2745497791369328
2023-01-26,-1.0,0.005198827820562043,False,16.800000000000182,168.00000000000182,165.18000000000183,0.46214153084382603
2023-01-27,1.0,-0.008666548956702469,False,-3.8999999999998636,-38.999999999998636,-41.819999999998636,-0.10454362685966664
2023-01-30,1.0,-0.00202214052780015,False,-6.300000000000182,-63.00000000000182,-65.82000000000181,-0.1680336067213492
2023-01-31,1.0,-0.003246170569239447,False,5.100000000000136,51.000000000001364,48.180000000001364,0.13567438148444108
2023-02-01,-1.0,0.002627039396846269,False,-23.59999999999991,-235.9999999999991,-238.81999999999908,-0.6212569924317188
2023-02-02,-1.0,0.012054492684238567,False,39.59999999999991,395.9999999999991,393.1799999999991,1.0310486233157563
2023-02-03,1.0,-0.020339684237122672,True,-39.50999999999999,-395.0999999999999,-397.9199999999999,-0.9999999999999993
2023-02-06,1.0,-0.025862150989714235,False,3.2000000000000455,32.000000000000455,29.180000000000454,0.07833057952389802
2023-02-07,-1.0,0.0017023997301930914,False,-2.400000000000091,-24.00000000000091,-26.82000000000091,-0.05808676710837031
2023-02-08,-1.0,0.0012754425919916693,False,-4.400000000000091,-44.00000000000091,-46.82000000000091,-0.10496809208564659
2023-02-09,-1.0,0.0023335995739867375,False,14.899999999999864,148.99999999999864,146.17999999999864,0.3573141486810519
2023-02-10,1.0,-0.00792620581817811,False,1.2000000000000455,12.000000000000455,9.180000000000454,0.028813254096885663
2023-02-13,-1.0,0.0006401024382423691,False,11.5,115.0,112.18,0.281448849730788
2023-02-14,1.0,-0.006148272461802885,False,1.699999999999818,16.99999999999818,14.17999999999818,0.04175878162613162
2023-02-15,-1.0,0.0009111617942456437,False,16.299999999999955,162.99999999999955,160.17999999999955,0.3909576062841027
2023-02-16,1.0,-0.008779782233936382,False,-1.6000000000001364,-16.000000000001364,-18.820000000001365,-0.038321058619247624
2023-02-17,1.0,-0.0008664573270334016,False,6.400000000000091,64.00000000000091,61.18000000000091,0.15805396060999172
2023-02-20,-1.0,0.0034628321584833552,False,0.900000000000091,9.00000000000091,6.180000000000909,0.021877848678215517
2023-02-21,1.0,-0.00048628935174165896,False,-6.7000000000000455,-67.00000000000045,-69.82000000000045,-0.16716566866267568
2023-02-22,1.0,-0.0036272134617167683,False,-11.0,-110.0,-112.82,-0.28043339706819603
2023-02-23,1.0,-0.00598120428119806,False,-3.900000000000091,-39.00000000000091,-41.82000000000091,-0.10054137664346706
2023-02-24,1.0,-0.0021277184163972906,False,-13.100000000000136,-131.00000000000136,-133.82000000000136,-0.34752619710837296
2023-02-27,1.0,-0.007180670533889012,False,6.399999999999864,63.999999999998636,61.179999999998635,0.1694130103897784
2023-02-28,-1.0,0.003514363070157604,False,-9.5,-95.0,-97.82,-0.25107367030062727
2023-03-01,-1.0,0.005194532827551635,False,-10.400000000000091,-104.00000000000091,-106.8200000000009,-0.2768350302788335
2023-03-02,-1.0,0.005655262489240523,False,1.0,10.0,7.18,0.027305618130930406
2023-03-03,1.0,-0.0005425936107075566,False,19.399999999999864,193.99999999999864,191.17999999999864,0.5768658935474232
2023-03-06,-1.0,0.010475823433946626,False,8.799999999999955,87.99999999999955,85.17999999999955,0.28499716622135673
2023-03-07,1.0,-0.004739600621240643,True,-30.172500000000127,-301.7250000000013,-304.54500000000127,-1.0000000000000033
2023-03-08,1.0,-0.018362136309124887,False,-0.20000000000004547,-2.0000000000004547,-4.820000000000455,-0.006334125098972142
2023-03-09,1.0,-0.00011002915783786969,False,17.09999999999991,170.9999999999991,168.1799999999991,0.5445426319560515
2023-03-10,-1.0,0.009363518103963814,True,-30.795000000000073,-307.9500000000007,-310.7700000000007,-1.0000000000000027
2023-03-13,-1.0,0.02108633685860323,True,-32.50499999999988,-325.0499999999988,-327.8699999999988,-0.9999999999999973
2023-03-14,-1.0,0.022352011219012605,False,11.900000000000091,119.00000000000091,116.18000000000092,0.3439554881133058
2023-03-15,1.0,-0.006220778575277653,False,13.700000000000045,137.00000000000045,134.18000000000046,0.40323767476085515
2023-03-16,-1.0,0.007154637930149688,False,-2.7000000000000455,-27.000000000000455,-29.820000000000455,-0.07567794828673666
2023-03-17,-1.0,0.0014037279073289628,True,-36.29250000000002,-362.9250000000002,-365.7450000000002,-1.0000000000000009
2023-03-20,-1.0,0.029193920053310334,False,9.299999999999955,92.99999999999955,90.17999999999955,0.23427167957679845
2023-03-21,1.0,-0.0046824343539094305,True,-42.34500000000003,-423.4500000000003,-426.27000000000027,-1.0000000000000007
2023-03-22,1.0,-0.02011935336003629,False,32.09999999999991,320.9999999999991,318.1799999999991,0.7128580946035958
2023-03-23,-1.0,0.016378334939745845,False,-27.200000000000045,-272.00000000000045,-274.82000000000045,-0.582222935730723
2023-03-24,-1.0,0.01368988112190947,False,17.5,175.0,172.18,0.35869843709966703
2023-03-27,1.0,-0.008805309854091769,False,-23.90000000000009,-239.0000000000009,-241.8200000000009,-0.4833409171343364
2023-03-28,1.0,-0.012131820580651863,False,16.700000000000045,167.00000000000045,164.18000000000046,0.32591725214676137
2023-03-29,-1.0,0.008490784925083799,False,10.599999999999909,105.99999999999909,103.1799999999991,0.2068393580174626
2023-03-30,1.0,-0.005380723641837258,False,16.40000000000009,164.0000000000009,161.18000000000092,0.32270759543487015
2023-03-31,-1.0,0.008237940901602956,False,9.900000000000091,99.00000000000091,96.18000000000092,0.18919306292102803
2023-04-03,1.0,-0.004966773034882794,False,14.299999999999955,142.99999999999955,140.17999999999955,0.2733572281959371
2023-04-04,-1.0,0.0071677708449076945,False,-39.0,-390.0,-392.82,-0.7161547996143783
2023-04-05,-1.0,0.019308486385376647,False,1.1000000000001364,11.000000000001364,8.180000000001364,0.019941083163383395
2023-04-06,1.0,-0.0005397845899888151,False,-14.900000000000091,-149.0000000000009,-151.8200000000009,-0.26713280444623877
2023-04-10,1.0,-0.007341923639678096,False,-10.299999999999955,-102.99999999999955,-105.81999999999954,-0.18531012458957313
2023-04-11,1.0,-0.00511967716173973,False,12.199999999999818,121.99999999999818,119.17999999999819,0.2248019163442014
2023-04-12,-1.0,0.00605911960506066,False,-9.700000000000045,-97.00000000000045,-99.82000000000045,-0.1852382316432739
2023-04-13,-1.0,0.004792854494446231,False,-27.499999999999773,-274.9999999999977,-277.8199999999977,-0.5192107995846268
2023-04-14,-1.0,0.013474321305094556,False,36.09999999999991,360.9999999999991,358.1799999999991,0.6980904036741575
2023-04-17,1.0,-0.017722169234037088,False,-5.5,-55.0,-57.82,-0.10202188833240576
2023-04-18,1.0,-0.002734347573541753,False,10.300000000000182,103.00000000000182,100.18000000000183,0.20122100122100456
2023-04-19,-1.0,0.0051199316515883175,False,10.699999999999818,106.99999999999818,104.17999999999819,0.21668691778047405
2023-04-20,1.0,-0.005317443266017525,False,7.399999999999864,73.99999999999864,71.17999999999864,0.15223988067684732
2023-04-21,-1.0,0.0036795824917954167,False,21.899999999999864,218.99999999999864,216.17999999999864,0.46749919948766877
2023-04-24,1.0,-0.010927434533678964,False,6.7000000000000455,67.00000000000045,64.18000000000046,0.14525745257452655
2023-04-25,-1.0,0.0033574735255359357,False,-10.0,-100.0,-102.82,-0.22097005855706534
2023-04-26,-1.0,0.004988785602382857,False,9.100000000000136,91.00000000000136,88.18000000000137,0.20454034614520405
2023-04-27,1.0,-0.004543987046125635,False,-1.400000000000091,-14.00000000000091,-16.82000000000091,-0.03151024082827121
2023-04-28,1.0,-0.0007007007293700214,False,1.2000000000000455,12.000000000000455,9.180000000000454,0.026389576117434584
2023-05-01,-1.0,0.0006007208831030207,False,11.699999999999818,116.99999999999818,114.17999999999819,0.26178889075347794
2023-05-02,1.0,-0.005866884071606434,False,36.200000000000045,362.00000000000045,359.18000000000046,0.7983239607453971
2023-05-03,-1.0,0.018017608654159162,False,-18.399999999999864,-183.99999999999864,-186.81999999999863,-0.4057779247987619
2023-05-04,-1.0,0.00904138634205614,False,-7.800000000000182,-78.00000000000182,-80.82000000000181,-0.17663043478261278
2023-05-05,-1.0,0.0037976578092559993,False,33.100000000000136,331.00000000000136,328.18000000000137,0.7212507490330692
2023-05-08,1.0,-0.016207175330002,False,3.2999999999999545,32.999999999999545,30.179999999999545,0.06822763219103639
2023-05-09,-1.0,0.0016287854344952018,False,-13.299999999999955,-132.99999999999955,-135.81999999999954,-0.27926509186351595
2023-05-10,-1.0,0.006535489221289884,False,4.7999999999999545,47.999999999999545,45.179999999999545,0.1007715320421971
2023-05-11,1.0,-0.0023528269272671213,False,-17.600000000000136,-176.00000000000136,-178.82000000000136,-0.3700199726689823
2023-05-12,1.0,-0.008675988563509505,False,-4.599999999999909,-45.99999999999909,-48.81999999999909,-0.09755580297969167
2023-05-15,1.0,-0.002278920976385466,False,6.699999999999818,66.99999999999818,64.17999999999819,0.15011482663977643
2023-05-16,-1.0,0.00332217982509296,False,27.800000000000182,278.0000000000018,275.1800000000018,0.6436302598830863
2023-05-17,1.0,-0.013848291047428306,False,-6.2999999999999545,-62.999999999999545,-65.81999999999954,-0.1428085685141099
2023-05-18,1.0,-0.0031659113354964826,False,-26.0,-260.0,-262.82,-0.6112972432845472
2023-05-19,1.0,-0.013177424473516462,False,16.799999999999955,167.99999999999955,165.17999999999955,0.38647342995168976
2023-05-22,-1.0,0.008528403384439083,False,5.2000000000000455,52.000000000000455,49.180000000000454,0.12043309594117417
2023-05-23,1.0,-0.002630781644796634,False,2.7999999999999545,27.999999999999545,25.179999999999545,0.06516553208820516
2023-05-24,-1.0,0.0014174346809733152,False,16.600000000000136,166.00000000000136,163.18000000000137,0.38932864262679895
2023-05-25,1.0,-0.00842901304118579,False,-18.90000000000009,-189.0000000000009,-191.8200000000009,-0.4409448818897662
2023-05-26,1.0,-0.00969263210158094,False,5.599999999999909,55.99999999999909,53.17999999999909,0.13157121879588635
2023-05-29,-1.0,0.0028799197071244266,False,3.2000000000000455,32.000000000000455,29.180000000000454,0.07503810528784258
2023-05-30,1.0,-0.0016300752425103236,False,15.899999999999864,158.99999999999864,156.17999999999864,0.38650865998176526
2023-05-31,-1.0,0.008068447597088834,False,-4.5,-45.0,-47.82,-0.1113792463337665
2023-06-01,-1.0,0.002273474594315031,False,-13.700000000000045,-137.00000000000045,-139.82000000000045,-0.34707707897903733
2023-06-02,-1.0,0.006888430084006403,False,29.0,290.0,287.18,0.7574273587985639
2023-06-05,1.0,-0.014649686121924405,False,14.099999999999909,140.9999999999991,138.1799999999991,0.38102959059586333
2023-06-06,-1.0,0.00715575638338785,False,-1.0,-10.0,-12.82,-0.026402640264026424
2023-06-07,-1.0,0.0005053823324831668,False,24.200000000000045,242.00000000000045,239.18000000000046,0.6470155738252804
2023-06-08,1.0,-0.012297527810406196,False,24.0,240.0,237.18,0.6369426751592355
2023-06-09,-1.0,0.012195892819180838,False,5.7999999999999545,57.999999999999545,55.179999999999545,0.1540197835756477
2023-06-12,1.0,-0.0029325534212776413,False,-3.900000000000091,-39.00000000000091,-41.82000000000091,-0.10471204188481918
2023-06-13,1.0,-0.001975634491789858,False,-13.599999999999909,-135.9999999999991,-138.81999999999908,-0.3631023895341049
2023-06-14,1.0,-0.006927140214569413,False,1.5,15.0,12.18,0.040120361083249734
2023-06-15,-1.0,0.0007663031359179422,False,-15.199999999999818,-151.99999999999818,-154.81999999999817,-0.4043628624634161
2023-06-16,-1.0,0.00774131698941156,False,3.1000000000001364,31.000000000001364,28.180000000001364,0.08210833002251713
2023-06-19,1.0,-0.001574123766783657,False,-7.899999999999864,-78.99999999999864,-81.81999999999863,-0.21611270688003992
2023-06-20,1.0,-0.004018010135746126,False,-14.5,-145.0,-147.82,-0.39796898586523916
2023-06-21,1.0,-0.007415965454083064,False,-3.5,-35.0,-37.82,-0.09531590413943344
2023-06-22,1.0,-0.0017982382116016836,False,-19.90000000000009,-199.0000000000009,-201.8200000000009,-0.5518580144204123
2023-06-23,1.0,-0.010289380093413753,False,5.2999999999999545,52.999999999999545,50.179999999999545,0.1480860575579757
2023-06-26,-1.0,0.0027510333718897976,False,3.1000000000001364,31.000000000001364,28.180000000001364,0.08515313830518151
2023-06-27,1.0,-0.0016026058694080306,False,-9.299999999999955,-92.99999999999955,-95.81999999999954,-0.25420254202541864
2023-06-28,1.0,-0.004823535713040605,False,-4.899999999999864,-48.999999999998636,-51.819999999998636,-0.13731259632898576
2023-06-29,1.0,-0.0025509553880714393,False,-0.7999999999999545,-7.999999999999545,-10.819999999999546,-0.02272888699481365
2023-06-30,1.0,-0.00041744939032435625,False,11.400000000000091,114.00000000000091,111.18000000000092,0.3300043421623991
2023-07-03,-1.0,0.005930721784813525,False,-1.400000000000091,-14.00000000000091,-16.82000000000091,-0.04185351270553331
2023-07-04,-1.0,0.0007259528449491545,False,-4.899999999999864,-48.999999999998636,-51.819999999998636,-0.14818174945187437
2023-07-05,-1.0,0.00253708681925258,False,10.800000000000182,108.00000000000182,105.18000000000183,0.3280929596719121
2023-07-06,1.0,-0.005600222051451298,False,-6.900000000000091,-69.00000000000091,-71.8200000000009,-0.21460228598087483
2023-07-07,1.0,-0.0035938474577717023,False,13.799999999999955,137.99999999999955,135.17999999999955,0.4342695303280601
2023-07-10,-1.0,0.0071722151430382245,False,-0.2999999999999545,-2.9999999999995453,-5.8199999999995455,-0.009244280101685667
2023-07-11,-1.0,0.00015534785003921498,False,-6.7999999999999545,-67.99999999999955,-70.81999999999954,-0.21075468774213393
2023-07-12,-1.0,0.0035156690124898615,False,-26.40000000000009,-264.0000000000009,-266.8200000000009,-0.8537472714043198
2023-07-13,-1.0,0.013533809893675433,False,-2.3999999999998636,-23.999999999998636,-26.819999999998636,-0.07637231503579518
2023-07-14,-1.0,0.0012223695114788203,False,6.5,65.0,62.18,0.22002200220022
2023-07-17,1.0,-0.0033126957389717528,False,0.20000000000004547,2.0000000000004547,-0.8199999999995455,0.006795786612301917
2023-07-18,-1.0,0.00010208769341731345,False,-22.5,-225.0,-227.82,-0.7608419984783156
2023-07-19,-1.0,0.011420574349575198,False,0.6999999999998181,6.999999999998181,4.179999999998181,0.023521505376337962
2023-07-20,1.0,-0.00035313406849497164,False,-8.400000000000091,-84.00000000000091,-86.8200000000009,-0.28925619834711036
2023-07-21,1.0,-0.004251448857358241,False,-7.7000000000000455,-77.00000000000045,-79.82000000000045,-0.26576926395720213
2023-07-24,1.0,-0.003912308422350183,False,-7.5,-75.0,-77.82,-0.266880170803309
2023-07-25,1.0,-0.0038264376679235227,False,9.400000000000091,94.00000000000091,91.18000000000092,0.3326256192498259
2023-07-26,-1.0,0.0047927486837833775,False,-10.400000000000091,-104.00000000000091,-106.8200000000009,-0.3733620534912972
2023-07-27,-1.0,0.00527652162833345,False,29.90000000000009,299.0000000000009,296.1800000000009,1.0682386566630964
2023-07-31,-1.0,0.006276538895016072,False,-5.599999999999909,-55.99999999999909,-58.81999999999909,-0.19214273460284456
2023-08-01,-1.0,0.0027995818915029836,False,22.700000000000045,227.00000000000045,224.18000000000046,0.7748762587472272
2023-08-02,1.0,-0.011389130457762664,False,-12.799999999999955,-127.99999999999955,-130.81999999999954,-0.41984419844198245
2023-08-03,1.0,-0.006470878450897972,False,-2.599999999999909,-25.99999999999909,-28.81999999999909,-0.08486332109342824
2023-08-04,1.0,-0.0013192614050626934,False,6.7999999999999545,67.99999999999955,65.17999999999955,0.2308802308802292
2023-08-07,-1.0,0.0034461822064815006,False,6.2999999999999545,62.999999999999545,60.179999999999545,0.21406727828745994
2023-08-08,1.0,-0.0031899568810891767,False,-12.200000000000045,-122.00000000000045,-124.82000000000045,-0.4149659863945587
2023-08-09,1.0,-0.0062074077409607804,False,-10.399999999999864,-103.99999999999864,-106.81999999999863,-0.3523930537907614
2023-08-10,1.0,-0.005322155748742589,False,-1.900000000000091,-19.00000000000091,-21.82000000000091,-0.06586930143872724
2023-08-11,1.0,-0.000975885436600411,False,-0.10000000000013642,-1.0000000000013642,-3.8200000000013645,-0.0034022284596457
2023-08-14,1.0,-5.13967054826027e-05,False,-5.399999999999864,-53.999999999998636,-56.819999999998636,-0.18499486125384904
2023-08-15,1.0,-0.0027800676884003036,False,-4.599999999999909,-45.99999999999909,-48.81999999999909,-0.15779092702169295
2023-08-16,1.0,-0.00237517538212358,False,-10.599999999999909,-105.99999999999909,-108.81999999999908,-0.3775937305191877
2023-08-17,1.0,-0.00549879478607166,False,-4.100000000000136,-41.000000000001364,-43.820000000001365,-0.14420117822914383
2023-08-18,1.0,-0.002134472528632681,False,-0.2999999999999545,-2.9999999999995453,-5.8199999999995455,-0.010626992561103589
2023-08-21,1.0,-0.00015638439315629295,False,5.0,50.0,47.18,0.18052170773535509
2023-08-22,-1.0,0.0026029480051315335,False,-2.800000000000182,-28.00000000000182,-30.82000000000182,-0.10120177103099953
2023-08-23,-1.0,0.0014545457109943617,False,-19.59999999999991,-195.9999999999991,-198.81999999999908,-0.7068794518077679
2023-08-24,-1.0,0.01012248482090698,False,0.20000000000004547,2.0000000000004547,-0.8199999999995455,0.007080899274209422
2023-08-25,1.0,-0.00010283833822312741,False,-2.099999999999909,-20.99999999999909,-23.81999999999909,-0.08076146524372294
2023-08-28,1.0,-0.001080663941526278,False,3.900000000000091,39.00000000000091,36.18000000000091,0.14946823799942835
2023-08-29,-1.0,0.002004369166483886,False,-18.0,-180.0,-182.82,-0.7094295004433921
2023-08-30,-1.0,0.00919781650463145,False,-5.599999999999909,-55.99999999999909,-58.81999999999909,-0.22189202575532033
2023-08-31,-1.0,0.002844374124110809,False,4.599999999999909,45.99999999999909,43.17999999999909,0.1868779199674954
2023-09-01,1.0,-0.002336212337323613,False,0.0,0.0,-2.8200000000000003,0.0
2023-09-05,1.0,-0.001068457706774669,False,-13.100000000000136,-131.00000000000136,-133.82000000000136,-0.5516950937039423
2023-09-06,1.0,-0.006691038064136577,False,-9.699999999999818,-96.99999999999818,-99.81999999999817,-0.41110404746767504
2023-09-07,1.0,-0.004982673722107866,False,0.900000000000091,9.00000000000091,6.180000000000909,0.03870967741935867
2023-09-08,-1.0,0.0004633085460345145,False,1.1000000000001364,11.000000000001364,8.180000000001364,0.04908522980812736
2023-09-11,1.0,-0.0005660328964775031,False,2.8999999999998636,28.999999999998636,26.179999999998635,0.12829020128289564
2023-09-12,-1.0,0.0014915012922599614,False,9.799999999999955,97.99999999999955,95.17999999999955,0.4309586631486334
2023-09-13,1.0,-0.0050494748674265455,False,-4.400000000000091,-44.00000000000091,-46.82000000000091,-0.19247594050743982
2023-09-14,1.0,-0.002275666872946393,False,0.2999999999999545,2.9999999999995453,0.17999999999954497,0.013337779259751175
2023-09-15,-1.0,0.00015536394034194344,False,-11.400000000000091,-114.00000000000091,-116.8200000000009,-0.5182407091714984
2023-09-18,-1.0,0.005881459455176269,False,-9.100000000000136,-91.00000000000136,-93.82000000000136,-0.39872932413189166
2023-09-19,-1.0,0.0046663161871284276,False,1.7999999999999545,17.999999999999545,15.179999999999545,0.07944389275074243
2023-09-20,1.0,-0.000921140231960955,False,1.5,15.0,12.18,0.06784260515603774
2023-09-21,-1.0,0.000767832957280774,False,12.400000000000091,124.00000000000091,121.18000000000092,0.5669867398262477
2023-09-22,1.0,-0.006371084593184282,False,5.2999999999999545,52.999999999999545,50.179999999999545,0.2364224378275871
2023-09-25,-1.0,0.002728514653203914,False,10.200000000000045,102.00000000000045,99.18000000000046,0.47026279391424636
2023-09-26,1.0,-0.005258557253467051,False,-16.399999999999864,-163.99999999999864,-166.81999999999863,-0.7600509790290719
2023-09-27,1.0,-0.00851024803060895,True,-21.12000000000012,-211.20000000000118,-214.02000000000118,-1.000000000000002
2023-09-28,1.0,-0.012378213223653154,False,-9.700000000000045,-97.00000000000045,-99.82000000000045,-0.4332774986041321
2023-09-29,1.0,-0.005135139265444874,False,-18.699999999999818,-186.99999999999818,-189.81999999999817,-0.8001711596063226
2023-10-02,1.0,-0.009980069493009785,False,-19.199999999999818,-191.99999999999818,-194.81999999999817,-0.7843137254901863
2023-10-03,1.0,-0.010350496718137718,False,-6.600000000000136,-66.00000000000136,-68.82000000000136,-0.2601241501625821
2023-10-04,1.0,-0.003580927270723594,False,-0.20000000000004547,-2.0000000000004547,-4.820000000000455,-0.007792713812586983
2023-10-05,1.0,-0.00010876658701171591,False,-2.5,-25.0,-27.82,-0.09732360097323574
2023-10-06,1.0,-0.001361989804942225,False,8.799999999999955,87.99999999999955,85.17999999999955,0.3332386632585415
2023-10-09,-1.0,0.004785478706791269,False,-19.09999999999991,-190.9999999999991,-193.81999999999908,-0.697908102676528
2023-10-10,-1.0,0.010227939974383876,False,1.199999999999818,11.999999999998181,9.17999999999818,0.04337218758470466
2023-10-11,1.0,-0.000640170734052637,False,13.099999999999909,130.9999999999991,128.1799999999991,0.47932674716428453
2023-10-12,-1.0,0.006966075336682444,False,6.5,65.0,62.18,0.2326621923937359
2023-10-13,1.0,-0.0034492857037951683,False,60.200000000000045,602.0000000000005,599.1800000000004,2.1257062146892665
2023-10-16,-1.0,0.03149289923173679,False,10.0,100.0,97.18,0.3164056320202499
2023-10-17,1.0,-0.005162634078806943,False,2.7000000000000455,27.000000000000455,24.180000000000454,0.08352668213457212
2023-10-18,-1.0,0.0013959622772069446,True,-33.17250000000013,-331.7250000000013,-334.54500000000127,-1.000000000000003
2023-10-19,-1.0,0.013796151839164045,False,-26.100000000000136,-261.00000000000136,-263.82000000000136,-0.7537361923326875
2023-10-20,-1.0,0.013223081945140594,False,-4.400000000000091,-44.00000000000091,-46.82000000000091,-0.12332702683764529
2023-10-23,-1.0,0.0022119454021670526,False,3.7000000000000455,37.000000000000455,34.180000000000454,0.10033218086909486
2023-10-24,1.0,-0.0018625260223046145,False,-0.7999999999999545,-7.999999999999545,-10.819999999999546,-0.021235649346338963
2023-10-25,1.0,-0.00040314453277313065,False,9.700000000000045,97.00000000000045,94.18000000000046,0.2529005344805122
2023-10-26,-1.0,0.00488161810862015,False,-3.2999999999999545,-32.999999999999545,-35.819999999999546,-0.08714596949890949
2023-10-27,-1.0,0.0016558372031381936,False,-21.799999999999955,-217.99999999999955,-220.81999999999954,-0.5760338221693739
2023-10-30,-1.0,0.010868046549746121,False,8.5,85.0,82.18,0.2251357436101179
2023-10-31,1.0,-0.0042289672220431505,False,-12.400000000000091,-124.00000000000091,-126.8200000000009,-0.3311302490152907
2023-11-01,1.0,-0.006200639928746933,False,-6.0,-60.0,-62.82,-0.15649452269170588
2023-11-02,1.0,-0.0030146231944811635,False,1.3999999999998636,13.999999999998636,11.179999999998635,0.035698348951357546
2023-11-03,-1.0,0.0007026701754685338,False,-6.899999999999864,-68.99999999999864,-71.81999999999863,-0.1774349083895819
2023-11-06,-1.0,0.0034557918848743692,False,15.300000000000182,153.00000000000182,150.18000000000183,0.3968871595330787
2023-11-07,1.0,-0.007679796811899691,False,-9.400000000000091,-94.00000000000091,-96.8200000000009,-0.24565529857572432
2023-11-08,1.0,-0.00474748366425812,False,-19.700000000000045,-197.00000000000045,-199.82000000000045,-0.5049339997436895
2023-11-09,1.0,-0.010022213973270694,False,6.900000000000091,69.00000000000091,66.18000000000092,0.1751713632901775
2023-11-10,-1.0,0.003521399949040147,False,24.0,240.0,237.18,0.603887525948292
2023-11-13,1.0,-0.012293977196490759,False,7.399999999999864,73.99999999999864,71.17999999999864,0.19985146175139729
2023-11-14,-1.0,0.0038005284305589167,False,-17.299999999999955,-172.99999999999955,-175.81999999999954,-0.4706522478405756
2023-11-15,-1.0,0.008830868240792482,False,3.5,35.0,32.18,0.0926109677846134
2023-11-16,1.0,-0.0017812162779612562,False,20.90000000000009,209.0000000000009,206.18000000000092,0.5743336081341055
2023-11-17,-1.0,0.010590152430830486,False,1.0,10.0,7.18,0.027553902321416277
2023-11-20,1.0,-0.0005040322687352213,False,-2.099999999999909,-20.99999999999909,-23.81999999999909,-0.05910914080641502
2023-11-21,1.0,-0.001059937007750942,False,20.799999999999955,207.99999999999955,205.17999999999955,0.5886931295549414
2023-11-22,-1.0,0.010449205895319018,False,8.400000000000091,84.00000000000091,81.18000000000092,0.23648648648648918
2023-11-23,1.0,-0.004208844774054793,False,2.1000000000001364,21.000000000001364,18.180000000001364,0.05979073243647623
2023-11-24,-1.0,0.0010540317687265605,False,-10.100000000000136,-101.00000000000136,-103.82000000000136,-0.296100850190564
2023-11-27,-1.0,0.005053421806565938,False,-11.799999999999955,-117.99999999999955,-120.81999999999954,-0.36260275024967203
2023-11-28,-1.0,0.0058741706146769115,False,-28.200000000000045,-282.00000000000045,-284.82000000000045,-0.8667588750576314
2023-11-29,-1.0,0.013904178244276633,False,-3.099999999999909,-30.99999999999909,-33.81999999999909,-0.09471432936143927
2023-11-30,-1.0,0.0015018291222383296,False,9.599999999999909,95.99999999999909,93.1799999999991,0.30025803424817893
2023-12-01,1.0,-0.004658393517322248,False,33.70000000000027,337.00000000000273,334.18000000000274,1.0456907920254515
2023-12-04,-1.0,0.016252678650988846,True,-33.82499999999982,-338.2499999999982,-341.0699999999982,-0.9999999999999941
2023-12-05,1.0,-0.023625999272553034,False,-11.0,-110.0,-112.82,-0.2670551104637046
2023-12-06,1.0,-0.005384251871907973,False,7.0,70.0,67.18,0.16708437761069336
2023-12-07,-1.0,0.0034295266576665332,False,-1.7999999999999545,-17.999999999999545,-20.819999999999546,-0.04344677769731968
2023-12-08,-1.0,0.000880109581551296,False,26.700000000000045,267.00000000000045,264.18000000000046,0.6468023255813966
2023-12-11,1.0,-0.013139629509530428,False,-23.200000000000045,-232.00000000000045,-234.82000000000045,-0.5507091567266049
2023-12-12,1.0,-0.011552762690131725,False,-2.5,-25.0,-27.82,-0.05786032517502747
2023-12-13,1.0,-0.001252285584547968,False,44.5,445.0,442.18,1.054065257298513
2023-12-14,-1.0,0.02206172317576014,False,-7.899999999999864,-78.99999999999864,-81.81999999999863,-0.1764081951655191
2023-12-15,-1.0,0.0038588398109683734,False,19.09999999999991,190.9999999999991,188.1799999999991,0.4325181159420264
2023-12-18,1.0,-0.009356163183412926,False,6.7000000000000455,67.00000000000045,64.18000000000046,0.14802540734603792
2023-12-19,-1.0,0.0032890729437418964,False,-12.499999999999773,-124.99999999999773,-127.81999999999772,-0.27699296437869947
2023-12-20,-1.0,0.006105174156231004,False,10.999999999999773,109.99999999999773,107.17999999999773,0.24530300496180546
2023-12-21,1.0,-0.005370582189016719,False,10.100000000000136,101.00000000000136,98.18000000000137,0.22652088589851704
2023-12-22,-1.0,0.004924797236980651,False,-6.5,-65.0,-67.82,-0.14410819199645258
2023-12-26,-1.0,0.0031528171048936767,False,-14.0,-140.0,-142.82,-0.30411643314869086
2023-12-27,-1.0,0.006754500519668266,False,-10.599999999999909,-105.99999999999909,-108.81999999999908,-0.23120126506352348
2023-12-28,-1.0,0.005084919332156799,False,13.0,130.0,127.18,0.2880248144455517
2023-12-29,1.0,-0.006240120090239648,False,-3.099999999999909,-30.99999999999909,-33.81999999999909,-0.06785968368631101
2024-01-02,1.0,-0.0014944443208485434,False,-5.099999999999909,-50.99999999999909,-53.81999999999909,-0.11158516573678813
2024-01-03,1.0,-0.002464186012461013,False,-18.700000000000273,-187.00000000000273,-189.82000000000272,-0.4222410386678012
2024-01-04,1.0,-0.009084567809805967,False,0.7999999999997272,7.9999999999972715,5.179999999997271,0.02082113345044507
2024-01-05,-1.0,0.0003902058385282506,False,0.7000000000002728,7.0000000000027285,4.180000000002728,0.01887810140238057
2024-01-08,1.0,-0.00034128861158671023,False,-19.09999999999991,-190.9999999999991,-193.81999999999908,-0.49249016953522545
2024-01-09,1.0,-0.009349293485522594,False,0.09999999999990905,0.9999999999990905,-1.8200000000009098,0.0025290844714190392
2024-01-10,-1.0,4.9158166410280805e-05,False,6.900000000000091,69.00000000000091,66.18000000000092,0.18253968253968447
2024-01-11,1.0,-0.0033947536968348324,False,2.0,20.0,17.18,0.05418952787373826
2024-01-12,-1.0,0.0009847851502455473,False,-18.600000000000136,-186.00000000000136,-188.82000000000136,-0.48532289628180264
2024-01-15,-1.0,0.009106550080865099,False,-5.599999999999909,-55.99999999999909,-58.81999999999909,-0.1522877150044161
2024-01-16,-1.0,0.002723207284931473,False,28.200000000000045,282.00000000000045,279.18000000000046,0.7836598582742804
2024-01-17,1.0,-0.013783883126182256,False,-21.799999999999955,-217.99999999999955,-220.81999999999954,-0.6022931344108274
2024-01-18,1.0,-0.01079325261456791,False,15.599999999999909,155.9999999999991,153.1799999999991,0.4201171480508953
2024-01-19,-1.0,0.007735064349716817,False,-4.2999999999999545,-42.999999999999545,-45.819999999999546,-0.11777595179402754
2024-01-22,-1.0,0.0021197414952060416,False,9.5,95.0,92.18,0.25834523081106747
2024-01-23,1.0,-0.004686622129941722,False,6.7000000000000455,67.00000000000045,64.18000000000046,0.1819416157501706
2024-01-24,-1.0,0.003305951250684077,False,17.699999999999818,176.99999999999818,174.1799999999982,0.48679867986798125
2024-01-25,1.0,-0.008754847560136161,False,5.099999999999909,50.99999999999909,48.17999999999909,0.13715207745058236
2024-01-26,-1.0,0.0025275691810963947,False,2.7999999999999545,27.999999999999545,25.179999999999545,0.07629947544110506
2024-01-29,1.0,-0.0013863447286504437,False,11.700000000000045,117.00000000000045,114.18000000000046,0.32677000418936025
2024-01-30,-1.0,0.005774799493883958,False,-2.5,-25.0,-27.82,-0.06954586549829608
2024-01-31,-1.0,0.001217759959543841,False,1.900000000000091,19.00000000000091,16.18000000000091,0.053198936021282076
2024-02-01,1.0,-0.0009250018916163252,False,15.400000000000091,154.0000000000009,151.18000000000092,0.4406294706723915
2024-02-02,-1.0,0.007456578392479315,False,18.90000000000009,189.0000000000009,186.18000000000092,0.516393442622953
2024-02-05,1.0,-0.009163478340655066,False,-16.59999999999991,-165.9999999999991,-168.81999999999908,-0.46313733696030956
2024-02-06,1.0,-0.008098790424596809,False,10.399999999999864,103.99999999999864,101.17999999999864,0.2913777404216532
2024-02-07,-1.0,0.005080616693193721,False,2.200000000000273,22.00000000000273,19.180000000002728,0.061676478833761525
2024-02-08,1.0,-0.0010722816253812678,False,-2.700000000000273,-27.00000000000273,-29.82000000000273,-0.0766283524904292
2024-02-09,1.0,-0.0013174268172013513,False,-10.399999999999864,-103.99999999999864,-106.81999999999863,-0.3082166407349742
2024-02-12,1.0,-0.005086829261781024,False,-4.900000000000091,-49.00000000000091,-51.82000000000091,-0.15092015092015384
2024-02-13,1.0,-0.002406385446056222,False,-28.299999999999955,-282.99999999999955,-285.81999999999954,-0.8652449743942507
2024-02-14,1.0,-0.014012558146929477,False,-2.0,-20.0,-22.82,-0.059590316573556824
2024-02-15,1.0,-0.0009975063171254136,False,11.0,110.0,107.18,0.3423591658885777
2024-02-16,-1.0,0.005471561601243845,False,-7.7000000000000455,-77.00000000000045,-79.82000000000045,-0.23937203699386175
2024-02-19,-1.0,0.003811980159993956,False,-1.6000000000001364,-16.000000000001364,-18.820000000001365,-0.04962394355276845
2024-02-20,-1.0,0.0007887990943406771,False,-7.100000000000136,-71.00000000000136,-73.82000000000136,-0.2231125775787615
2024-02-21,-1.0,0.0034934963077246513,False,0.7000000000000455,7.000000000000455,4.1800000000004545,0.022116903633492748
2024-02-22,1.0,-0.0003438874048283931,False,-2.2999999999999545,-22.999999999999545,-25.819999999999546,-0.07512657194185712
2024-02-23,1.0,-0.0011298603613973974,False,12.599999999999909,125.99999999999909,123.1799999999991,0.4121687929342464
2024-02-26,-1.0,0.006174976739440757,False,2.6000000000001364,26.000000000001364,23.180000000001364,0.0819155639571562
2024-02-27,1.0,-0.0012723893269931978,False,-2.0,-20.0,-22.82,-0.06394884092725824
2024-02-28,1.0,-0.0009802000392726523,False,3.699999999999818,36.99999999999818,34.17999999999818,0.1211823466797616
2024-02-29,-1.0,0.001812615315640763,False,-9.500000000000227,-95.00000000000227,-97.82000000000227,-0.32026970080068196
2024-03-01,-1.0,0.00463856694598979,True,-28.679999999999836,-286.79999999999836,-289.61999999999836,-0.999999999999994
2024-03-04,-1.0,0.019204450284842103,True,-30.13500000000022,-301.3500000000022,-304.1700000000022,-1.0000000000000073
2024-03-05,-1.0,0.016030696624619336,False,-14.300000000000182,-143.00000000000182,-145.8200000000018,-0.4609929078014244
2024-03-06,-1.0,0.006710962136737476,False,-16.40000000000009,-164.0000000000009,-166.8200000000009,-0.5097125097125124
2024-03-07,-1.0,0.007639314215292013,False,-9.699999999999818,-96.99999999999818,-99.81999999999817,-0.2918829459113766
2024-03-08,-1.0,0.004487943313738757,True,-33.32999999999993,-333.2999999999993,-336.11999999999927,-0.9999999999999983
2024-03-11,-1.0,0.007490671729157438,False,-0.900000000000091,-9.00000000000091,-11.82000000000091,-0.0256300726185417
2024-03-12,-1.0,0.00041149441634081175,False,25.299999999999727,252.99999999999727,250.17999999999728,0.7238912732474888
2024-03-13,1.0,-0.011629374243433518,False,14.200000000000273,142.00000000000273,139.18000000000274,0.41502265088412327
2024-03-14,-1.0,0.006541691914688825,False,13.0,130.0,127.18,0.3702912483087662
2024-03-15,1.0,-0.005979228557821551,False,-6.199999999999818,-61.99999999999818,-64.81999999999817,-0.17443905183934214
2024-03-18,1.0,-0.002865728792730871,False,3.699999999999818,36.99999999999818,34.17999999999818,0.10469722693830837
2024-03-19,-1.0,0.0017115766870640426,False,3.400000000000091,34.00000000000091,31.18000000000091,0.09472071319125477
2024-03-20,1.0,-0.0015721819570568016,False,25.0,250.0,247.18,0.6966213862765587
2024-03-21,-1.0,0.011502312229597803,False,5.900000000000091,59.00000000000091,56.18000000000091,0.15549845160440381
2024-03-22,1.0,-0.0026979461685981243,False,-18.0,-180.0,-182.82,-0.43883708173340635
2024-03-25,1.0,-0.008278573702826808,False,5.400000000000091,54.00000000000091,51.18000000000091,0.13114754098360878
2024-03-26,-1.0,0.002489283542358924,False,-4.300000000000182,-43.00000000000182,-45.82000000000182,-0.10337780983291694
2024-03-27,-1.0,0.001975785787596997,False,-12.0,-120.0,-122.82,-0.27772956084013195
2024-03-28,-1.0,0.005434795985956995,False,-26.800000000000182,-268.0000000000018,-270.8200000000018,-0.6090563036191171
2024-04-01,-1.0,0.012023473691629719,False,-7.900000000000091,-79.00000000000091,-81.8200000000009,-0.17188859878155127
2024-04-02,-1.0,0.003493800957937319,False,-25.09999999999991,-250.9999999999991,-253.81999999999908,-0.5575919138065071
2024-04-03,-1.0,0.010982149710317015,False,-16.59999999999991,-165.9999999999991,-168.81999999999908,-0.3722390402511472
2024-04-04,-1.0,0.007186800350351792,False,16.59999999999991,165.9999999999991,163.1799999999991,0.36950473010572976
2024-04-05,1.0,-0.007178098796302961,False,32.5,325.0,322.18,0.7264599050013971
2024-04-08,-1.0,0.013971210596738079,False,-12.699999999999818,-126.99999999999818,-129.81999999999817,-0.2646660414712894
2024-04-09,-1.0,0.00540162511092972,False,-11.699999999999818,-116.99999999999818,-119.81999999999817,-0.240221743147517
2024-04-10,-1.0,0.004949562741166868,False,23.0,230.0,227.18,0.4618473895582329
2024-04-11,1.0,-0.009748731469261326,False,38.29999999999973,382.99999999999727,380.1799999999973,0.7617342879872663
2024-04-12,-1.0,0.01615012648601107,True,-52.409999999999854,-524.0999999999985,-526.9199999999986,-0.9999999999999977
2024-04-15,1.0,-0.012505162854364774,False,33.90000000000009,339.0000000000009,336.1800000000009,0.5848104541337837
2024-04-16,-1.0,0.01420841606341371,False,-5.400000000000091,-54.00000000000091,-56.82000000000091,-0.0879228232995497
2024-04-17,-1.0,0.0022466309998784026,False,11.0,110.0,107.18,0.17531277392620925
2024-04-18,1.0,-0.004595020407990309,False,18.600000000000364,186.00000000000364,183.18000000000364,0.2878031797609432
2024-04-19,-1.0,0.007795513073529864,False,-8.099999999999909,-80.99999999999909,-83.81999999999908,-0.12656744404078132
2024-04-22,-1.0,0.0033773251190476607,False,60.09999999999991,600.9999999999991,598.179999999999,0.9510246063770854
2024-04-23,1.0,-0.025323142099960116,False,-5.199999999999818,-51.99999999999818,-54.81999999999818,-0.0788864868964967
2024-04-24,1.0,-0.002223648553630575,False,-5.800000000000182,-58.00000000000182,-60.82000000000182,-0.08548898223892969
2024-04-25,1.0,-0.0024839413199783424,False,16.5,165.0,162.18,0.2448797862867321
2024-04-26,-1.0,0.007060514150869962,False,-7.5,-75.0,-77.82,-0.10930156301235111
2024-04-29,-1.0,0.0031945506881993595,False,-0.3000000000001819,-3.000000000001819,-5.820000000001819,-0.00448681996635157
2024-04-30,-1.0,0.00012780913852746394,False,45.40000000000009,454.0000000000009,451.1800000000009,0.6867082624314628
2024-05-01,1.0,-0.019530862583112332,False,23.90000000000009,239.0000000000009,236.18000000000092,0.35462571407374577
2024-05-02,-1.0,0.010351566111485409,False,17.59999999999991,175.9999999999991,173.1799999999991,0.257818794404159
2024-05-03,1.0,-0.0075823213514252434,False,-4.300000000000182,-43.00000000000182,-45.82000000000182,-0.061941803514839855
2024-05-06,1.0,-0.00185958061674534,False,20.799999999999727,207.99999999999727,205.17999999999728,0.30600610541027207
2024-05-07,-1.0,0.008953227851375136,False,12.400000000000091,124.00000000000091,121.18000000000092,0.1844003271618721
2024-05-08,1.0,-0.005323728871205378,False,-6.300000000000182,-63.00000000000182,-65.82000000000181,-0.09458394324963684
2024-05-09,1.0,-0.002716514185891634,False,34.59999999999991,345.9999999999991,343.1799999999991,0.5331484263646508
2024-05-10,-1.0,0.014828419469806235,False,-16.90000000000009,-169.0000000000009,-171.8200000000009,-0.26391816975091903
2024-05-13,-1.0,0.00715634736734202,False,26.0,260.0,257.18,0.43943043055731634
2024-05-14,1.0,-0.011033892286603585,False,19.09999999999991,190.9999999999991,188.1799999999991,0.33597185576077254
2024-05-15,-1.0,0.008118894355866603,False,-27.800000000000182,-278.0000000000018,-280.8200000000018,-0.4959414860404997
2024-05-16,-1.0,0.01169062936080736,False,8.199999999999818,81.99999999999818,79.17999999999819,0.14675615212527657
2024-05-17,1.0,-0.0034352777813599256,False,39.09999999999991,390.9999999999991,388.1799999999991,0.7034588224711008
2024-05-20,-1.0,0.016282189432189648,False,-10.5,-105.0,-107.82,-0.18809619776971656
2024-05-21,-1.0,0.00432874338662294,False,3.199999999999818,31.99999999999818,29.17999999999818,0.05912786400590943
2024-05-22,1.0,-0.0013173605297367248,False,-43.19999999999982,-431.9999999999982,-434.8199999999982,-0.8147100424328112
2024-05-23,1.0,-0.01797128111599617,False,-50.20000000000027,-502.00000000000273,-504.8200000000027,-0.9128932533187899
2024-05-24,1.0,-0.0212873237772234,False,4.0,40.0,37.18,0.07117754348503044
2024-05-27,-1.0,0.001714531067240452,False,-16.40000000000009,-164.0000000000009,-166.8200000000009,-0.2932761087267542
2024-05-28,-1.0,0.006996914078067084,False,-6.099999999999909,-60.99999999999909,-63.81999999999909,-0.10927493394240514
2024-05-29,-1.0,0.002589190520944472,False,25.40000000000009,254.0000000000009,251.18000000000092,0.47227257937061484
2024-05-30,1.0,-0.010815059003872559,False,2.099999999999909,20.99999999999909,18.17999999999909,0.04008016032063958
2024-05-31,-1.0,0.0008893218448794241,False,16.59999999999991,165.9999999999991,163.1799999999991,0.32217370208636426
2024-06-03,1.0,-0.007044075634202595,False,20.199999999999818,201.99999999999818,199.1799999999982,0.3945697822052902
2024-06-04,-1.0,0.008566634238764328,False,25.300000000000182,253.00000000000182,250.18000000000183,0.49440617519175706
2024-06-05,1.0,-0.010721577437075469,False,27.59999999999991,275.9999999999991,273.1799999999991,0.5258645327236334
2024-06-06,-1.0,0.011693066629910029,False,-16.40000000000009,-164.0000000000009,-166.8200000000009,-0.3062129486999968
2024-06-07,-1.0,0.00688008754958349,False,89.39999999999964,893.9999999999964,891.1799999999963,1.7060254758837752
2024-06-10,1.0,-0.03803904686651048,False,15.5,155.0,152.18,0.26923745006079547
2024-06-11,-1.0,0.006684949312170508,False,-3.300000000000182,-33.00000000000182,-35.82000000000182,-0.057795875476162335
2024-06-12,-1.0,0.001415914251957132,False,-4.400000000000091,-44.00000000000091,-46.82000000000091,-0.07730487108534435
2024-06-13,-1.0,0.0018840461169525582,False,21.5,215.0,212.18,0.381459303614992
2024-06-14,1.0,-0.00922891962369112,False,28.40000000000009,284.0000000000009,281.1800000000009,0.5010143777013331
2024-06-17,-1.0,0.012168623524677576,False,13.699999999999818,136.99999999999818,134.1799999999982,0.24621467403513156
2024-06-18,1.0,-0.0058503422975285475,False,10.099999999999909,100.99999999999909,98.1799999999991,0.18620943952802185
2024-06-19,-1.0,0.004317999056440657,False,1.099999999999909,10.99999999999909,8.17999999999909,0.02031957144176427
2024-06-20,1.0,-0.00046937339514628774,False,30.0,300.0,297.18,0.5875440658049357
2024-06-21,-1.0,0.012726596069454817,False,38.5,385.0,382.18,0.7758968158000806
2024-06-24,1.0,-0.01635307323818249,False,10.699999999999818,106.99999999999818,104.17999999999819,0.20610613502840835
2024-06-25,-1.0,0.004573928080188634,False,15.699999999999818,156.99999999999818,154.1799999999982,0.30608763464443756
2024-06-26,1.0,-0.006710430583226902,False,-21.300000000000182,-213.00000000000182,-215.8200000000018,-0.4166055449611302
2024-06-27,1.0,-0.00917773639379568,False,27.5,275.0,272.18,0.5365330211686664
2024-06-28,-1.0,0.011838023783682124,False,3.299999999999727,32.99999999999727,30.17999999999727,0.06391632771643864
2024-07-01,1.0,-0.001412036776409521,False,4.900000000000091,49.00000000000091,46.18000000000091,0.09759984065332311
2024-07-02,-1.0,0.002095316239860705,False,1.699999999999818,16.99999999999818,14.17999999999818,0.03493090871731274
2024-07-03,1.0,-0.0007262629818319249,False,24.5,245.0,242.18,0.5189303680169446
2024-07-04,-1.0,0.010420083649111973,False,1.800000000000182,18.00000000000182,15.180000000001819,0.03775365738556306
2024-07-05,1.0,-0.0007607777205484347,False,30.200000000000273,302.00000000000273,299.18000000000274,0.6471659702132284
2024-07-08,-1.0,0.012677526856181814,False,29.699999999999818,296.9999999999982,294.1799999999982,0.7002652519893862
2024-07-09,1.0,-0.012470507797146877,False,3.900000000000091,39.00000000000091,36.18000000000091,0.08971704623878761
2024-07-10,-1.0,0.0016465773917145085,False,-7.300000000000182,-73.00000000000182,-75.82000000000181,-0.16790293830142478
2024-07-11,-1.0,0.0030738807705684742,True,-42.88499999999976,-428.84999999999764,-431.66999999999763,-0.9999999999999957
2024-07-12,-1.0,0.017844959671681312,False,3.200000000000273,32.00000000000273,29.180000000002728,0.07187780772687058
2024-07-15,1.0,-0.0013227515156165096,False,6.699999999999818,66.99999999999818,64.17999999999819,0.15273266085370335
2024-07-16,-1.0,0.00276556839425366,True,-44.95499999999993,-449.5499999999993,-452.36999999999927,-0.9999999999999997
2024-07-17,-1.0,0.01881496171928332,False,10.699999999999818,106.99999999999818,104.17999999999819,0.229404513051398
2024-07-18,1.0,-0.004336116047666433,False,-16.40000000000009,-164.0000000000009,-166.8200000000009,-0.33986115428453223
2024-07-19,1.0,-0.006683536167774153,True,-48.06750000000011,-480.6750000000011,-483.4950000000011,-1.0000000000000029
2024-07-22,1.0,-0.019225807745449314,False,-3.099999999999909,-30.99999999999909,-33.81999999999909,-0.06455307407985654
2024-07-23,1.0,-0.0012905107633715033,False,10.599999999999909,105.99999999999909,103.1799999999991,0.21683543009102818
2024-07-24,-1.0,0.004410609238919826,False,12.400000000000091,124.00000000000091,121.18000000000092,0.2529579763361912
2024-07-25,1.0,-0.005155722201783017,False,-37.20000000000027,-372.00000000000273,-374.8200000000027,-0.7529983300440319
2024-07-26,1.0,-0.01562860025277068,False,22.09999999999991,220.9999999999991,218.1799999999991,0.4382312115804066
2024-07-29,-1.0,0.009307877758328168,False,6.099999999999909,60.99999999999909,58.17999999999909,0.1184926184926167
2024-07-31,-1.0,0.01008246583658642,False,-39.40000000000009,-394.0000000000009,-396.8200000000009,-0.730746047201745
2024-08-01,-1.0,0.015915669612562335,False,6.199999999999818,61.99999999999818,59.17999999999818,0.11359992670972134
2024-08-02,1.0,-0.0024894612334865674,False,-10.800000000000182,-108.00000000000182,-110.82000000000181,-0.192410475681457
2024-08-05,1.0,-0.004345383839269176,True,-57.914999999999964,-579.1499999999996,-581.9699999999997,-0.999999999999999
2024-08-06,1.0,-0.01660226018332436,False,-24.0,-240.0,-242.82,-0.3862401931200961
2024-08-07,1.0,-0.009832115256316751,False,-6.5,-65.0,-67.82,-0.10278304870335216
2024-08-08,1.0,-0.002676165213718582,False,39.5,395.0,392.18,0.6209959517352507
2024-08-09,-1.0,0.016166681118729626,False,-1.5,-15.0,-17.82,-0.023752969121140118
2024-08-12,-1.0,0.0006078411695608068,False,-40.40000000000009,-404.0000000000009,-406.8200000000009,-0.6446465613531203
2024-08-13,-1.0,0.01622264938019403,False,6.299999999999727,62.99999999999727,60.17999999999727,0.09912674061835765
2024-08-14,1.0,-0.002509911478782706,False,-20.59999999999991,-205.9999999999991,-208.81999999999908,-0.3364363873917995
2024-08-15,1.0,-0.00825391335498202,False,6.400000000000091,64.00000000000091,61.18000000000091,0.1031717244992558
2024-08-16,-1.0,0.0025701793193463867,False,-51.40000000000009,-514.0000000000009,-516.820000000001,-0.8253050738599875
2024-08-19,-1.0,0.02039186778226408,False,5.400000000000091,54.00000000000091,51.18000000000091,0.0859291084855008
2024-08-20,1.0,-0.002120308631643152,False,10.699999999999818,106.99999999999818,104.17999999999819,0.17091969170559967
2024-08-21,-1.0,0.004199790296310345,False,2.300000000000182,23.00000000000182,20.18000000000182,0.03626187379291598
2024-08-22,1.0,-0.0009017309924324643,False,-31.5,-315.0,-317.82,-0.5022121248355846
2024-08-23,1.0,-0.012429382498085353,False,25.90000000000009,259.0000000000009,256.1800000000009,0.41471518353949116
2024-08-26,-1.0,0.010222898921268002,False,-8.0,-80.0,-82.82,-0.12812812812812807
2024-08-27,-1.0,0.003137380509864467,False,-7.300000000000182,-73.00000000000182,-75.82000000000181,-0.119149630717757
2024-08-28,-1.0,0.0028550775207027966,False,18.59999999999991,185.9999999999991,183.1799999999991,0.30880338687585424
2024-08-29,1.0,-0.007290433262679232,False,15.400000000000091,154.0000000000009,151.18000000000092,0.25916109217888966
2024-08-30,-1.0,0.00604705969589385,False,19.90000000000009,199.0000000000009,196.18000000000092,0.3379181524876897
2024-09-02,1.0,-0.007820368781767673,False,-4.099999999999909,-40.99999999999909,-43.81999999999909,-0.07294724668623613
2024-09-03,1.0,-0.0016180914002637025,False,-8.400000000000091,-84.00000000000091,-86.8200000000009,-0.16726403823178168
2024-09-04,1.0,-0.003323050767412488,False,-0.599999999999909,-5.9999999999990905,-8.81999999999909,-0.012006603631995759
2024-09-05,1.0,-0.00023766141282744894,False,18.5,185.0,182.18,0.36987054530914126
2024-09-06,-1.0,0.007295416547591676,False,21.799999999999727,217.99999999999727,215.17999999999728,0.4474548440065617
2024-09-09,1.0,-0.008595250645483832,False,9.0,90.0,87.18,0.1779095626389915
2024-09-10,-1.0,0.003556613114847021,False,-12.300000000000182,-123.00000000000182,-125.82000000000181,-0.25386996904025105
2024-09-11,-1.0,0.004841861959851388,False,4.299999999999727,42.99999999999727,40.17999999999727,0.08882003614768336
2024-09-12,1.0,-0.0016905510110290347,False,46.100000000000364,461.00000000000364,458.18000000000364,0.9731897825628099
2024-09-13,-1.0,0.01798546481377001,False,-24.200000000000273,-242.00000000000273,-244.82000000000272,-0.5022831050228364
2024-09-16,-1.0,0.009312057439516522,False,-2.199999999999818,-21.99999999999818,-24.81999999999818,-0.0479381162499279
2024-09-17,-1.0,0.0008432673273672024,False,14.699999999999818,146.99999999999818,144.1799999999982,0.32644903397734437
2024-09-18,1.0,-0.005648104462300683,False,-20.399999999999636,-203.99999999999636,-206.81999999999636,-0.4596924116951073
2024-09-19,1.0,-0.007891723742632807,False,28.600000000000364,286.00000000000364,283.18000000000364,0.6153515141735324
2024-09-20,-1.0,0.011004343443839014,False,-34.5,-345.0,-347.82,-0.7424144609425432
2024-09-23,-1.0,0.013123797543224767,False,-4.599999999999909,-45.99999999999909,-48.81999999999909,-0.09789837722798415
2024-09-24,-1.0,0.0017367014596533718,False,-34.0,-340.0,-342.82,-0.7210646307194731
2024-09-25,-1.0,0.01273091669403996,False,-1.7000000000002728,-17.00000000000273,-19.82000000000273,-0.034968631080947665
2024-09-26,-1.0,0.0006336309125693502,False,-15.199999999999818,-151.99999999999818,-154.81999999999817,-0.32026970080067035
2024-09-27,-1.0,0.005652884256178613,False,20.40000000000009,204.0000000000009,201.18000000000092,0.42606516290727037
2024-09-30,1.0,-0.007598650931965912,False,-27.899999999999636,-278.99999999999636,-281.81999999999636,-0.5845380263984842
2024-10-01,1.0,-0.010462268488555075,False,23.40000000000009,234.0000000000009,231.18000000000092,0.4722979109900113
2024-10-02,-1.0,0.008769684806499436,False,4.400000000000091,44.00000000000091,41.18000000000091,0.08790330636300261
2024-10-03,1.0,-0.0016406282810479548,False,-2.099999999999909,-20.99999999999909,-23.81999999999909,-0.04234724742891533
2024-10-04,1.0,-0.0007838892504654128,False,-5.099999999999909,-50.99999999999909,-53.81999999999909,-0.10362694300517968
2024-10-07,1.0,-0.0019072912904309414,False,-9.200000000000273,-92.00000000000273,-94.82000000000272,-0.18886322812420397
2024-10-08,1.0,-0.0034491842390933416,False,-20.40000000000009,-204.0000000000009,-206.8200000000009,-0.4189126751886671
2024-10-09,1.0,-0.00769263569523568,False,-12.5,-125.0,-127.82,-0.24527839097375537
2024-10-10,1.0,-0.0047460933892556805,False,19.699999999999818,196.99999999999818,194.1799999999982,0.3922154198397257
2024-10-11,-1.0,0.00747163698122464,False,-25.699999999999818,-256.9999999999982,-259.8199999999982,-0.5275041050903083
2024-10-14,-1.0,0.009661184481932315,False,4.100000000000364,41.00000000000364,38.18000000000364,0.0836137452839883
2024-10-15,1.0,-0.0015348622573324888,False,13.5,135.0,132.18,0.2714522696425879
2024-10-16,-1.0,0.005053256995871211,False,-11.400000000000091,-114.00000000000091,-116.8200000000009,-0.22761305780173896
2024-10-17,-1.0,0.004245184002570478,False,-16.5,-165.0,-167.82,-0.34348165495706484
2024-10-18,-1.0,0.006113054621989709,False,-26.300000000000182,-263.0000000000018,-265.8200000000018,-0.5660478880817902
2024-10-21,-1.0,0.00966333094168537,False,1.699999999999818,16.99999999999818,14.17999999999818,0.03726844239832991
2024-10-22,1.0,-0.0006214245443339043,False,28.800000000000182,288.0000000000018,285.1800000000018,0.6254071661237829
2024-10-23,-1.0,0.010478919930923073,False,32.70000000000027,327.00000000000273,324.18000000000274,0.7247340425531982
2024-10-24,1.0,-0.011908154045027892,False,20.0,200.0,197.18,0.4223418857565201
2024-10-25,-1.0,0.007299835321038247,False,-6.5,-65.0,-67.82,-0.13809220310176334
2024-10-28,-1.0,0.0023618767906348724,False,-3.900000000000091,-39.00000000000091,-41.82000000000091,-0.08282892640968653
2024-10-29,-1.0,0.0014166623630116012,False,-29.59999999999991,-295.9999999999991,-298.8199999999991,-0.649550142637698
2024-10-30,-1.0,0.010686793888170227,False,-11.900000000000091,-119.00000000000091,-121.8200000000009,-0.26352211703482425
2024-10-31,-1.0,0.0042607343499058165,False,42.30000000000018,423.0000000000018,420.1800000000018,0.9423558897243133
2024-11-01,1.0,-0.015228446571515725,False,-9.5,-95.0,-97.82,-0.20010531858873062
2024-11-04,1.0,-0.0034563713440345927,False,2.699999999999818,26.99999999999818,24.17999999999818,0.05769230769230372
2024-11-05,-1.0,0.0009835528906105247,False,-5.199999999999818,-51.99999999999818,-54.81999999999818,-0.11173784582325674
2024-11-06,-1.0,0.0018911847359073086,False,83.19999999999982,831.9999999999982,829.1799999999981,1.8556930969108894
2024-11-07,1.0,-0.03069332386034524,False,43.30000000000018,433.0000000000018,430.1800000000018,0.8540433925049339
2024-11-08,-1.0,0.016095505915792153,False,21.199999999999818,211.99999999999818,209.1799999999982,0.3957254188249531
2024-11-11,1.0,-0.00784201695827284,True,-53.32499999999982,-533.2499999999982,-536.0699999999982,-0.9999999999999959
2024-11-12,1.0,-0.023833922712618968,False,-19.09999999999991,-190.9999999999991,-193.81999999999908,-0.33368273934311504
2024-11-13,1.0,-0.007302232665583148,False,-25.199999999999818,-251.99999999999818,-254.81999999999817,-0.43664717348927534
2024-11-14,1.0,-0.009721923723185462,False,-5.900000000000091,-59.00000000000091,-61.82000000000091,-0.09967899983105404
2024-11-15,1.0,-0.0022908627930234133,False,-3.400000000000091,-34.00000000000091,-36.82000000000091,-0.05600164710726933
2024-11-18,1.0,-0.0013236784615882008,False,44.0,440.0,437.18,0.732600732600732
2024-11-19,-1.0,0.016973096864035128,False,-21.0,-210.0,-212.82,-0.3395997574287444
2024-11-20,-1.0,0.007994256286541086,False,-17.0,-170.0,-172.82,-0.27514768956866514
2024-11-21,-1.0,0.006429674192876716,False,-19.90000000000009,-199.0000000000009,-201.8200000000009,-0.3275720164609065
2024-11-22,-1.0,0.007469864504438651,False,-35.5,-355.0,-357.82,-0.586243910494591
2024-11-25,-1.0,0.013197462874913662,False,89.60000000000036,896.0000000000036,893.1800000000036,1.4503662336611265
2024-11-26,1.0,-0.033536076858919225,False,7.0,70.0,67.18,0.1026882311952175
2024-11-27,-1.0,0.002663016106215531,False,-0.7999999999997272,-7.9999999999972715,-10.819999999997272,-0.011711316059138136
2024-11-28,-1.0,0.0003005485032766457,False,-0.09999999999990905,-0.9999999999990905,-3.819999999999091,-0.001445034500197376
2024-11-29,-1.0,3.7567856946047144e-05,False,-15.599999999999909,-155.9999999999991,-158.81999999999908,-0.23310545780566894
2024-12-02,-1.0,0.005843369812502063,False,13.600000000000364,136.00000000000364,133.18000000000364,0.2024939512376749
2024-12-03,1.0,-0.0050993736298264895,False,3.099999999999909,30.99999999999909,28.17999999999909,0.045376367694952305
2024-12-04,-1.0,0.0011641663443735112,False,-8.0,-80.0,-82.82,-0.11764273372302475
2024-12-05,-1.0,0.00299569593064778,False,19.699999999999818,196.99999999999818,194.1799999999982,0.31389420012746644
2024-12-06,1.0,-0.007394234684268137,False,-1.199999999999818,-11.999999999998181,-14.819999999998181,-0.019932727046215973
2024-12-09,1.0,-0.0004520625430159517,False,16.200000000000273,162.00000000000273,159.18000000000274,0.2684563758389303
2024-12-10,-1.0,0.006061304896989088,False,-33.29999999999973,-332.99999999999727,-335.81999999999726,-0.5701078582434457
2024-12-11,-1.0,0.012326413219713275,False,-31.299999999999727,-312.99999999999727,-315.81999999999726,-0.5333333333333277
2024-12-12,-1.0,0.01143579441745388,False,49.80000000000018,498.0000000000018,495.1800000000018,0.8556701030927851
2024-12-13,1.0,-0.01824894908117295,False,-39.5,-395.0,-397.82,-0.6615584306829114
2024-12-16,1.0,-0.01470861169120772,False,2.0,20.0,17.18,0.032206119162640844
2024-12-17,-1.0,0.0007493443587809797,False,9.300000000000182,93.00000000000182,90.18000000000183,0.15511633725294255
2024-12-18,1.0,-0.0034893572595813315,True,-60.0,-600.0,-602.82,-0.9999999999999989
2024-12-19,1.0,-0.021479271425455533,False,12.5,125.0,122.18,0.20027237042377607
2024-12-20,-1.0,0.0047967244065487856,False,-32.69999999999982,-326.9999999999982,-329.8199999999982,-0.511977454203848
2024-12-23,-1.0,0.012449478364200732,False,12.599999999999909,125.99999999999909,123.1799999999991,0.19662921348314444
2024-12-24,1.0,-0.004785606763312079,False,4.199999999999818,41.99999999999818,39.17999999999818,0.07258587167854505
2024-12-26,-1.0,0.0015961088742292523,False,-19.300000000000182,-193.00000000000182,-195.8200000000018,-0.34499709523171374
2024-12-27,-1.0,0.007296404976508466,False,22.700000000000273,227.00000000000273,224.18000000000274,0.41095270423173086
2024-12-30,1.0,-0.008588940217513828,False,-14.399999999999636,-143.99999999999636,-146.81999999999636,-0.260727865290596
2024-12-31,1.0,-0.005477381514656376,False,17.600000000000364,176.00000000000364,173.18000000000364,0.31862412310478105
2025-01-02,-1.0,0.006694585672214202,False,-33.5,-335.0,-337.82,-0.6114533424595018
2025-01-03,-1.0,0.012613356480336138,False,19.5,195.0,192.18,0.3481987411276277
2025-01-06,1.0,-0.007326040092072898,False,-7.5,-75.0,-77.82,-0.13335111348179732
2025-01-07,1.0,-0.002831312410655341,False,17.200000000000273,172.00000000000273,169.18000000000274,0.30359191598270635
2025-01-08,-1.0,0.006475194856368156,False,-16.40000000000009,-164.0000000000009,-166.8200000000009,-0.2885165149316101
2025-01-09,-1.0,0.006136825127033978,False,-11.199999999999818,-111.99999999999818,-114.81999999999817,-0.20278833967046514
2025-01-10,-1.0,0.004170396273726443,False,-24.0,-240.0,-242.82,-0.44562038713271024
2025-01-13,-1.0,0.008873500749741043,False,36.600000000000364,366.00000000000364,363.18000000000364,0.6725468577728827
2025-01-14,1.0,-0.013563298530900283,False,8.699999999999818,86.99999999999818,84.17999999999819,0.163380281690137
2025-01-15,-1.0,0.003239442074781767,False,-19.299999999999727,-192.99999999999727,-195.81999999999726,-0.3793238993710628
2025-01-16,-1.0,0.007121669921837,False,-24.5,-245.0,-247.82,-0.47090480995627176
2025-01-17,-1.0,0.008958831288158425,False,7.900000000000091,79.00000000000091,76.18000000000092,0.1501758387985946
2025-01-20,1.0,-0.002880112820469634,False,-9.099999999999909,-90.99999999999909,-93.81999999999908,-0.1832276250880879
2025-01-21,1.0,-0.00332681682161766,False,24.90000000000009,249.0000000000009,246.18000000000092,0.5052503424136365
2025-01-22,-1.0,0.009076556380449923,False,-8.099999999999909,-80.99999999999909,-83.81999999999908,-0.1672603376180867
2025-01-23,-1.0,0.0029319695953521855,False,4.800000000000182,48.00000000000182,45.18000000000182,0.09998437744102842
2025-01-24,1.0,-0.0017363627571922661,False,15.799999999999727,157.99999999999727,155.17999999999728,0.3218742042271394
2025-01-27,-1.0,0.005704398456394962,False,34.69999999999982,346.9999999999982,344.1799999999982,0.694277711084429
2025-01-28,1.0,-0.012569213742331973,False,29.800000000000182,298.0000000000018,295.1800000000018,0.5807268829776895
2025-01-29,-1.0,0.01080934751244258,False,0.7000000000002728,7.0000000000027285,4.180000000002728,0.01357180941302451
2025-01-30,1.0,-0.00025270302114601377,False,50.19999999999982,501.9999999999982,499.1799999999982,0.9888215886147584
2025-01-31,-1.0,0.017788640994023098,False,22.299999999999727,222.99999999999727,220.17999999999728,0.4264677758653606
2025-02-03,1.0,-0.007847869807987311,False,11.599999999999909,115.99999999999909,113.1799999999991,0.2201034106541416
2025-02-04,-1.0,0.004068610712287281,False,-23.799999999999727,-237.99999999999727,-240.81999999999726,-0.4329240563892623
2025-02-05,-1.0,0.008315039348520053,False,-7.899999999999636,-78.99999999999636,-81.81999999999636,-0.14288298064748833
2025-02-06,-1.0,0.00274472507932371,False,3.199999999999818,31.99999999999818,29.17999999999818,0.05731685473759297
2025-02-07,1.0,-0.0011099550220371804,False,6.800000000000182,68.00000000000182,65.18000000000183,0.11920413708476078
2025-02-10,-1.0,0.0023581644996530063,False,-50.09999999999991,-500.9999999999991,-503.8199999999991,-0.8940042826552443
2025-02-11,-1.0,0.01721780768243994,False,11.0,110.0,107.18,0.19395221722648334
2025-02-12,1.0,-0.003752349618550464,False,-2.400000000000091,-24.00000000000091,-26.82000000000091,-0.04022627278441387
2025-02-13,1.0,-0.0008202885141072008,False,28.200000000000273,282.00000000000273,279.18000000000274,0.46528894938745685
2025-02-14,-1.0,0.009581481292780731,False,60.80000000000018,608.0000000000018,605.1800000000018,1.0090448925400421
2025-02-17,1.0,-0.02077357834620185,False,16.200000000000273,162.00000000000273,159.18000000000274,0.2548672566371727
2025-02-18,-1.0,0.0055800640793206005,False,-39.90000000000009,-399.0000000000009,-401.8200000000009,-0.6337105419892811
2025-02-19,-1.0,0.013611686099388459,False,2.399999999999636,23.999999999996362,21.17999999999636,0.03756309425988398
2025-02-20,1.0,-0.0008128704935313604,False,2.799999999999727,27.99999999999727,25.17999999999727,0.043199876571777054
2025-02-21,-1.0,0.0009485738227357826,False,8.299999999999727,82.99999999999727,80.17999999999728,0.12689676260367283
2025-02-24,1.0,-0.002811131213990035,False,14.800000000000182,148.00000000000182,145.18000000000183,0.22604047346315687
2025-02-25,-1.0,0.005004236985832233,False,43.30000000000018,433.0000000000018,430.1800000000018,0.6684419744510091
2025-02-26,1.0,-0.014692424518097137,False,1.300000000000182,13.000000000001819,10.180000000001819,0.01926782273603355
2025-02-27,-1.0,0.0004436633009656191,False,48.0,480.0,477.18,0.6947459834997834
2025-02-28,1.0,-0.01650429430682711,False,-24.5,-245.0,-247.82,-0.355304183888043
2025-03-03,1.0,-0.008516014552425247,False,30.0,300.0,297.18,0.4281738385784632
2025-03-04,-1.0,0.010394023521056676,False,-22.5,-225.0,-227.82,-0.3315283456735556
2025-03-05,-1.0,0.007712252659931222,False,-3.099999999999909,-30.99999999999909,-33.81999999999909,-0.04526703902456704
2025-03-06,-1.0,0.0010580025218580164,False,11.299999999999727,112.99999999999727,110.17999999999728,0.1646810216052719
2025-03-07,1.0,-0.0038658298944138038,False,-1.5,-15.0,-17.82,-0.02188423241054823
2025-03-10,1.0,-0.000513883428290845,False,-29.09999999999991,-290.9999999999991,-293.8199999999991,-0.4251123041525136
2025-03-11,1.0,-0.010017123054946437,False,32.20000000000027,322.00000000000273,319.18000000000274,0.47868584383246454
2025-03-12,-1.0,0.011068447936183145,False,-17.5,-175.0,-177.82,-0.2645202735895402
2025-03-13,-1.0,0.005969963319167868,False,-51.59999999999991,-515.9999999999991,-518.8199999999991,-0.7909864336629098
2025-03-14,-1.0,0.01737885581953721,False,9.5,95.0,92.18,0.14129020263989586
2025-03-17,1.0,-0.003170103597529932,False,13.800000000000182,138.00000000000182,135.18000000000183,0.21626704278326547
2025-03-18,-1.0,0.004597709248629549,False,-32.69999999999982,-326.9999999999982,-329.8199999999982,-0.519542421353667
2025-03-19,-1.0,0.010805200373237797,False,-14.800000000000182,-148.00000000000182,-150.8200000000018,-0.2387289297524022
2025-03-20,-1.0,0.00485390084213638,False,5.0,50.0,47.18,0.08070048016785696
2025-03-21,1.0,-0.0016366080049869459,False,-27.40000000000009,-274.0000000000009,-276.8200000000009,-0.44277461317820194
2025-03-24,1.0,-0.009015294830684879,False,-14.800000000000182,-148.00000000000182,-150.8200000000018,-0.23450188156070784
2025-03-25,1.0,-0.004899860821267825,False,8.5,85.0,82.18,0.1358098661873376
2025-03-26,-1.0,0.0028133137856486625,False,3.0,30.0,27.18,0.05042864346949062
2025-03-27,1.0,-0.0009918667744330044,False,42.69999999999982,426.9999999999982,424.1799999999982,0.736810318795562
2025-03-28,-1.0,0.014010564673624422,False,-14.5,-145.0,-147.82,-0.25269028013767253
2025-03-31,-1.0,0.004666964810559502,False,-38.29999999999973,-382.99999999999727,-385.81999999999726,-0.688786979588161
2025-04-01,-1.0,0.012205572262315976,False,6.099999999999909,60.99999999999909,58.17999999999909,0.10848783958027484
2025-04-02,1.0,-0.0019340219404862273,False,13.900000000000091,139.0000000000009,136.18000000000092,0.24730895827773475
2025-04-03,-1.0,0.004404107050428562,False,69.40000000000009,694.0000000000009,691.1800000000009,1.1896802948487184
2025-04-04,1.0,-0.02194970945580801,True,-64.71000000000004,-647.1000000000004,-649.9200000000004,-0.9999999999999991
2025-04-07,1.0,-0.026847250036188167,True,-71.78999999999996,-717.8999999999996,-720.7199999999997,-0.9999999999999984
2025-04-08,1.0,-0.020573590642212338,False,0.09999999999990905,0.9999999999990905,-1.8200000000009098,0.0012985326580951684
2025-04-09,-1.0,3.3345004087927364e-05,True,-77.22749999999996,-772.2749999999996,-775.0949999999997,-0.9999999999999986
2025-04-10,-1.0,0.03680593560357697,True,-84.55499999999984,-845.5499999999984,-848.3699999999984,-0.9999999999999973
2025-04-11,-1.0,0.028402958836185373,False,-54.0,-540.0,-542.82,-0.6116727550760339
2025-04-14,-1.0,0.01676485199629209,False,18.59999999999991,185.9999999999991,183.1799999999991,0.20341207349081253
2025-04-15,1.0,-0.005745367011891303,False,20.5,205.0,202.18,0.2183173588924386
2025-04-16,-1.0,0.006333926105244802,True,-92.93249999999989,-929.3249999999989,-932.144999999999,-0.9999999999999981
2025-04-17,-1.0,0.031795856118555905,False,21.200000000000273,212.00000000000273,209.18000000000274,0.21376893796163515
2025-04-21,1.0,-0.006337459929238828,False,88.69999999999982,886.9999999999982,884.1799999999981,0.8664224664224642
2025-04-22,-1.0,0.02616552675675594,False,47.59999999999991,475.9999999999991,473.1799999999991,0.4491307527186083
2025-04-23,1.0,-0.013953442077072548,False,-63.19999999999982,-631.9999999999982,-634.8199999999982,-0.557061325224211
2025-04-24,1.0,-0.018931789967886834,False,53.69999999999982,536.9999999999982,534.1799999999981,0.445606173761512
2025-04-25,-1.0,0.016141745489818088,False,46.19999999999982,461.9999999999982,459.1799999999982,0.3698811096433274
2025-04-28,1.0,-0.013837113163196042,False,26.0,260.0,257.18,0.20089630659867097
2025-04-29,-1.0,0.0077623915664332445,False,24.0,240.0,237.18,0.17942248388001122
2025-04-30,1.0,-0.007180714814720944,False,-18.59999999999991,-185.9999999999991,-188.81999999999908,-0.13889666760011132
2025-05-01,1.0,-0.005608844087096402,False,-63.0,-630.0,-632.82,-0.46651116294568473
2025-05-02,1.0,-0.0192772630057766,False,-6.199999999999818,-61.99999999999818,-64.81999999999817,-0.0452868777619504
2025-05-05,1.0,-0.0019108678686323502,False,90.80000000000018,908.0000000000018,905.1800000000018,0.6919676878524631
2025-05-06,-1.0,0.027580414206456565,False,-86.29999999999973,-862.9999999999973,-865.8199999999973,-0.6670531400966162
2025-05-07,-1.0,0.025470249059384303,False,67.5,675.0,672.18,0.5215879455230367
2025-05-08,1.0,-0.01977941561141659,False,-61.59999999999991,-615.9999999999991,-618.8199999999991,-0.46751669702489307
2025-05-09,1.0,-0.018432046913798406,False,23.799999999999727,237.99999999999727,235.17999999999728,0.18133333333333126
2025-05-13,1.0,-0.0159214654986992,False,12.199999999999818,121.99999999999818,119.17999999999819,0.09410312777199131
2025-05-14,-1.0,0.0037561620516919788,False,70.0,700.0,697.18,0.5405614116375149
2025-05-15,1.0,-0.021746740814709467,False,53.5,535.0,532.18,0.39853250647149746
2025-05-16,-1.0,0.01667822377551544,False,49.29999999999973,492.99999999999727,490.1799999999973,0.36555073592110426
2025-05-19,1.0,-0.015315376788197436,False,15.599999999999909,155.9999999999991,153.1799999999991,0.11416652944727962
2025-05-20,-1.0,0.004833322087399737,False,-64.09999999999991,-640.9999999999991,-643.8199999999991,-0.4834907884067801
2025-05-21,-1.0,0.01963520114527966,False,-27.90000000000009,-279.0000000000009,-281.8200000000009,-0.21517815826006545
2025-05-22,-1.0,0.00843708226966285,False,26.40000000000009,264.0000000000009,261.1800000000009,0.21412494677291866
2025-05-23,1.0,-0.007991324765300838,False,65.5,655.0,652.18,0.5338223308883454
2025-05-26,-1.0,0.019684196028282273,False,13.599999999999909,135.9999999999991,133.1799999999991,0.11278351370402542
2025-05-27,1.0,-0.004060676784795453,False,-39.40000000000009,-394.0000000000009,-396.8200000000009,-0.3374443302500862
2025-05-28,1.0,-0.011857965411511712,False,-5.600000000000364,-56.00000000000364,-58.82000000000364,-0.047482776894544665
2025-05-29,1.0,-0.0016982566628968314,False,29.5,295.0,292.18,0.25197522955370477
2025-05-30,-1.0,0.008869437738239734,False,21.90000000000009,219.0000000000009,216.18000000000092,0.18747993579454322
2025-06-02,1.0,-0.006577291592461294,False,84.40000000000009,844.0000000000009,841.1800000000009,0.7203516408483767
2025-06-03,-1.0,0.02508900396597495,False,29.59999999999991,295.9999999999991,293.1799999999991,0.25498557091786106
2025-06-04,1.0,-0.00872852911306865,False,19.800000000000182,198.00000000000182,195.18000000000183,0.1764587928614413
2025-06-05,-1.0,0.005845207644392374,False,18.0,180.0,177.18,0.1645864764778494
2025-06-06,1.0,-0.005310530255960273,False,-43.80000000000018,-438.0000000000018,-440.8200000000018,-0.4186379928315431
2025-06-09,1.0,-0.013051047853814866,False,15.300000000000182,153.00000000000182,150.18000000000183,0.14670981661273108
2025-06-10,-1.0,0.004579955022039355,False,-3.300000000000182,-33.00000000000182,-35.82000000000182,-0.03255160168676663
2025-06-11,-1.0,0.0009855601317411632,False,-25.40000000000009,-254.0000000000009,-256.8200000000009,-0.2508270379696847
2025-06-12,-1.0,0.007570374733925011,False,-31.5,-315.0,-317.82,-0.321248279027077
2025-06-13,-1.0,0.009284570417272302,False,-46.09999999999991,-460.9999999999991,-463.8199999999991,-0.4928372888603801
2025-06-16,-1.0,0.013443767207926192,False,69.5,695.0,692.18,0.762124078186255
2025-06-17,1.0,-0.020217400127593148,False,0.1999999999998181,1.999999999998181,-0.8200000000018193,0.0021408691928903696
2025-06-18,-1.0,5.875268060788921e-05,False,23.59999999999991,235.9999999999991,233.1799999999991,0.2637829379383567
2025-06-19,1.0,-0.0069489708988605,False,0.8000000000001819,8.000000000001819,5.180000000001819,0.008952301021123881
2025-06-20,-1.0,0.00023619722578077513,False,5.699999999999818,56.99999999999818,54.17999999999818,0.06528087957395434
2025-06-23,1.0,-0.0016843229016290796,False,-8.599999999999909,-85.99999999999909,-88.81999999999908,-0.10257327727584357
2025-06-24,1.0,-0.0025326161312256897,False,-46.80000000000018,-468.0000000000018,-470.8200000000018,-0.5501675189560951
2025-06-25,1.0,-0.013924652243892539,False,9.800000000000182,98.00000000000182,95.18000000000183,0.11413929652923581
2025-06-26,-1.0,0.0029311500318554666,False,1.900000000000091,19.00000000000091,16.18000000000091,0.02261500922454433
2025-06-27,1.0,-0.0005678507004155334,False,-58.0,-580.0,-582.82,-0.7199826211091461
2025-06-30,1.0,-0.017512524855163913,False,36.5,365.0,362.18,0.4434724500334124
2025-07-01,-1.0,0.01105318240844958,False,-34.5,-345.0,-347.82,-0.42584706535826705
2025-07-02,-1.0,0.01035345732835934,False,-18.299999999999727,-182.99999999999727,-185.81999999999726,-0.2266604737575442
2025-07-03,-1.0,0.005447171570384778,False,29.90000000000009,299.0000000000009,296.1800000000009,0.37356321839080564
2025-07-04,1.0,-0.008915983979426854,False,10.5,105.0,102.18,0.13243780153249451
2025-07-07,-1.0,0.0031426331178258716,False,-2.299999999999727,-22.99999999999727,-25.819999999997272,-0.030360030360026737
2025-07-08,-1.0,0.0006873982248884316,False,34.5,345.0,342.18,0.4545005434245625
2025-07-09,1.0,-0.010361853308242562,False,13.400000000000091,134.0000000000009,131.18000000000092,0.17458146049117415
2025-07-10,-1.0,0.004038826395561632,False,-10.0,-100.0,-102.82,-0.13172627280511084
2025-07-11,-1.0,0.003003817103450356,False,-39.19999999999982,-391.9999999999982,-394.8199999999982,-0.5378335734376042
2025-07-14,-1.0,0.011694295139467367,False,21.59999999999991,215.9999999999991,213.1799999999991,0.30217186024551296
2025-07-15,1.0,-0.006420758659672494,False,-15.900000000000091,-159.0000000000009,-161.8200000000009,-0.2305851642375472
2025-07-16,1.0,-0.0047534432319343645,False,23.199999999999818,231.99999999999818,229.1799999999982,0.33301037068934286
2025-07-17,-1.0,0.0069401098205646465,False,9.199999999999818,91.99999999999818,89.17999999999819,0.1291771974164534
2025-07-18,1.0,-0.0027463523635168838,False,8.299999999999727,82.99999999999727,80.17999999999728,0.11624649859943585
2025-07-21,-1.0,0.0024779460664812653,False,-53.59999999999991,-535.9999999999991,-538.8199999999991,-0.7536293015571706
2025-07-22,-1.0,0.015843788609014357,False,-33.20000000000027,-332.00000000000273,-334.8200000000027,-0.45948377274929414
2025-07-23,-1.0,0.009687001318252137,False,44.5,445.0,442.18,0.6317433276547414
2025-07-24,1.0,-0.013001804707049563,False,-24.0,-240.0,-242.82,-0.3284409319511443
2025-07-25,1.0,-0.007087411175238576,False,-33.40000000000009,-334.0000000000009,-336.8200000000009,-0.4550253737951715
2025-07-28,1.0,-0.009952999500168567,False,-6.5,-65.0,-67.82,-0.09080748812517461
2025-07-29,1.0,-0.0019579793889836395,False,10.0,100.0,97.18,0.1436936451485433
2025-07-31,1.0,-0.01813567572373207,False,16.199999999999818,161.99999999999818,159.1799999999982,0.2311643835616413
2025-08-01,-1.0,0.004855979087469467,True,-69.06750000000011,-690.6750000000011,-693.4950000000011,-1.000000000000002
2025-08-04,-1.0,0.019812597435612145,False,-14.0,-140.0,-142.82,-0.18972117762645266
2025-08-05,-1.0,0.0040893879101125095,False,-4.400000000000091,-44.00000000000091,-46.82000000000091,-0.059967971651505574
2025-08-06,-1.0,0.0012823130017543662,False,1.2999999999997272,12.999999999997272,10.179999999997271,0.018061199680451917
2025-08-07,1.0,-0.00037851767110341604,False,34.90000000000009,349.0000000000009,346.1800000000009,0.4884876478409981
2025-08-08,-1.0,0.010117934605980521,False,29.199999999999818,291.9999999999982,289.1799999999982,0.3953425399404256
2025-08-11,1.0,-0.0084116414622428,False,-56.19999999999982,-561.9999999999982,-564.8199999999982,-0.7317708333333317
2025-08-12,1.0,-0.016385206225134407,False,4.900000000000091,49.00000000000091,46.18000000000091,0.06183355416745657
2025-08-13,-1.0,0.0014427255288553909,False,-8.199999999999818,-81.99999999999818,-84.81999999999817,-0.10505749335383009
2025-08-14,-1.0,0.0024088610690395458,False,21.699999999999818,216.99999999999818,214.1799999999982,0.28610039882659066
2025-08-15,1.0,-0.006389421810713396,False,1.5,15.0,12.18,0.01969473165928115
2025-08-18,-1.0,0.0004433868918798658,False,3.599999999999909,35.99999999999909,33.17999999999909,0.047923322683704896
2025-08-19,1.0,-0.0010650573475056973,False,-18.299999999999727,-182.99999999999727,-185.81999999999726,-0.2512355848434889
2025-08-20,1.0,-0.0054318116366508145,False,33.09999999999991,330.9999999999991,328.1799999999991,0.4643658810325464
2025-08-21,-1.0,0.009807340722928793,False,8.799999999999727,87.99999999999727,85.17999999999728,0.12613774815451487
2025-08-22,1.0,-0.0025975573965470963,False,34.19999999999982,341.9999999999982,339.1799999999982,0.5002193944712571
2025-08-25,-1.0,0.01005742928462956,False,7.099999999999909,70.99999999999909,68.1799999999991,0.10277566677523127
2025-08-26,1.0,-0.002079703147104009,False,26.299999999999727,262.99999999999727,260.1799999999973,0.3931240657698021
2025-08-27,-1.0,0.007680103161998421,False,-6.399999999999636,-63.99999999999636,-66.81999999999636,-0.09349548957305635
2025-08-28,-1.0,0.0018572263028498704,False,-25.59999999999991,-255.9999999999991,-258.8199999999991,-0.39072039072038944
2025-08-29,-1.0,0.0073888407276698105,False,-39.40000000000009,-394.0000000000009,-396.8200000000009,-0.605083314136529
2025-09-01,-1.0,0.011268852802857405,False,-27.699999999999818,-276.9999999999982,-279.8199999999982,-0.4405741778997147
2025-09-02,-1.0,0.007842955388801106,False,-50.5,-505.0,-507.82,-0.7948687679534097
2025-09-03,-1.0,0.014135796814468317,False,-20.09999999999991,-200.9999999999991,-203.81999999999908,-0.307798323188238
2025-09-04,-1.0,0.005568729846093728,False,13.599999999999909,135.9999999999991,133.1799999999991,0.20356234096691975
2025-09-05,1.0,-0.0037645019129739304,False,44.09999999999991,440.9999999999991,438.1799999999991,0.6641816333446275
2025-09-08,-1.0,0.01216717773142708,False,-40.69999999999982,-406.9999999999982,-409.8199999999982,-0.6331427682495205
2025-09-09,-1.0,0.011133261408616875,False,9.799999999999727,97.99999999999727,95.17999999999728,0.15419715207300325
2025-09-10,1.0,-0.0026679023800914373,False,18.90000000000009,189.0000000000009,186.18000000000092,0.29075804776739483
2025-09-11,-1.0,0.005146579633599827,False,6.5,65.0,62.18,0.09826152683295532
2025-09-12,1.0,-0.0017669530102483208,False,9.0,90.0,87.18,0.13770943309616698
2025-09-15,-1.0,0.0024469167479272045,False,-40.09999999999991,-400.9999999999991,-403.8199999999991,-0.6056486935508214
2025-09-16,-1.0,0.010836918788921273,False,-6.799999999999727,-67.99999999999727,-70.81999999999726,-0.09975428173249312
2025-09-17,-1.0,0.0018263864122856966,False,31.800000000000182,318.0000000000018,315.1800000000018,0.46840477242598577
2025-09-18,1.0,-0.008566862738759614,False,-14.199999999999818,-141.99999999999818,-144.81999999999817,-0.20391312152216562
2025-09-19,1.0,-0.0038518968010961834,False,39.70000000000027,397.00000000000273,394.18000000000274,0.5581918520861927
2025-09-22,-1.0,0.010735780988877832,False,-61.09999999999991,-610.9999999999991,-613.8199999999991,-0.8638179054889881
2025-09-23,-1.0,0.01629086992491382,False,-15.599999999999909,-155.9999999999991,-158.81999999999908,-0.20950846091861253
2025-09-24,-1.0,0.004117404465508629,False,35.19999999999982,351.9999999999982,349.1799999999982,0.4704152884968734
2025-09-25,1.0,-0.009311990253761096,False,9.0,90.0,87.18,0.11658408627222377
2025-09-26,-1.0,0.0023854340872329224,False,-15.199999999999818,-151.99999999999818,-154.81999999999817,-0.1961923201032567
2025-09-29,-1.0,0.00401225329717512,False,-68.09999999999991,-680.9999999999991,-683.8199999999991,-0.8834403580463109
2025-09-30,-1.0,0.017813473739711993,False,-23.90000000000009,-239.0000000000009,-241.8200000000009,-0.3021109847048423
2025-10-01,-1.0,0.0061680002506861184,False,-7.399999999999636,-73.99999999999636,-76.81999999999636,-0.09232400736096355
2025-10-02,-1.0,0.0019020697162366717,False,13.099999999999909,130.9999999999991,128.1799999999991,0.1643921568627439
2025-10-03,1.0,-0.003370341639234961,False,30.90000000000009,309.0000000000009,306.1800000000009,0.37618699780862036
2025-10-06,-1.0,0.007932169274441774,False,-69.60000000000036,-696.0000000000036,-698.8200000000037,-0.851219959640437
2025-10-07,-1.0,0.01762740336778373,False,-18.299999999999727,-182.99999999999727,-185.81999999999726,-0.2194639323619322
2025-10-08,-1.0,0.00458239712098077,False,-56.20000000000027,-562.0000000000027,-564.8200000000028,-0.6742853714868501
2025-10-09,-1.0,0.013924212878222458,False,73.40000000000009,734.0000000000009,731.1800000000009,0.8577271399357295
2025-10-10,1.0,-0.018235624071533542,False,36.40000000000009,364.0000000000009,361.1800000000009,0.3965465588147188
2025-10-13,-1.0,0.00907714269711465,True,-95.46000000000004,-954.6000000000004,-957.4200000000004,-1.0
2025-10-14,-1.0,0.026317308317373358,False,-28.199999999999818,-281.9999999999982,-284.8199999999982,-0.2813528883567774
2025-10-15,-1.0,0.006803239672741503,False,-66.39999999999964,-663.9999999999964,-666.8199999999964,-0.6348295807638948
2025-10-16,-1.0,0.01583700338992428,False,-96.60000000000036,-966.0000000000036,-968.8200000000037,-0.9141883739087254
2025-10-17,-1.0,0.02260644324707692,False,106.10000000000036,1061.0000000000036,1058.1800000000037,0.9467086038055746
2025-10-20,1.0,-0.024710441136692834,False,125.79999999999927,1257.9999999999927,1255.1799999999928,1.0263941582017637
2025-10-21,-1.0,0.029045098418942872,False,248.20000000000073,2482.0000000000073,2479.180000000007,1.904652278177462
2025-10-22,1.0,-0.058437243198998956,False,-17.800000000000182,-178.00000000000182,-180.8200000000018,-0.11946709621128339
2025-10-23,1.0,-0.004310873450802726,False,18.899999999999636,188.99999999999636,186.17999999999637,0.1213113175756968
2025-10-24,-1.0,0.004581548526795374,False,23.399999999999636,233.99999999999636,231.17999999999637,0.14664410603496655
2025-10-27,1.0,-0.0056638176337129205,False,-101.5,-1015.0,-1017.82,-0.620738158578723
2025-10-28,1.0,-0.02502010005229401,False,-22.699999999999818,-226.99999999999818,-229.81999999999817,-0.13511301578798443
2025-10-29,1.0,-0.005693305071523662,False,-8.699999999999818,-86.99999999999818,-89.81999999999817,-0.0505733094999335
2025-10-30,1.0,-0.0021951689884830714,False,92.5,925.0,922.18,0.5209873414156769
2025-10-31,-1.0,0.023188354886799843,False,25.399999999999636,253.99999999999636,251.17999999999637,0.14088803838366812
2025-11-03,1.0,-0.006309796117726768,False,21.5,215.0,212.18,0.1181838170624449
2025-11-04,-1.0,0.005359002842680383,False,65.10000000000036,651.0000000000036,648.1800000000036,0.3598822505079
2025-11-05,1.0,-0.0163520127033391,False,53.40000000000009,534.0000000000009,531.1800000000009,0.2915881726595137
2025-11-06,-1.0,0.013457186098012816,False,3.099999999999909,30.99999999999909,28.17999999999909,0.01699701181566415
2025-11-07,1.0,-0.0007768742481017694,False,26.0,260.0,257.18,0.14645205807387368
2025-11-10,-1.0,0.006501648309086029,False,-111.40000000000009,-1114.000000000001,-1116.8200000000008,-0.6336746302616608
2025-11-11,-1.0,0.027419206822950522,False,-10.699999999999818,-106.99999999999818,-109.81999999999817,-0.061026035874182614
2025-11-12,-1.0,0.002590580939647237,False,-67.89999999999964,-678.9999999999964,-681.8199999999964,-0.39302510672165325
2025-11-13,-1.0,0.016294079372249103,False,35.0,350.0,347.18,0.19949840401276783
2025-11-14,1.0,-0.0083622515719139,False,-86.19999999999982,-861.9999999999982,-864.8199999999982,-0.4978917576387672
2025-11-17,1.0,-0.020863334800714395,False,-43.0,-430.0,-432.82,-0.24969876457180995
2025-11-18,1.0,-0.010584193128383568,False,24.299999999999727,242.99999999999727,240.17999999999728,0.14540232464210212
2025-11-19,-1.0,0.005988853527214304,False,-8.800000000000182,-88.00000000000182,-90.82000000000181,-0.05827621601933827
2025-11-20,-1.0,0.0021611010375562675,False,1.1000000000003638,11.000000000003638,8.180000000003638,0.007565987447341505
2025-11-21,1.0,-0.0002697235350135654,False,-10.5,-105.0,-107.82,-0.07280669821623585
2025-11-24,1.0,-0.002580012488336104,False,61.30000000000018,613.0000000000018,610.1800000000018,0.4297005064577756
2025-11-25,-1.0,0.014952045082966691,False,4.300000000000182,43.00000000000182,40.18000000000182,0.030710446908423426
2025-11-26,1.0,-0.001040746526963858,False,30.199999999999818,301.9999999999982,299.1799999999982,0.22567206560929437
2025-11-27,-1.0,0.007221801916682532,False,8.100000000000364,81.00000000000364,78.18000000000364,0.06303256682619633
2025-11-28,1.0,-0.0019313540976494735,False,65.5,655.0,652.18,0.5381644893599539
2025-12-01,-1.0,0.015511162662375545,False,-12.299999999999272,-122.99999999999272,-125.81999999999272,-0.10127833014264824
2025-12-02,-1.0,0.0028841100946224354,False,23.5,235.0,232.18,0.19508955440715608
2025-12-03,1.0,-0.005525070775000896,False,-1.699999999999818,-16.99999999999818,-19.81999999999818,-0.014159586873228538
2025-12-04,1.0,-0.0004011184178931019,False,5.299999999999272,52.999999999992724,50.179999999992724,0.044618428252719375
2025-12-05,-1.0,0.0012508114203786738,False,6.600000000000364,66.00000000000364,63.18000000000364,0.055862375420557886
2025-12-08,1.0,-0.0015585522790273962,False,-7.300000000000182,-73.00000000000182,-75.82000000000181,-0.06120823376514635
2025-12-09,1.0,-0.0017278724253418677,False,21.099999999999454,210.99999999999454,208.17999999999455,0.18572308775635457
2025-12-10,-1.0,0.004987777310071709,False,-22.400000000000546,-224.00000000000546,-226.82000000000545,-0.19690576652602432
2025-12-11,-1.0,0.005273206032585531,False,-46.30000000000018,-463.0000000000018,-465.8200000000018,-0.4217910175822188
2025-12-12,-1.0,0.01081394616392291,False,-20.5,-205.0,-207.82,-0.1888182739246568
2025-12-15,-1.0,0.004745763771494687,False,-3.600000000000364,-36.00000000000364,-38.82000000000364,-0.03514423780934606
2025-12-16,-1.0,0.0008310249785735885,False,1.199999999999818,11.999999999998181,9.17999999999818,0.01200210036756251
2025-12-17,1.0,-0.00027683576894913306,False,40.5,405.0,402.18,0.409960522320073
2025-12-18,-1.0,0.009303888571802399,False,5.600000000000364,56.00000000000364,53.18000000000364,0.05784526391902042
2025-12-19,1.0,-0.001281816692629252,False,6.099999999999454,60.99999999999454,58.17999999999454,0.06317152103559309
2025-12-22,-1.0,0.0013967282200147842,True,-94.35750000000007,-943.5750000000007,-946.3950000000008,-1.0000000000000018
2025-12-23,-1.0,0.02336761041348616,False,-42.69999999999982,-426.9999999999982,-429.8199999999982,-0.4476946869020459
2025-12-24,-1.0,0.009484007253716432,False,12.0,120.0,117.18,0.12369540007730971
2025-12-26,1.0,-0.002659811834958312,False,42.899999999999636,428.99999999999636,426.17999999999637,0.4303016625291473
2025-12-29,-1.0,0.009451387261586173,False,213.30000000000018,2133.000000000002,2130.1800000000017,2.076518691588787
2025-12-30,1.0,-0.0478240402477107,False,7.800000000000182,78.00000000000182,75.18000000000183,0.06676510239455764
2025-12-31,-1.0,0.0017915389053808728,False,26.0,260.0,257.18,0.21924276920482338
2026-01-02,1.0,-0.005991629668266747,False,3.2999999999992724,32.999999999992724,30.179999999992724,0.027397260273966564
2026-01-05,-1.0,0.0007604125027965659,False,-87.89999999999964,-878.9999999999964,-881.8199999999964,-0.708928139366075
2026-01-06,-1.0,0.019927887666184696,False,-43.600000000000364,-436.00000000000364,-438.82000000000363,-0.33825982388766335
2026-01-07,-1.0,0.00972679169009637,False,42.5,425.0,422.18,0.32943821095672765
2026-01-08,1.0,-0.009478532553941842,False,17.700000000000728,177.00000000000728,174.18000000000728,0.13444229235502442
2026-01-09,-1.0,0.003954207888911751,False,-26.700000000000728,-267.0000000000073,-269.82000000000727,-0.2005407841370042
2026-01-12,-1.0,0.005929726996758398,False,-75.30000000000018,-753.0000000000018,-755.8200000000019,-0.5642351354389137
2026-01-13,-1.0,0.016493096696375865,False,16.600000000000364,166.00000000000364,163.18000000000364,0.122061067299034
2026-01-14,1.0,-0.0036069744899243235,False,44.399999999999636,443.99999999999636,441.17999999999637,0.33267771846023925
2026-01-15,-1.0,0.009616708290981636,False,25.899999999999636,258.99999999999636,256.17999999999637,0.19533533193807834
2026-01-16,1.0,-0.005602982716772964,False,-32.69999999999982,-326.9999999999982,-329.8199999999982,-0.24877325116968949
2026-01-19,1.0,-0.007103089393569058,False,49.80000000000018,498.0000000000018,495.1800000000018,0.371718076470919
2026-01-20,-1.0,0.010705405449981942,False,-83.30000000000018,-833.0000000000018,-835.8200000000019,-0.6208657089086419
2026-01-21,-1.0,0.017649324090491404,False,-60.79999999999927,-607.9999999999927,-610.8199999999928,-0.4399341545919884
2026-01-22,-1.0,0.012668155663605695,False,-83.5,-835.0,-837.82,-0.5984054465645435
2026-01-23,-1.0,0.017115457516057083,False,-40.70000000000073,-407.0000000000073,-409.82000000000727,-0.27684249906472636
2026-01-26,-1.0,0.008204450597799812,False,-41.5,-415.0,-417.82,-0.28093690766314655
2026-01-27,-1.0,0.00825308704645224,True,-152.07750000000033,-1520.7750000000033,-1523.5950000000032,-1.0000000000000022
2026-01-28,-1.0,0.03426615186761949,True,-147.4425000000001,-1474.425000000001,-1477.245000000001,-1.0000000000000007
2026-01-30,1.0,-0.004727358452992852,True,-190.6199999999999,-1906.199999999999,-1909.0199999999988,-0.9999999999999997
2026-02-02,1.0,-0.10510999150660405,True,-242.01000000000022,-2420.100000000002,-2422.9200000000023,-1.000000000000001
2026-02-03,1.0,-0.03311665333532136,False,282.1999999999998,2821.999999999998,2819.179999999998,1.0462314166017863
2026-02-04,-1.0,0.058486747652000494,False,7.899999999999636,78.99999999999636,76.17999999999637,0.027296914412078495
2026-02-05,1.0,-0.0015908979844358752,False,-153.39999999999964,-1533.9999999999964,-1536.8199999999963,-0.5081321010964245
2026-02-06,1.0,-0.031242994913714957,False,172.80000000000018,1728.0000000000018,1725.1800000000019,0.5462563421689037
2026-02-09,-1.0,0.03533676455191099,False,-102.20000000000073,-1022.0000000000073,-1024.8200000000072,-0.30426854229466926
2026-02-10,-1.0,0.020228299824034988,False,32.69999999999982,326.9999999999982,324.1799999999982,0.09725847107898848
2026-02-11,1.0,-0.006451189798191253,False,62.400000000000546,624.0000000000055,621.1800000000054,0.18459353922612864
2026-02-12,-1.0,0.012283377213259204,False,174.30000000000018,1743.0000000000018,1740.1800000000019,0.5102085620197591
2026-02-13,1.0,-0.03470973564531796,False,106.60000000000036,1066.0000000000036,1063.1800000000037,0.3008940731488744
2026-02-16,-1.0,0.021317822904086885,False,39.19999999999982,391.9999999999982,389.1799999999982,0.10889115745466871
2026-02-17,1.0,-0.00778677805223876,False,-118.30000000000018,-1183.0000000000018,-1185.8200000000018,-0.3270440251572333
2026-02-18,1.0,-0.023871912567452434,False,107.80000000000018,1078.0000000000018,1075.1800000000019,0.2943063461512216
2026-02-19,-1.0,0.021772480194231534,False,-26.300000000000182,-263.0000000000018,-265.8200000000018,-0.07137526290793182
2026-02-20,-1.0,0.005252291224005373,False,-101.0,-1010.0,-1012.82,-0.27972221645237455
2026-02-23,-1.0,0.019925693761016383,False,-126.80000000000018,-1268.0000000000018,-1270.8200000000018,-0.3481675212971167
2026-02-24,-1.0,0.024421990688654603,False,66.10000000000036,661.0000000000036,658.1800000000036,0.18108348743236866
2026-02-25,1.0,-0.012675753400943506,False,9.0,90.0,87.18,0.02486685869407548
2026-02-26,-1.0,0.0017421607193850734,False,-38.399999999999636,-383.99999999999636,-386.81999999999636,-0.10979584834448347
2026-02-27,-1.0,0.007392752611280172,False,-79.10000000000036,-791.0000000000036,-793.8200000000037,-0.24856626600675744
2026-03-02,-1.0,0.015090090708274882,False,-0.2000000000007276,-2.000000000007276,-4.820000000007276,-0.0007452120128203577
2026-03-03,-1.0,3.740764986894062e-05,False,226.30000000000018,2263.000000000002,2260.1800000000017,0.9263011399684831
2026-03-04,1.0,-0.04334391603518514,False,42.0,420.0,417.18,0.1689902830587242
2026-03-05,-1.0,0.008193569053988685,False,72.40000000000055,724.0000000000055,721.1800000000054,0.3023280091867651
2026-03-06,1.0,-0.014133683133698002,False,65.0,650.0,647.18,0.2819436763286598
2026-03-09,-1.0,0.012673452397813917,False,35.399999999999636,353.99999999999636,351.17999999999637,0.16491963661774822
2026-03-10,1.0,-0.006849209323655443,False,56.69999999999982,566.9999999999982,564.1799999999981,0.25829375790085013
2026-03-11,-1.0,0.010949331647312108,False,7.899999999999636,78.99999999999636,76.17999999999637,0.03561085004000424
2026-03-12,1.0,-0.0015206786310760373,False,-92.09999999999945,-920.9999999999945,-923.8199999999946,-0.41935594030666035
2026-03-13,1.0,-0.01792626611439491,False,-62.0,-620.0,-622.82,-0.29063975905026457
2026-03-16,1.0,-0.01227009259181436,False,9.0,90.0,87.18,0.04285408185129638
2026-03-17,-1.0,0.0017947955760231173,False,9.699999999999818,96.99999999999818,94.17999999999819,0.046571363412671866
2026-03-18,1.0,-0.0019361863190102766,False,-163.89999999999964,-1638.9999999999964,-1641.8199999999963,-0.8148451968132037
2026-03-19,1.0,-0.03325828233177014,True,-204.77999999999975,-2047.7999999999975,-2050.6199999999976,-1.0
2026-03-20,1.0,-0.03820722640745954,False,-149.60000000000036,-1496.0000000000036,-1498.8200000000036,-0.6601359103344828
2026-03-23,1.0,-0.0326759365393963,True,-236.23499999999967,-2362.3499999999967,-2365.169999999997,-0.9999999999999996
2026-03-24,1.0,-0.014081561381622485,False,-9.199999999999818,-91.99999999999818,-94.81999999999817,-0.03554216285650749
2026-03-26,-1.0,0.011638885772138344,False,138.5,1385.0,1382.18,0.5250985744616318
2026-03-27,1.0,-0.03126206757062695,False,135.10000000000036,1351.0000000000036,1348.1800000000037,0.4957570753635167
2026-03-30,-1.0,0.030412806408195263,False,-25.800000000000182,-258.0000000000018,-260.8200000000018,-0.09296041075530398
2026-03-31,-1.0,0.005694499684091885,False,-172.10000000000036,-1721.0000000000036,-1723.8200000000036,-0.6194101027551343
2026-04-01,-1.0,0.03720102603534648,False,-94.19999999999982,-941.9999999999982,-944.8199999999982,-0.356504215037892
2026-04-02,-1.0,0.019853965244513695,False,85.69999999999982,856.9999999999982,854.1799999999981,0.32361909617000306
2026-04-06,1.0,-0.018076275489969772,False,6.800000000000182,68.00000000000182,65.18000000000183,0.024984614254090508
2026-04-07,-1.0,0.0014532401258221285,False,-49.0,-490.0,-492.82,-0.1803443104130436
2026-04-08,-1.0,0.010420083649111973,False,-9.799999999999272,-97.99999999999272,-100.81999999999272,-0.03683033617076976
2026-04-09,-1.0,0.002062941474689048,False,-48.5,-485.0,-487.82,-0.18000965000185573
2026-04-10,-1.0,0.010170681027209853,False,8.899999999999636,88.99999999999636,86.17999999999637,0.032733826179703676
2026-04-14,-1.0,0.011269508316322091,False,-102.0,-1020.0,-1022.82,-0.37959138104275947
2026-04-15,-1.0,0.02117315894722213,False,44.79999999999927,447.9999999999927,445.17999999999273,0.16530602831972416
2026-04-16,1.0,-0.009254352351487206,False,1.0999999999994543,10.999999999994543,8.179999999994543,0.004042185720058256
2026-04-17,-1.0,0.00022849308907816983,False,-64.29999999999927,-642.9999999999927,-645.8199999999928,-0.24599257813994127
2026-04-21,-1.0,0.004602379796521377,False,141.80000000000018,1418.0000000000018,1415.1800000000019,0.6140122975664679
2026-04-22,1.0,-0.02973339343773622,False,19.300000000000182,193.00000000000182,190.18000000000183,0.09157769869513722
2026-04-23,-1.0,0.004063719574197506,False,46.600000000000364,466.00000000000364,463.18000000000364,0.23109920900592795
2026-04-24,1.0,-0.00983960641372361,False,20.699999999999818,206.99999999999818,204.1799999999982,0.10469218222508728
2026-04-27,-1.0,0.004384253387705864,False,21.800000000000182,218.00000000000182,215.18000000000183,0.11495162013235352
2026-04-28,1.0,-0.004631506717593044,False,-88.09999999999945,-880.9999999999945,-883.8199999999946,-0.48747423607364404
2026-04-29,1.0,-0.018931128237201413,False,-49.0,-490.0,-492.82,-0.27299571006741347
2026-04-30,1.0,-0.010685959278993826,False,72.5,725.0,722.18,0.42260499548249875
2026-05-01,-1.0,0.01578229695299275,False,13.399999999999636,133.99999999999636,131.17999999999637,0.07895473360142383
2026-05-04,1.0,-0.0028943580263644146,False,-115.19999999999982,-1151.9999999999982,-1154.8199999999981,-0.7245283018867918
2026-05-05,1.0,-0.02512508671800604,False,33.30000000000018,333.0000000000018,330.1800000000018,0.20602292237019293
2026-05-06,-1.0,0.007319759675835867,True,-158.72249999999985,-1587.2249999999985,-1590.0449999999985,-1.0
2026-05-07,-1.0,0.028971902419293035,False,-10.800000000000182,-108.00000000000182,-110.82000000000181,-0.06767871410443319
2026-05-08,-1.0,0.002294261107462835,False,-43.69999999999982,-436.9999999999982,-439.8199999999982,-0.27680126682501877
2026-05-11,-1.0,0.009274555269407974,False,-41.899999999999636,-418.99999999999636,-421.81999999999636,-0.26291433322352215
2026-05-12,-1.0,0.008872947195877941,False,23.199999999999818,231.99999999999818,229.1799999999982,0.14879663924831935
2026-05-13,1.0,-0.004900313962754133,False,-26.5,-265.0,-267.82,-0.16727421925547195
2026-05-14,1.0,-0.005627118376346744,False,-37.19999999999982,-371.9999999999982,-374.8199999999982,-0.23793533531612676
2026-05-15,1.0,-0.007951818224354142,False,-105.39999999999964,-1053.9999999999964,-1056.8199999999963,-0.6716370356209757
2026-05-18,1.0,-0.022900603182962397,False,14.199999999999818,141.99999999999818,139.1799999999982,0.08923661843490172
2026-05-19,-1.0,0.003116908445546543,False,84.89999999999964,848.9999999999964,846.1799999999963,0.5299625468164774
2026-05-20,1.0,-0.0187441325813106,False,63.5,635.0,632.18,0.4043298312639288
2026-05-21,-1.0,0.014059946653750696,False,2.399999999999636,23.999999999996362,21.17999999999636,0.014965859133848633
2026-05-22,1.0,-0.0005280295819244042,False,-34.600000000000364,-346.00000000000364,-348.82000000000363,-0.21647662396571632
2026-05-25,1.0,-0.007642730256926764,False,43.30000000000018,433.0000000000018,430.1800000000018,0.2744371028822245
2026-05-26,-1.0,0.00951268748355176,False,60.099999999999454,600.9999999999945,598.1799999999945,0.3821878825455839
2026-05-27,1.0,-0.013241432992123815,False,-54.0,-540.0,-542.82,-0.35106538592812897
2026-05-28,1.0,-0.012061794659240396,False,41.0,410.0,407.18,0.2630481506431847
2026-05-29,-1.0,0.009094601525704647,False,-49.5,-495.0,-497.82,-0.3110713107413866
2026-06-01,-1.0,0.010873373172422695,False,63.30000000000018,633.0000000000018,630.1800000000018,0.3967284008649068
2026-06-02,1.0,-0.01393420962661766,False,2.0,20.0,17.18,0.012745754070675209
2026-06-03,-1.0,0.0004427717583959919,False,48.0,480.0,477.18,0.30521245648338013
2026-06-04,1.0,-0.010676257991341755,False,43.399999999999636,433.99999999999636,431.17999999999637,0.2908018828416815
2026-06-05,-1.0,0.009672893463584433,False,159.09999999999945,1590.9999999999945,1588.1799999999946,1.061675258161917
2026-06-08,1.0,-0.03597616009582216,False,-3.600000000000364,-36.00000000000364,-38.82000000000364,-0.023031524399023496
2026-06-09,1.0,-0.0008271679162865593,False,-72.0,-720.0,-722.82,-0.4646885134808074
2026-06-10,1.0,-0.01667168372290994,True,-154.23750000000018,-1542.3750000000018,-1545.1950000000018,-1.000000000000001
2026-06-11,1.0,-0.041874456584923656,False,139.79999999999973,1397.9999999999973,1395.1799999999973,0.8512581632187037
2026-06-12,-1.0,0.03360893248323563,False,2.0,20.0,17.18,0.011551512526171393
2026-06-15,1.0,-0.00047250048129126226,False,54.900000000000546,549.0000000000055,546.1800000000054,0.32829528636139704
2026-06-16,-1.0,0.01272367304848206,False,-24.099999999999454,-240.99999999999454,-243.81999999999454,-0.14395364811993824
2026-06-17,-1.0,0.005548726635724143,False,98.80000000000018,988.0000000000018,985.1800000000018,0.610979701003356
2026-06-18,1.0,-0.022957465333151243,False,-39.19999999999982,-391.9999999999982,-394.8199999999982,-0.2355415352260768
2026-06-19,1.0,-0.009211890117359506,False,-54.80000000000018,-548.0000000000018,-550.8200000000019,-0.32256165754311733
2026-06-22,1.0,-0.013045940396313965,False,44.100000000000364,441.00000000000364,438.18000000000364,0.2556521739130457
2026-06-23,-1.0,0.010532069412319064,False,80.10000000000036,801.0000000000036,798.1800000000036,0.4581331503088561
2026-06-24,1.0,-0.019210375518201556,False,-124.09999999999991,-1240.999999999999,-1243.819999999999,-0.7083030121427446
2026-06-25,1.0,-0.030516635484369763,False,23.40000000000009,234.0000000000009,231.18000000000092,0.13200203080047437
2026-06-26,-1.0,0.005806756104738467,False,-44.0,-440.0,-442.82,-0.2555724969142525
2026-06-29,-1.0,0.0108263446110423,False,72.40000000000055,724.0000000000055,721.1800000000054,0.4195277415616429
2026-06-30,1.0,-0.017804916547162788,False,-0.20000000000027285,-2.0000000000027285,-4.820000000002729,-0.0011676445689947916
2026-07-01,1.0,-4.961917285867619e-05,False,28.699999999999818,286.9999999999982,284.1799999999982,0.16444635439048744
2026-07-02,-1.0,0.0071068928641701305,False,-86.19999999999982,-861.9999999999982,-864.8199999999982,-0.4763088824423252
2026-07-03,-1.0,0.02107090739783409,False,-49.69999999999982,-496.9999999999982,-499.8199999999982,-0.27225417693782433
2026-07-06,-1.0,0.011941372781510723,False,12.200000000000728,122.00000000000728,119.18000000000728,0.0696168221632613
2026-07-07,1.0,-0.0029176153663406424,False,-52.100000000000364,-521.0000000000036,-523.8200000000037,-0.29848608544952165
2026-07-08,1.0,-0.012551206069066281,False,-19.699999999999818,-196.99999999999818,-199.81999999999817,-0.11476675259608694
2026-07-09,1.0,-0.004804711510133848,False,43.600000000000364,436.00000000000364,433.18000000000364,0.2630110543063558
2026-07-10,-1.0,0.010607597699925152,False,17.800000000000182,178.00000000000182,175.18000000000183,0.1129889708799504
2026-07-13,1.0,-0.004314426063737603,False,-97.59999999999991,-975.9999999999991,-978.8199999999991,-0.6235425650854491
2026-07-14,1.0,-0.024051230786182785,False,53.70000000000027,537.0000000000027,534.1800000000027,0.34142387106003697
2026-07-15,-1.0,0.013306932736768229,False,-5.300000000000182,-53.00000000000182,-55.82000000000182,-0.03256828586352155
2026-07-16,-1.0,0.0013049849808935388,False,84.80000000000018,848.0000000000018,845.1800000000018,0.5461893950372778
2026-07-17,1.0,-0.021059160634842068,False,38.0,380.0,377.18,0.24858535308932708
2026-07-20,-1.0,0.009497934381506515,False,-4.5,-45.0,-47.82,-0.029829969175698516
2026-07-21,-1.0,0.00112257255499068,False,-78.0,-780.0,-782.82,-0.524590163934426
2026-07-22,-1.0,0.01926175710797418,False,-53.70000000000027,-537.0000000000027,-539.8200000000028,-0.36463638215522687
2026-07-23,-1.0,0.013066674140825043,False,80.19999999999982,801.9999999999982,799.1799999999981,0.5635782298584012
2026-07-24,1.0,-0.019600324430677857,False,3.400000000000091,34.00000000000091,31.18000000000091,0.0236653441915507
2026-07-27,-1.0,0.0008385537905668133,False,9.599999999999909,95.99999999999909,93.1799999999991,0.06868058163867509
2026-07-28,1.0,-0.0023470745701938494,False,-54.69999999999982,-546.9999999999982,-549.8199999999982,-0.39945959761930694
2026-07-29,1.0,-0.013495881042366133,False,12.5,125.0,122.18,0.09375410174195117
2026-07-31,-1.0,0.010726225164206332,False,55.0,550.0,547.18,0.42558953823535095
2026-08-03,1.0,-0.013300962700011045,False,-25.899999999999636,-258.99999999999636,-261.81999999999636,-0.19826233398399845
2026-08-04,1.0,-0.006284521745533375,False,26.0,260.0,257.18,0.19987699876998763
2026-08-05,-1.0,0.006306720559479888,True,-128.2574999999997,-1282.574999999997,-1285.394999999997,-0.9999999999999973
2026-08-06,-1.0,0.0410115866848627,False,-0.3999999999996362,-3.999999999996362,-6.819999999996362,-0.0029586893006371233
2026-08-07,-1.0,9.285697710777499e-05,False,-104.79999999999927,-1047.9999999999927,-1050.8199999999927,-0.7762531711201169
2026-08-10,-1.0,0.024087581505896467,False,-46.80000000000018,-468.0000000000018,-470.8200000000018,-0.3315974067382304
2026-08-11,-1.0,0.01058019545310753,False,20.899999999999636,208.99999999999636,206.17999999999637,0.15117814065353535
