trade_date,direction,signal,stopped,raw_ret_pts,gross_usd,net_usd,r_multiple
2022-08-08,-1.0,0.0006144050239359278,False,-14.199999999999818,-141.99999999999818,-144.81999999999817,-0.36354326676906906
2022-08-09,-1.0,0.0006091989222827661,False,-4.5,-45.0,-47.82,-0.120240480961924
2022-08-10,-1.0,0.000717696776327715,False,5.7999999999999545,57.999999999999545,55.179999999999545,0.16178521617852062
2022-08-11,-1.0,0.0015490155785967612,False,7.7000000000000455,77.00000000000045,74.18000000000046,0.21739897653079374
2022-08-12,-1.0,0.0027165643871856922,False,-11.700000000000045,-117.00000000000045,-119.82000000000045,-0.34061135371179224
2022-08-15,-1.0,0.000824787663945417,False,25.0,250.0,247.18,0.7377895824110975
2022-08-16,-1.0,0.00039002647102586195,False,4.5,45.0,42.18,0.12805587892898726
2022-08-17,1.0,-0.0001675556428282368,False,-11.200000000000045,-112.00000000000045,-114.82000000000045,-0.33209785025945315
2022-08-18,1.0,-0.0009559961363548251,False,-4.100000000000136,-41.000000000001364,-43.820000000001365,-0.12139847397791097
2022-08-19,1.0,-0.00022559359409859902,False,-12.5,-125.0,-127.82,-0.3761014399312274
2022-08-22,-1.0,5.680365817073125e-05,False,12.299999999999955,122.99999999999955,120.17999999999955,0.3791615289765709
2022-08-23,-1.0,0.0005146827666298704,False,-11.100000000000136,-111.00000000000136,-113.82000000000136,-0.34190008663009375
2022-08-24,-1.0,0.00028401829268725034,False,-4.7000000000000455,-47.000000000000455,-49.820000000000455,-0.14369211401852489
2022-08-25,1.0,-0.0003965893369450413,False,5.899999999999864,58.999999999998636,56.179999999998635,0.18389610389609964
2022-08-26,-1.0,0.0009032404362532943,False,23.0,230.0,227.18,0.7265170407315046
2022-08-29,1.0,-0.0008006863453216239,False,2.7000000000000455,27.000000000000455,24.180000000000454,0.08393564933551084
2022-08-30,1.0,-5.712816705822653e-05,False,-15.5,-155.0,-157.82,-0.4727050930161636
2022-08-31,-1.0,0.0009218183518464053,False,14.900000000000091,149.0000000000009,146.18000000000092,0.464066028186564
2022-09-01,-1.0,0.0008128665604643767,False,17.09999999999991,170.9999999999991,168.1799999999991,0.5349601126231789
2022-09-02,-1.0,0.001464429280837667,False,-12.5,-125.0,-127.82,-0.3990104540738969
2022-09-05,-1.0,0.0016257333894802973,False,2.5,25.0,22.18,0.08134049129656744
2022-09-06,1.0,-0.0006392933120994898,False,-9.199999999999818,-91.99999999999818,-94.81999999999817,-0.3078982597054826
2022-09-07,-1.0,0.000934743305777501,False,-16.200000000000045,-162.00000000000045,-164.82000000000045,-0.5301914580265109
2022-09-08,1.0,-0.00011570056706192494,False,-10.599999999999909,-105.99999999999909,-108.81999999999908,-0.34056224899598103
2022-09-09,-1.0,0.0012798140199451965,False,-6.900000000000091,-69.00000000000091,-71.8200000000009,-0.2176484504376655
2022-09-12,-1.0,0.0005788712173223089,False,-7.400000000000091,-74.00000000000091,-76.8200000000009,-0.23270440251572616
2022-09-13,-1.0,0.00011524056480627322,False,22.59999999999991,225.9999999999991,223.1799999999991,0.7238369765393518
2022-09-14,1.0,-0.00029192818773960506,False,-7.0,-70.0,-72.82,-0.21207301370900558
2022-09-15,-1.0,0.0011134227175056703,False,34.5,345.0,342.18,1.0670378102528417
2022-09-16,-1.0,0.0006573247121855583,False,-8.400000000000091,-84.00000000000091,-86.8200000000009,-0.24745912505523915
2022-09-19,-1.0,0.001603563818006497,False,1.5,15.0,12.18,0.042900042900042894
2022-09-20,-1.0,0.0008905513100810629,False,11.5,115.0,112.18,0.3294656925941842
2022-09-21,1.0,-0.0005976929231783676,False,8.600000000000136,86.00000000000136,83.18000000000137,0.24851900014449171
2022-09-22,-1.0,0.0009512485854042466,False,2.599999999999909,25.99999999999909,23.17999999999909,0.07180336923501543
2022-09-23,1.0,-0.0010718752887139851,False,-27.40000000000009,-274.0000000000009,-276.8200000000009,-0.7350771294433287
2022-09-26,-1.0,0.0006660410164174664,False,20.09999999999991,200.9999999999991,198.1799999999991,0.5293304365000964
2022-09-27,1.0,-0.0016557818151430855,False,5.7000000000000455,57.000000000000455,54.180000000000454,0.14931237721021726
2022-09-28,-1.0,0.0011614048189552482,False,-32.59999999999991,-325.9999999999991,-328.8199999999991,-0.8511193786306348
2022-09-29,1.0,-0.0007789795761977241,False,1.3999999999998636,13.999999999998636,11.179999999998635,0.03440860215053427
2022-09-30,1.0,-0.0005991252950167802,False,1.300000000000182,13.000000000001819,10.180000000001819,0.03195673549656297
2022-10-03,-1.0,0.000359238418424516,False,-39.09999999999991,-390.9999999999991,-393.8199999999991,-0.9729998755754612
2022-10-04,1.0,-0.0008192404928908933,False,25.09999999999991,250.9999999999991,248.1799999999991,0.5853886070783024
2022-10-05,-1.0,0.0014412962628797025,False,10.5,105.0,102.18,0.24146257330113832
2022-10-06,-1.0,0.00034770514953928766,False,3.2000000000000455,32.000000000000455,29.180000000000454,0.0737667127708632
2022-10-07,1.0,-0.0006968236737450808,False,-18.299999999999955,-182.99999999999955,-185.81999999999954,-0.42575466759727676
2022-10-10,-1.0,0.00046959380999121177,False,28.0,280.0,277.18,0.6479231748235563
2022-10-11,1.0,-0.0003580593223192149,False,-2.1000000000001364,-21.000000000001364,-23.820000000001365,-0.04769204564810392
2022-10-13,1.0,-0.0009514748576994952,False,-10.299999999999955,-102.99999999999955,-105.81999999999954,-0.23751873630808137
2022-10-14,-1.0,0.0016747417037166737,False,24.59999999999991,245.9999999999991,243.1799999999991,0.5656147611657159
2022-10-17,-1.0,0.00018194499246609178,False,-4.7000000000000455,-47.000000000000455,-49.820000000000455,-0.10723248916267494
2022-10-18,-1.0,0.0010878763311503478,False,-1.2999999999999545,-12.999999999999545,-15.819999999999546,-0.029443406375628887
2022-10-19,-1.0,0.00012070734518852701,False,22.5,225.0,222.18,0.5142269454919437
2022-10-20,-1.0,0.00036701737627528326,False,3.699999999999818,36.99999999999818,34.17999999999818,0.08575236108696492
2022-10-21,-1.0,0.0010415072162175097,False,-27.100000000000136,-271.00000000000136,-273.82000000000136,-0.6349206349206382
2022-10-24,-1.0,0.0015648513575470511,False,8.0,80.0,77.18,0.18592760443902154
2022-10-26,1.0,-0.0007841954858218658,False,11.800000000000182,118.00000000000182,115.18000000000183,0.27338546191717783
2022-10-27,1.0,-0.00011984659650013372,False,-2.0,-20.0,-22.82,-0.04831793199251074
2022-10-28,-1.0,0.00047987524164836147,False,18.90000000000009,189.0000000000009,186.18000000000092,0.4628099173553741
2022-10-31,1.0,-0.0007888589261904744,False,-12.099999999999909,-120.99999999999909,-123.81999999999908,-0.28923150472092524
2022-11-01,-1.0,0.0009779951879767099,False,-14.600000000000136,-146.00000000000136,-148.82000000000136,-0.3688265757231308
2022-11-02,1.0,-0.0007875208645689905,False,-10.599999999999909,-105.99999999999909,-108.81999999999908,-0.27184715009296423
2022-11-03,1.0,-0.00042705061198691476,False,-5.5,-55.0,-57.82,-0.13899418751579476
2022-11-04,1.0,-0.0006737100239510174,False,52.399999999999864,523.9999999999986,521.1799999999986,1.3113113113113082
2022-11-07,1.0,-0.002139292472647718,False,-3.7000000000000455,-37.000000000000455,-39.820000000000455,-0.08750147806550894
2022-11-08,-1.0,0.0010725778647142953,True,-40.82249999999999,-408.2249999999999,-411.0449999999999,-1.0
2022-11-09,1.0,-0.00040807998933988925,False,-7.2000000000000455,-72.00000000000045,-74.82000000000045,-0.167247386759583
2022-11-10,-1.0,0.0012288967810416556,True,-43.319999999999936,-433.19999999999936,-436.01999999999936,-0.9999999999999987
2022-11-11,1.0,-0.0002842766599580804,False,12.300000000000182,123.00000000000182,120.18000000000183,0.27730808251606776
2022-11-14,1.0,-0.0007343595867378082,False,6.100000000000136,61.000000000001364,58.180000000001364,0.13919790062182988
2022-11-15,1.0,-0.0009578274952642666,False,7.900000000000091,79.00000000000091,76.18000000000092,0.1811718839582638
2022-11-16,1.0,-0.00022450468747835218,False,-4.0,-40.0,-42.82,-0.09088843444671671
2022-11-17,1.0,-0.0007316318529921473,False,-12.799999999999955,-127.99999999999955,-130.81999999999954,-0.29727689717238476
2022-11-18,-1.0,0.00022680880115361624,False,13.5,135.0,132.18,0.31468531468531485
2022-11-21,-1.0,0.0012561381119554338,False,11.799999999999955,117.99999999999955,115.17999999999955,0.28559327161614223
2022-11-22,1.0,-0.0006896155666668608,False,1.5,15.0,12.18,0.03674444240308654
2022-11-23,1.0,-0.00040214862806071423,False,11.600000000000136,116.00000000000136,113.18000000000137,0.29029029029029363
2022-11-24,1.0,-0.0007994518470560199,False,4.7999999999999545,47.999999999999545,45.179999999999545,0.11764705882352826
2022-11-25,1.0,-5.697194133430816e-05,False,-0.5,-5.0,-7.82,-0.012421588721197441
2022-11-28,-1.0,0.00017095478287634507,False,16.09999999999991,160.9999999999991,158.1799999999991,0.4115541922290366
2022-11-29,-1.0,0.009956594039666679,False,-6.400000000000091,-64.00000000000091,-66.8200000000009,-0.16016016016016252
2022-11-30,-1.0,0.0006238480281726222,False,-20.40000000000009,-204.0000000000009,-206.8200000000009,-0.5177993527508115
2022-12-01,1.0,-0.0014021707897588814,False,36.0,360.0,357.18,0.9302325581395349
2022-12-02,1.0,-0.0007154453952570162,False,-5.0,-50.0,-52.82,-0.12628654416871882
2022-12-05,1.0,-0.00022084805743476522,False,-31.5,-315.0,-317.82,-0.8403361344537815
2022-12-06,-1.0,0.0014039030805072365,False,-1.7999999999999545,-17.999999999999545,-20.819999999999546,-0.045325779036826046
2022-12-07,1.0,-0.0002242655313278222,False,16.399999999999864,163.99999999999864,161.17999999999864,0.4461674488199649
2022-12-08,1.0,-0.0009449957622561766,False,2.7000000000000455,27.000000000000455,24.180000000000454,0.07317073170731826
2022-12-09,-1.0,0.000666148575760762,False,-4.900000000000091,-49.00000000000091,-51.82000000000091,-0.1447348988332621
2022-12-12,-1.0,0.0009403955885945878,False,16.799999999999955,167.99999999999955,165.17999999999955,0.5040504050405022
2022-12-13,-1.0,0.00039059231029733686,True,-33.194999999999936,-331.94999999999936,-334.76999999999936,-0.9999999999999974
2022-12-14,-1.0,0.0006034175558172048,False,5.5,55.0,52.18,0.15692988087595394
2022-12-15,-1.0,0.0005499037806982096,False,32.0,320.0,317.18,0.9005206134796673
2022-12-16,-1.0,0.0002797594087346738,False,-14.299999999999955,-142.99999999999955,-145.81999999999954,-0.387849199891509
2022-12-19,1.0,-0.00033305578992300175,False,-4.900000000000091,-49.00000000000091,-51.82000000000091,-0.1330076004343129
2022-12-20,-1.0,0.0003896140087691877,False,-30.200000000000045,-302.00000000000045,-304.82000000000045,-0.8290439914899462
2022-12-21,-1.0,0.00032831737641009196,False,3.7000000000000455,37.000000000000455,34.180000000000454,0.09667515840355456
2022-12-22,1.0,-0.0001096491229167539,False,-24.100000000000136,-241.00000000000136,-243.82000000000136,-0.6613157714207346
2022-12-23,-1.0,0.0007220417431636766,False,-4.2000000000000455,-42.000000000000455,-44.820000000000455,-0.10911925175370334
2022-12-27,-1.0,0.001217892090307295,False,-13.900000000000091,-139.0000000000009,-141.8200000000009,-0.36268754076973464
2022-12-28,1.0,-0.00038439362379909497,False,-8.700000000000045,-87.00000000000045,-89.82000000000045,-0.2229054573405082
2022-12-29,1.0,-5.518916086280105e-05,False,9.599999999999909,95.99999999999909,93.1799999999991,0.24634334103156025
2022-12-30,1.0,-0.00016471298799146703,False,8.599999999999909,85.99999999999909,83.1799999999991,0.22505724566568272
2023-01-03,-1.0,0.0006009779731241039,False,-13.099999999999909,-130.9999999999991,-133.81999999999908,-0.35976656368005205
2023-01-04,-1.0,0.0007047407658930848,False,-16.0,-160.0,-162.82,-0.44077134986225847
2023-01-05,1.0,-0.000644918601382284,False,-22.09999999999991,-220.9999999999991,-223.81999999999908,-0.629495122124899
2023-01-06,-1.0,0.0003263885140218115,False,-33.100000000000136,-331.00000000000136,-333.82000000000136,-0.9027067566646249
2023-01-09,-1.0,0.00032051282325653674,False,-3.400000000000091,-34.00000000000091,-36.82000000000091,-0.0894501446987659
2023-01-10,-1.0,0.0003198294270331919,False,-6.0,-60.0,-62.82,-0.15701668302257113
2023-01-11,1.0,-0.0004251022966402718,False,-1.0,-10.0,-12.82,-0.026418334324020867
2023-01-12,1.0,-0.00037231072419005665,False,21.700000000000045,217.00000000000045,214.18000000000046,0.5736188210415024
2023-01-13,1.0,-0.001315616556028482,False,24.90000000000009,249.0000000000009,246.18000000000092,0.6749339296605024
2023-01-16,-1.0,5.197640272488061e-05,False,5.599999999999909,55.99999999999909,53.17999999999909,0.14909478168263868
2023-01-17,-1.0,0.00015636809080349872,False,7.0,70.0,67.18,0.19476905954368393
2023-01-18,1.0,-0.0008896564942970883,False,-4.7000000000000455,-47.000000000000455,-49.820000000000455,-0.13212453440157557
2023-01-19,1.0,-5.248655033342799e-05,False,29.799999999999955,297.99999999999955,295.17999999999955,0.8137074203017258
2023-01-20,1.0,-0.0011893374724601345,False,-4.0,-40.0,-42.82,-0.10987501716797148
2023-01-23,1.0,-0.00046674446588294014,False,4.5,45.0,42.18,0.12242399510304022
2023-01-24,1.0,-0.00031055900870716375,False,7.399999999999864,73.99999999999864,71.17999999999864,0.2065020231617097
2023-01-25,1.0,-0.0007222451820354876,False,10.099999999999909,100.99999999999909,98.1799999999991,0.2745497791369328
2023-01-26,1.0,-0.00046216654223421865,False,-16.800000000000182,-168.00000000000182,-170.8200000000018,-0.46214153084382603
2023-01-27,-1.0,0.0002590203863525332,False,3.8999999999998636,38.999999999998636,36.179999999998635,0.10454362685966664
2023-01-30,-1.0,0.008887569481352662,False,6.300000000000182,63.00000000000182,60.18000000000182,0.1680336067213492
2023-01-31,-1.0,0.0006191311723931629,False,-5.100000000000136,-51.000000000001364,-53.820000000001365,-0.13567438148444108
2023-02-01,-1.0,0.001079719377883193,False,-23.59999999999991,-235.9999999999991,-238.81999999999908,-0.6212569924317188
2023-02-02,1.0,-0.0014226198924047093,True,-38.40750000000003,-384.0750000000003,-386.89500000000027,-1.0000000000000007
2023-02-03,1.0,-5.189009678676641e-05,True,-39.50999999999999,-395.0999999999999,-397.9199999999999,-0.9999999999999993
2023-02-06,-1.0,0.0001064962727309912,False,-3.2000000000000455,-32.000000000000455,-34.820000000000455,-0.07833057952389802
2023-02-07,1.0,-0.00042532830669375036,False,2.400000000000091,24.00000000000091,21.18000000000091,0.05808676710837031
2023-02-08,-1.0,0.00021241569831859756,False,-4.400000000000091,-44.00000000000091,-46.82000000000091,-0.10496809208564659
2023-02-09,1.0,-0.00021192053059453276,False,-14.899999999999864,-148.99999999999864,-151.81999999999863,-0.3573141486810519
2023-02-10,-1.0,0.0009075137417183783,False,-1.2000000000000455,-12.000000000000455,-14.820000000000455,-0.028813254096885663
2023-02-13,-1.0,0.00047980808597427883,False,11.5,115.0,112.18,0.281448849730788
2023-02-14,-1.0,0.00010725010735291815,False,-1.699999999999818,-16.99999999999818,-19.81999999999818,-0.04175878162613162
2023-02-15,1.0,-0.001018411901598501,False,-16.299999999999955,-162.99999999999955,-165.81999999999954,-0.3909576062841027
2023-02-16,1.0,-0.0005411548376016721,False,-1.6000000000001364,-16.000000000001364,-18.820000000001365,-0.038321058619247624
2023-02-17,1.0,-0.0004335103568487346,False,6.400000000000091,64.00000000000091,61.18000000000091,0.15805396060999172
2023-02-20,1.0,-0.00010803219369873804,False,-0.900000000000091,-9.00000000000091,-11.82000000000091,-0.021877848678215517
2023-02-21,-1.0,0.00010808473854021231,False,6.7000000000000455,67.00000000000045,64.18000000000046,0.16716566866267568
2023-02-22,-1.0,0.00043379243712455087,False,11.0,110.0,107.18,0.28043339706819603
2023-02-23,-1.0,0.0007087365704876539,False,3.900000000000091,39.00000000000091,36.18000000000091,0.10054137664346706
2023-02-24,1.0,-5.4616455951687945e-05,False,-13.100000000000136,-131.00000000000136,-133.82000000000136,-0.34752619710837296
2023-02-27,-1.0,5.501003934608389e-05,False,-6.399999999999864,-63.999999999998636,-66.81999999999863,-0.1694130103897784
2023-02-28,1.0,-0.00010963710130486785,False,9.5,95.0,92.18,0.25107367030062727
2023-03-01,-1.0,0.00010906909538007525,False,-10.400000000000091,-104.00000000000091,-106.8200000000009,-0.2768350302788335
2023-03-02,1.0,-0.00037964043084169136,False,-1.0,-10.0,-12.82,-0.027305618130930406
2023-03-03,1.0,-0.0001628355093564919,False,19.399999999999864,193.99999999999864,191.17999999999864,0.5768658935474232
2023-03-06,1.0,-0.00026862223816406333,False,-8.799999999999955,-87.99999999999955,-90.81999999999954,-0.28499716622135673
2023-03-07,1.0,-5.39883925087123e-05,True,-30.172500000000127,-301.7250000000013,-304.54500000000127,-1.0000000000000033
2023-03-08,1.0,-0.0003850067423737745,False,-0.20000000000004547,-2.0000000000004547,-4.820000000000455,-0.006334125098972142
2023-03-09,-1.0,5.501609222102242e-05,False,-17.09999999999991,-170.9999999999991,-173.81999999999908,-0.5445426319560515
2023-03-13,-1.0,0.0010134144932178336,True,-32.50499999999988,-325.0499999999988,-327.8699999999988,-0.9999999999999973
2023-03-14,-1.0,0.0003648588818459936,False,11.900000000000091,119.00000000000091,116.18000000000092,0.3439554881133058
2023-03-15,-1.0,0.0005242464078127791,True,-33.97499999999991,-339.7499999999991,-342.5699999999991,-0.9999999999999979
2023-03-16,-1.0,0.0002081273747040777,False,-2.7000000000000455,-27.000000000000455,-29.820000000000455,-0.07567794828673666
2023-03-17,1.0,-0.0003637402934438241,False,57.0,570.0,567.18,1.570572432320728
2023-03-20,-1.0,0.004884322004118174,False,9.299999999999955,92.99999999999955,90.17999999999955,0.23427167957679845
2023-03-21,-1.0,0.0008071432612943471,False,39.5,395.0,392.18,0.9328137914747905
2023-03-22,-1.0,0.00015434083631932907,False,-32.09999999999991,-320.9999999999991,-323.8199999999991,-0.7128580946035958
2023-03-23,1.0,-0.0013673311324329434,False,27.200000000000045,272.00000000000045,269.18000000000046,0.582222935730723
2023-03-24,1.0,-0.0021517760448036085,False,-17.5,-175.0,-177.82,-0.35869843709966703
2023-03-27,-1.0,0.0016663724915390362,False,23.90000000000009,239.0000000000009,236.18000000000092,0.4833409171343364
2023-03-28,-1.0,0.0002042587966046535,False,-16.700000000000045,-167.00000000000045,-169.82000000000045,-0.32591725214676137
2023-03-29,-1.0,5.0626502984994576e-05,False,10.599999999999909,105.99999999999909,103.1799999999991,0.2068393580174626
2023-03-30,-1.0,0.009069552706679522,False,-16.40000000000009,-164.0000000000009,-166.8200000000009,-0.32270759543487015
2023-03-31,1.0,-0.0004002802014818613,False,-9.900000000000091,-99.00000000000091,-101.8200000000009,-0.18919306292102803
2023-04-03,1.0,-0.00020119712355974652,False,14.299999999999955,142.99999999999955,140.17999999999955,0.2733572281959371
2023-04-04,1.0,-0.0008994154406347168,False,39.0,390.0,387.18,0.7161547996143783
2023-04-05,1.0,-0.0004904605522811449,False,-1.1000000000001364,-11.000000000001364,-13.820000000001365,-0.019941083163383395
2023-04-06,1.0,-0.00019635756776053138,False,-14.900000000000091,-149.0000000000009,-151.8200000000009,-0.26713280444623877
2023-04-10,1.0,-0.0024758616262049457,False,-10.299999999999955,-102.99999999999955,-105.81999999999954,-0.18531012458957313
2023-04-11,-1.0,0.0003487705872279384,False,-12.199999999999818,-121.99999999999818,-124.81999999999817,-0.2248019163442014
2023-04-12,1.0,-0.00029713267192312616,False,9.700000000000045,97.00000000000045,94.18000000000046,0.1852382316432739
2023-04-13,1.0,-0.000739663240409191,False,27.499999999999773,274.9999999999977,272.17999999999773,0.5192107995846268
2023-04-14,-1.0,0.00019465667490534494,False,36.09999999999991,360.9999999999991,358.1799999999991,0.6980904036741575
2023-04-17,1.0,-0.0023802450987932466,False,-5.5,-55.0,-57.82,-0.10202188833240576
2023-04-18,1.0,-0.0010459991489902018,False,10.300000000000182,103.00000000000182,100.18000000000183,0.20122100122100456
2023-04-19,-1.0,0.00034700706755423064,False,10.699999999999818,106.99999999999818,104.17999999999819,0.21668691778047405
2023-04-20,-1.0,0.0002491094350624562,False,-7.399999999999864,-73.99999999999864,-76.81999999999863,-0.15223988067684732
2023-04-21,-1.0,0.00014888706943299828,False,21.899999999999864,218.99999999999864,216.17999999999864,0.46749919948766877
2023-04-24,1.0,-0.0005018316961842424,False,6.7000000000000455,67.00000000000045,64.18000000000046,0.14525745257452655
2023-04-25,-1.0,0.0003001200502718564,False,-10.0,-100.0,-102.82,-0.22097005855706534
2023-04-26,1.0,-0.0011452188370432448,False,-9.100000000000136,-91.00000000000136,-93.82000000000136,-0.20454034614520405
2023-04-27,-1.0,0.00030024019440912455,False,1.400000000000091,14.00000000000091,11.18000000000091,0.03151024082827121
2023-04-28,1.0,-0.0001502140553108727,False,1.2000000000000455,12.000000000000455,9.180000000000454,0.026389576117434584
2023-05-01,-1.0,0.0009504039932057941,False,11.699999999999818,116.99999999999818,114.17999999999819,0.26178889075347794
2023-05-02,-1.0,0.0013569545994714547,False,-36.200000000000045,-362.00000000000045,-364.82000000000045,-0.7983239607453971
2023-05-03,1.0,-0.0006908122252421796,False,18.399999999999864,183.99999999999864,181.17999999999864,0.4057779247987619
2023-05-04,-1.0,0.002784360541491773,False,-7.800000000000182,-78.00000000000182,-80.82000000000181,-0.17663043478261278
2023-05-05,-1.0,0.0005344086409887008,False,33.100000000000136,331.00000000000136,328.18000000000137,0.7212507490330692
2023-05-08,1.0,-0.0006913239127738228,False,3.2999999999999545,32.999999999999545,30.179999999999545,0.06822763219103639
2023-05-09,-1.0,0.0003451591464458292,False,-13.299999999999955,-132.99999999999955,-135.81999999999954,-0.27926509186351595
2023-05-10,-1.0,0.00039175359200406085,False,4.7999999999999545,47.999999999999545,45.179999999999545,0.1007715320421971
2023-05-11,1.0,-0.0001472356509248496,False,-17.600000000000136,-176.00000000000136,-178.82000000000136,-0.3700199726689823
2023-05-12,-1.0,0.0004949760037701072,False,4.599999999999909,45.99999999999909,43.17999999999909,0.09755580297969167
2023-05-15,1.0,-0.0013897163245182172,False,6.699999999999818,66.99999999999818,64.17999999999819,0.15011482663977643
2023-05-16,-1.0,0.0006433255201464784,False,27.800000000000182,278.0000000000018,275.1800000000018,0.6436302598830863
2023-05-17,1.0,-0.000250834024442057,False,-6.2999999999999545,-62.999999999999545,-65.81999999999954,-0.1428085685141099
2023-05-18,1.0,-0.0003523874284495702,False,-26.0,-260.0,-262.82,-0.6112972432845472
2023-05-19,-1.0,0.0007139943183779041,False,-16.799999999999955,-167.99999999999955,-170.81999999999954,-0.38647342995168976
2023-05-22,-1.0,0.00045483260417706223,False,5.2000000000000455,52.000000000000455,49.180000000000454,0.12043309594117417
2023-05-24,-1.0,0.00045517765357908275,False,16.600000000000136,166.00000000000136,163.18000000000137,0.38932864262679895
2023-05-25,1.0,-0.0008672363762515825,False,-18.90000000000009,-189.0000000000009,-191.8200000000009,-0.4409448818897662
2023-05-26,-1.0,0.0006182061914470229,False,-5.599999999999909,-55.99999999999909,-58.81999999999909,-0.13157121879588635
2023-05-29,-1.0,0.008895764184585042,False,3.2000000000000455,32.000000000000455,29.180000000000454,0.07503810528784258
2023-05-30,-1.0,0.0006115896424260363,False,-15.899999999999864,-158.99999999999864,-161.81999999999863,-0.38650865998176526
2023-05-31,1.0,-0.0007583993082873681,False,4.5,45.0,42.18,0.1113792463337665
2023-06-01,-1.0,0.00020183671478363945,False,-13.700000000000045,-137.00000000000045,-139.82000000000045,-0.34707707897903733
2023-06-02,1.0,-0.0008020452582937959,False,-29.0,-290.0,-292.82,-0.7574273587985639
2023-06-05,1.0,-0.0008654703353003749,False,14.099999999999909,140.9999999999991,138.1799999999991,0.38102959059586333
2023-06-06,-1.0,0.0003539196639313791,False,-1.0,-10.0,-12.82,-0.026402640264026424
2023-06-07,-1.0,0.0004041220503574785,False,24.200000000000045,242.00000000000045,239.18000000000046,0.6470155738252804
2023-06-08,-1.0,5.112866529750087e-05,False,-24.0,-240.0,-242.82,-0.6369426751592355
2023-06-09,-1.0,0.0004039792005654282,False,5.7999999999999545,57.999999999999545,55.179999999999545,0.1540197835756477
2023-06-12,-1.0,0.0005568351658723578,False,3.900000000000091,39.00000000000091,36.18000000000091,0.10471204188481918
2023-06-13,1.0,-0.0010146619509866757,False,-13.599999999999909,-135.9999999999991,-138.81999999999908,-0.3631023895341049
2023-06-14,-1.0,0.00010221813358601881,False,-1.5,-15.0,-17.82,-0.040120361083249734
2023-06-15,1.0,-0.001175238376498871,False,15.199999999999818,151.99999999999818,149.1799999999982,0.4043628624634161
2023-06-16,1.0,-0.00010147133443501251,False,-3.1000000000001364,-31.000000000001364,-33.820000000001365,-0.08210833002251713
2023-06-19,-1.0,0.0011681354333716225,False,7.899999999999864,78.99999999999864,76.17999999999864,0.21611270688003992
2023-06-20,-1.0,0.00015287792727301065,False,14.5,145.0,142.18,0.39796898586523916
2023-06-21,-1.0,5.133338467786216e-05,False,3.5,35.0,32.18,0.09531590413943344
2023-06-22,1.0,-0.0003085943551722967,False,-19.90000000000009,-199.0000000000009,-201.8200000000009,-0.5518580144204123
2023-06-23,1.0,-0.00010395010404358594,False,5.2999999999999545,52.999999999999545,50.179999999999545,0.1480860575579757
2023-06-26,-1.0,0.003466925415087022,False,3.1000000000001364,31.000000000001364,28.180000000001364,0.08515313830518151
2023-06-27,1.0,-5.173974907375786e-05,False,-9.299999999999955,-92.99999999999955,-95.81999999999954,-0.25420254202541864
2023-06-28,1.0,-5.199261706020032e-05,False,-4.899999999999864,-48.999999999998636,-51.819999999998636,-0.13731259632898576
2023-06-29,1.0,-0.0008343763521196721,False,-0.7999999999999545,-7.999999999999545,-10.819999999999546,-0.02272888699481365
2023-06-30,-1.0,0.0002609262898040343,False,-11.400000000000091,-114.00000000000091,-116.8200000000009,-0.3300043421623991
2023-07-03,1.0,-5.187125555549445e-05,False,1.400000000000091,14.00000000000091,11.18000000000091,0.04185351270553331
2023-07-04,1.0,-0.0001555169646222358,False,4.899999999999864,48.999999999998636,46.179999999998635,0.14818174945187437
2023-07-05,-1.0,5.1710318805615185e-05,False,10.800000000000182,108.00000000000182,105.18000000000183,0.3280929596719121
2023-07-06,-1.0,0.0001559859615798882,False,6.900000000000091,69.00000000000091,66.18000000000092,0.21460228598087483
2023-07-07,-1.0,0.00036518246486648783,False,-13.799999999999955,-137.99999999999955,-140.81999999999954,-0.4342695303280601
2023-07-11,1.0,-0.00025892649221584993,False,6.7999999999999545,67.99999999999955,65.17999999999955,0.21075468774213393
2023-07-12,1.0,-5.161157132565663e-05,False,26.40000000000009,264.0000000000009,261.1800000000009,0.8537472714043198
2023-07-13,1.0,-0.0008659993918869959,False,2.3999999999998636,23.999999999998636,21.179999999998635,0.07637231503579518
2023-07-14,-1.0,0.00040712468755726663,False,6.5,65.0,62.18,0.22002200220022
2023-07-17,-1.0,5.10477551860773e-05,False,-0.20000000000004547,-2.0000000000004547,-4.820000000000455,-0.006795786612301917
2023-07-18,1.0,-0.0001531354486032337,False,22.5,225.0,222.18,0.7608419984783156
2023-07-19,-1.0,0.0006054490598671155,False,0.6999999999998181,6.999999999998181,4.179999999998181,0.023521505376337962
2023-07-20,1.0,-0.0009591358417211614,False,-8.400000000000091,-84.00000000000091,-86.8200000000009,-0.28925619834711036
2023-07-21,-1.0,0.00020286033135807007,False,7.7000000000000455,77.00000000000045,74.18000000000046,0.26576926395720213
2023-07-24,1.0,-0.00025457600504076984,False,-7.5,-75.0,-77.82,-0.266880170803309
2023-07-25,-1.0,0.0001533389560622169,False,-9.400000000000091,-94.00000000000091,-96.8200000000009,-0.3326256192498259
2023-07-26,1.0,-0.00010173457458292598,False,10.400000000000091,104.00000000000091,101.18000000000092,0.3733620534912972
2023-07-27,1.0,-0.0013671926579606575,True,-27.99000000000001,-279.9000000000001,-282.7200000000001,-0.9999999999999994
2023-07-31,1.0,-0.00015017645761960255,False,5.599999999999909,55.99999999999909,53.17999999999909,0.19214273460284456
2023-08-01,-1.0,0.0006986725506288544,False,22.700000000000045,227.00000000000045,224.18000000000046,0.7748762587472272
2023-08-02,-1.0,0.0013614705983211706,False,12.799999999999955,127.99999999999955,125.17999999999955,0.41984419844198245
2023-08-03,-1.0,0.0002028500438011403,False,2.599999999999909,25.99999999999909,23.17999999999909,0.08486332109342824
2023-08-04,-1.0,0.00015231132464136666,False,-6.7999999999999545,-67.99999999999955,-70.81999999999954,-0.2308802308802292
2023-08-07,-1.0,0.0007585910799466353,False,6.2999999999999545,62.999999999999545,60.179999999999545,0.21406727828745994
2023-08-08,1.0,-0.00015215682325912187,False,-12.200000000000045,-122.00000000000045,-124.82000000000045,-0.4149659863945587
2023-08-10,1.0,-0.0005132416454277276,False,-1.900000000000091,-19.00000000000091,-21.82000000000091,-0.06586930143872724
2023-08-11,1.0,-0.00015417426861994996,False,-0.10000000000013642,-1.0000000000013642,-3.8200000000013645,-0.0034022284596457
2023-08-14,1.0,-0.0002570231592014835,False,-5.399999999999864,-53.999999999998636,-56.819999999998636,-0.18499486125384904
2023-08-15,1.0,-0.0003609456815942414,False,-4.599999999999909,-45.99999999999909,-48.81999999999909,-0.15779092702169295
2023-08-16,1.0,-0.0007240006521974059,False,-10.599999999999909,-105.99999999999909,-108.81999999999908,-0.3775937305191877
2023-08-17,-1.0,0.0002600577342823378,False,4.100000000000136,41.000000000001364,38.180000000001364,0.14420117822914383
2023-08-18,1.0,-0.0001563599409017714,False,-0.2999999999999545,-2.9999999999995453,-5.8199999999995455,-0.010626992561103589
2023-08-21,-1.0,0.00010425897939896508,False,-5.0,-50.0,-52.82,-0.18052170773535509
2023-08-22,-1.0,0.00010397712512616531,False,-2.800000000000182,-28.00000000000182,-30.82000000000182,-0.10120177103099953
2023-08-23,-1.0,5.1908951710364533e-05,False,-19.59999999999991,-195.9999999999991,-198.81999999999908,-0.7068794518077679
2023-08-24,1.0,-0.0006168080380596335,False,-0.20000000000004547,-2.0000000000004547,-4.820000000000455,-0.007080899274209422
2023-08-25,1.0,-0.00020570840905662218,False,-2.099999999999909,-20.99999999999909,-23.81999999999909,-0.08076146524372294
2023-08-28,-1.0,0.0008234689091164826,False,-3.900000000000091,-39.00000000000091,-41.82000000000091,-0.14946823799942835
2023-08-29,-1.0,0.0001540159666262251,False,-18.0,-180.0,-182.82,-0.7094295004433921
2023-08-31,1.0,-0.00015217225929075811,False,-4.599999999999909,-45.99999999999909,-48.81999999999909,-0.1868779199674954
2023-09-01,-1.0,0.0001016880212387974,False,-0.0,-0.0,-2.8200000000000003,-0.0
2023-09-04,1.0,-0.00020338638398278812,False,-2.099999999999909,-20.99999999999909,-23.81999999999909,-0.08695652173912649
2023-09-06,-1.0,0.00015373184072909257,False,9.699999999999818,96.99999999999818,94.17999999999819,0.41110404746767504
2023-09-07,-1.0,0.00010298661183135734,False,-0.900000000000091,-9.00000000000091,-11.82000000000091,-0.03870967741935867
2023-09-08,-1.0,0.00046309399062705844,False,1.1000000000001364,11.000000000001364,8.180000000001364,0.04908522980812736
2023-09-11,-1.0,5.147077747755937e-05,False,-2.8999999999998636,-28.999999999998636,-31.819999999998636,-0.12829020128289564
2023-09-12,1.0,-5.139406399692945e-05,False,-9.799999999999955,-97.99999999999955,-100.81999999999954,-0.4309586631486334
2023-09-13,1.0,-0.00010331645840372828,False,-4.400000000000091,-44.00000000000091,-46.82000000000091,-0.19247594050743982
2023-09-14,1.0,-0.00025892649221584993,False,0.2999999999999545,2.9999999999995453,0.17999999999954497,0.013337779259751175
2023-09-15,-1.0,0.0007764578385283495,False,-11.400000000000091,-114.00000000000091,-116.8200000000009,-0.5182407091714984
2023-09-18,-1.0,0.0008227067514635477,False,-9.100000000000136,-91.00000000000136,-93.82000000000136,-0.39872932413189166
2023-09-19,-1.0,0.00015346446049003962,False,1.7999999999999545,17.999999999999545,15.179999999999545,0.07944389275074243
2023-09-20,1.0,-0.00020481310875491418,False,1.5,15.0,12.18,0.06784260515603774
2023-09-21,1.0,-0.0009214703221900813,False,-12.400000000000091,-124.00000000000091,-126.8200000000009,-0.5669867398262477
2023-09-22,1.0,-0.000154643161214348,False,5.2999999999999545,52.999999999999545,50.179999999999545,0.2364224378275871
2023-09-25,1.0,-0.00015424561073278171,False,-10.200000000000045,-102.00000000000045,-104.82000000000045,-0.47026279391424636
2023-09-26,-1.0,0.0003617664578591509,False,16.399999999999864,163.99999999999864,161.17999999999864,0.7600509790290719
2023-09-27,1.0,-0.0002605999024468441,True,-21.12000000000012,-211.20000000000118,-214.02000000000118,-1.000000000000002
2023-09-28,1.0,-0.0005278995001970125,False,-9.700000000000045,-97.00000000000045,-99.82000000000045,-0.4332774986041321
2023-09-29,1.0,-0.0005308982923591778,False,-18.699999999999818,-186.99999999999818,-189.81999999999817,-0.8001711596063226
2023-10-02,-1.0,0.0001072673640071835,False,19.199999999999818,191.99999999999818,189.1799999999982,0.7843137254901863
2023-10-03,-1.0,0.0005417411693249393,False,6.600000000000136,66.00000000000136,63.180000000001364,0.2601241501625821
2023-10-04,1.0,-0.0004893032962493477,False,-0.20000000000004547,-2.0000000000004547,-4.820000000000455,-0.007792713812586983
2023-10-05,1.0,-0.0010338730345485737,False,-2.5,-25.0,-27.82,-0.09732360097323574
2023-10-06,-1.0,0.00010902747503163562,False,-8.799999999999955,-87.99999999999955,-90.81999999999954,-0.3332386632585415
2023-10-09,-1.0,0.007889374109997165,False,-19.09999999999991,-190.9999999999991,-193.81999999999908,-0.697908102676528
2023-10-10,1.0,-0.0010127662708360526,False,-1.199999999999818,-11.999999999998181,-14.819999999998181,-0.04337218758470466
2023-10-11,-1.0,5.336321674735985e-05,False,-13.099999999999909,-130.9999999999991,-133.81999999999908,-0.47932674716428453
2023-10-12,-1.0,0.0003178976396382789,False,6.5,65.0,62.18,0.2326621923937359
2023-10-13,-1.0,0.00021260763341477969,True,-28.319999999999936,-283.19999999999936,-286.01999999999936,-0.9999999999999974
2023-10-16,-1.0,0.00010299191522575657,False,10.0,100.0,97.18,0.3164056320202499
2023-10-17,-1.0,0.00041399296803251273,False,-2.7000000000000455,-27.000000000000455,-29.820000000000455,-0.08352668213457212
2023-10-18,-1.0,0.0004648880478364637,True,-33.17250000000013,-331.7250000000013,-334.54500000000127,-1.000000000000003
2023-10-19,1.0,-0.001274177690800522,False,26.100000000000136,261.00000000000136,258.18000000000137,0.7537361923326875
2023-10-20,-1.0,5.0328392773404834e-05,False,-4.400000000000091,-44.00000000000091,-46.82000000000091,-0.12332702683764529
2023-10-23,1.0,-0.0015076137334663901,False,-3.7000000000000455,-37.000000000000455,-39.820000000000455,-0.10033218086909486
2023-10-24,-1.0,5.038417937832734e-05,False,0.7999999999999545,7.999999999999545,5.179999999999545,0.021235649346338963
2023-10-25,1.0,-0.0009076698722099705,False,9.700000000000045,97.00000000000045,94.18000000000046,0.2529005344805122
2023-10-26,1.0,-0.00030126531659881183,False,3.2999999999999545,32.999999999999545,30.179999999999545,0.08714596949890949
2023-10-27,-1.0,0.00020052135619625633,False,-21.799999999999955,-217.99999999999955,-220.81999999999954,-0.5760338221693739
2023-10-30,1.0,-0.0012900026596657452,False,-8.5,-85.0,-87.82,-0.2251357436101179
2023-10-31,-1.0,0.00014956252987963534,False,12.400000000000091,124.00000000000091,121.18000000000092,0.3311302490152907
2023-11-01,1.0,-0.0001504928644140805,False,-6.0,-60.0,-62.82,-0.15649452269170588
2023-11-02,-1.0,0.0022116118589846534,False,-1.3999999999998636,-13.999999999998636,-16.819999999998636,-0.035698348951357546
2023-11-03,-1.0,5.01718385576163e-05,False,-6.899999999999864,-68.99999999999864,-71.81999999999863,-0.1774349083895819
2023-11-06,1.0,-0.00010000000008327641,False,-15.300000000000182,-153.00000000000182,-155.8200000000018,-0.3968871595330787
2023-11-07,-1.0,5.0386718071786265e-05,False,9.400000000000091,94.00000000000091,91.18000000000092,0.24565529857572432
2023-11-08,-1.0,0.00010124531749058045,False,19.700000000000045,197.00000000000045,194.18000000000046,0.5049339997436895
2023-11-09,-1.0,0.00010225471658801472,False,-6.900000000000091,-69.00000000000091,-71.8200000000009,-0.1751713632901775
2023-11-10,-1.0,0.000662066179871185,False,24.0,240.0,237.18,0.603887525948292
2023-11-13,-1.0,0.0016479558781553835,False,-7.399999999999864,-73.99999999999864,-76.81999999999863,-0.19985146175139729
2023-11-14,1.0,-0.00020506510889037183,False,17.299999999999955,172.99999999999955,170.17999999999955,0.4706522478405756
2023-11-15,1.0,-0.0005083367331912758,False,-3.5,-35.0,-37.82,-0.0926109677846134
2023-11-16,1.0,-5.093854265933369e-05,False,20.90000000000009,209.0000000000009,206.18000000000092,0.5743336081341055
2023-11-17,-1.0,0.0002519843783019568,False,1.0,10.0,7.18,0.027553902321416277
2023-11-20,1.0,-0.0006051742582195944,False,-2.099999999999909,-20.99999999999909,-23.81999999999909,-0.05910914080641502
2023-11-22,1.0,-0.0004998750416510425,False,-8.400000000000091,-84.00000000000091,-86.8200000000009,-0.23648648648648918
2023-11-23,1.0,-0.00015064400339821318,False,2.1000000000001364,21.000000000001364,18.180000000001364,0.05979073243647623
2023-11-24,-1.0,0.00010032605977810159,False,-10.100000000000136,-101.00000000000136,-103.82000000000136,-0.296100850190564
2023-11-27,1.0,-0.00039934109251316255,False,11.799999999999955,117.99999999999955,115.17999999999955,0.36260275024967203
2023-11-28,1.0,-0.00029785544302819326,False,28.200000000000045,282.00000000000045,279.18000000000046,0.8667588750576314
2023-11-29,-1.0,0.009890699158856365,False,-3.099999999999909,-30.99999999999909,-33.81999999999909,-0.09471432936143927
2023-11-30,1.0,-4.841091182889503e-05,False,-9.599999999999909,-95.99999999999909,-98.81999999999908,-0.30025803424817893
2023-12-01,-1.0,0.00034040898035818975,True,-32.227499999999964,-322.27499999999964,-325.09499999999963,-0.9999999999999978
2023-12-04,-1.0,0.0018639334380627327,True,-33.82499999999982,-338.2499999999982,-341.0699999999982,-0.9999999999999941
2023-12-05,-1.0,0.001514448615013351,False,11.0,110.0,107.18,0.2670551104637046
2023-12-06,-1.0,4.907855022936208e-05,False,-7.0,-70.0,-72.82,-0.16708437761069336
2023-12-07,1.0,-0.0001467387319515458,False,1.7999999999999545,17.999999999999545,15.179999999999545,0.04344677769731968
2023-12-08,1.0,-0.0003421728006010648,False,-26.700000000000045,-267.00000000000045,-269.82000000000045,-0.6468023255813966
2023-12-11,-1.0,0.0005447567300744448,False,23.200000000000045,232.00000000000045,229.18000000000046,0.5507091567266049
2023-12-12,-1.0,0.0005007260632386581,False,2.5,25.0,22.18,0.05786032517502747
2023-12-13,1.0,-0.00010025062665032245,False,44.5,445.0,442.18,1.054065257298513
2023-12-14,-1.0,0.0019105009852570846,False,-7.899999999999864,-78.99999999999864,-81.81999999999863,-0.1764081951655191
2023-12-15,1.0,-9.750865397023417e-05,False,-19.09999999999991,-190.9999999999991,-193.81999999999908,-0.4325181159420264
2023-12-18,-1.0,0.0008854782160619659,False,-6.7000000000000455,-67.00000000000045,-69.82000000000045,-0.14802540734603792
2023-12-19,-1.0,0.00039200314104477225,False,-12.499999999999773,-124.99999999999773,-127.81999999999772,-0.27699296437869947
2023-12-21,-1.0,0.0015164488658762228,False,-10.100000000000136,-101.00000000000136,-103.82000000000136,-0.22652088589851704
2023-12-22,-1.0,0.0012152737076467736,False,-6.5,-65.0,-67.82,-0.14410819199645258
2023-12-26,-1.0,0.00038735293177867,False,-14.0,-140.0,-142.82,-0.30411643314869086
2023-12-27,1.0,-0.00019235393182643454,False,10.599999999999909,105.99999999999909,103.1799999999991,0.23120126506352348
2023-12-28,1.0,-4.785032419499725e-05,False,-13.0,-130.0,-132.82,-0.2880248144455517
2023-12-29,1.0,-0.00043345294102208997,False,-3.099999999999909,-30.99999999999909,-33.81999999999909,-0.06785968368631101
2024-01-02,1.0,-0.00028950543024902707,False,-5.099999999999909,-50.99999999999909,-53.81999999999909,-0.11158516573678813
2024-01-03,-1.0,0.0003385813474026219,False,18.700000000000273,187.00000000000273,184.18000000000274,0.4222410386678012
2024-01-04,-1.0,0.00034155505467583976,False,-0.7999999999997272,-7.9999999999972715,-10.819999999997272,-0.02082113345044507
2024-01-05,-1.0,0.00039005363731992254,False,0.7000000000002728,7.0000000000027285,4.180000000002728,0.01887810140238057
2024-01-08,-1.0,0.0008773640648594065,False,19.09999999999991,190.9999999999991,188.1799999999991,0.49249016953522545
2024-01-09,-1.0,0.00039335235043523007,False,-0.09999999999990905,-0.9999999999990905,-3.819999999999091,-0.0025290844714190392
2024-01-10,-1.0,0.0008353193125073514,False,6.900000000000091,69.00000000000091,66.18000000000092,0.18253968253968447
2024-01-11,-1.0,0.00039418576514370075,False,-2.0,-20.0,-22.82,-0.05418952787373826
2024-01-12,-1.0,0.0006395906837797982,False,-18.600000000000136,-186.00000000000136,-188.82000000000136,-0.48532289628180264
2024-01-15,-1.0,0.0008768939033180713,False,-5.599999999999909,-55.99999999999909,-58.81999999999909,-0.1522877150044161
2024-01-16,-1.0,0.00038842494176462696,False,28.200000000000045,282.00000000000045,279.18000000000046,0.7836598582742804
2024-01-17,1.0,-0.0005415384747728371,False,-21.799999999999955,-217.99999999999955,-220.81999999999954,-0.6022931344108274
2024-01-18,-1.0,4.977724683079788e-05,False,-15.599999999999909,-155.9999999999991,-158.81999999999908,-0.4201171480508953
2024-01-19,-1.0,0.0008886695228142711,False,-4.2999999999999545,-42.999999999999545,-45.819999999999546,-0.11777595179402754
2024-01-22,-1.0,0.0005415384747728203,False,9.5,95.0,92.18,0.25834523081106747
2024-01-23,-1.0,0.0004943642576460912,False,-6.7000000000000455,-67.00000000000045,-69.82000000000045,-0.1819416157501706
2024-01-24,-1.0,0.00029552283128935234,False,17.699999999999818,176.99999999999818,174.1799999999982,0.48679867986798125
2024-01-25,-1.0,0.0011419777314142607,False,-5.099999999999909,-50.99999999999909,-53.81999999999909,-0.13715207745058236
2024-01-26,-1.0,0.00039590241522699505,False,2.7999999999999545,27.999999999999545,25.179999999999545,0.07629947544110506
2024-01-29,-1.0,0.000940943489010555,False,-11.700000000000045,-117.00000000000045,-119.82000000000045,-0.32677000418936025
2024-01-30,-1.0,0.009697401883192253,False,-2.5,-25.0,-27.82,-0.06954586549829608
2024-01-31,-1.0,0.00038937019863103864,False,1.900000000000091,19.00000000000091,16.18000000000091,0.053198936021282076
2024-02-01,-1.0,0.002189409004581636,False,-15.400000000000091,-154.0000000000009,-156.8200000000009,-0.4406294706723915
2024-02-02,1.0,-0.0004825090564059621,False,-18.90000000000009,-189.0000000000009,-191.8200000000009,-0.516393442622953
2024-02-05,-1.0,0.0023837913552761975,False,16.59999999999991,165.9999999999991,163.1799999999991,0.46313733696030956
2024-02-06,-1.0,0.0001959247655170117,False,-10.399999999999864,-103.99999999999864,-106.81999999999863,-0.2913777404216532
2024-02-07,-1.0,0.00029232643326336803,False,2.200000000000273,22.00000000000273,19.180000000002728,0.061676478833761525
2024-02-08,-1.0,9.752767355475412e-05,False,2.700000000000273,27.00000000000273,24.180000000002728,0.0766283524904292
2024-02-09,-1.0,0.0007809068677380465,False,10.399999999999864,103.99999999999864,101.17999999999864,0.3082166407349742
2024-02-12,1.0,-0.00029426189520812983,False,-4.900000000000091,-49.00000000000091,-51.82000000000091,-0.15092015092015384
2024-02-14,-1.0,0.0002492833117733097,False,2.0,20.0,17.18,0.059590316573556824
2024-02-15,-1.0,0.00044900098037876744,False,-11.0,-110.0,-112.82,-0.3423591658885777
2024-02-16,-1.0,9.920634928753132e-05,False,-7.7000000000000455,-77.00000000000045,-79.82000000000045,-0.23937203699386175
2024-02-19,-1.0,0.0018758953025346907,False,-1.6000000000001364,-16.000000000001364,-18.820000000001365,-0.04962394355276845
2024-02-20,1.0,-0.0001971414496281734,False,7.100000000000136,71.00000000000136,68.18000000000137,0.2231125775787615
2024-02-22,-1.0,0.000785854657339038,False,2.2999999999999545,22.999999999999545,20.179999999999545,0.07512657194185712
2024-02-23,1.0,-0.00014746725024873583,False,12.599999999999909,125.99999999999909,123.1799999999991,0.4121687929342464
2024-02-26,1.0,-0.0010265184819281345,False,-2.6000000000001364,-26.000000000001364,-28.820000000001365,-0.0819155639571562
2024-02-27,1.0,-0.00034284315261729983,False,-2.0,-20.0,-22.82,-0.06394884092725824
2024-02-29,-1.0,9.788566961614448e-05,False,-9.500000000000227,-95.00000000000227,-97.82000000000227,-0.32026970080068196
2024-03-01,1.0,-9.743264975812106e-05,False,39.80000000000018,398.0000000000018,395.1800000000018,1.3877266387726699
2024-03-04,1.0,-0.00038240918248058344,False,33.80000000000018,338.0000000000018,335.1800000000018,1.121619379459107
2024-03-05,1.0,-0.0008001694903416047,False,14.300000000000182,143.00000000000182,140.18000000000183,0.4609929078014244
2024-03-06,-1.0,0.00028059673756565534,False,-16.40000000000009,-164.0000000000009,-166.8200000000009,-0.5097125097125124
2024-03-07,-1.0,0.0006958135500497617,False,-9.699999999999818,-96.99999999999818,-99.81999999999817,-0.2918829459113766
2024-03-08,-1.0,0.0007844766328338527,True,-33.32999999999993,-333.2999999999993,-336.11999999999927,-0.9999999999999983
2024-03-11,-1.0,0.0011439292926488699,False,-0.900000000000091,-9.00000000000091,-11.82000000000091,-0.0256300726185417
2024-03-12,-1.0,0.00027423557007191405,False,25.299999999999727,252.99999999999727,250.17999999999728,0.7238912732474888
2024-03-13,-1.0,0.0003235871980159732,False,-14.200000000000273,-142.00000000000273,-144.82000000000272,-0.41502265088412327
2024-03-14,-1.0,0.0013307332467386369,False,13.0,130.0,127.18,0.3702912483087662
2024-03-15,1.0,-0.0005075790894108112,False,-6.199999999999818,-61.99999999999818,-64.81999999999817,-0.17443905183934214
2024-03-18,1.0,-0.00023146540852827147,False,3.699999999999818,36.99999999999818,34.17999999999818,0.10469722693830837
2024-03-19,-1.0,0.0003234825232118924,False,3.400000000000091,34.00000000000091,31.18000000000091,0.09472071319125477
2024-03-20,-1.0,4.627594345890883e-05,False,-25.0,-250.0,-252.82,-0.6966213862765587
2024-03-21,-1.0,0.0017368257028407103,False,5.900000000000091,59.00000000000091,56.18000000000091,0.15549845160440381
2024-03-22,1.0,-0.00027477560165552683,False,-18.0,-180.0,-182.82,-0.43883708173340635
2024-03-25,-1.0,0.0006001985452229623,False,-5.400000000000091,-54.00000000000091,-56.82000000000091,-0.13114754098360878
2024-03-26,-1.0,0.0010123787160738681,False,-4.300000000000182,-43.00000000000182,-45.82000000000182,-0.10337780983291694
2024-03-27,-1.0,0.010729471725128573,False,-12.0,-120.0,-122.82,-0.27772956084013195
2024-03-28,-1.0,0.0007224128903666808,False,-26.800000000000182,-268.0000000000018,-270.8200000000018,-0.6090563036191171
2024-04-01,-1.0,0.006578386244406359,False,-7.900000000000091,-79.00000000000091,-81.8200000000009,-0.17188859878155127
2024-04-02,-1.0,0.0034816367996210796,False,-25.09999999999991,-250.9999999999991,-253.81999999999908,-0.5575919138065071
2024-04-03,-1.0,0.001478389694435982,False,-16.59999999999991,-165.9999999999991,-168.81999999999908,-0.3722390402511472
2024-04-04,-1.0,0.0012071568614011319,False,16.59999999999991,165.9999999999991,163.1799999999991,0.36950473010572976
2024-04-05,-1.0,0.002470581843093126,False,-32.5,-325.0,-327.82,-0.7264599050013971
2024-04-08,-1.0,0.000981375284105537,False,-12.699999999999818,-126.99999999999818,-129.81999999999817,-0.2646660414712894
2024-04-09,-1.0,0.00021206658970359947,False,-11.699999999999818,-116.99999999999818,-119.81999999999817,-0.240221743147517
2024-04-10,-1.0,0.0004640860752002015,False,23.0,230.0,227.18,0.4618473895582329
2024-04-11,-1.0,0.0019573641413791767,False,-38.29999999999973,-382.99999999999727,-385.81999999999726,-0.7617342879872663
2024-04-12,1.0,-0.00033468602579897786,False,-29.700000000000273,-297.00000000000273,-299.8200000000027,-0.5666857469948537
2024-04-15,-1.0,0.00372156396713723,False,-33.90000000000009,-339.0000000000009,-341.8200000000009,-0.5848104541337837
2024-04-16,1.0,-0.0008326741810890051,False,5.400000000000091,54.00000000000091,51.18000000000091,0.0879228232995497
2024-04-17,1.0,-0.0028715919601609297,False,-11.0,-110.0,-112.82,-0.17531277392620925
2024-04-18,1.0,-0.004910714785516616,False,18.600000000000364,186.00000000000364,183.18000000000364,0.2878031797609432
2024-04-19,1.0,-0.0004175714107776823,False,8.099999999999909,80.99999999999909,78.1799999999991,0.12656744404078132
2024-04-22,-1.0,0.000457770664894863,False,60.09999999999991,600.9999999999991,598.179999999999,0.9510246063770854
2024-04-23,1.0,-0.0009819618677829299,False,-5.199999999999818,-51.99999999999818,-54.81999999999818,-0.0788864868964967
2024-04-24,-1.0,0.0008558347049832059,False,5.800000000000182,58.00000000000182,55.18000000000182,0.08548898223892969
2024-04-25,1.0,-0.0014589772584567584,False,16.5,165.0,162.18,0.2448797862867321
2024-04-26,1.0,-0.0005118143931566779,False,7.5,75.0,72.18,0.10930156301235111
2024-04-29,1.0,-0.0018728988576065051,False,0.3000000000001819,3.000000000001819,0.1800000000018187,0.00448681996635157
2024-04-30,1.0,-4.260123118202837e-05,False,-45.40000000000009,-454.0000000000009,-456.8200000000009,-0.6867082624314628
2024-05-01,1.0,-0.0021744811560203783,False,23.90000000000009,239.0000000000009,236.18000000000092,0.35462571407374577
2024-05-02,-1.0,0.00395631375255192,False,17.59999999999991,175.9999999999991,173.1799999999991,0.257818794404159
2024-05-03,-1.0,0.0009077352630042619,False,4.300000000000182,43.00000000000182,40.18000000000182,0.061941803514839855
2024-05-06,-1.0,0.0011248108475564913,False,-20.799999999999727,-207.99999999999727,-210.81999999999726,-0.30600610541027207
2024-05-07,-1.0,0.0007710430881028376,False,12.400000000000091,124.00000000000091,121.18000000000092,0.1844003271618721
2024-05-08,1.0,-0.0003013798916316206,False,-6.300000000000182,-63.00000000000182,-65.82000000000181,-0.09458394324963684
2024-05-09,-1.0,4.317696078046861e-05,False,-34.59999999999991,-345.9999999999991,-348.8199999999991,-0.5331484263646508
2024-05-10,-1.0,0.0010204516383623885,False,-16.90000000000009,-169.0000000000009,-171.8200000000009,-0.26391816975091903
2024-05-13,1.0,-0.0002531966085181148,False,-26.0,-260.0,-262.82,-0.43943043055731634
2024-05-14,1.0,-0.00017070672625954918,False,19.09999999999991,190.9999999999991,188.1799999999991,0.33597185576077254
2024-05-15,-1.0,0.0008463459520899391,False,-27.800000000000182,-278.0000000000018,-280.8200000000018,-0.4959414860404997
2024-05-16,1.0,-0.0003345180880034344,False,-8.199999999999818,-81.99999999999818,-84.81999999999817,-0.14675615212527657
2024-05-17,1.0,-0.0004197448013272615,False,39.09999999999991,390.9999999999991,388.1799999999991,0.7034588224711008
2024-05-20,1.0,-0.00024786218989209863,False,10.5,105.0,102.18,0.18809619776971656
2024-05-21,1.0,-8.227743957263227e-05,False,-3.199999999999818,-31.99999999999818,-34.81999999999818,-0.05912786400590943
2024-05-22,1.0,-0.0008242324802087755,False,-43.19999999999982,-431.9999999999982,-434.8199999999982,-0.8147100424328112
2024-05-23,-1.0,0.0004616320874307758,False,50.20000000000027,502.00000000000273,499.18000000000274,0.9128932533187899
2024-05-24,1.0,-0.0009433558437253406,False,4.0,40.0,37.18,0.07117754348503044
2024-05-27,-1.0,0.0002997409404331818,False,-16.40000000000009,-164.0000000000009,-166.8200000000009,-0.2932761087267542
2024-05-28,-1.0,0.000340063765232622,False,-6.099999999999909,-60.99999999999909,-63.81999999999909,-0.10927493394240514
2024-05-29,-1.0,0.0009745144088392655,False,25.40000000000009,254.0000000000009,251.18000000000092,0.47227257937061484
2024-05-30,-1.0,0.010391473772191835,False,-2.099999999999909,-20.99999999999909,-23.81999999999909,-0.04008016032063958
2024-05-31,-1.0,0.0010576863042594208,False,16.59999999999991,165.9999999999991,163.1799999999991,0.32217370208636426
2024-06-03,1.0,-0.0001703504965578244,False,20.199999999999818,201.99999999999818,199.1799999999982,0.3945697822052902
2024-06-04,-1.0,0.0018141551225955607,False,25.300000000000182,253.00000000000182,250.18000000000183,0.49440617519175706
2024-06-05,1.0,-0.00021305153797268942,False,27.59999999999991,275.9999999999991,273.1799999999991,0.5258645327236334
2024-06-06,-1.0,0.0005474030075425176,False,-16.40000000000009,-164.0000000000009,-166.8200000000009,-0.3062129486999968
2024-06-07,-1.0,0.0013787054888042645,False,89.39999999999964,893.9999999999964,891.1799999999963,1.7060254758837752
2024-06-10,-1.0,0.0022093712281765947,False,-15.5,-155.0,-157.82,-0.26923745006079547
2024-06-11,-1.0,0.0011169825451406783,False,-3.300000000000182,-33.00000000000182,-35.82000000000182,-0.057795875476162335
2024-06-12,-1.0,0.0003858107431844049,False,-4.400000000000091,-44.00000000000091,-46.82000000000091,-0.07730487108534435
2024-06-13,-1.0,0.0011970929176460426,False,21.5,215.0,212.18,0.381459303614992
2024-06-14,-1.0,0.0003449316638345852,False,-28.40000000000009,-284.0000000000009,-286.8200000000009,-0.5010143777013331
2024-06-17,-1.0,0.0002129154520786695,False,13.699999999999818,136.99999999999818,134.1799999999982,0.24621467403513156
2024-06-18,1.0,-0.0003855297869509166,False,10.099999999999909,100.99999999999909,98.1799999999991,0.18620943952802185
2024-06-20,1.0,-0.00029880690893144306,False,30.0,300.0,297.18,0.5875440658049357
2024-06-21,-1.0,0.0005478413082930021,False,38.5,385.0,382.18,0.7758968158000806
2024-06-24,1.0,-0.00047118289192829956,False,10.699999999999818,106.99999999999818,104.17999999999819,0.20610613502840835
2024-06-25,-1.0,0.0011934701557279705,False,15.699999999999818,156.99999999999818,154.1799999999982,0.30608763464443756
2024-06-26,1.0,-0.0001286642508154861,False,-21.300000000000182,-213.00000000000182,-215.8200000000018,-0.4166055449611302
2024-06-27,1.0,-0.000389652564730716,False,27.5,275.0,272.18,0.5365330211686664
2024-06-28,-1.0,0.0008127473444928977,False,3.299999999999727,32.99999999999727,30.17999999999727,0.06391632771643864
2024-07-01,-1.0,0.000299689609435472,False,-4.900000000000091,-49.00000000000091,-51.82000000000091,-0.09759984065332311
2024-07-02,-1.0,0.0002562678867652579,False,1.699999999999818,16.99999999999818,14.17999999999818,0.03493090871731274
2024-07-03,1.0,-0.00038470581166511993,False,24.5,245.0,242.18,0.5189303680169446
2024-07-04,-1.0,0.0014375108174745153,False,1.800000000000182,18.00000000000182,15.180000000001819,0.03775365738556306
2024-07-05,-1.0,0.00084527286212803,False,-30.200000000000273,-302.00000000000273,-304.8200000000027,-0.6471659702132284
2024-07-08,1.0,-0.0003337644488408546,False,-29.699999999999818,-296.9999999999982,-299.8199999999982,-0.7002652519893862
2024-07-09,1.0,-8.450585208070086e-05,False,3.900000000000091,39.00000000000091,36.18000000000091,0.08971704623878761
2024-07-10,-1.0,0.0002952527595947228,False,-7.300000000000182,-73.00000000000182,-75.82000000000181,-0.16790293830142478
2024-07-11,1.0,-0.0005887795611254025,False,42.80000000000018,428.0000000000018,425.1800000000018,0.9980179549959247
2024-07-12,-1.0,0.000371847051199312,False,3.200000000000273,32.00000000000273,29.180000000002728,0.07187780772687058
2024-07-15,-1.0,0.000702929591266901,False,-6.699999999999818,-66.99999999999818,-69.81999999999817,-0.15273266085370335
2024-07-16,-1.0,0.0004945190902722592,True,-44.95499999999993,-449.5499999999993,-452.36999999999927,-0.9999999999999997
2024-07-17,1.0,-0.00012130279213474171,False,-10.699999999999818,-106.99999999999818,-109.81999999999817,-0.229404513051398
2024-07-18,1.0,-0.000121844729350885,False,-16.40000000000009,-164.0000000000009,-166.8200000000009,-0.33986115428453223
2024-07-19,-1.0,0.0006540222600689855,False,46.59999999999991,465.9999999999991,463.1799999999991,0.9694700161231589
2024-07-22,-1.0,0.0012905107633715113,False,3.099999999999909,30.99999999999909,28.17999999999909,0.06455307407985654
2024-07-23,1.0,-0.0010836495037847976,False,10.599999999999909,105.99999999999909,103.1799999999991,0.21683543009102818
2024-07-24,-1.0,0.0011203553112800926,False,12.400000000000091,124.00000000000091,121.18000000000092,0.2529579763361912
2024-07-26,-1.0,0.0006772487031347425,False,-22.09999999999991,-220.9999999999991,-223.81999999999908,-0.4382312115804066
2024-07-29,-1.0,0.00033531729713108576,False,6.099999999999909,60.99999999999909,58.17999999999909,0.1184926184926167
2024-07-31,-1.0,0.0015077120274250518,False,-39.40000000000009,-394.0000000000009,-396.8200000000009,-0.730746047201745
2024-08-01,1.0,-0.0006815129851464948,False,-6.199999999999818,-61.99999999999818,-64.81999999999817,-0.11359992670972134
2024-08-02,-1.0,0.0013659557786562227,False,10.800000000000182,108.00000000000182,105.18000000000183,0.192410475681457
2024-08-05,-1.0,0.004064310135878777,False,41.0,410.0,407.18,0.7079340412673744
2024-08-06,-1.0,0.0015911551469072257,False,24.0,240.0,237.18,0.3862401931200961
2024-08-07,-1.0,0.0012754316595985375,False,6.5,65.0,62.18,0.10278304870335216
2024-08-08,1.0,-0.0008248783772185376,False,39.5,395.0,392.18,0.6209959517352507
2024-08-09,-1.0,0.0015821183397931025,False,-1.5,-15.0,-17.82,-0.023752969121140118
2024-08-12,-1.0,0.000688440304996282,False,-40.40000000000009,-404.0000000000009,-406.8200000000009,-0.6446465613531203
2024-08-13,-1.0,0.0010350731446838084,False,6.299999999999727,62.99999999999727,60.17999999999727,0.09912674061835765
2024-08-14,1.0,-0.00031917016029984937,False,-20.59999999999991,-205.9999999999991,-208.81999999999908,-0.3364363873917995
2024-08-15,-1.0,0.0005631083730167156,False,-6.400000000000091,-64.00000000000091,-66.8200000000009,-0.1031717244992558
2024-08-16,-1.0,0.0006815949585285746,False,-51.40000000000009,-514.0000000000009,-516.820000000001,-0.8253050738599875
2024-08-19,-1.0,0.0012166645273272553,False,5.400000000000091,54.00000000000091,51.18000000000091,0.0859291084855008
2024-08-20,1.0,-0.0006684360811156939,False,10.699999999999818,106.99999999999818,104.17999999999819,0.17091969170559967
2024-08-21,1.0,-0.0005093145911188996,False,-2.300000000000182,-23.00000000000182,-25.82000000000182,-0.03626187379291598
2024-08-22,-1.0,0.00023531257462095385,False,31.5,315.0,312.18,0.5022121248355846
2024-08-23,-1.0,0.0007937768316453094,False,-25.90000000000009,-259.0000000000009,-261.8200000000009,-0.41471518353949116
2024-08-26,1.0,-0.0002356452764026038,False,8.0,80.0,77.18,0.12812812812812807
2024-08-27,1.0,-0.00027412817621895214,False,7.300000000000182,73.00000000000182,70.18000000000183,0.119149630717757
2024-08-28,-1.0,3.9054109473551e-05,False,18.59999999999991,185.9999999999991,183.1799999999991,0.30880338687585424
2024-08-29,1.0,-0.001180870044720961,False,15.400000000000091,154.0000000000009,151.18000000000092,0.25916109217888966
2024-08-30,-1.0,7.829320810420478e-05,False,19.90000000000009,199.0000000000009,196.18000000000092,0.3379181524876897
2024-09-02,-1.0,0.00047331677608304667,False,4.099999999999909,40.99999999999909,38.17999999999909,0.07294724668623613
2024-09-03,-1.0,7.899206133881213e-05,False,8.400000000000091,84.00000000000091,81.18000000000092,0.16726403823178168
2024-09-04,-1.0,0.0005150044681523739,False,0.599999999999909,5.9999999999990905,3.17999999999909,0.012006603631995759
2024-09-05,-1.0,0.0009107288439578219,False,-18.5,-185.0,-187.82,-0.36987054530914126
2024-09-06,-1.0,0.0008247747065351501,False,21.799999999999727,217.99999999999727,215.17999999999728,0.4474548440065617
2024-09-09,-1.0,0.00023755790585632615,False,-9.0,-90.0,-92.82,-0.1779095626389915
2024-09-10,1.0,-0.0003156316604757035,False,12.300000000000182,123.00000000000182,120.18000000000183,0.25386996904025105
2024-09-11,1.0,-0.0003142060431962241,False,-4.299999999999727,-42.99999999999727,-45.81999999999727,-0.08882003614768336
2024-09-12,1.0,-0.0004722922002149857,False,46.100000000000364,461.00000000000364,458.18000000000364,0.9731897825628099
2024-09-13,-1.0,0.00015464914007224352,False,-24.200000000000273,-242.00000000000273,-244.82000000000272,-0.5022831050228364
2024-09-16,1.0,-0.0011880354742057552,False,2.199999999999818,21.99999999999818,19.17999999999818,0.0479381162499279
2024-09-18,1.0,-3.85319333446892e-05,False,-20.399999999999636,-203.99999999999636,-206.81999999999636,-0.4596924116951073
2024-09-19,-1.0,0.00383758587065623,False,-28.600000000000364,-286.00000000000364,-288.82000000000363,-0.6153515141735324
2024-09-20,1.0,-0.0006507301804777597,False,34.5,345.0,342.18,0.7424144609425432
2024-09-23,-1.0,0.00011336797366896606,False,-4.599999999999909,-45.99999999999909,-48.81999999999909,-0.09789837722798415
2024-09-24,-1.0,0.001017965288576796,False,-34.0,-340.0,-342.82,-0.7210646307194731
2024-09-25,1.0,-0.0020857395173541353,False,1.7000000000002728,17.00000000000273,14.180000000002728,0.034968631080947665
2024-09-26,1.0,-0.0009319491457544519,False,15.199999999999818,151.99999999999818,149.1799999999982,0.32026970080067035
2024-09-27,1.0,-0.0005935378740110789,False,-20.40000000000009,-204.0000000000009,-206.8200000000009,-0.42606516290727037
2024-09-30,-1.0,0.002315507458226211,False,27.899999999999636,278.99999999999636,276.17999999999637,0.5845380263984842
2024-10-01,-1.0,0.001431423757426992,False,-23.40000000000009,-234.0000000000009,-236.8200000000009,-0.4722979109900113
2024-10-02,-1.0,0.001528681716757629,False,4.400000000000091,44.00000000000091,41.18000000000091,0.08790330636300261
2024-10-03,-1.0,0.00011194656429043013,False,2.099999999999909,20.99999999999909,18.17999999999909,0.04234724742891533
2024-10-04,1.0,-0.0005229344210009604,False,-5.099999999999909,-50.99999999999909,-53.81999999999909,-0.10362694300517968
2024-10-07,-1.0,0.00018715026349229693,False,9.200000000000273,92.00000000000273,89.18000000000274,0.18886322812420397
2024-10-08,1.0,-0.00022536057787680698,False,-20.40000000000009,-204.0000000000009,-206.8200000000009,-0.4189126751886671
2024-10-09,1.0,-0.0006437321539297183,False,-12.5,-125.0,-127.82,-0.24527839097375537
2024-10-10,1.0,-0.0002664484342885625,False,19.699999999999818,196.99999999999818,194.1799999999982,0.3922154198397257
2024-10-11,-1.0,0.0003022403589444178,False,-25.699999999999818,-256.9999999999982,-259.8199999999982,-0.5275041050903083
2024-10-14,-1.0,0.00011222714786481952,False,4.100000000000364,41.00000000000364,38.18000000000364,0.0836137452839883
2024-10-15,1.0,-0.001649794149981441,False,13.5,135.0,132.18,0.2714522696425879
2024-10-16,-1.0,0.0005225830652709003,False,-11.400000000000091,-114.00000000000091,-116.8200000000009,-0.22761305780173896
2024-10-17,1.0,-7.43218134864237e-05,False,16.5,165.0,162.18,0.34348165495706484
2024-10-18,-1.0,0.00040621134626761925,False,-26.300000000000182,-263.0000000000018,-265.8200000000018,-0.5660478880817902
2024-10-21,-1.0,0.000621424544333928,False,1.699999999999818,16.99999999999818,14.17999999999818,0.03726844239832991
2024-10-22,1.0,-0.00029256875574408363,False,28.800000000000182,288.0000000000018,285.1800000000018,0.6254071661237829
2024-10-23,1.0,-0.00014479113903524476,False,-32.70000000000027,-327.00000000000273,-329.8200000000027,-0.7247340425531982
2024-10-24,-1.0,3.663339134034081e-05,False,-20.0,-200.0,-202.82,-0.4223418857565201
2024-10-25,1.0,-0.0003637289531971376,False,6.5,65.0,62.18,0.13809220310176334
2024-10-28,1.0,-0.0015618476559966172,False,3.900000000000091,39.00000000000091,36.18000000000091,0.08282892640968653
2024-10-29,-1.0,3.6298299428640815e-05,False,-29.59999999999991,-295.9999999999991,-298.8199999999991,-0.649550142637698
2024-10-30,-1.0,0.000861512006763076,False,-11.900000000000091,-119.00000000000091,-121.8200000000009,-0.26352211703482425
2024-11-01,1.0,-0.001197844024239296,False,-9.5,-95.0,-97.82,-0.20010531858873062
2024-11-05,-1.0,0.00018203331259878297,False,-5.199999999999818,-51.99999999999818,-54.81999999999818,-0.11173784582325674
2024-11-06,-1.0,0.0001089977656536979,False,83.19999999999982,831.9999999999982,829.1799999999981,1.8556930969108894
2024-11-07,1.0,-0.00026227542816953083,False,43.30000000000018,433.0000000000018,430.1800000000018,0.8540433925049339
2024-11-08,-1.0,0.0007740651707020036,False,21.199999999999818,211.99999999999818,209.1799999999982,0.3957254188249531
2024-11-11,1.0,-0.00033428046441986943,True,-53.32499999999982,-533.2499999999982,-536.0699999999982,-0.9999999999999959
2024-11-12,1.0,-0.0012562576599350686,False,-19.09999999999991,-190.9999999999991,-193.81999999999908,-0.33368273934311504
2024-11-13,1.0,-0.0005373455260944424,False,-25.199999999999818,-251.99999999999818,-254.81999999999817,-0.43664717348927534
2024-11-14,1.0,-0.0004265301834764937,False,-5.900000000000091,-59.00000000000091,-61.82000000000091,-0.09967899983105404
2024-11-15,1.0,-0.0008555651140227987,False,-3.400000000000091,-34.00000000000091,-36.82000000000091,-0.05600164710726933
2024-11-18,-1.0,0.0013625836690551107,False,-44.0,-440.0,-442.82,-0.732600732600732
2024-11-19,-1.0,0.0007647014213738846,False,-21.0,-210.0,-212.82,-0.3395997574287444
2024-11-20,1.0,-0.0007206660783372033,False,17.0,170.0,167.18,0.27514768956866514
2024-11-21,-1.0,0.0006030226693116519,False,-19.90000000000009,-199.0000000000009,-201.8200000000009,-0.3275720164609065
2024-11-22,1.0,-0.0006733755070948631,False,35.5,355.0,352.18,0.586243910494591
2024-11-25,-1.0,0.00335515108732099,False,89.60000000000036,896.0000000000036,893.1800000000036,1.4503662336611265
2024-11-26,1.0,-0.0007996497198949009,False,7.0,70.0,67.18,0.1026882311952175
2024-11-27,-1.0,0.01107029346521248,False,-0.7999999999997272,-7.9999999999972715,-10.819999999997272,-0.011711316059138136
2024-11-28,1.0,-0.00015026296046289617,False,0.09999999999990905,0.9999999999990905,-1.8200000000009098,0.001445034500197376
2024-12-02,1.0,-0.0013828417728815685,False,-13.600000000000364,-136.00000000000364,-138.82000000000363,-0.2024939512376749
2024-12-03,-1.0,0.00041341727545525227,False,-3.099999999999909,-30.99999999999909,-33.81999999999909,-0.045376367694952305
2024-12-04,-1.0,0.0007878595016324983,False,-8.0,-80.0,-82.82,-0.11764273372302475
2024-12-05,1.0,-0.00014957185085655362,False,-19.699999999999818,-196.99999999999818,-199.81999999999817,-0.31389420012746644
2024-12-06,-1.0,0.0002636783139865524,False,1.199999999999818,11.999999999998181,9.17999999999818,0.019932727046215973
2024-12-09,-1.0,0.004023696318960921,False,-16.200000000000273,-162.00000000000273,-164.82000000000272,-0.2684563758389303
2024-12-10,-1.0,0.0015282258784328413,False,-33.29999999999973,-332.99999999999727,-335.81999999999726,-0.5701078582434457
2024-12-11,-1.0,0.0011765572355111511,False,-31.299999999999727,-312.99999999999727,-315.81999999999726,-0.5333333333333277
2024-12-12,-1.0,0.00043584063450995163,False,49.80000000000018,498.0000000000018,495.1800000000018,0.8556701030927851
2024-12-13,-1.0,0.0004436721335766236,False,39.5,395.0,392.18,0.6615584306829114
2024-12-16,-1.0,0.0008249278655965859,False,-2.0,-20.0,-22.82,-0.032206119162640844
2024-12-17,1.0,-3.745388490854349e-05,False,-9.300000000000182,-93.00000000000182,-95.82000000000181,-0.15511633725294255
2024-12-18,-1.0,0.0010893861072484644,False,56.59999999999991,565.9999999999991,563.179999999999,0.9433333333333308
2024-12-19,1.0,-0.002765722194726412,False,12.5,125.0,122.18,0.20027237042377607
2024-12-20,1.0,-0.0007276209033322252,False,32.69999999999982,326.9999999999982,324.1799999999982,0.511977454203848
2024-12-23,1.0,-0.0014387946899176564,False,-12.599999999999909,-125.99999999999909,-128.81999999999908,-0.19662921348314444
2024-12-24,-1.0,0.001027416898155301,False,-4.199999999999818,-41.99999999999818,-44.81999999999818,-0.07258587167854505
2024-12-26,-1.0,0.0007591573718176224,False,-19.300000000000182,-193.00000000000182,-195.8200000000018,-0.34499709523171374
2024-12-27,1.0,-0.00018835584241330333,False,-22.700000000000273,-227.00000000000273,-229.82000000000272,-0.41095270423173086
2024-12-30,-1.0,0.0017464600665224627,False,14.399999999999636,143.99999999999636,141.17999999999637,0.260727865290596
2024-12-31,1.0,-0.0006104540441387174,False,17.600000000000364,176.00000000000364,173.18000000000364,0.31862412310478105
2025-01-02,-1.0,0.0005306045225870156,False,-33.5,-335.0,-337.82,-0.6114533424595018
2025-01-03,1.0,-0.0004490849968817162,False,-19.5,-195.0,-197.82,-0.3481987411276277
2025-01-06,-1.0,0.00026391690540955706,False,7.5,75.0,72.18,0.13335111348179732
2025-01-07,-1.0,0.0009446617868896083,False,-17.200000000000273,-172.00000000000273,-174.82000000000272,-0.30359191598270635
2025-01-08,1.0,-0.0002627085264026264,False,16.40000000000009,164.0000000000009,161.18000000000092,0.2885165149316101
2025-01-09,1.0,-0.00022385553949394338,False,11.199999999999818,111.99999999999818,109.17999999999819,0.20278833967046514
2025-01-10,-1.0,0.0005572169018041094,False,-24.0,-240.0,-242.82,-0.44562038713271024
2025-01-13,-1.0,3.680868685436663e-05,False,36.600000000000364,366.00000000000364,363.18000000000364,0.6725468577728827
2025-01-14,-1.0,0.00041033293497511747,False,-8.699999999999818,-86.99999999999818,-89.81999999999817,-0.163380281690137
2025-01-15,-1.0,0.0038587165718307085,False,-19.299999999999727,-192.99999999999727,-195.81999999999726,-0.3793238993710628
2025-01-16,-1.0,0.0010289957175630324,False,-24.5,-245.0,-247.82,-0.47090480995627176
2025-01-17,1.0,-3.640401172603264e-05,False,-7.900000000000091,-79.00000000000091,-81.8200000000009,-0.1501758387985946
2025-01-20,-1.0,0.0003285331026649078,False,9.099999999999909,90.99999999999909,88.1799999999991,0.1832276250880879
2025-01-21,-1.0,3.66186352275756e-05,False,-24.90000000000009,-249.0000000000009,-251.8200000000009,-0.5052503424136365
2025-01-22,-1.0,0.001015523081616577,False,-8.099999999999909,-80.99999999999909,-83.81999999999908,-0.1672603376180867
2025-01-23,-1.0,3.614348965801791e-05,False,4.800000000000182,48.00000000000182,45.18000000000182,0.09998437744102842
2025-01-24,1.0,-3.620630352134161e-05,False,15.799999999999727,157.99999999999727,155.17999999999728,0.3218742042271394
2025-01-27,-1.0,0.00014399366452768155,False,34.69999999999982,346.9999999999982,344.1799999999982,0.694277711084429
2025-01-28,1.0,-0.0005104459220469719,False,29.800000000000182,298.0000000000018,295.1800000000018,0.5807268829776895
2025-01-29,1.0,-0.0005052145464900006,False,-0.7000000000002728,-7.0000000000027285,-9.820000000002729,-0.01357180941302451
2025-01-30,-1.0,0.009808403134893414,True,-50.76749999999993,-507.6749999999993,-510.49499999999927,-0.9999999999999972
2025-01-31,-1.0,0.0019298590175252524,False,22.299999999999727,222.99999999999727,220.17999999999728,0.4264677758653606
2025-02-03,-1.0,0.0052504657503019735,False,-11.599999999999909,-115.99999999999909,-118.81999999999908,-0.2201034106541416
2025-02-04,1.0,-0.002277785576483678,False,23.799999999999727,237.99999999999727,235.17999999999728,0.4329240563892623
2025-02-05,-1.0,3.479168479087808e-05,False,-7.899999999999636,-78.99999999999636,-81.81999999999636,-0.14288298064748833
2025-02-06,-1.0,0.0008323507451486764,False,3.199999999999818,31.99999999999818,29.17999999999818,0.05731685473759297
2025-02-07,1.0,-0.0004165509640904188,False,6.800000000000182,68.00000000000182,65.18000000000183,0.11920413708476078
2025-02-10,1.0,-0.00076232721388223,False,50.09999999999991,500.9999999999991,498.1799999999991,0.8940042826552443
2025-02-11,-1.0,0.0007152710671271365,False,11.0,110.0,107.18,0.19395221722648334
2025-02-12,-1.0,0.00034170511181630365,False,2.400000000000091,24.00000000000091,21.18000000000091,0.04022627278441387
2025-02-13,-1.0,0.0015374894123212626,False,-28.200000000000273,-282.00000000000273,-284.8200000000027,-0.46528894938745685
2025-02-17,1.0,-0.00048345881182019346,False,16.200000000000273,162.00000000000273,159.18000000000274,0.2548672566371727
2025-02-18,-1.0,3.4348326381209816e-05,False,-39.90000000000009,-399.0000000000009,-401.8200000000009,-0.6337105419892811
2025-02-19,-1.0,0.0008128704935313244,False,2.399999999999636,23.999999999996362,21.17999999999636,0.03756309425988398
2025-02-20,1.0,-0.00030499686767436165,False,2.799999999999727,27.99999999999727,25.17999999999727,0.043199876571777054
2025-02-21,-1.0,0.0011844533441134517,False,8.299999999999727,82.99999999999727,80.17999999999728,0.12689676260367283
2025-02-24,-1.0,0.0005764177492819267,False,-14.800000000000182,-148.00000000000182,-150.8200000000018,-0.22604047346315687
2025-02-25,-1.0,0.0013145256961400351,False,43.30000000000018,433.0000000000018,430.1800000000018,0.6684419744510091
2025-02-26,-1.0,0.0013663537565524687,False,-1.300000000000182,-13.000000000001819,-15.82000000000182,-0.01926782273603355
2025-02-27,-1.0,0.0005457770636226775,False,48.0,480.0,477.18,0.6947459834997834
2025-02-28,-1.0,0.001662741134087209,False,24.5,245.0,242.18,0.355304183888043
2025-03-03,-1.0,0.002301256245704115,False,-30.0,-300.0,-302.82,-0.4281738385784632
2025-03-04,-1.0,0.0016874734955681292,False,-22.5,-225.0,-227.82,-0.3315283456735556
2025-03-05,1.0,-6.82920166897596e-05,False,3.099999999999909,30.99999999999909,28.17999999999909,0.04526703902456704
2025-03-06,1.0,-0.0009897105051683503,False,-11.299999999999727,-112.99999999999727,-115.81999999999726,-0.1646810216052719
2025-03-07,-1.0,0.0007880626060999738,False,1.5,15.0,12.18,0.02188423241054823
2025-03-10,-1.0,0.0004796327475551708,False,29.09999999999991,290.9999999999991,288.1799999999991,0.4251123041525136
2025-03-11,-1.0,0.0008990940504691929,False,-32.20000000000027,-322.00000000000273,-324.8200000000027,-0.47868584383246454
2025-03-12,1.0,-0.0009234084686311759,False,17.5,175.0,172.18,0.2645202735895402
2025-03-13,-1.0,0.001121781370292673,False,-51.59999999999991,-515.9999999999991,-518.8199999999991,-0.7909864336629098
2025-03-14,-1.0,0.002167932142348148,False,9.5,95.0,92.18,0.14129020263989586
2025-03-17,-1.0,0.0008686066092505726,False,-13.800000000000182,-138.00000000000182,-140.8200000000018,-0.21626704278326547
2025-03-18,-1.0,0.0005317027906733406,False,-32.69999999999982,-326.9999999999982,-329.8199999999982,-0.519542421353667
2025-03-19,1.0,-0.00032870948951556946,False,14.800000000000182,148.00000000000182,145.18000000000183,0.2387289297524022
2025-03-20,-1.0,0.0003598240172283927,False,5.0,50.0,47.18,0.08070048016785696
2025-03-21,-1.0,0.00013102725385620836,False,27.40000000000009,274.0000000000009,271.1800000000009,0.44277461317820194
2025-03-24,-1.0,0.0007598910087305242,False,14.800000000000182,148.00000000000182,145.18000000000183,0.23450188156070784
2025-03-25,-1.0,0.0013266560268886658,False,-8.5,-85.0,-87.82,-0.1358098661873376
2025-03-26,-1.0,0.00016524282470628944,False,3.0,30.0,27.18,0.05042864346949062
2025-03-27,-1.0,0.0010909993643531855,False,-42.69999999999982,-426.9999999999982,-429.8199999999982,-0.736810318795562
2025-03-28,-1.0,0.00992097360432075,False,-14.5,-145.0,-147.82,-0.25269028013767253
2025-03-31,-1.0,0.0014760150281206794,False,-38.29999999999973,-382.99999999999727,-385.81999999999726,-0.688786979588161
2025-04-02,1.0,-0.0005714104469625616,False,13.900000000000091,139.0000000000009,136.18000000000092,0.24730895827773475
2025-04-03,-1.0,0.01053518557381237,False,69.40000000000009,694.0000000000009,691.1800000000009,1.1896802948487184
2025-04-04,-1.0,0.004339509043451711,False,83.20000000000027,832.0000000000027,829.1800000000027,1.2857363622314968
2025-04-07,1.0,-0.0010143813961869046,True,-71.78999999999996,-717.8999999999996,-720.7199999999997,-0.9999999999999984
2025-04-08,-1.0,0.0022032322973119076,False,-0.09999999999990905,-0.9999999999990905,-3.819999999999091,-0.0012985326580951684
2025-04-09,1.0,-0.0003335000864661045,False,112.40000000000009,1124.000000000001,1121.180000000001,1.455440095820789
2025-04-10,1.0,-0.00347826437632492,False,89.30000000000018,893.0000000000018,890.1800000000018,1.0561173200875185
2025-04-11,-1.0,0.001629328262689656,False,-54.0,-540.0,-542.82,-0.6116727550760339
2025-04-14,1.0,-0.00043111412874413375,False,-18.59999999999991,-185.9999999999991,-188.81999999999908,-0.20341207349081253
2025-04-15,1.0,-0.0005577590625508385,False,20.5,205.0,202.18,0.2183173588924386
2025-04-16,-1.0,6.159721582520302e-05,True,-92.93249999999989,-929.3249999999989,-932.144999999999,-0.9999999999999981
2025-04-17,-1.0,0.0011628428341953804,False,21.200000000000273,212.00000000000273,209.18000000000274,0.21376893796163515
2025-04-21,-1.0,0.0033530957708218425,False,-88.69999999999982,-886.9999999999982,-889.8199999999982,-0.8664224664224642
2025-04-22,-1.0,0.00020379347058013608,False,47.59999999999991,475.9999999999991,473.1799999999991,0.4491307527186083
2025-04-23,1.0,-0.005208961701036488,False,-63.19999999999982,-631.9999999999982,-634.8199999999982,-0.557061325224211
2025-04-24,1.0,-0.002058485923948988,False,53.69999999999982,536.9999999999982,534.1799999999981,0.445606173761512
2025-04-25,-1.0,0.002471821024171152,False,46.19999999999982,461.9999999999982,459.1799999999982,0.3698811096433274
2025-04-28,-1.0,0.006223431538296399,False,-26.0,-260.0,-262.82,-0.20089630659867097
2025-04-29,1.0,-0.0024416400886624074,False,-24.0,-240.0,-242.82,-0.17942248388001122
2025-04-30,1.0,-0.0014423512822353806,False,-18.59999999999991,-185.9999999999991,-188.81999999999908,-0.13889666760011132
2025-05-01,1.0,-0.002179639406198862,False,-63.0,-630.0,-632.82,-0.46651116294568473
2025-05-02,-1.0,0.0033927612582787697,False,6.199999999999818,61.99999999999818,59.17999999999818,0.0452868777619504
2025-05-05,-1.0,0.001695307487795521,False,-90.80000000000018,-908.0000000000018,-910.8200000000019,-0.6919676878524631
2025-05-06,-1.0,0.0022444683301232446,False,-86.29999999999973,-862.9999999999973,-865.8199999999973,-0.6670531400966162
2025-05-07,-1.0,0.004332598626896279,False,67.5,675.0,672.18,0.5215879455230367
2025-05-08,1.0,-0.0018068992904662865,False,-61.59999999999991,-615.9999999999991,-618.8199999999991,-0.46751669702489307
2025-05-09,1.0,-0.00030204180488172905,False,23.799999999999727,237.99999999999727,235.17999999999728,0.18133333333333126
2025-05-13,-1.0,0.0005553841549730511,False,-12.199999999999818,-121.99999999999818,-124.81999999999817,-0.09410312777199131
2025-05-14,1.0,-3.0730935298441444e-05,False,-70.0,-700.0,-702.82,-0.5405614116375149
2025-05-15,1.0,-0.0009112190541109912,False,53.5,535.0,532.18,0.39853250647149746
2025-05-16,-1.0,0.002809380851531076,False,49.29999999999973,492.99999999999727,490.1799999999973,0.36555073592110426
2025-05-19,-1.0,0.007919969059182344,False,-15.599999999999909,-155.9999999999991,-158.81999999999908,-0.11416652944727962
2025-05-20,1.0,-0.0008658009198854198,False,64.09999999999991,640.9999999999991,638.179999999999,0.4834907884067801
2025-05-21,1.0,-0.0011533326518217404,False,27.90000000000009,279.0000000000009,276.1800000000009,0.21517815826006545
2025-05-22,1.0,-0.0012052550573138391,False,-26.40000000000009,-264.0000000000009,-266.8200000000009,-0.21412494677291866
2025-05-23,-1.0,0.0013666805461956687,False,-65.5,-655.0,-657.82,-0.5338223308883454
2025-05-26,1.0,-0.0013102259035952886,False,-13.599999999999909,-135.9999999999991,-138.81999999999908,-0.11278351370402542
2025-05-28,1.0,-0.0008177729772899003,False,-5.600000000000364,-56.00000000000364,-58.82000000000364,-0.047482776894544665
2025-05-29,-1.0,0.005025744759422278,False,-29.5,-295.0,-297.82,-0.25197522955370477
2025-05-30,1.0,-5.98676924177406e-05,False,-21.90000000000009,-219.0000000000009,-221.8200000000009,-0.18747993579454322
2025-06-02,-1.0,0.00099387120985437,False,-84.40000000000009,-844.0000000000009,-846.820000000001,-0.7203516408483767
2025-06-03,1.0,-0.00011743291658140616,False,-29.59999999999991,-295.9999999999991,-298.8199999999991,-0.25498557091786106
2025-06-04,-1.0,0.000325737724788932,False,-19.800000000000182,-198.00000000000182,-200.8200000000018,-0.1764587928614413
2025-06-05,-1.0,0.00035315930794677195,False,18.0,180.0,177.18,0.1645864764778494
2025-06-06,1.0,-0.0007398091629871581,False,-43.80000000000018,-438.0000000000018,-440.8200000000018,-0.4186379928315431
2025-06-09,1.0,-0.0003599712061908009,False,15.300000000000182,153.00000000000182,150.18000000000183,0.14670981661273108
2025-06-10,1.0,-0.00047796864240803275,False,3.300000000000182,33.00000000000182,30.18000000000182,0.03255160168676663
2025-06-11,1.0,-0.0022413158430138703,False,25.40000000000009,254.0000000000009,251.18000000000092,0.2508270379696847
2025-06-12,-1.0,0.002698336675544437,False,-31.5,-315.0,-317.82,-0.321248279027077
2025-06-13,1.0,-0.0007043700581773191,False,46.09999999999991,460.9999999999991,458.1799999999991,0.4928372888603801
2025-06-16,-1.0,0.005863086675910119,False,69.5,695.0,692.18,0.762124078186255
2025-06-17,-1.0,0.00029381519235897077,False,-0.1999999999998181,-1.999999999998181,-4.819999999998181,-0.0021408691928903696
2025-06-18,-1.0,0.0011156455753336585,False,23.59999999999991,235.9999999999991,233.1799999999991,0.2637829379383567
2025-06-19,-1.0,0.0006498301808942722,False,-0.8000000000001819,-8.000000000001819,-10.82000000000182,-0.008952301021123881
2025-06-20,1.0,-0.00011809163924920323,False,-5.699999999999818,-56.99999999999818,-59.81999999999818,-0.06528087957395434
2025-06-23,-1.0,0.005515180688110143,False,8.599999999999909,85.99999999999909,83.1799999999991,0.10257327727584357
2025-06-24,1.0,-0.0020661774226812296,False,-46.80000000000018,-468.0000000000018,-470.8200000000018,-0.5501675189560951
2025-06-25,-1.0,0.00026961849147010843,False,-9.800000000000182,-98.00000000000182,-100.82000000000181,-0.11413929652923581
2025-06-26,1.0,-0.00041821006703456136,False,-1.900000000000091,-19.00000000000091,-21.82000000000091,-0.02261500922454433
2025-06-27,1.0,-0.001196530205572264,False,-58.0,-580.0,-582.82,-0.7199826211091461
2025-06-30,-1.0,0.0003045530707261941,False,-36.5,-365.0,-367.82,-0.4434724500334124
2025-07-01,1.0,-0.00165775036080553,False,34.5,345.0,342.18,0.42584706535826705
2025-07-02,-1.0,0.00026866072789557806,False,-18.299999999999727,-182.99999999999727,-185.81999999999726,-0.2266604737575442
2025-07-03,1.0,-5.937184588810613e-05,False,-29.90000000000009,-299.0000000000009,-301.8200000000009,-0.37356321839080564
2025-07-04,1.0,-0.0008090494111246981,False,10.5,105.0,102.18,0.13243780153249451
2025-07-07,1.0,-0.000478240085633333,False,2.299999999999727,22.99999999999727,20.17999999999727,0.030360030360026737
2025-07-08,1.0,-8.963384580002801e-05,False,-34.5,-345.0,-347.82,-0.4545005434245625
2025-07-09,1.0,-0.00036235166625304456,False,13.400000000000091,134.0000000000009,131.18000000000092,0.17458146049117415
2025-07-10,1.0,-0.00012032608383200654,False,10.0,100.0,97.18,0.13172627280511084
2025-07-11,1.0,-0.000480004809264259,False,39.19999999999982,391.9999999999982,389.1799999999982,0.5378335734376042
2025-07-14,-1.0,0.0009486260457034354,False,21.59999999999991,215.9999999999991,213.1799999999991,0.30217186024551296
2025-07-15,1.0,-0.00011929259505366229,False,-15.900000000000091,-159.0000000000009,-161.8200000000009,-0.2305851642375472
2025-07-16,1.0,-0.001709581568995822,False,23.199999999999818,231.99999999999818,229.1799999999982,0.33301037068934286
2025-07-18,-1.0,2.9892238482578762e-05,False,-8.299999999999727,-82.99999999999727,-85.81999999999726,-0.11624649859943585
2025-07-21,-1.0,0.000774962780960812,False,-53.59999999999991,-535.9999999999991,-538.8199999999991,-0.7536293015571706
2025-07-22,-1.0,0.00023458346880570217,False,-33.20000000000027,-332.00000000000273,-334.8200000000027,-0.45948377274929414
2025-07-23,-1.0,0.00029032632883063995,False,44.5,445.0,442.18,0.6317433276547414
2025-07-24,1.0,-0.0006177651806332779,False,-24.0,-240.0,-242.82,-0.3284409319511443
2025-07-25,1.0,-0.0005335863054210154,False,-33.40000000000009,-334.0000000000009,-336.8200000000009,-0.4550253737951715
2025-07-28,1.0,-0.004833320227148137,False,-6.5,-65.0,-67.82,-0.09080748812517461
2025-07-29,1.0,-0.0009653383958793765,False,10.0,100.0,97.18,0.1436936451485433
2025-07-31,-1.0,0.0017443088841227472,False,-16.199999999999818,-161.99999999999818,-164.81999999999817,-0.2311643835616413
2025-08-01,1.0,-0.0002691588801295657,False,66.89999999999964,668.9999999999964,666.1799999999963,0.9686176566402385
2025-08-04,-1.0,0.0018456946367817616,False,-14.0,-140.0,-142.82,-0.18972117762645266
2025-08-05,1.0,-0.0004081870719688109,False,4.400000000000091,44.00000000000091,41.18000000000091,0.059967971651505574
2025-08-06,-1.0,0.00046588825348392316,False,1.2999999999997272,12.999999999997272,10.179999999997271,0.018061199680451917
2025-08-07,1.0,-0.0005534759889023404,False,34.90000000000009,349.0000000000009,346.1800000000009,0.4884876478409981
2025-08-08,-1.0,0.0055229688197762335,False,29.199999999999818,291.9999999999982,289.1799999999982,0.3953425399404256
2025-08-11,-1.0,0.000375999657353176,False,56.19999999999982,561.9999999999982,559.1799999999981,0.7317708333333317
2025-08-12,1.0,-0.0023543964494112815,False,4.900000000000091,49.00000000000091,46.18000000000091,0.06183355416745657
2025-08-13,-1.0,0.00035300347486649504,False,-8.199999999999818,-81.99999999999818,-84.81999999999817,-0.10505749335383009
2025-08-14,1.0,-0.0003228031075820041,False,-21.699999999999818,-216.99999999999818,-219.81999999999817,-0.28610039882659066
2025-08-15,1.0,-0.0009161163221806467,False,1.5,15.0,12.18,0.01969473165928115
2025-08-18,1.0,-0.0005616566061006452,False,-3.599999999999909,-35.99999999999909,-38.81999999999909,-0.047923322683704896
2025-08-19,1.0,-2.9601124845048606e-05,False,-18.299999999999727,-182.99999999999727,-185.81999999999726,-0.2512355848434889
2025-08-20,1.0,-0.0004167659026745137,False,33.09999999999991,330.9999999999991,328.1799999999991,0.4643658810325464
2025-08-21,-1.0,0.0001768920078906333,False,8.799999999999727,87.99999999999727,85.17999999999728,0.12613774815451487
2025-08-25,1.0,-2.9260727716384322e-05,False,-7.099999999999909,-70.99999999999909,-73.81999999999908,-0.10277566677523127
2025-08-26,-1.0,0.0002638638477863739,False,-26.299999999999727,-262.99999999999727,-265.81999999999726,-0.3931240657698021
2025-08-27,-1.0,0.0015115403145341583,False,-6.399999999999636,-63.99999999999636,-66.81999999999636,-0.09349548957305635
2025-08-28,-1.0,0.0007824839917589307,False,-25.59999999999991,-255.9999999999991,-258.8199999999991,-0.39072039072038944
2025-08-29,1.0,-0.00023007678914301573,False,39.40000000000009,394.0000000000009,391.1800000000009,0.605083314136529
2025-09-01,-1.0,0.0005402254861911526,False,-27.699999999999818,-276.9999999999982,-279.8199999999982,-0.4405741778997147
2025-09-02,-1.0,0.00045114902781289725,False,-50.5,-505.0,-507.82,-0.7948687679534097
2025-09-03,-1.0,0.0004446173585166703,False,-20.09999999999991,-200.9999999999991,-203.81999999999908,-0.307798323188238
2025-09-05,1.0,-0.0009433439465451034,False,44.09999999999991,440.9999999999991,438.1799999999991,0.6641816333446275
2025-09-08,1.0,-0.0030760804261058127,False,40.69999999999982,406.9999999999982,404.1799999999982,0.6331427682495205
2025-09-09,-1.0,0.0005710944772652749,False,9.799999999999727,97.99999999999727,95.17999999999728,0.15419715207300325
2025-09-10,1.0,-0.0015004163059273475,False,18.90000000000009,189.0000000000009,186.18000000000092,0.29075804776739483
2025-09-11,-1.0,2.716025911042732e-05,False,6.5,65.0,62.18,0.09826152683295532
2025-09-12,1.0,-0.0004898625761314883,False,9.0,90.0,87.18,0.13770943309616698
2025-09-15,1.0,-0.0006247538537289693,False,40.09999999999991,400.9999999999991,398.1799999999991,0.6056486935508214
2025-09-16,1.0,-0.0001612859872854004,False,6.799999999999727,67.99999999999727,65.17999999999728,0.09975428173249312
2025-09-17,-1.0,0.0003487826180638807,False,31.800000000000182,318.0000000000018,315.1800000000018,0.46840477242598577
2025-09-18,1.0,-0.0006766174798374092,False,-14.199999999999818,-141.99999999999818,-144.81999999999817,-0.20391312152216562
2025-09-19,1.0,-0.00035338090751715445,False,39.70000000000027,397.00000000000273,394.18000000000274,0.5581918520861927
2025-09-22,-1.0,0.0006184541532715016,False,-61.09999999999991,-610.9999999999991,-613.8199999999991,-0.8638179054889881
2025-09-23,1.0,-5.2894660296335816e-05,False,15.599999999999909,155.9999999999991,153.1799999999991,0.20950846091861253
2025-09-24,-1.0,0.00028969095445084155,False,35.19999999999982,351.9999999999982,349.1799999999982,0.4704152884968734
2025-09-25,-1.0,0.0015668781173814774,False,-9.0,-90.0,-92.82,-0.11658408627222377
2025-09-26,-1.0,0.0008996851708976106,False,-15.199999999999818,-151.99999999999818,-154.81999999999817,-0.1961923201032567
2025-09-29,1.0,-0.0018457487112177166,False,68.09999999999991,680.9999999999991,678.179999999999,0.8834403580463109
2025-09-30,-1.0,0.0015025909562850395,False,-23.90000000000009,-239.0000000000009,-241.8200000000009,-0.3021109847048423
2025-10-02,1.0,-0.00020545482634284505,False,-13.099999999999909,-130.9999999999991,-133.81999999999908,-0.1643921568627439
2025-10-03,1.0,-5.154373487053867e-05,False,30.90000000000009,309.0000000000009,306.1800000000009,0.37618699780862036
2025-10-06,-1.0,0.0006901223323988428,False,-69.60000000000036,-696.0000000000036,-698.8200000000037,-0.851219959640437
2025-10-07,-1.0,0.00027611481531390606,False,-18.299999999999727,-182.99999999999727,-185.81999999999726,-0.2194639323619322
2025-10-08,-1.0,0.0013481801612611087,False,-56.20000000000027,-562.0000000000027,-564.8200000000028,-0.6742853714868501
2025-10-09,1.0,-0.0005906820087570904,True,-85.57500000000027,-855.7500000000027,-858.5700000000028,-1.0000000000000027
2025-10-10,-1.0,0.0008520876662109602,False,-36.40000000000009,-364.0000000000009,-366.8200000000009,-0.3965465588147188
2025-10-13,1.0,-0.002062548101443116,False,107.19999999999982,1071.9999999999982,1069.1799999999982,1.1229834485648416
2025-10-14,-1.0,0.0009202974663244552,False,-28.199999999999818,-281.9999999999982,-284.8199999999982,-0.2813528883567774
2025-10-15,-1.0,9.616771657172123e-05,False,-66.39999999999964,-663.9999999999964,-666.8199999999964,-0.6348295807638948
2025-10-16,1.0,-0.000236658384727774,False,96.60000000000036,966.0000000000036,963.1800000000036,0.9141883739087254
2025-10-17,-1.0,0.005860247950440902,False,106.10000000000036,1061.0000000000036,1058.1800000000037,0.9467086038055746
2025-10-20,-1.0,0.006510393757368442,True,-122.56500000000051,-1225.650000000005,-1228.470000000005,-1.0000000000000033
2025-10-21,1.0,-0.004973205185623205,True,-130.3125,-1303.125,-1305.945,-0.9999999999999991
2025-10-22,-1.0,0.0032920246616998084,False,17.800000000000182,178.00000000000182,175.18000000000183,0.11946709621128339
2025-10-23,1.0,-0.0010684799462370872,False,18.899999999999636,188.99999999999636,186.17999999999637,0.1213113175756968
2025-10-24,-1.0,0.0020536616744376763,False,23.399999999999636,233.99999999999636,231.17999999999637,0.14664410603496655
2025-10-27,1.0,-0.0029413573317967024,False,-101.5,-1015.0,-1017.82,-0.620738158578723
2025-10-28,1.0,-0.0019238703199335266,False,-22.699999999999818,-226.99999999999818,-229.81999999999817,-0.13511301578798443
2025-10-29,1.0,-0.0020646078285823503,False,-8.699999999999818,-86.99999999999818,-89.81999999999817,-0.0505733094999335
2025-10-30,1.0,-0.004024354005728378,False,92.5,925.0,922.18,0.5209873414156769
2025-10-31,-1.0,0.000668838351846665,False,25.399999999999636,253.99999999999636,251.17999999999637,0.14088803838366812
2025-11-03,1.0,-0.002894935887521304,False,21.5,215.0,212.18,0.1181838170624449
2025-11-04,1.0,-0.002214895449123267,False,-65.10000000000036,-651.0000000000036,-653.8200000000037,-0.3598822505079
2025-11-05,1.0,-0.001825049301280748,False,53.40000000000009,534.0000000000009,531.1800000000009,0.2915881726595137
2025-11-06,1.0,-0.0007512395805805244,False,-3.099999999999909,-30.99999999999909,-33.81999999999909,-0.01699701181566415
2025-11-07,1.0,-0.0007022119965534798,False,26.0,260.0,257.18,0.14645205807387368
2025-11-10,1.0,-0.0011472181221808008,False,111.40000000000009,1114.000000000001,1111.180000000001,0.6336746302616608
2025-11-11,-1.0,0.00150416098618549,False,-10.699999999999818,-106.99999999999818,-109.81999999999817,-0.061026035874182614
2025-11-12,1.0,-0.0005804813320574461,False,67.89999999999964,678.9999999999964,676.1799999999963,0.39302510672165325
2025-11-13,-1.0,0.00042835725649652615,False,35.0,350.0,347.18,0.19949840401276783
2025-11-14,-1.0,0.0016541014690886204,False,86.19999999999982,861.9999999999982,859.1799999999981,0.4978917576387672
2025-11-17,1.0,-0.0011012004196163047,False,-43.0,-430.0,-432.82,-0.24969876457180995
2025-11-18,-1.0,0.001038755565418048,False,-24.299999999999727,-242.99999999999727,-245.81999999999726,-0.14540232464210212
2025-11-19,1.0,-0.0005161417292272623,False,8.800000000000182,88.00000000000182,85.18000000000183,0.05827621601933827
2025-11-20,-1.0,0.0005885815355322104,False,1.1000000000003638,11.000000000003638,8.180000000003638,0.007565987447341505
2025-11-21,1.0,-0.0006623572800939874,False,-10.5,-105.0,-107.82,-0.07280669821623585
2025-11-24,-1.0,0.0011556857329662314,False,-61.30000000000018,-613.0000000000018,-615.8200000000019,-0.4297005064577756
2025-11-25,-1.0,0.0007986157751756055,False,4.300000000000182,43.00000000000182,40.18000000000182,0.030710446908423426
2025-11-26,-1.0,0.008968021339511177,False,-30.199999999999818,-301.9999999999982,-304.8199999999982,-0.22567206560929437
2025-11-27,-1.0,0.0002620638736128449,False,8.100000000000364,81.00000000000364,78.18000000000364,0.06303256682619633
2025-11-28,-1.0,4.773269690668984e-05,False,-65.5,-655.0,-657.82,-0.5381644893599539
2025-12-01,-1.0,0.0007047051100872042,False,-12.299999999999272,-122.99999999999272,-125.81999999999272,-0.10127833014264824
2025-12-02,1.0,-0.0013589505371587286,False,-23.5,-235.0,-237.82,-0.19508955440715608
2025-12-03,1.0,-0.0006131641821240099,False,-1.699999999999818,-16.99999999999818,-19.81999999999818,-0.014159586873228538
2025-12-04,1.0,-0.0006374013129080701,False,5.299999999999272,52.999999999992724,50.179999999992724,0.044618428252719375
2025-12-05,1.0,-0.00044822421397031623,False,-6.600000000000364,-66.00000000000364,-68.82000000000363,-0.055862375420557886
2025-12-08,1.0,-0.0006855873269401305,False,-7.300000000000182,-73.00000000000182,-75.82000000000181,-0.06120823376514635
2025-12-09,1.0,-0.0003317142549074717,False,21.099999999999454,210.99999999999454,208.17999999999455,0.18572308775635457
2025-12-10,1.0,-0.0009908465470467424,False,22.400000000000546,224.00000000000546,221.18000000000546,0.19690576652602432
2025-12-11,1.0,-0.00016436747909051176,False,46.30000000000018,463.0000000000018,460.1800000000018,0.4217910175822188
2025-12-12,-1.0,0.0010912342476620965,False,-20.5,-205.0,-207.82,-0.1888182739246568
2025-12-15,-1.0,6.928326465510485e-05,False,-3.600000000000364,-36.00000000000364,-38.82000000000364,-0.03514423780934606
2025-12-16,-1.0,0.00034605668753840763,False,1.199999999999818,11.999999999998181,9.17999999999818,0.01200210036756251
2025-12-17,1.0,-0.0002999919255442188,False,40.5,405.0,402.18,0.409960522320073
2025-12-18,1.0,-0.0003887980471851922,False,-5.600000000000364,-56.00000000000364,-58.82000000000364,-0.05784526391902042
2025-12-19,1.0,-0.0003894482483960889,False,6.099999999999454,60.99999999999454,58.17999999999454,0.06317152103559309
2025-12-22,1.0,-0.00027461211211973936,False,103.30000000000018,1033.0000000000018,1030.1800000000019,1.0947725406035587
2025-12-23,-1.0,0.0018986994032688996,False,-42.69999999999982,-426.9999999999982,-429.8199999999982,-0.4476946869020459
2025-12-24,1.0,-0.001349363681232568,False,-12.0,-120.0,-122.82,-0.12369540007730971
2025-12-26,-1.0,0.002659811834958386,False,-42.899999999999636,-428.99999999999636,-431.81999999999636,-0.4303016625291473
2025-12-29,-1.0,0.0015556362072800018,False,213.30000000000018,2133.000000000002,2130.1800000000017,2.076518691588787
2025-12-30,1.0,-0.0010110062670395466,False,7.800000000000182,78.00000000000182,75.18000000000183,0.06676510239455764
2025-12-31,1.0,-0.001216978141266924,False,-26.0,-260.0,-262.82,-0.21924276920482338
2026-01-02,-1.0,0.0027006768102749673,False,-3.2999999999992724,-32.999999999992724,-35.819999999992724,-0.027397260273966564
2026-01-05,-1.0,0.005902296517063087,False,-87.89999999999964,-878.9999999999964,-881.8199999999964,-0.708928139366075
2026-01-06,-1.0,0.001278643466377628,False,-43.600000000000364,-436.00000000000364,-438.82000000000363,-0.33825982388766335
2026-01-07,-1.0,0.00017759229296134934,False,42.5,425.0,422.18,0.32943821095672765
2026-01-08,-1.0,0.0010750280990534363,False,-17.700000000000728,-177.00000000000728,-179.82000000000727,-0.13444229235502442
2026-01-09,-1.0,0.0009582707290770102,False,-26.700000000000728,-267.0000000000073,-269.82000000000727,-0.2005407841370042
2026-01-12,-1.0,0.0026315513688155694,False,-75.30000000000018,-753.0000000000018,-755.8200000000019,-0.5642351354389137
2026-01-13,-1.0,0.0015628733998011989,False,16.600000000000364,166.00000000000364,163.18000000000364,0.122061067299034
2026-01-14,-1.0,0.00019589278197756614,False,-44.399999999999636,-443.99999999999636,-446.81999999999636,-0.33267771846023925
2026-01-15,1.0,-0.0007978695151937132,False,-25.899999999999636,-258.99999999999636,-261.81999999999636,-0.19533533193807834
2026-01-16,-1.0,0.002253619745520326,False,32.69999999999982,326.9999999999982,324.1799999999982,0.24877325116968949
2026-01-19,-1.0,0.008617094224784093,False,-49.80000000000018,-498.0000000000018,-500.8200000000018,-0.371718076470919
2026-01-20,-1.0,0.00029930518662775896,False,-83.30000000000018,-833.0000000000018,-835.8200000000019,-0.6208657089086419
2026-01-21,-1.0,0.0015948632008351592,False,-60.79999999999927,-607.9999999999927,-610.8199999999928,-0.4399341545919884
2026-01-22,-1.0,0.0014689303244417968,False,-83.5,-835.0,-837.82,-0.5984054465645435
2026-01-23,-1.0,0.004036148224819031,False,-40.70000000000073,-407.0000000000073,-409.82000000000727,-0.27684249906472636
2026-01-26,-1.0,0.00532597767059535,False,-41.5,-415.0,-417.82,-0.28093690766314655
2026-01-27,1.0,-0.00979190246246908,False,174.30000000000018,1743.0000000000018,1740.1800000000019,1.1461261527839437
2026-01-28,-1.0,0.0011589053505747082,True,-147.4425000000001,-1474.425000000001,-1477.245000000001,-1.0000000000000007
2026-01-30,1.0,-0.0024737408542382204,True,-190.6199999999999,-1906.199999999999,-1909.0199999999988,-0.9999999999999997
2026-02-02,1.0,-0.007274258030529773,True,-242.01000000000022,-2420.100000000002,-2422.9200000000023,-1.000000000000001
2026-02-03,-1.0,0.0016447899125104205,True,-269.7300000000005,-2697.3000000000047,-2700.120000000005,-1.0000000000000018
2026-02-04,-1.0,0.00044278066979493565,False,7.899999999999636,78.99999999999636,76.17999999999637,0.027296914412078495
2026-02-05,-1.0,0.0050659484347916044,False,153.39999999999964,1533.9999999999964,1531.1799999999964,0.5081321010964245
2026-02-06,1.0,-0.006100996325764464,False,172.80000000000018,1728.0000000000018,1725.1800000000019,0.5462563421689037
2026-02-09,-1.0,0.004890573364999075,False,-102.20000000000073,-1022.0000000000073,-1024.8200000000072,-0.30426854229466926
2026-02-10,1.0,-0.003611812971620924,False,-32.69999999999982,-326.9999999999982,-329.8199999999982,-0.09725847107898848
2026-02-11,1.0,-0.0007127725171587208,False,62.400000000000546,624.0000000000055,621.1800000000054,0.18459353922612864
2026-02-12,1.0,-0.0003913664609764822,False,-174.30000000000018,-1743.0000000000018,-1745.8200000000018,-0.5102085620197591
2026-02-13,-1.0,0.002509513176470778,False,-106.60000000000036,-1066.0000000000036,-1068.8200000000036,-0.3008940731488744
2026-02-16,1.0,-3.9573398766443784e-05,False,-39.19999999999982,-391.9999999999982,-394.8199999999982,-0.10889115745466871
2026-02-17,-1.0,7.976389890165957e-05,False,118.30000000000018,1183.0000000000018,1180.1800000000019,0.3270440251572333
2026-02-18,-1.0,0.00016336199011247448,False,-107.80000000000018,-1078.0000000000018,-1080.8200000000018,-0.2943063461512216
2026-02-19,1.0,-0.0022201119174418186,False,26.300000000000182,263.0000000000018,260.1800000000018,0.07137526290793182
2026-02-20,1.0,-0.0003984460656359653,False,101.0,1010.0,1007.18,0.27972221645237455
2026-02-23,-1.0,0.0018344332063598922,False,-126.80000000000018,-1268.0000000000018,-1270.8200000000018,-0.3481675212971167
2026-02-24,1.0,-0.0015042607682537717,False,-66.10000000000036,-661.0000000000036,-663.8200000000037,-0.18108348743236866
2026-02-25,1.0,-0.0039059528350440242,False,9.0,90.0,87.18,0.02486685869407548
2026-02-26,-1.0,0.0008892669933380174,False,-38.399999999999636,-383.99999999999636,-386.81999999999636,-0.10979584834448347
2026-02-27,1.0,-0.002131357674705806,False,79.10000000000036,791.0000000000036,788.1800000000036,0.24856626600675744
2026-03-02,-1.0,0.012213288933643403,False,-0.2000000000007276,-2.000000000007276,-4.820000000007276,-0.0007452120128203577
2026-03-03,1.0,-0.002171960110875477,True,-244.3050000000003,-2443.050000000003,-2445.870000000003,-1.0000000000000016
2026-03-04,1.0,-0.0007245171019027,False,42.0,420.0,417.18,0.1689902830587242
2026-03-05,-1.0,0.0022899736374817,False,72.40000000000055,724.0000000000055,721.1800000000054,0.3023280091867651
2026-03-06,-1.0,0.0019640969506876348,False,-65.0,-650.0,-652.82,-0.2819436763286598
2026-03-09,-1.0,0.004793391218244523,False,35.399999999999636,353.99999999999636,351.17999999999637,0.16491963661774822
2026-03-10,1.0,-0.00013591045463545717,False,56.69999999999982,566.9999999999982,564.1799999999981,0.25829375790085013
2026-03-11,1.0,-0.0014991642085896344,False,-7.899999999999636,-78.99999999999636,-81.81999999999636,-0.03561085004000424
2026-03-12,1.0,-0.0013879520300428567,False,-92.09999999999945,-920.9999999999945,-923.8199999999946,-0.41935594030666035
2026-03-13,1.0,-0.0015330492988573602,False,-62.0,-620.0,-622.82,-0.29063975905026457
2026-03-16,1.0,-0.002392345638619824,False,9.0,90.0,87.18,0.04285408185129638
2026-03-17,1.0,-0.0008571115866023639,False,-9.699999999999818,-96.99999999999818,-99.81999999999817,-0.046571363412671866
2026-03-18,-1.0,0.001098297749062592,False,163.89999999999964,1638.9999999999964,1636.1799999999964,0.8148451968132037
2026-03-19,1.0,-0.003762278339641452,True,-204.77999999999975,-2047.7999999999975,-2050.6199999999976,-1.0
2026-03-20,-1.0,0.001311701206252841,False,149.60000000000036,1496.0000000000036,1493.1800000000037,0.6601359103344828
2026-03-23,1.0,-0.009212132285965914,True,-236.23499999999967,-2362.3499999999967,-2365.169999999997,-0.9999999999999996
2026-03-24,-1.0,0.002202019028051293,False,9.199999999999818,91.99999999999818,89.17999999999819,0.03554216285650749
2026-03-26,1.0,-0.006313501914682744,False,-138.5,-1385.0,-1387.82,-0.5250985744616318
2026-03-27,-1.0,0.0031134130730700953,False,-135.10000000000036,-1351.0000000000036,-1353.8200000000036,-0.4957570753635167
2026-03-30,-1.0,0.0017058234732647093,False,-25.800000000000182,-258.0000000000018,-260.8200000000018,-0.09296041075530398
2026-03-31,1.0,-0.0006384641851353913,False,172.10000000000036,1721.0000000000036,1718.1800000000037,0.6194101027551343
2026-04-01,1.0,-0.003209183987970686,False,94.19999999999982,941.9999999999982,939.1799999999981,0.356504215037892
2026-04-02,1.0,-0.0016499758335528406,False,-85.69999999999982,-856.9999999999982,-859.8199999999982,-0.32361909617000306
2026-04-06,1.0,-0.004800470062927613,False,6.800000000000182,68.00000000000182,65.18000000000183,0.024984614254090508
2026-04-07,1.0,-0.0009828430592682237,False,49.0,490.0,487.18,0.1803443104130436
2026-04-08,-1.0,0.0039271211503766655,False,-9.799999999999272,-97.99999999999272,-100.81999999999272,-0.03683033617076976
2026-04-09,1.0,-0.0023158392631813345,False,48.5,485.0,482.18,0.18000965000185573
2026-04-10,1.0,-8.346026253084451e-05,False,-8.899999999999636,-88.99999999999636,-91.81999999999636,-0.032733826179703676
2026-04-14,-1.0,0.0002937535428917955,False,-102.0,-1020.0,-1022.82,-0.37959138104275947
2026-04-15,1.0,-0.0010686396413611785,False,-44.79999999999927,-447.9999999999927,-450.8199999999927,-0.16530602831972416
2026-04-16,1.0,-0.0010381845163295119,False,1.0999999999994543,10.999999999994543,8.179999999994543,0.004042185720058256
2026-04-17,1.0,-0.000747989812347219,False,64.29999999999927,642.9999999999927,640.1799999999927,0.24599257813994127
2026-04-21,-1.0,0.0011576228682948415,False,141.80000000000018,1418.0000000000018,1415.1800000000019,0.6140122975664679
2026-04-22,-1.0,0.00873053372379321,False,-19.300000000000182,-193.00000000000182,-195.8200000000018,-0.09157769869513722
2026-04-23,-1.0,6.3036466616756e-05,False,46.600000000000364,466.00000000000364,463.18000000000364,0.23109920900592795
2026-04-24,1.0,-0.00033956578352116457,False,20.699999999999818,206.99999999999818,204.1799999999982,0.10469218222508728
2026-04-27,1.0,-0.002963090552662884,False,-21.800000000000182,-218.00000000000182,-220.8200000000018,-0.11495162013235352
2026-04-28,-1.0,0.00040451783091345145,False,88.09999999999945,880.9999999999945,878.1799999999945,0.48747423607364404
2026-04-29,-1.0,4.3384889049905e-05,False,49.0,490.0,487.18,0.27299571006741347
2026-04-30,1.0,-0.0007457285455145115,False,72.5,725.0,722.18,0.42260499548249875
2026-05-01,-1.0,0.0013597368954111765,False,13.399999999999636,133.99999999999636,131.17999999999637,0.07895473360142383
2026-05-04,-1.0,0.00429532600091741,False,115.19999999999982,1151.9999999999982,1149.1799999999982,0.7245283018867918
2026-05-05,-1.0,0.0011037041427679442,False,-33.30000000000018,-333.0000000000018,-335.8200000000018,-0.20602292237019293
2026-05-06,-1.0,0.000591152436013952,True,-158.72249999999985,-1587.2249999999985,-1590.0449999999985,-1.0
2026-05-07,1.0,-0.00021265284503318245,False,10.800000000000182,108.00000000000182,105.18000000000183,0.06767871410443319
2026-05-08,1.0,-0.004849628767152548,False,43.69999999999982,436.9999999999982,434.1799999999982,0.27680126682501877
2026-05-11,1.0,-0.006868071512452914,False,41.899999999999636,418.99999999999636,416.17999999999637,0.26291433322352215
2026-05-12,-1.0,0.0005901446025509776,False,23.199999999999818,231.99999999999818,229.1799999999982,0.14879663924831935
2026-05-13,1.0,-4.2348656495191564e-05,False,-26.5,-265.0,-267.82,-0.16727421925547195
2026-05-14,-1.0,0.00014904874986334035,False,37.19999999999982,371.9999999999982,369.1799999999982,0.23793533531612676
2026-05-15,1.0,-0.0009017713976634667,False,-105.39999999999964,-1053.9999999999964,-1056.8199999999963,-0.6716370356209757
2026-05-18,1.0,-0.0002857551098170689,False,14.199999999999818,141.99999999999818,139.1799999999982,0.08923661843490172
2026-05-19,-1.0,0.0019923596339755803,False,84.89999999999964,848.9999999999964,846.1799999999963,0.5299625468164774
2026-05-20,1.0,-0.0005350097098124443,False,63.5,635.0,632.18,0.4043298312639288
2026-05-21,1.0,-0.00039583929441722973,False,-2.399999999999636,-23.999999999996362,-26.819999999996362,-0.014965859133848633
2026-05-22,-1.0,0.00011002915783770868,False,34.600000000000364,346.00000000000364,343.18000000000364,0.21647662396571632
2026-05-25,-1.0,0.004491108310969178,False,-43.30000000000018,-433.0000000000018,-435.8200000000018,-0.2744371028822245
2026-05-26,1.0,-0.0010063003999341898,False,-60.099999999999454,-600.9999999999945,-603.8199999999946,-0.3821878825455839
2026-05-27,1.0,-0.0010651518848348168,False,-54.0,-540.0,-542.82,-0.35106538592812897
2026-05-28,-1.0,0.008436224888239077,False,-41.0,-410.0,-412.82,-0.2630481506431847
2026-05-29,1.0,-0.000220838303092655,False,49.5,495.0,492.18,0.3110713107413866
2026-06-01,1.0,-0.0005900543239697451,False,-63.30000000000018,-633.0000000000018,-635.8200000000019,-0.3967284008649068
2026-06-02,-1.0,0.0010634527765803518,False,-2.0,-20.0,-22.82,-0.012745754070675209
2026-06-03,-1.0,0.0004425757983283666,False,48.0,480.0,477.18,0.30521245648338013
2026-06-04,1.0,-0.0015441253585582642,False,43.399999999999636,433.99999999999636,431.17999999999637,0.2908018828416815
2026-06-05,1.0,-0.0013539160198915235,True,-149.85750000000007,-1498.5750000000007,-1501.3950000000007,-1.0000000000000007
2026-06-08,-1.0,0.0024605349702451025,False,3.600000000000364,36.00000000000364,33.18000000000364,0.023031524399023496
2026-06-09,-1.0,0.0010108901288188067,False,72.0,720.0,717.18,0.4646885134808074
2026-06-10,1.0,-0.00021016498028266048,True,-154.23750000000018,-1542.3750000000018,-1545.1950000000018,-1.000000000000001
2026-06-11,1.0,-0.003952960103204085,False,139.79999999999973,1397.9999999999973,1395.1799999999973,0.8512581632187037
2026-06-12,-1.0,0.0009215828245395436,False,2.0,20.0,17.18,0.011551512526171393
2026-06-15,-1.0,0.013053054144846678,False,-54.900000000000546,-549.0000000000055,-551.8200000000055,-0.32829528636139704
2026-06-16,1.0,-0.0025364337523914177,False,24.099999999999454,240.99999999999454,238.17999999999455,0.14395364811993824
2026-06-17,1.0,-0.0005052476969432988,False,-98.80000000000018,-988.0000000000018,-990.8200000000019,-0.610979701003356
2026-06-18,-1.0,0.004830360882105239,False,39.19999999999982,391.9999999999982,389.1799999999982,0.2355415352260768
2026-06-19,1.0,-0.0018431442633728866,False,-54.80000000000018,-548.0000000000018,-550.8200000000019,-0.32256165754311733
2026-06-22,1.0,-0.0019188339380733885,False,44.100000000000364,441.00000000000364,438.18000000000364,0.2556521739130457
2026-06-23,-1.0,0.00011877754168205477,False,80.10000000000036,801.0000000000036,798.1800000000036,0.4581331503088561
2026-06-24,1.0,-0.0001695182054502766,False,-124.09999999999991,-1240.999999999999,-1243.819999999999,-0.7083030121427446
2026-06-25,-1.0,0.0032905426674400733,False,-23.40000000000009,-234.0000000000009,-236.8200000000009,-0.13200203080047437
2026-06-26,-1.0,0.00017318802077010223,False,-44.0,-440.0,-442.82,-0.2555724969142525
2026-06-29,-1.0,0.004005476242325012,False,72.40000000000055,724.0000000000055,721.1800000000054,0.4195277415616429
2026-06-30,-1.0,0.0001488649053736586,False,0.20000000000027285,2.0000000000027285,-0.8199999999972718,0.0011676445689947916
2026-07-01,1.0,-0.0016388154538136263,False,28.699999999999818,286.9999999999982,284.1799999999982,0.16444635439048744
2026-07-02,1.0,-0.0011603936764438484,False,86.19999999999982,861.9999999999982,859.1799999999981,0.4763088824423252
2026-07-03,-1.0,0.0007253911385129725,False,-49.69999999999982,-496.9999999999982,-499.8199999999982,-0.27225417693782433
2026-07-06,-1.0,0.00016717416004080466,False,12.200000000000728,122.00000000000728,119.18000000000728,0.0696168221632613
2026-07-07,-1.0,0.00040706375898830595,False,52.100000000000364,521.0000000000036,518.1800000000036,0.29848608544952165
2026-07-08,1.0,-0.003642991278501092,False,-19.699999999999818,-196.99999999999818,-199.81999999999817,-0.11476675259608694
2026-07-09,1.0,-0.00044016237811456637,False,43.600000000000364,436.00000000000364,433.18000000000364,0.2630110543063558
2026-07-10,-1.0,0.0006048362892603225,False,17.800000000000182,178.00000000000182,175.18000000000183,0.1129889708799504
2026-07-13,1.0,-0.002383327570921158,False,-97.59999999999991,-975.9999999999991,-978.8199999999991,-0.6235425650854491
2026-07-14,1.0,-0.0001746049567300269,False,53.70000000000027,537.0000000000027,534.1800000000027,0.34142387106003697
2026-07-15,1.0,-0.0009112066729898108,False,5.300000000000182,53.00000000000182,50.18000000000182,0.03256828586352155
2026-07-16,-1.0,0.001303284214327031,False,84.80000000000018,848.0000000000018,845.1800000000018,0.5461893950372778
2026-07-17,1.0,-0.0006527415375364672,False,38.0,380.0,377.18,0.24858535308932708
2026-07-20,1.0,-0.0033639442160481163,False,4.5,45.0,42.18,0.029829969175698516
2026-07-21,1.0,-7.479897778218982e-05,False,78.0,780.0,777.18,0.524590163934426
2026-07-22,1.0,-0.0013950929265091313,False,53.70000000000027,537.0000000000027,534.1800000000027,0.36463638215522687
2026-07-23,1.0,-0.0011126431256941582,False,-80.19999999999982,-801.9999999999982,-804.8199999999982,-0.5635782298584012
2026-07-24,-1.0,0.00027144743340392957,False,-3.400000000000091,-34.00000000000091,-36.82000000000091,-0.0236653441915507
2026-07-27,-1.0,0.009495489254347816,False,9.599999999999909,95.99999999999909,93.1799999999991,0.06868058163867509
2026-07-28,1.0,-0.0012001128076784555,False,-54.69999999999982,-546.9999999999982,-549.8199999999982,-0.39945959761930694
2026-07-29,-1.0,0.0014148662581452368,False,-12.5,-125.0,-127.82,-0.09375410174195117
2026-07-31,1.0,-0.0020159361727940693,False,-55.0,-550.0,-552.82,-0.42558953823535095
2026-08-03,-1.0,0.006454923040995508,False,25.899999999999636,258.99999999999636,256.17999999999637,0.19826233398399845
2026-08-04,-1.0,0.0003163825334559596,False,-26.0,-260.0,-262.82,-0.19987699876998763
2026-08-05,1.0,-0.0001934610182083506,False,173.09999999999945,1730.9999999999945,1728.1799999999946,1.3496286766855692
2026-08-06,1.0,-9.285697710775492e-05,False,0.3999999999996362,3.999999999996362,1.1799999999963617,0.0029586893006371233
2026-08-07,1.0,-0.002161158106016915,False,104.79999999999927,1047.9999999999927,1045.1799999999928,0.7762531711201169
2026-08-10,1.0,-0.0007724288727194672,False,46.80000000000018,468.0000000000018,465.1800000000018,0.3315974067382304
2026-08-11,-1.0,0.0008317130395262965,False,20.899999999999636,208.99999999999636,206.17999999999637,0.15117814065353535
