trade_date,direction,signal,stopped,raw_ret_pts,gross_usd,net_usd,r_multiple
2019-09-10,1.0,-0.004278081391078424,False,-3.0000000000000512e-05,-375.0000000000064,-383.0700000000064,-0.3870967741935556
2019-09-11,1.0,-0.0032206147000422834,False,-1.9999999999999185e-05,-249.99999999998983,-258.0699999999898,-0.27450980392155744
2019-09-12,1.0,-0.0021528533611009783,False,-3.0000000000000512e-05,-375.0000000000064,-383.0700000000064,-0.4210526315789544
2019-09-13,1.0,-0.00323799527377545,False,0.0,0.0,-8.07,0.0
2019-09-17,1.0,-0.0032171609517754637,False,-1.0000000000001327e-05,-125.00000000001658,-133.0700000000166,-0.13836477987423193
2019-09-18,1.0,-0.0010746911297656314,False,-3.0000000000000512e-05,-375.0000000000064,-383.0700000000064,-0.42857142857143476
2019-09-19,1.0,-0.0032275444908665993,False,3.0000000000000512e-05,375.0000000000064,366.93000000000643,0.44067796610170096
2019-09-20,-1.0,0.0032275444908665646,False,-4.0000000000000105e-05,-500.0000000000013,-508.0700000000013,-0.5743589743589748
2019-09-23,-1.0,0.0042872520116199915,False,-3.0000000000000512e-05,-375.0000000000064,-383.0700000000064,-0.43478260869565866
2019-09-24,-1.0,0.0032102756302481894,False,-4.99999999999997e-05,-624.9999999999962,-633.0699999999963,-0.7305936073059301
2019-09-25,-1.0,0.005333345975362603,False,6.0000000000001025e-05,750.0000000000128,741.9300000000128,0.8500000000000123
2019-09-26,1.0,-0.006410278360919166,False,-9.999999999999593e-06,-124.99999999999491,-133.0699999999949,-0.13636363636363044
2019-09-27,1.0,-0.0010723861617525938,False,-9.999999999999593e-06,-124.99999999999491,-133.0699999999949,-0.1362007168458723
2019-09-30,1.0,-0.00107353740852408,False,0.0,0.0,-8.07,0.0
2019-10-02,-1.0,0.003220614700042157,False,-4.0000000000000105e-05,-500.0000000000013,-508.0700000000013,-0.5280528052805283
2019-10-03,-1.0,0.004278081391078393,False,-2.000000000000092e-05,-250.0000000000115,-258.07000000001153,-0.25889967637541567
2019-10-04,-1.0,0.0021299262578250706,False,-0.0,-0.0,-8.07,-0.0
2019-10-08,1.0,-0.006389798098770898,False,9.999999999999593e-06,124.99999999999491,116.92999999999492,0.12345679012345165
2019-10-09,-1.0,0.0010666667678024464,False,2.9999999999998778e-05,374.9999999999847,366.9299999999847,0.3636363636363487
2019-10-10,1.0,-0.003203419717537589,False,-4.0000000000000105e-05,-500.0000000000013,-508.0700000000013,-0.47619047619047694
2019-10-11,1.0,-0.004291852081541032,False,-5.000000000000143e-05,-625.0000000000178,-633.0700000000179,-0.579710144927552
2019-10-14,1.0,-0.005385042630887822,False,0.0,0.0,-8.07,0.0
2019-10-16,1.0,-0.004329011089585358,False,9.999999999999593e-06,124.99999999999491,116.92999999999492,0.11111111111110662
2019-10-17,-1.0,0.0010840109462583103,False,-9.999999999999593e-06,-124.99999999999491,-133.0699999999949,-0.11111111111110676
2019-10-18,-1.0,0.0010828371388318981,False,-1.9999999999999185e-05,-249.99999999998983,-258.0699999999898,-0.22598870056496279
2019-10-21,-1.0,0.0021621630044950956,False,9.999999999999593e-06,124.99999999999491,116.92999999999492,0.11396011396010958
2019-10-22,1.0,-0.0010816658707410232,False,9.999999999999593e-06,124.99999999999491,116.92999999999492,0.1149425287356279
2019-10-23,-1.0,0.0010816658707409699,False,1.9999999999999185e-05,249.99999999998983,241.92999999998983,0.24024024024023158
2019-10-24,1.0,-0.0021645030095729027,False,0.0,0.0,-8.07,0.0
2019-10-29,1.0,-0.002169198247545438,False,9.999999999999593e-06,124.99999999999491,116.92999999999492,0.1333333333333287
2019-10-30,-1.0,0.0010863662122207896,False,-0.0,-0.0,-8.07,-0.0
2019-11-01,-1.0,0.007571696530893733,False,9.999999999999593e-06,124.99999999999491,116.92999999999492,0.14336917562723478
2019-11-04,1.0,-0.0010781672203453326,False,-2.9999999999998778e-05,-374.9999999999847,-383.0699999999847,-0.4444444444444282
2019-11-05,1.0,-0.003245000143327078,False,-4.99999999999997e-05,-624.9999999999962,-633.0699999999963,-0.775193798449611
2019-11-06,1.0,-0.005431843882361617,False,1.9999999999999185e-05,249.99999999998983,241.92999999998983,0.30651340996167414
2019-11-07,-1.0,0.0021762794225954484,False,3.0000000000000512e-05,375.0000000000064,366.93000000000643,0.4761904761904871
2019-11-08,1.0,-0.003266197786621181,False,0.0,0.0,-8.07,0.0
2019-11-12,-1.0,0.002178650099222394,False,-0.0,-0.0,-8.07,-0.0
2019-11-14,-1.0,0.0021739138996197454,False,-3.0000000000000512e-05,-375.0000000000064,-383.0700000000064,-0.5263157894736942
2019-11-15,-1.0,0.003252035386377316,False,4.0000000000000105e-05,500.0000000000013,491.9300000000013,0.6926406926406962
2019-11-18,1.0,-0.00433840159859813,False,1.0000000000001327e-05,125.00000000001658,116.93000000001658,0.17094017094019376
2019-11-19,-1.0,0.001085187301287205,False,-9.999999999999593e-06,-124.99999999999491,-133.0699999999949,-0.1666666666666598
2019-11-20,-1.0,0.0010840109462583103,False,9.999999999999593e-06,124.99999999999491,116.92999999999492,0.16460905349793534
2019-11-21,1.0,-0.0010840109462583367,False,-9.999999999999593e-06,-124.99999999999491,-133.0699999999949,-0.16666666666665944
2019-11-22,1.0,-0.0010840109462583367,False,0.0,0.0,-8.07,0.0
2019-11-26,1.0,-0.002173913899619685,False,-9.999999999999593e-06,-124.99999999999491,-133.0699999999949,-0.16460905349793498
2019-11-27,1.0,-0.0010887317351965606,False,-4.0000000000000105e-05,-500.0000000000013,-508.0700000000013,-0.6666666666666652
2019-11-28,1.0,-0.004366819166340514,False,0.0,0.0,-8.07,0.0
2019-12-02,-1.0,0.0010934938213712896,False,-4.0000000000000105e-05,-500.0000000000013,-508.0700000000013,-0.7511737089201855
2019-12-03,-1.0,0.0043668191663403895,False,-2.9999999999998778e-05,-374.9999999999847,-383.0699999999847,-0.5333333333333073
2019-12-04,-1.0,0.003262645634816148,False,1.9999999999999185e-05,249.99999999998983,241.92999999998983,0.35555555555553825
2019-12-05,1.0,-0.002173913899619685,False,9.999999999999593e-06,124.99999999999491,116.92999999999492,0.17316017316016458
2019-12-06,-1.0,0.001087547687398919,False,-9.999999999999593e-06,-124.99999999999491,-133.0699999999949,-0.18264840182647532
2019-12-09,-1.0,0.0010863662122207896,False,-0.0,-0.0,-8.07,-0.0
2019-12-11,1.0,-0.0010863662122208519,False,3.0000000000000512e-05,375.0000000000064,366.93000000000643,0.5479452054794577
2019-12-12,-1.0,0.0032591012009069243,False,5.999999999999929e-05,749.9999999999911,741.9299999999911,1.1111111111110898
2019-12-13,1.0,-0.0065359709797854215,False,9.999999999999593e-06,124.99999999999491,116.92999999999492,0.17777777777776912
2019-12-16,-1.0,0.001087547687398919,False,1.9999999999999185e-05,249.99999999998983,241.92999999998983,0.35555555555553825
2019-12-17,1.0,-0.002176279422595406,False,0.0,0.0,-8.07,0.0
2019-12-19,1.0,-0.0010887317351965606,False,1.9999999999999185e-05,249.99999999998983,241.92999999998983,0.3755868544600746
2019-12-20,-1.0,0.0021762794225954484,False,9.999999999999593e-06,124.99999999999491,116.92999999999492,0.1877934272300373
2019-12-23,1.0,-0.0010887317351965606,False,9.999999999999593e-06,124.99999999999491,116.92999999999492,0.18779342723003778
2019-12-24,-1.0,0.001088731735196434,False,-0.0,-0.0,-8.07,-0.0
2019-12-27,1.0,-0.0021786500992222613,False,2.000000000000092e-05,250.0000000000115,241.93000000001152,0.392156862745114
2019-12-30,-1.0,0.0021810259463603677,False,-4.0000000000000105e-05,-500.0000000000013,-508.0700000000013,-0.7729468599033782
2019-12-31,-1.0,0.0043478329361034225,False,-1.9999999999999185e-05,-249.99999999998983,-258.0699999999898,-0.36529680365295064
2020-01-02,-1.0,0.002166848085090293,False,-9.999999999999593e-06,-124.99999999999491,-133.0699999999949,-0.190476190476182
2020-01-03,-1.0,0.0010816658707409699,True,-5.250000000000046e-05,-656.2500000000058,-664.3200000000058,-1.0000000000000073
2020-01-06,-1.0,0.0043150013014132795,False,5.000000000000143e-05,625.0000000000178,616.9300000000178,0.9259259259259499
2020-01-07,1.0,-0.005385042630887822,False,-9.999999999999593e-06,-124.99999999999491,-133.0699999999949,-0.17777777777776954
2020-01-08,1.0,-0.0010804971337541407,True,-5.400000000000023e-05,-675.0000000000028,-683.0700000000029,-0.9999999999999969
2020-01-09,1.0,-0.005420067469339145,False,-4.0000000000000105e-05,-500.0000000000013,-508.0700000000013,-0.6425702811244963
2020-01-10,1.0,-0.004357305368955701,False,-9.999999999999593e-06,-124.99999999999491,-133.0699999999949,-0.15686274509803214
2020-01-13,1.0,-0.001091107582334568,False,-3.0000000000000512e-05,-375.0000000000064,-383.0700000000064,-0.476190476190483
2020-01-14,1.0,-0.0032804840791618353,False,-9.999999999999593e-06,-124.99999999999491,-133.0699999999949,-0.16877637130800946
2020-01-15,1.0,-0.0010958905206370011,False,9.999999999999593e-06,124.99999999999491,116.92999999999492,0.1709401709401637
2020-01-16,-1.0,0.0010958905206371096,False,1.9999999999999185e-05,249.99999999998983,241.92999999998983,0.3463203463203315
2020-01-17,1.0,-0.002192983335010103,False,9.999999999999593e-06,124.99999999999491,116.92999999999492,0.1709401709401641
2020-01-20,-1.0,0.001098297749062592,False,9.999999999999593e-06,124.99999999999491,116.92999999999492,0.1709401709401645
2020-01-21,1.0,-0.0010982977490625657,False,2.9999999999998778e-05,374.9999999999847,366.9299999999847,0.5333333333333136
2020-01-22,-1.0,0.0032912810840725094,False,-0.0,-0.0,-8.07,-0.0
2020-01-24,-1.0,0.0032804840791619007,False,-1.9999999999999185e-05,-249.99999999998983,-258.0699999999898,-0.3292181069958714
2020-01-27,-1.0,0.0021834069809433597,False,-9.999999999999593e-06,-124.99999999999491,-133.0699999999949,-0.1626016260162536
2020-01-28,-1.0,0.0010863662122207896,False,1.9999999999999185e-05,249.99999999998983,241.92999999998983,0.3212851405622362
2020-01-29,1.0,-0.002173913899619685,False,9.999999999999593e-06,124.99999999999491,116.92999999999492,0.16460905349793603
2020-01-30,-1.0,0.001088731735196434,False,-0.0,-0.0,-8.07,-0.0
2020-02-03,-1.0,0.005420067469339113,False,2.9999999999998778e-05,374.9999999999847,366.9299999999847,0.5128205128204922
2020-02-04,1.0,-0.003248513955831221,True,-5.699999999999976e-05,-712.499999999997,-720.5699999999971,-0.9999999999999977
2020-02-05,1.0,-0.007621158281072601,False,-4.0000000000000105e-05,-500.0000000000013,-508.0700000000013,-0.6584362139917727
2020-02-06,1.0,-0.004376374599798888,False,-9.999999999999593e-06,-124.99999999999491,-133.0699999999949,-0.1826484018264771
2020-02-07,1.0,-0.0010970928143729881,False,1.9999999999999185e-05,249.99999999998983,241.92999999998983,0.37558685446008017
2020-02-10,-1.0,0.0021929833350100864,False,-0.0,-0.0,-8.07,-0.0
2020-02-13,1.0,-0.002195390563435615,False,1.9999999999999185e-05,249.99999999998983,241.92999999998983,0.3603603603603468
2020-02-14,-1.0,0.002195390563435656,False,-0.0,-0.0,-8.07,-0.0
2020-02-18,1.0,-0.0010970928143729881,False,0.0,0.0,-8.07,0.0
2020-02-20,1.0,-0.012148133935647685,True,-6.524999999999934e-05,-815.6249999999917,-823.6949999999918,-0.9999999999999926
2020-02-21,1.0,-0.007808182447811587,False,4.0000000000000105e-05,500.0000000000013,491.9300000000013,0.5860805860805903
2020-02-24,-1.0,0.004469281182297043,True,-6.975000000000037e-05,-871.8750000000045,-879.9450000000046,-1.0000000000000104
2020-02-25,-1.0,0.006659292089976776,False,-4.0000000000000105e-05,-500.0000000000013,-508.0700000000013,-0.5280528052805319
2020-02-26,-1.0,0.00441015047755279,False,1.9999999999999185e-05,249.99999999998983,241.92999999998983,0.2515723270440161
2020-02-27,1.0,-0.00220507255831387,False,4.99999999999997e-05,624.9999999999962,616.9299999999962,0.6172839506172826
2020-02-28,-1.0,0.005503591216978909,True,-8.324999999999999e-05,-1040.6249999999998,-1048.6949999999997,-1.0000000000000047
2020-03-02,-1.0,0.015201161332050557,False,9.99999999999994e-05,1249.9999999999925,1241.9299999999926,1.0840108401083972
2020-03-03,1.0,-0.010775966344491635,False,8.99999999999998e-05,1124.9999999999975,1116.9299999999976,0.9230769230769242
2020-03-04,-1.0,0.009693129205659751,False,2.9999999999998778e-05,374.9999999999847,366.9299999999847,0.29411764705881266
2020-03-05,1.0,-0.0032171609517754637,False,0.00014000000000000123,1750.0000000000155,1741.9300000000155,1.3429256594724384
2020-03-06,-1.0,0.014941579998199141,False,-6.0000000000001025e-05,-750.0000000000128,-758.0700000000129,-0.5263157894736942
2020-03-10,-1.0,0.019638874071922042,False,0.0002999999999999999,3749.999999999999,3741.929999999999,2.105263157894741
2020-03-11,1.0,-0.031155167779795576,False,4.99999999999997e-05,624.9999999999962,616.9299999999962,0.29629629629629517
2020-03-12,-1.0,0.005249355886143745,False,8.000000000000021e-05,1000.0000000000026,991.9300000000026,0.4577968526466401
2020-03-13,1.0,-0.008394592843026367,True,-0.00019199999999999946,-2399.999999999993,-2408.0699999999933,-0.9999999999999988
2020-03-17,-1.0,0.010570922960010573,False,0.0001799999999999996,2249.999999999995,2241.929999999995,0.7843137254901951
2020-03-18,1.0,-0.019108861698046473,False,-4.0000000000000105e-05,-500.0000000000013,-508.0700000000013,-0.1651186790505682
2020-03-19,1.0,-0.00429646203350534,False,-0.00021000000000000012,-2625.0000000000014,-2633.0700000000015,-0.8615384615384626
2020-03-20,1.0,-0.02286436021254524,False,-2.000000000000092e-05,-250.0000000000115,-258.07000000001153,-0.07866273352999384
2020-03-23,1.0,-0.0022099456508029554,False,-3.0000000000000512e-05,-375.0000000000064,-383.0700000000064,-0.11396011396011599
2020-03-24,1.0,-0.0033167526259939265,False,-9.999999999999593e-06,-124.99999999999491,-133.0699999999949,-0.037558685446007906
2020-03-25,1.0,-0.001108033354361733,False,0.0,0.0,-8.07,0.0
2020-03-27,-1.0,0.015368030228314155,False,-0.00014000000000000123,-1750.0000000000155,-1758.0700000000154,-0.5045045045045096
2020-03-30,-1.0,0.015151805020602246,False,-0.0,-0.0,-8.07,-0.0
2020-04-01,-1.0,0.0021459235702766762,False,-3.0000000000000512e-05,-375.0000000000064,-383.0700000000064,-0.11019283746556678
2020-04-02,-1.0,0.0032102756302481894,False,7.000000000000062e-05,875.0000000000077,866.9300000000077,0.25641025641025905
2020-04-03,1.0,-0.007506737663753615,False,-4.99999999999997e-05,-624.9999999999962,-633.0699999999963,-0.18570102135561672
2020-04-06,1.0,-0.005396667172154276,False,-4.99999999999997e-05,-624.9999999999962,-633.0699999999963,-0.18779342723004627
2020-04-07,1.0,-0.005431843882361617,False,4.0000000000000105e-05,500.0000000000013,491.9300000000013,0.1616161616161624
2020-04-08,-1.0,0.00435256399884194,False,-0.0,-0.0,-8.07,-0.0
2020-04-13,-1.0,0.004338401598598141,False,-7.000000000000062e-05,-875.0000000000077,-883.0700000000078,-0.3431372549019649
2020-04-14,-1.0,0.007547205635382904,False,-5.000000000000143e-05,-625.0000000000178,-633.0700000000179,-0.2688172043010838
2020-04-15,-1.0,0.005361943141385593,False,4.0000000000000105e-05,500.0000000000013,491.9300000000013,0.22889842632332028
2020-04-16,1.0,-0.004287252011619924,False,-2.000000000000092e-05,-250.0000000000115,-258.07000000001153,-0.11958146487295053
2020-04-17,1.0,-0.0021482285382896063,False,4.0000000000000105e-05,500.0000000000013,491.9300000000013,0.24922118380062439
2020-04-20,-1.0,0.004305711711212013,False,9.999999999999593e-06,124.99999999999491,116.92999999999492,0.06734006734006476
2020-04-21,1.0,-0.0010758473334630141,False,-9.999999999999593e-06,-124.99999999999491,-133.0699999999949,-0.07207207207206931
2020-04-22,1.0,-0.0010758473334630141,False,0.0,0.0,-8.07,0.0
2020-04-24,-1.0,0.00107584733346311,False,-9.999999999999593e-06,-124.99999999999491,-133.0699999999949,-0.08080808080807758
2020-04-27,-1.0,0.0010735374085239634,False,-1.9999999999999185e-05,-249.99999999998983,-258.0699999999898,-0.17543859649122107
2020-04-28,-1.0,0.0021459235702766762,False,-4.0000000000000105e-05,-500.0000000000013,-508.0700000000013,-0.3755868544600951
2020-04-29,-1.0,0.004278081391078393,False,-2.000000000000092e-05,-250.0000000000115,-258.07000000001153,-0.1918465227817833
2020-04-30,-1.0,0.002132196969840862,False,5.999999999999929e-05,749.9999999999911,741.9299999999911,0.6015037593984884
2020-05-01,1.0,-0.006417134320633429,False,2.000000000000092e-05,250.0000000000115,241.93000000001152,0.2005012531328411
2020-05-04,-1.0,0.0021390382487494423,False,-9.999999999999593e-06,-124.99999999999491,-133.0699999999949,-0.10256410256409818
2020-05-05,-1.0,0.0010666667678024464,False,-3.0000000000000512e-05,-375.0000000000064,-383.0700000000064,-0.3200000000000048
2020-05-06,-1.0,0.0031965930256274942,False,-3.999999999999837e-05,-499.99999999997965,-508.06999999997964,-0.44077134986224004
2020-05-07,-1.0,0.004250803425194347,False,1.9999999999999185e-05,249.99999999998983,241.92999999998983,0.22038567493112035
2020-05-08,1.0,-0.0021231430480777554,False,-3.0000000000000512e-05,-375.0000000000064,-383.0700000000064,-0.3305785123966991
2020-05-11,1.0,-0.00319319057915502,True,-8.925000000000079e-05,-1115.6250000000098,-1123.6950000000097,-1.0000000000000058
2020-05-12,1.0,-0.008565362858923046,False,4.0000000000000105e-05,500.0000000000013,491.9300000000013,0.4444444444444444
2020-05-13,-1.0,0.004296462033505332,False,-2.000000000000092e-05,-250.0000000000115,-258.07000000001153,-0.2240896358543517
2020-05-14,-1.0,0.0021413284413432996,False,3.0000000000000512e-05,375.0000000000064,366.93000000000643,0.3508771929824615
2020-05-15,1.0,-0.0032137146030958943,False,0.0,0.0,-8.07,0.0
2020-05-19,1.0,-0.002143623543251342,False,-3.0000000000000512e-05,-375.0000000000064,-383.0700000000064,-0.37037037037037635
2020-05-20,1.0,-0.0032240758717526764,False,1.9999999999999185e-05,249.99999999998983,241.92999999998983,0.24242424242423208
2020-05-21,-1.0,0.002152853361100871,False,-0.0,-0.0,-8.07,-0.0
2020-05-25,-1.0,0.00107584733346311,False,9.999999999999593e-06,124.99999999999491,116.92999999999492,0.12121212121211623
2020-05-26,1.0,-0.0010758473334630141,False,3.0000000000000512e-05,375.0000000000064,366.93000000000643,0.3773584905660448
2020-05-27,-1.0,0.0032275444908665646,False,1.9999999999999185e-05,249.99999999998983,241.92999999998983,0.2588996763753945
2020-05-28,1.0,-0.0021528533611009783,False,0.0,0.0,-8.07,0.0
2020-06-01,1.0,-0.0021551732479832644,False,1.9999999999999185e-05,249.99999999998983,241.92999999998983,0.27491408934706923
2020-06-02,-1.0,0.002152853361100871,False,8.99999999999998e-05,1124.9999999999975,1116.9299999999976,1.2244897959183692
2020-06-03,1.0,-0.009735068770752467,False,-1.9999999999999185e-05,-249.99999999998983,-258.0699999999898,-0.2539682539682447
2020-06-04,1.0,-0.002176279422595406,False,-2.000000000000092e-05,-250.0000000000115,-258.07000000001153,-0.25641025641026927
2020-06-05,1.0,-0.0021810259463603374,False,-4.0000000000000105e-05,-500.0000000000013,-508.0700000000013,-0.5177993527508132
2020-06-08,1.0,-0.004376374599798888,False,0.00011000000000000072,1375.000000000009,1366.9300000000092,1.3968253968254143
2020-06-09,-1.0,0.011989244428520889,False,-5.999999999999929e-05,-749.9999999999911,-758.0699999999912,-0.7476635514018641
2020-06-10,-1.0,0.006486509229606632,False,-5.999999999999929e-05,-749.9999999999911,-758.0699999999912,-0.727272727272722
2020-06-11,-1.0,0.006444705442641963,False,-2.000000000000092e-05,-250.0000000000115,-258.07000000001153,-0.23391812865498252
2020-06-12,-1.0,0.0021390382487494423,False,4.99999999999997e-05,624.9999999999962,616.9299999999962,0.5847953216374259
2020-06-15,1.0,-0.005344748158880816,False,9.999999999999593e-06,124.99999999999491,116.92999999999492,0.11299435028248171
2020-06-16,-1.0,0.0010723861617524969,False,-0.0,-0.0,-8.07,-0.0
2020-06-18,-1.0,0.0032102756302481894,False,-0.0,-0.0,-8.07,-0.0
2020-06-22,-1.0,0.001067805760830137,False,1.9999999999999185e-05,249.99999999998983,241.92999999998983,0.2339181286549626
2020-06-23,1.0,-0.0021344725286325697,False,3.0000000000000512e-05,375.0000000000064,366.93000000000643,0.35087719298246417
2020-06-24,-1.0,0.0031965930256274942,False,4.99999999999997e-05,624.9999999999962,616.9299999999962,0.5555555555555548
2020-06-25,1.0,-0.005333345975362505,False,-1.0000000000001327e-05,-125.00000000001658,-133.0700000000166,-0.11019283746557991
2020-06-26,1.0,-0.0010700910598445156,False,0.0,0.0,-8.07,0.0
2020-06-30,1.0,-0.004291852081541032,False,-4.0000000000000105e-05,-500.0000000000013,-508.0700000000013,-0.4336043360433627
2020-07-01,1.0,-0.00430571171121198,False,4.0000000000000105e-05,500.0000000000013,491.9300000000013,0.4597701149425308
2020-07-02,-1.0,0.004305711711212013,False,9.999999999999593e-06,124.99999999999491,116.92999999999492,0.11204481792716647
2020-07-03,1.0,-0.00107353740852408,False,0.0,0.0,-8.07,0.0
2020-07-07,-1.0,0.0010735374085239634,False,9.999999999999593e-06,124.99999999999491,116.92999999999492,0.12698412698412173
2020-07-08,1.0,-0.00107353740852408,False,1.9999999999999185e-05,249.99999999998983,241.92999999998983,0.2614379084967213
2020-07-09,-1.0,0.0021459235702766762,False,-9.999999999999593e-06,-124.99999999999491,-133.0699999999949,-0.13468013468012927
2020-07-10,-1.0,0.0010712373814988586,False,-3.0000000000000512e-05,-375.0000000000064,-383.0700000000064,-0.4123711340206254
2020-07-13,-1.0,0.0032102756302481894,False,3.0000000000000512e-05,375.0000000000064,366.93000000000643,0.4255319148936236
2020-07-14,1.0,-0.0032102756302483213,False,0.0,0.0,-8.07,0.0
2020-07-16,-1.0,0.0032102756302481894,False,4.0000000000000105e-05,500.0000000000013,491.9300000000013,0.5797101449275374
2020-07-17,1.0,-0.004282661792000848,False,3.0000000000000512e-05,375.0000000000064,366.93000000000643,0.4301075268817277
2020-07-20,-1.0,0.0032102756302481894,False,2.000000000000092e-05,250.0000000000115,241.93000000001152,0.2836879432624239
2020-07-21,1.0,-0.0021413284413432264,False,4.0000000000000105e-05,500.0000000000013,491.9300000000013,0.5498281786941575
2020-07-22,-1.0,0.004278081391078393,False,3.0000000000000512e-05,375.0000000000064,366.93000000000643,0.4301075268817269
2020-07-23,1.0,-0.003206844009579669,False,3.0000000000000512e-05,375.0000000000064,366.93000000000643,0.43478260869565843
2020-07-24,-1.0,0.003206844009579591,True,-6.975000000000037e-05,-871.8750000000045,-879.9450000000046,-1.000000000000003
2020-07-27,-1.0,0.007442883907078663,True,-7.424999999999966e-05,-928.1249999999958,-936.1949999999958,-0.9999999999999941
2020-07-28,-1.0,0.005282632464427218,False,-2.000000000000092e-05,-250.0000000000115,-258.07000000001153,-0.2640264026402756
2020-07-29,-1.0,0.00210305019677889,False,-9.999999999999593e-06,-124.99999999999491,-133.0699999999949,-0.12944983818769662
2020-07-30,-1.0,0.0010498688628367949,False,-9.999999999999593e-06,-124.99999999999491,-133.0699999999949,-0.13333333333332756
2020-07-31,-1.0,0.0010476690324436838,False,9.99999999999994e-05,1249.9999999999925,1241.9299999999926,1.3071895424836477
2020-08-03,1.0,-0.010526412986987392,False,-1.9999999999999185e-05,-249.99999999998983,-258.0699999999898,-0.2279202279202181
2020-08-04,1.0,-0.0021164029063775016,False,2.9999999999998778e-05,374.9999999999847,366.9299999999847,0.33057851239668
2020-08-05,-1.0,0.0031729270405774918,False,-9.999999999999593e-06,-124.99999999999491,-133.0699999999949,-0.11019283746556001
2020-08-06,-1.0,0.001056524134199868,False,-1.0000000000001327e-05,-125.00000000001658,-133.0700000000166,-0.11019283746557912
2020-08-07,-1.0,0.001055409068943689,False,4.0000000000000105e-05,500.0000000000013,491.9300000000013,0.43715846994535557
2020-08-10,1.0,-0.004228336109521176,False,-9.999999999999593e-06,-124.99999999999491,-133.0699999999949,-0.11019283746556001
2020-08-11,1.0,-0.0010587613482419878,False,-4.99999999999997e-05,-624.9999999999962,-633.0699999999963,-0.5509641873278192
2020-08-12,1.0,-0.00531068693723771,False,-3.0000000000000512e-05,-375.0000000000064,-383.0700000000064,-0.3200000000000043
2020-08-13,1.0,-0.0032000027306709027,False,0.0,0.0,-8.07,0.0
2020-08-17,-1.0,0.0021344725286326196,False,-6.0000000000001025e-05,-750.0000000000128,-758.0700000000129,-0.6349206349206428
2020-08-18,-1.0,0.006376217139276064,False,-4.99999999999997e-05,-624.9999999999962,-633.0699999999963,-0.5249343832020943
2020-08-19,-1.0,0.005282632464427218,False,6.0000000000001025e-05,750.0000000000128,741.9300000000128,0.6250000000000074
2020-08-20,1.0,-0.006342515976470516,False,3.0000000000000512e-05,375.0000000000064,366.93000000000643,0.30075187969925143
2020-08-21,-1.0,0.003176286418420737,False,-0.0,-0.0,-8.07,-0.0
2020-08-25,1.0,-0.0021164029063775016,False,-4.0000000000000105e-05,-500.0000000000013,-508.0700000000013,-0.4444444444444426
2020-08-26,1.0,-0.004246290881451097,False,4.0000000000000105e-05,500.0000000000013,491.9300000000013,0.4407713498622572
2020-08-27,-1.0,0.004246290881451224,False,6.0000000000001025e-05,750.0000000000128,741.9300000000128,0.6557377049180398
2020-08-28,1.0,-0.006376217139276109,False,9.99999999999994e-05,1249.9999999999925,1241.9299999999926,1.0582010582010468
2020-08-31,-1.0,0.0105933194016648,False,4.99999999999997e-05,624.9999999999962,616.9299999999962,0.5333333333333281
2020-09-01,1.0,-0.005282632464427112,False,-9.999999999999593e-06,-124.99999999999491,-133.0699999999949,-0.10752688172042531
2020-09-02,1.0,-0.0010587613482419878,False,-2.000000000000092e-05,-250.0000000000115,-258.07000000001153,-0.21505376344086927
2020-09-03,1.0,-0.002120891569137736,False,0.0,0.0,-8.07,0.0
2020-09-07,1.0,-0.001062134990983423,False,0.0,0.0,-8.07,0.0
2020-09-09,-1.0,0.0021231430480777515,False,2.000000000000092e-05,250.0000000000115,241.93000000001152,0.22408963585435238
2020-09-10,1.0,-0.002120891569137736,False,0.0,0.0,-8.07,0.0
2020-09-14,-1.0,0.0010598835120432524,False,-2.9999999999998778e-05,-374.9999999999847,-383.0699999999847,-0.35398230088494165
2020-09-15,-1.0,0.0031729270405774918,False,-3.0000000000000512e-05,-375.0000000000064,-383.0700000000064,-0.35398230088496213
2020-09-16,-1.0,0.003162891408508438,False,-3.0000000000000512e-05,-375.0000000000064,-383.0700000000064,-0.3603603603603671
2020-09-17,-1.0,0.003152919059615736,False,-2.000000000000092e-05,-250.0000000000115,-258.07000000001153,-0.2515723270440375
2020-09-18,-1.0,0.0020942416031149067,False,-9.999999999999593e-06,-124.99999999999491,-133.0699999999949,-0.12345679012345223
2020-09-21,-1.0,0.0010454784015529657,False,9.999999999999593e-06,124.99999999999491,116.92999999999492,0.12461059190030709
2020-09-22,1.0,-0.0010454784015529453,False,-3.0000000000000512e-05,-375.0000000000064,-383.0700000000064,-0.3508771929824636
2020-09-23,1.0,-0.0031397200046677527,False,-4.0000000000000105e-05,-500.0000000000013,-508.0700000000013,-0.4719764011799448
2020-09-24,1.0,-0.00420168685369997,False,-9.999999999999593e-06,-124.99999999999491,-133.0699999999949,-0.11799410029498109
2020-09-25,1.0,-0.00105318598465859,False,-1.9999999999999185e-05,-249.99999999998983,-258.0699999999898,-0.2515723270440165
2020-09-28,1.0,-0.0021074823395645873,False,9.999999999999593e-06,124.99999999999491,116.92999999999492,0.1418439716312007
2020-09-29,-1.0,0.0010542963549059923,False,1.0000000000001327e-05,125.00000000001658,116.93000000001658,0.1465201465201669
2020-09-30,1.0,-0.0010554090689437142,False,2.000000000000092e-05,250.0000000000115,241.93000000001152,0.2996254681648095
2020-10-01,-1.0,0.0021097054238496567,False,9.999999999999593e-06,124.99999999999491,116.92999999999492,0.14981273408239176
2020-10-02,1.0,-0.0010542963549060478,False,1.9999999999999185e-05,249.99999999998983,241.92999999998983,0.30303030303029166
2020-10-05,-1.0,0.0021074823395645778,False,3.0000000000000512e-05,375.0000000000064,366.93000000000643,0.4395604395604474
2020-10-06,1.0,-0.0031662295580496607,False,1.0000000000001327e-05,125.00000000001658,116.93000000001658,0.1449275362319032
2020-10-07,-1.0,0.001055409068943689,False,4.0000000000000105e-05,500.0000000000013,491.9300000000013,0.5925925925925931
2020-10-08,1.0,-0.004228336109521176,False,0.0,0.0,-8.07,0.0
2020-10-12,-1.0,0.004228336109521105,False,-4.0000000000000105e-05,-500.0000000000013,-508.0700000000013,-0.5797101449275361
2020-10-13,-1.0,0.0042194155427082896,False,9.999999999999593e-06,124.99999999999491,116.92999999999492,0.14652014652014037
2020-10-14,1.0,-0.00105318598465859,False,3.0000000000000512e-05,375.0000000000064,366.93000000000643,0.44444444444445125
2020-10-15,-1.0,0.00315623618143741,False,3.0000000000000512e-05,375.0000000000064,366.93000000000643,0.44444444444445125
2020-10-16,1.0,-0.0031562361814375488,False,0.0,0.0,-8.07,0.0
2020-10-20,1.0,-0.00105318598465859,False,0.0,0.0,-8.07,0.0
2020-10-22,-1.0,0.008394592843026516,False,3.0000000000000512e-05,375.0000000000064,366.93000000000643,0.5000000000000072
2020-10-23,1.0,-0.0031397200046677527,False,2.000000000000092e-05,250.0000000000115,241.93000000001152,0.32921810699589854
2020-10-26,-1.0,0.0020942416031149067,False,2.000000000000092e-05,250.0000000000115,241.93000000001152,0.32921810699589854
2020-10-27,1.0,-0.002094241603114848,False,4.0000000000000105e-05,500.0000000000013,491.9300000000013,0.6584362139917684
2020-10-28,-1.0,0.004184106522574091,False,-9.999999999999593e-06,-124.99999999999491,-133.0699999999949,-0.16064257028111747
2020-10-29,-1.0,0.0010432969125776675,False,2.9999999999998778e-05,374.9999999999847,366.9299999999847,0.48192771084335245
2020-10-30,1.0,-0.0031331618320368194,False,0.0,0.0,-8.07,0.0
2020-11-03,1.0,-0.0010465725706711383,False,2.000000000000092e-05,250.0000000000115,241.93000000001152,0.30651340996169896
2020-11-04,-1.0,0.0020920509722241725,False,-0.0,-0.0,-8.07,-0.0
2020-11-06,-1.0,0.009360442759563672,False,-1.9999999999999185e-05,-249.99999999998983,-258.0699999999898,-0.2640264026402532
2020-11-09,-1.0,0.002068253064058839,False,0.0001899999999999992,2374.99999999999,2366.92999999999,2.459546925566329
2020-11-10,1.0,-0.019823288666649112,False,0.0,0.0,-8.07,0.0
2020-11-12,1.0,-0.00105318598465859,False,1.9999999999999185e-05,249.99999999998983,241.92999999998983,0.21680216802167077
2020-11-13,-1.0,0.0021052639354624146,False,-4.0000000000000105e-05,-500.0000000000013,-508.0700000000013,-0.4301075268817204
2020-11-16,-1.0,0.004192878260035958,False,-9.999999999999593e-06,-124.99999999999491,-133.0699999999949,-0.10416666666666201
2020-11-17,-1.0,0.0010454784015529657,False,-2.9999999999998778e-05,-374.9999999999847,-383.0699999999847,-0.29850746268655365
2020-11-18,-1.0,0.0031298930089275656,False,-3.0000000000000512e-05,-375.0000000000064,-383.0700000000064,-0.2962962962963001
2020-11-19,-1.0,0.0031201273362436777,False,-9.999999999999593e-06,-124.99999999999491,-133.0699999999949,-0.10335917312661014
2020-11-20,-1.0,0.0010378828124200214,False,9.999999999999593e-06,124.99999999999491,116.92999999999492,0.10256410256409765
2020-11-23,1.0,-0.0010378828124200546,False,-6.999999999999888e-05,-874.999999999986,-883.0699999999861,-0.7291666666666492
2020-11-24,1.0,-0.007287903157591214,False,9.999999999999593e-06,124.99999999999491,116.92999999999492,0.10025062656641119
2020-11-25,-1.0,0.0010443865179062505,False,-9.999999999999593e-06,-124.99999999999491,-133.0699999999949,-0.10025062656641119
2020-11-26,-1.0,0.0010443865179062505,False,-9.999999999999593e-06,-124.99999999999491,-133.0699999999949,-0.10101010101009622
2020-11-27,-1.0,0.0010432969125776675,False,-2.000000000000092e-05,-250.0000000000115,-258.07000000001153,-0.20997375328084833
2020-11-30,-1.0,0.002083334086854269,False,3.0000000000000512e-05,375.0000000000064,366.93000000000643,0.3200000000000039
2020-12-01,1.0,-0.0031266309994319734,False,0.0,0.0,-8.07,0.0
2020-12-03,1.0,-0.002087683430483844,False,4.99999999999997e-05,624.9999999999962,616.9299999999962,0.5509641873278192
2020-12-04,-1.0,0.00520563382726497,False,3.0000000000000512e-05,375.0000000000064,366.93000000000643,0.3361344537815173
2020-12-07,1.0,-0.003120127336243634,False,1.0000000000001327e-05,125.00000000001658,116.93000000001658,0.11299435028250066
2020-12-08,-1.0,0.001041124508410732,False,1.0000000000001327e-05,125.00000000001658,116.93000000001658,0.13468013468015239
2020-12-09,1.0,-0.001041124508410726,False,0.0,0.0,-8.07,0.0
2020-12-11,-1.0,0.00104220957844359,False,-1.9999999999999185e-05,-249.99999999998983,-258.0699999999898,-0.2898550724637561
2020-12-14,-1.0,0.0020790028278329336,False,-0.0,-0.0,-8.07,-0.0
2020-12-16,-1.0,0.003110422414392552,False,-1.9999999999999185e-05,-249.99999999998983,-258.0699999999898,-0.2962962962962849
2020-12-17,-1.0,0.002068253064058839,False,-3.0000000000000512e-05,-375.0000000000064,-383.0700000000064,-0.43956043956044827
2020-12-18,-1.0,0.003094381014748023,False,1.9999999999999185e-05,249.99999999998983,241.92999999998983,0.28673835125446956
2020-12-21,1.0,-0.0020618564005585797,False,0.0,0.0,-8.07,0.0
2020-12-23,1.0,-0.003100777678248271,False,9.999999999999593e-06,124.99999999999491,116.92999999999492,0.14652014652014095
2020-12-24,-1.0,0.001033591823282692,False,9.999999999999593e-06,124.99999999999491,116.92999999999492,0.14652014652014064
2020-12-28,1.0,-0.0010346612407763304,False,-2.000000000000092e-05,-250.0000000000115,-258.07000000001153,-0.2898550724637818
2020-12-29,1.0,-0.0020725396019724233,False,3.0000000000000512e-05,375.0000000000064,366.93000000000643,0.43478260869566016
2020-12-30,-1.0,0.0031072008427487003,False,-2.000000000000092e-05,-250.0000000000115,-258.07000000001153,-0.29629629629631
2020-12-31,-1.0,0.0020661164374719087,False,-0.0,-0.0,-8.07,-0.0
2021-01-06,-1.0,0.0041152321451065794,False,3.0000000000000512e-05,375.0000000000064,366.93000000000643,0.45977011494253706
2021-01-07,1.0,-0.0030848353512102624,True,-6.899999999999962e-05,-862.4999999999952,-870.5699999999953,-0.9999999999999957
2021-01-08,1.0,-0.007235173680779337,False,-9.999999999999593e-06,-124.99999999999491,-133.0699999999949,-0.13468013468012952
2021-01-11,1.0,-0.0010378828124200546,False,-3.0000000000000512e-05,-375.0000000000064,-383.0700000000064,-0.39603960396040394
2021-01-12,1.0,-0.003120127336243634,False,5.000000000000143e-05,625.0000000000178,616.9300000000178,0.6600660066006797
2021-01-13,-1.0,0.005194816877104151,False,9.999999999999593e-06,124.99999999999491,116.92999999999492,0.12944983818769704
2021-01-14,1.0,-0.0010378828124200546,False,2.000000000000092e-05,250.0000000000115,241.93000000001152,0.261437908496744
2021-01-15,-1.0,0.0020746895408605185,False,9.999999999999593e-06,124.99999999999491,116.92999999999492,0.13071895424836047
2021-01-18,1.0,-0.0010378828124200546,False,1.0000000000001327e-05,125.00000000001658,116.93000000001658,0.13468013468015239
2021-01-19,-1.0,0.0010368067284405303,False,2.000000000000092e-05,250.0000000000115,241.93000000001152,0.2836879432624239
2021-01-20,1.0,-0.002074689540860467,False,4.0000000000000105e-05,500.0000000000013,491.9300000000013,0.5673758865248233
2021-01-21,-1.0,0.004145083655168844,False,-9.999999999999593e-06,-124.99999999999491,-133.0699999999949,-0.14492753623187804
2021-01-22,-1.0,0.0010346612407762387,False,3.0000000000000512e-05,375.0000000000064,366.93000000000643,0.4395604395604474
2021-01-25,1.0,-0.0031072008427487155,False,0.0,0.0,-8.07,0.0
2021-01-27,-1.0,0.002072539601972375,False,6.0000000000001025e-05,750.0000000000128,741.9300000000128,0.8988764044943957
2021-01-28,1.0,-0.0062305497506361975,False,-1.0000000000001327e-05,-125.00000000001658,-133.0700000000166,-0.1449275362319029
2021-01-29,1.0,-0.001041124508410726,True,-6.675000000000084e-05,-834.3750000000105,-842.4450000000105,-1.0000000000000084
2021-02-01,1.0,-0.005221943981151601,False,-1.9999999999999185e-05,-249.99999999998983,-258.0699999999898,-0.28673835125446745
2021-02-02,1.0,-0.0020964368265280705,False,0.0,0.0,-8.07,0.0
2021-02-04,1.0,-0.0010498688628367036,False,-4.0000000000000105e-05,-500.0000000000013,-508.0700000000013,-0.6425702811244963
2021-02-05,1.0,-0.004210532536343494,False,9.999999999999593e-06,124.99999999999491,116.92999999999492,0.1666666666666587
2021-02-08,-1.0,0.0010542963549059923,False,-1.9999999999999185e-05,-249.99999999998983,-258.0699999999898,-0.3375527426160175
2021-02-09,-1.0,0.0021052639354624146,True,-6.0000000000001025e-05,-750.0000000000128,-758.0700000000129,-1.000000000000008
2021-02-10,-1.0,0.006289328907564139,False,9.999999999999593e-06,124.99999999999491,116.92999999999492,0.16460905349793425
2021-02-11,1.0,-0.0010454784015529453,False,-1.0000000000001327e-05,-125.00000000001658,-133.0700000000166,-0.16666666666668728
2021-02-12,1.0,-0.0010465725706711383,False,-1.9999999999999185e-05,-249.99999999998983,-258.0699999999898,-0.34632034632032915
2021-02-15,1.0,-0.0020964368265280705,False,-3.0000000000000512e-05,-375.0000000000064,-383.0700000000064,-0.5128205128205174
2021-02-16,1.0,-0.003152919059615642,False,-5.999999999999929e-05,-749.9999999999911,-758.0699999999912,-0.9999999999999811
2021-02-17,1.0,-0.006335818449085783,False,2.000000000000092e-05,250.0000000000115,241.93000000001152,0.31746031746032993
2021-02-18,-1.0,0.0021186448602853766,False,-1.9999999999999185e-05,-249.99999999998983,-258.0699999999898,-0.3174603174603024
2021-02-19,-1.0,0.0021141656923353348,False,-2.000000000000092e-05,-250.0000000000115,-258.07000000001153,-0.31746031746032993
2021-02-22,-1.0,0.0021119332031435513,False,-4.0000000000000105e-05,-500.0000000000013,-508.0700000000013,-0.6349206349206323
2021-02-23,-1.0,0.004210532536343458,False,2.000000000000092e-05,250.0000000000115,241.93000000001152,0.2962962962963083
2021-02-24,1.0,-0.0021030501967788987,True,-6.899999999999962e-05,-862.4999999999952,-870.5699999999953,-0.9999999999999898
2021-02-25,1.0,-0.005277057100843781,False,-4.0000000000000105e-05,-500.0000000000013,-508.0700000000013,-0.5673758865248222
2021-02-26,1.0,-0.004241787908363141,False,-3.0000000000000512e-05,-375.0000000000064,-383.0700000000064,-0.41666666666667274
2021-03-01,1.0,-0.00319319057915502,False,-9.999999999999593e-06,-124.99999999999491,-133.0699999999949,-0.1374570446735334
2021-03-02,1.0,-0.0010666667678024576,False,0.0,0.0,-8.07,0.0
2021-03-04,1.0,-0.0021367529497351087,True,-7.500000000000041e-05,-937.5000000000051,-945.5700000000052,-1.0000000000000029
2021-03-05,1.0,-0.008592963722831835,False,-2.9999999999998778e-05,-374.9999999999847,-383.0699999999847,-0.38834951456308986
2021-03-08,1.0,-0.003245000143327078,False,-4.99999999999997e-05,-624.9999999999962,-633.0699999999963,-0.6289308176100569
2021-03-09,1.0,-0.005431843882361617,False,4.0000000000000105e-05,500.0000000000013,491.9300000000013,0.5031446540880508
2021-03-10,-1.0,0.0043478329361034225,False,-9.999999999999593e-06,-124.99999999999491,-133.0699999999949,-0.1269841269841215
2021-03-11,-1.0,0.0010840109462583103,False,-0.0,-0.0,-8.07,-0.0
2021-03-15,1.0,-0.004347832936103398,False,-1.0000000000001327e-05,-125.00000000001658,-133.0700000000166,-0.12345679012347285
2021-03-16,1.0,-0.0010899183640257959,False,1.0000000000001327e-05,125.00000000001658,116.93000000001658,0.12345679012347285
2021-03-17,-1.0,0.0010899183640258223,False,-9.999999999999593e-06,-124.99999999999491,-133.0699999999949,-0.12820512820512261
2021-03-18,-1.0,0.001088731735196434,False,-0.0,-0.0,-8.07,-0.0
2021-03-23,1.0,-0.002171553513507907,False,2.000000000000092e-05,250.0000000000115,241.93000000001152,0.26402640264027516
2021-03-24,-1.0,0.0021715535135079325,False,1.0000000000001327e-05,125.00000000001658,116.93000000001658,0.13201320132014902
2021-03-25,1.0,-0.0010851873012870748,False,-3.0000000000000512e-05,-375.0000000000064,-383.0700000000064,-0.40816326530612795
2021-03-26,1.0,-0.003266197786621181,False,-4.0000000000000105e-05,-500.0000000000013,-508.0700000000013,-0.5442176870748293
2021-03-29,1.0,-0.004371591661496437,False,-9.999999999999593e-06,-124.99999999999491,-133.0699999999949,-0.1388888888888829
2021-03-30,1.0,-0.0010970928143729881,False,-4.0000000000000105e-05,-500.0000000000013,-508.0700000000013,-0.5555555555555557
2021-03-31,1.0,-0.0044004471448217085,False,-3.0000000000000512e-05,-375.0000000000064,-383.0700000000064,-0.4040404040404097
2021-04-01,1.0,-0.0033130897229601266,False,1.0000000000001327e-05,125.00000000001658,116.93000000001658,0.13201320132014926
2021-04-02,-1.0,0.0011055833077498758,False,1.0000000000001327e-05,125.00000000001658,116.93000000001658,0.14184397163122428
2021-04-05,1.0,-0.0011055833077497552,False,4.0000000000000105e-05,500.0000000000013,491.9300000000013,0.5860805860805869
2021-04-06,-1.0,0.0044150182091169145,False,-1.9999999999999185e-05,-249.99999999998983,-258.0699999999898,-0.2898550724637555
2021-04-07,-1.0,0.00219780308247944,False,9.999999999999593e-06,124.99999999999491,116.92999999999492,0.14336917562723428
2021-04-08,1.0,-0.0010970928143729881,False,4.0000000000000105e-05,500.0000000000013,491.9300000000013,0.586080586080588
2021-04-09,-1.0,0.004381168015563095,False,3.0000000000000512e-05,375.0000000000064,366.93000000000643,0.42105263157895473
2021-04-12,1.0,-0.0032804840791618353,False,2.000000000000092e-05,250.0000000000115,241.93000000001152,0.27777777777779133
2021-04-13,-1.0,0.0021905813798186818,False,-3.0000000000000512e-05,-375.0000000000064,-383.0700000000064,-0.41666666666667496
2021-04-14,-1.0,0.0032733253449691085,False,-2.000000000000092e-05,-250.0000000000115,-258.07000000001153,-0.272108843537428
2021-04-15,-1.0,0.002178650099222394,False,-1.9999999999999185e-05,-249.99999999998983,-258.0699999999898,-0.27491408934706824
2021-04-16,-1.0,0.0021739138996197454,False,-0.0,-0.0,-8.07,-0.0
2021-04-20,-1.0,0.005420067469339113,False,-9.999999999999593e-06,-124.99999999999491,-133.0699999999949,-0.13605442176870264
2021-04-21,-1.0,0.0010804971337541789,False,-0.0,-0.0,-8.07,-0.0
2021-04-27,1.0,-0.0021598280534300086,False,-5.999999999999929e-05,-749.9999999999911,-758.0699999999912,-0.8333333333333258
2021-04-28,1.0,-0.006500564603093316,False,9.999999999999593e-06,124.99999999999491,116.92999999999492,0.13888888888888362
2021-04-29,-1.0,0.0010863662122207896,False,1.9999999999999185e-05,249.99999999998983,241.92999999998983,0.2836879432624003
2021-04-30,1.0,-0.002173913899619685,False,-3.0000000000000512e-05,-375.0000000000064,-383.0700000000064,-0.40404040404041186
2021-05-03,1.0,-0.003273325344969249,False,1.9999999999999185e-05,249.99999999998983,241.92999999998983,0.26666666666665645
2021-05-04,-1.0,0.0021834069809433597,False,1.9999999999999185e-05,249.99999999998983,241.92999999998983,0.264026402640254
2021-05-05,1.0,-0.0021834069809433952,False,9.999999999999593e-06,124.99999999999491,116.92999999999492,0.1360544217687022
2021-05-06,-1.0,0.001092299398608865,False,-9.999999999999593e-06,-124.99999999999491,-133.0699999999949,-0.1360544217687022
2021-05-07,-1.0,0.001091107582334557,False,-4.0000000000000105e-05,-500.0000000000013,-508.0700000000013,-0.5673758865248252
2021-05-10,-1.0,0.00435256399884194,False,1.9999999999999185e-05,249.99999999998983,241.92999999998983,0.2777777777777667
2021-05-11,1.0,-0.002173913899619685,False,1.9999999999999185e-05,249.99999999998983,241.92999999998983,0.27491408934706774
2021-05-12,-1.0,0.0021739138996197454,False,8.000000000000021e-05,1000.0000000000026,991.9300000000026,1.111111111111115
2021-05-13,1.0,-0.008724155660338382,False,2.000000000000092e-05,250.0000000000115,241.93000000001152,0.2614379084967445
2021-05-14,-1.0,0.0021905813798186818,False,-9.999999999999593e-06,-124.99999999999491,-133.0699999999949,-0.13071895424836066
2021-05-17,-1.0,0.0010934938213712896,False,-9.999999999999593e-06,-124.99999999999491,-133.0699999999949,-0.1294498381876968
2021-05-18,-1.0,0.001092299398608865,False,-2.000000000000092e-05,-250.0000000000115,-258.07000000001153,-0.2666666666666782
2021-05-19,-1.0,0.0021810259463603677,False,3.0000000000000512e-05,375.0000000000064,366.93000000000643,0.4040404040404097
2021-05-20,1.0,-0.0032697576815568182,False,3.0000000000000512e-05,375.0000000000064,366.93000000000643,0.3921568627451041
2021-05-21,-1.0,0.0032697576815569284,False,9.999999999999593e-06,124.99999999999491,116.92999999999492,0.1294498381876968
2021-05-24,1.0,-0.0010887317351965606,False,1.9999999999999185e-05,249.99999999998983,241.92999999998983,0.26666666666665606
2021-05-25,-1.0,0.0021762794225954484,False,-0.0,-0.0,-8.07,-0.0
2021-05-27,1.0,-0.004357305368955701,False,-5.999999999999929e-05,-749.9999999999911,-758.0699999999912,-0.8333333333333243
2021-05-28,1.0,-0.0065645749965064434,False,0.0,0.0,-8.07,0.0
2021-06-01,-1.0,0.0032876741941917083,False,-1.0000000000001327e-05,-125.00000000001658,-133.0700000000166,-0.14492753623190377
2021-06-02,-1.0,0.0010946908591817966,False,-0.0,-0.0,-8.07,-0.0
2021-06-04,1.0,-0.006593430479831733,False,5.999999999999929e-05,749.9999999999911,741.9299999999911,0.8421052631578867
2021-06-07,-1.0,0.006593430479831685,False,-2.000000000000092e-05,-250.0000000000115,-258.07000000001153,-0.2807017543859785
2021-06-08,-1.0,0.0021881846805529145,False,9.999999999999593e-06,124.99999999999491,116.92999999999492,0.14184397163120044
2021-06-09,1.0,-0.0010934938213712185,False,-9.999999999999593e-06,-124.99999999999491,-133.0699999999949,-0.14492753623187862
2021-06-10,1.0,-0.0010958905206370011,False,3.0000000000000512e-05,375.0000000000064,366.93000000000643,0.45977011494253783
2021-06-11,-1.0,0.0032840752011900187,False,2.000000000000092e-05,250.0000000000115,241.93000000001152,0.3030303030303179
2021-06-14,1.0,-0.002188184680552894,False,-3.999999999999837e-05,-499.99999999997965,-508.06999999997964,-0.6060606060605833
2021-06-15,1.0,-0.004390786417489435,False,0.0,0.0,-8.07,0.0
2021-06-17,1.0,-0.004410150477552729,False,4.0000000000000105e-05,500.0000000000013,491.9300000000013,0.6130268199233749
2021-06-18,-1.0,0.0044150182091169145,False,-0.0,-0.0,-8.07,-0.0
2021-06-22,1.0,-0.0011019284861566439,False,-1.9999999999999185e-05,-249.99999999998983,-258.0699999999898,-0.2930402930402813
2021-06-23,1.0,-0.0022075064152103467,False,-1.9999999999999185e-05,-249.99999999998983,-258.0699999999898,-0.28985507246375664
2021-06-24,1.0,-0.0022148403295527874,False,9.999999999999593e-06,124.99999999999491,116.92999999999492,0.14492753623187832
2021-06-25,-1.0,0.0011080333543616427,False,-0.0,-0.0,-8.07,-0.0
2021-06-29,-1.0,0.0022123902829408637,False,-0.0,-0.0,-8.07,-0.0
2021-07-01,1.0,-0.004429686091588173,False,-4.0000000000000105e-05,-500.0000000000013,-508.0700000000013,-0.5925925925925942
2021-07-02,1.0,-0.004449395549541848,False,4.0000000000000105e-05,500.0000000000013,491.9300000000013,0.6060606060606061
2021-07-05,-1.0,0.004449395549541867,False,-9.999999999999593e-06,-124.99999999999491,-133.0699999999949,-0.1550387596899156
2021-07-06,-1.0,0.0011092624542857557,False,-1.9999999999999185e-05,-249.99999999998983,-258.0699999999898,-0.31372549019606427
2021-07-07,-1.0,0.0022148403295528213,False,-0.0,-0.0,-8.07,-0.0
2021-07-09,-1.0,0.007713536867781808,False,2.9999999999998778e-05,374.9999999999847,366.9299999999847,0.44444444444442394
2021-07-12,1.0,-0.0032948958968524265,False,-2.000000000000092e-05,-250.0000000000115,-258.07000000001153,-0.2930402930403051
2021-07-13,1.0,-0.0022026440623422947,False,-1.9999999999999185e-05,-249.99999999998983,-258.0699999999898,-0.2930402930402791
2021-07-14,1.0,-0.0022075064152103467,False,6.0000000000001025e-05,750.0000000000128,741.9300000000128,0.8602150537634503
2021-07-15,-1.0,0.006615239118719404,False,-9.999999999999593e-06,-124.99999999999491,-133.0699999999949,-0.14492753623187724
2021-07-16,-1.0,0.001098297749062592,False,1.9999999999999185e-05,249.99999999998983,241.92999999998983,0.2930402930402791
2021-07-19,1.0,-0.002197803082479427,False,4.99999999999997e-05,624.9999999999962,616.9299999999962,0.7246376811594114
2021-07-20,-1.0,0.0054854772766710575,False,3.0000000000000512e-05,375.0000000000064,366.93000000000643,0.4210526315789525
2021-07-21,1.0,-0.0032876741941917495,False,-3.0000000000000512e-05,-375.0000000000064,-383.0700000000064,-0.4210526315789525
2021-07-22,1.0,-0.0033021493957592217,False,9.999999999999593e-06,124.99999999999491,116.92999999999492,0.13888888888888262
2021-07-23,-1.0,0.0011019284861567347,False,2.9999999999998778e-05,374.9999999999847,366.9299999999847,0.42105263157892736
2021-07-26,1.0,-0.003309434901367031,False,9.999999999999593e-06,124.99999999999491,116.92999999999492,0.1403508771929758
2021-07-27,-1.0,0.0011043623430532275,False,-5.999999999999929e-05,-749.9999999999911,-758.0699999999912,-0.8510638297872193
2021-07-28,-1.0,0.006600684031351872,False,-0.0,-0.0,-8.07,-0.0
2021-07-30,-1.0,0.004385971943254268,False,2.000000000000092e-05,250.0000000000115,241.93000000001152,0.2777777777777903
2021-08-02,1.0,-0.002190581379818698,False,4.0000000000000105e-05,500.0000000000013,491.9300000000013,0.5673758865248244
2021-08-03,-1.0,0.004381168015563095,False,-1.9999999999999185e-05,-249.99999999998983,-258.0699999999898,-0.2777777777777667
2021-08-04,-1.0,0.0021834069809433597,False,2.9999999999998778e-05,374.9999999999847,366.9299999999847,0.4123711340206023
2021-08-05,1.0,-0.003276900802314687,False,-3.0000000000000512e-05,-375.0000000000064,-383.0700000000064,-0.39215686274510536
2021-08-06,1.0,-0.0032876741941917495,False,-4.0000000000000105e-05,-500.0000000000013,-508.0700000000013,-0.5614035087719326
2021-08-09,1.0,-0.0044004471448217085,False,0.0,0.0,-8.07,0.0
2021-08-11,1.0,-0.0022075064152103467,False,9.999999999999593e-06,124.99999999999491,116.92999999999492,0.14184397163120016
2021-08-12,-1.0,0.0011043623430532275,False,-0.0,-0.0,-8.07,-0.0
2021-08-16,-1.0,0.007696574551989067,False,-3.0000000000000512e-05,-375.0000000000064,-383.0700000000064,-0.43478260869566165
2021-08-17,-1.0,0.0032804840791619007,False,2.000000000000092e-05,250.0000000000115,241.93000000001152,0.29629629629631116
2021-08-18,1.0,-0.002188184680552894,False,-1.9999999999999185e-05,-249.99999999998983,-258.0699999999898,-0.29629629629628546
2021-08-19,1.0,-0.002192983335010103,False,0.0,0.0,-8.07,0.0
2021-08-24,-1.0,0.0010970928143729272,False,-0.0,-0.0,-8.07,-0.0
2021-08-26,1.0,-0.0032948958968524265,False,0.0,0.0,-8.07,0.0
2021-08-30,-1.0,0.00219780308247944,False,9.999999999999593e-06,124.99999999999491,116.92999999999492,0.14814814814814245
2021-08-31,1.0,-0.0010982977490625657,False,-9.999999999999593e-06,-124.99999999999491,-133.0699999999949,-0.15325670498083707
2021-09-01,1.0,-0.0010995053334168876,False,0.0,0.0,-8.07,0.0
2021-09-03,-1.0,0.0010995053334168679,False,-1.9999999999999185e-05,-249.99999999998983,-258.0699999999898,-0.3252032520325086
2021-09-06,-1.0,0.002195390563435656,False,9.999999999999593e-06,124.99999999999491,116.92999999999492,0.16666666666666086
2021-09-07,1.0,-0.0010982977490625657,False,-4.0000000000000105e-05,-500.0000000000013,-508.0700000000013,-0.6751054852320745
2021-09-08,1.0,-0.0044004471448217085,False,0.0,0.0,-8.07,0.0
2021-09-10,-1.0,0.005497539959194784,False,9.999999999999593e-06,124.99999999999491,116.92999999999492,0.1587301587301538
2021-09-13,1.0,-0.0010970928143729881,False,-9.999999999999593e-06,-124.99999999999491,-133.0699999999949,-0.16877637130801168
2021-09-14,1.0,-0.0010982977490625657,False,2.9999999999998778e-05,374.9999999999847,366.9299999999847,0.5263157894736674
2021-09-15,-1.0,0.0032912810840725094,False,-3.0000000000000512e-05,-375.0000000000064,-383.0700000000064,-0.519480519480532
2021-09-16,-1.0,0.0032840752011900187,False,3.0000000000000512e-05,375.0000000000064,366.93000000000643,0.519480519480532
2021-09-17,1.0,-0.003284075201189996,False,-1.9999999999999185e-05,-249.99999999998983,-258.0699999999898,-0.3555555555555441
2021-09-20,1.0,-0.002195390563435615,False,4.99999999999997e-05,624.9999999999962,616.9299999999962,0.8888888888888911
2021-09-21,-1.0,0.0054794657646255705,False,-9.999999999999593e-06,-124.99999999999491,-133.0699999999949,-0.17316017316016769
2021-09-22,-1.0,0.001092299398608865,False,4.99999999999997e-05,624.9999999999962,616.9299999999962,0.8547008547008577
2021-09-23,1.0,-0.005473467414171931,False,-4.0000000000000105e-05,-500.0000000000013,-508.0700000000013,-0.6584362139917784
2021-09-24,1.0,-0.0044004471448217085,False,-4.0000000000000105e-05,-500.0000000000013,-508.0700000000013,-0.642570281124507
2021-09-27,1.0,-0.004419896698151247,False,-2.9999999999998778e-05,-374.9999999999847,-383.0699999999847,-0.4761904761904624
2021-09-28,1.0,-0.0033241027838384484,False,-3.0000000000000512e-05,-375.0000000000064,-383.0700000000064,-0.4651162790697803
2021-09-29,1.0,-0.0033351893061383505,False,-3.0000000000000512e-05,-375.0000000000064,-383.0700000000064,-0.45454545454546563
2021-09-30,1.0,-0.0033500868852820854,False,4.99999999999997e-05,624.9999999999962,616.9299999999962,0.7326007326007342
2021-10-01,-1.0,0.005577259298105994,False,-2.000000000000092e-05,-250.0000000000115,-258.07000000001153,-0.2807017543859805
2021-10-04,-1.0,0.0022222231367177384,False,-9.999999999999593e-06,-124.99999999999491,-133.0699999999949,-0.13888888888888434
2021-10-05,-1.0,0.0011092624542857557,False,4.0000000000000105e-05,500.0000000000013,491.9300000000013,0.5442176870748352
2021-10-06,1.0,-0.004444451760424018,False,0.0,0.0,-8.07,0.0
2021-10-08,1.0,-0.002229655327269203,False,-3.999999999999837e-05,-499.99999999997965,-508.06999999997964,-0.5498281786941385
2021-10-11,1.0,-0.004474280394920966,True,-7.574999999999943e-05,-946.8749999999928,-954.9449999999929,-0.9999999999999953
2021-10-12,1.0,-0.010152371464017962,False,-1.9999999999999185e-05,-249.99999999998983,-258.0699999999898,-0.24691358024690405
2021-10-13,1.0,-0.0022675746677804343,False,1.9999999999999185e-05,249.99999999998983,241.92999999998983,0.24691358024690405
2021-10-14,-1.0,0.002267574667780339,False,2.9999999999998778e-05,374.9999999999847,366.9299999999847,0.3703703703703555
2021-10-15,1.0,-0.0034032931317076955,False,-4.0000000000000105e-05,-500.0000000000013,-508.0700000000013,-0.4984423676012476
2021-10-18,1.0,-0.004555816535860691,False,0.0,0.0,-8.07,0.0
2021-10-22,-1.0,0.00228310601456855,False,-4.99999999999997e-05,-624.9999999999962,-633.0699999999963,-0.6349206349206277
2021-10-25,-1.0,0.005685063634608259,False,9.999999999999593e-06,124.99999999999491,116.92999999999492,0.1257861635220068
2021-10-26,1.0,-0.0011357184639272685,False,-3.0000000000000512e-05,-375.0000000000064,-383.0700000000064,-0.3773584905660422
2021-10-27,1.0,-0.003414915100069124,False,2.9999999999998778e-05,374.9999999999847,366.9299999999847,0.3809523809523639
2021-10-28,-1.0,0.003418806748785461,False,-2.000000000000092e-05,-250.0000000000115,-258.07000000001153,-0.25641025641026716
2021-10-29,-1.0,0.0022727282510026188,False,3.0000000000000512e-05,375.0000000000064,366.93000000000643,0.3921568627451027
2021-11-01,1.0,-0.0034110323010629324,False,0.0,0.0,-8.07,0.0
2021-11-03,-1.0,0.0011396012629335743,False,9.999999999999593e-06,124.99999999999491,116.92999999999492,0.1294498381876964
2021-11-04,1.0,-0.0011396012629335626,False,2.000000000000092e-05,250.0000000000115,241.93000000001152,0.2614379084967427
2021-11-05,-1.0,0.0022753138371356054,False,-4.0000000000000105e-05,-500.0000000000013,-508.0700000000013,-0.5079365079365072
2021-11-08,-1.0,0.00454030291878301,False,-9.999999999999593e-06,-124.99999999999491,-133.0699999999949,-0.1269841269841215
2021-11-09,-1.0,0.0011331445971686754,False,-3.0000000000000512e-05,-375.0000000000064,-383.0700000000064,-0.4000000000000065
2021-11-10,-1.0,0.003391750001120884,False,8.000000000000021e-05,1000.0000000000026,991.9300000000026,1.0884353741496628
2021-11-11,1.0,-0.009070356969964265,False,-9.999999999999593e-06,-124.99999999999491,-133.0699999999949,-0.12944983818769726
2021-11-12,1.0,-0.0011396012629335626,False,9.999999999999593e-06,124.99999999999491,116.92999999999492,0.13071895424836114
2021-11-15,-1.0,0.0011396012629335743,False,1.9999999999999185e-05,249.99999999998983,241.92999999998983,0.2666666666666574
2021-11-16,1.0,-0.0022805026987251066,False,-4.99999999999997e-05,-624.9999999999962,-633.0699999999963,-0.6666666666666679
2021-11-17,1.0,-0.005724114083888629,False,5.999999999999929e-05,749.9999999999911,741.9299999999911,0.7843137254901933
2021-11-18,-1.0,0.006865015519680112,False,-0.0,-0.0,-8.07,-0.0
2021-11-22,-1.0,0.00228310601456855,False,5.999999999999929e-05,749.9999999999911,741.9299999999911,0.7619047619047588
2021-11-23,1.0,-0.006865015519680196,False,-3.0000000000000512e-05,-375.0000000000064,-383.0700000000064,-0.37037037037037934
2021-11-24,1.0,-0.00345026219215267,False,-1.9999999999999185e-05,-249.99999999998983,-258.0699999999898,-0.24464831804280524
2021-11-25,1.0,-0.0023041484848500774,False,0.0,0.0,-8.07,0.0
2021-11-29,-1.0,0.018286223823417932,False,1.9999999999999185e-05,249.99999999998983,241.92999999998983,0.22408963585433356
2021-11-30,1.0,-0.0022701485345390745,False,4.99999999999997e-05,624.9999999999962,616.9299999999962,0.5464480874316928
2021-12-01,-1.0,0.0056657375356773,False,-2.9999999999998778e-05,-374.9999999999847,-383.0699999999847,-0.31496062992124785
2021-12-02,-1.0,0.0033879196719358217,False,1.9999999999999185e-05,249.99999999998983,241.92999999998983,0.20356234096691334
2021-12-03,1.0,-0.0022598879674373675,False,4.0000000000000105e-05,500.0000000000013,491.9300000000013,0.41025641025641213
2021-12-06,-1.0,0.004519781705619557,False,4.99999999999997e-05,624.9999999999962,616.9299999999962,0.501253132832078
2021-12-07,1.0,-0.005659324668901355,False,0.0,0.0,-8.07,0.0
2021-12-09,1.0,-0.0011357184639272685,False,3.0000000000000512e-05,375.0000000000064,366.93000000000643,0.31496062992126556
2021-12-10,-1.0,0.0034071583216143558,False,-9.999999999999593e-06,-124.99999999999491,-133.0699999999949,-0.10416666666666242
2021-12-13,-1.0,0.0011331445971686754,False,1.9999999999999185e-05,249.99999999998983,241.92999999998983,0.2083333333333246
2021-12-14,1.0,-0.0022675746677804343,False,-9.999999999999593e-06,-124.99999999999491,-133.0699999999949,-0.1041666666666623
2021-12-15,1.0,-0.0011357184639272685,False,-2.000000000000092e-05,-250.0000000000115,-258.07000000001153,-0.21333333333334295
2021-12-16,1.0,-0.002275313837135651,False,3.0000000000000512e-05,375.0000000000064,366.93000000000643,0.3278688524590218
2021-12-17,-1.0,0.0034110323010629008,False,-0.0,-0.0,-8.07,-0.0
2021-12-21,-1.0,0.001135718463927207,False,4.0000000000000105e-05,500.0000000000013,491.9300000000013,0.45197740112994517
2021-12-22,1.0,-0.004550633563996468,False,0.0,0.0,-8.07,0.0
2021-12-27,1.0,-0.002283106014568521,False,-4.0000000000000105e-05,-500.0000000000013,-508.0700000000013,-0.4597701149425315
2021-12-28,1.0,-0.004581909505111621,False,9.999999999999593e-06,124.99999999999491,116.92999999999492,0.13071895424836114
2021-12-29,-1.0,0.0011474470564766996,False,2.000000000000092e-05,250.0000000000115,241.93000000001152,0.27777777777779183
2021-12-30,1.0,-0.002296212260350379,False,-9.999999999999593e-06,-124.99999999999491,-133.0699999999949,-0.15151515151514613
2021-12-31,1.0,-0.0011500863832373297,False,-9.999999999999593e-06,-124.99999999999491,-133.0699999999949,-0.1587301587301532
2022-01-03,1.0,-0.0011500863832373297,False,-1.9999999999999185e-05,-249.99999999998983,-258.0699999999898,-0.3333333333333217
2022-01-04,1.0,-0.0023041484848500774,True,-5.5499999999999994e-05,-693.7499999999999,-701.8199999999999,-1.0000000000000078
2022-01-05,1.0,-0.005783706116848918,False,0.0,0.0,-8.07,0.0
2022-01-07,-1.0,0.0011594204197349384,False,-1.9999999999999185e-05,-249.99999999998983,-258.0699999999898,-0.34632034632033465
2022-01-10,-1.0,0.0023121397583793788,False,-3.0000000000000512e-05,-375.0000000000064,-383.0700000000064,-0.5128205128205242
2022-01-11,-1.0,0.0034622077284710124,False,-0.0,-0.0,-8.07,-0.0
2022-01-13,-1.0,0.006888660995185316,False,-4.0000000000000105e-05,-500.0000000000013,-508.0700000000013,-0.6060606060606083
2022-01-14,-1.0,0.004571436532580819,False,-0.0,-0.0,-8.07,-0.0
2022-01-18,1.0,-0.0034305350967892482,False,0.0,0.0,-8.07,0.0
2022-01-20,-1.0,0.0022883305180124375,False,-9.999999999999593e-06,-124.99999999999491,-133.0699999999949,-0.15503875968991623
2022-01-21,-1.0,0.0011422045787769796,False,-3.0000000000000512e-05,-375.0000000000064,-383.0700000000064,-0.4545454545454621
2022-01-24,-1.0,0.0034149151000692026,False,2.000000000000092e-05,250.0000000000115,241.93000000001152,0.2996254681648077
2022-01-25,1.0,-0.002275313837135651,False,0.0,0.0,-8.07,0.0
2022-01-27,1.0,-0.006849341845574671,False,-4.99999999999997e-05,-624.9999999999962,-633.0699999999963,-0.6944444444444409
2022-01-28,1.0,-0.005750447128437714,False,9.999999999999593e-06,124.99999999999491,116.92999999999492,0.13333333333332803
2022-01-31,-1.0,0.0011527378798082617,False,-9.999999999999593e-06,-124.99999999999491,-133.0699999999949,-0.12944983818769704
2022-02-01,-1.0,0.0011514106050418357,False,-3.0000000000000512e-05,-375.0000000000064,-383.0700000000064,-0.38095238095238726
2022-02-02,-1.0,0.003446298643587649,False,-1.9999999999999185e-05,-249.99999999998983,-258.0699999999898,-0.2614379084967213
2022-02-03,-1.0,0.0022909517465557624,False,4.0000000000000105e-05,500.0000000000013,491.9300000000013,0.5128205128205146
2022-02-04,1.0,-0.004587164006906043,False,-1.9999999999999185e-05,-249.99999999998983,-258.0699999999898,-0.25396825396824346
2022-02-07,1.0,-0.002301496988279163,False,9.999999999999593e-06,124.99999999999491,116.92999999999492,0.12698412698412195
2022-02-08,-1.0,0.0011514106050418357,False,3.0000000000000512e-05,375.0000000000064,366.93000000000643,0.39215686274510536
2022-02-09,1.0,-0.003458216702956941,False,0.0,0.0,-8.07,0.0
2022-02-11,1.0,-0.004629637898742105,False,6.0000000000001025e-05,750.0000000000128,741.9300000000128,0.8421052631579111
2022-02-14,-1.0,0.006936443996657169,False,9.999999999999593e-06,124.99999999999491,116.92999999999492,0.1360544217687022
2022-02-15,1.0,-0.0011554016305557627,False,-9.999999999999593e-06,-124.99999999999491,-133.0699999999949,-0.132013201320127
2022-02-16,1.0,-0.0011554016305557627,False,2.000000000000092e-05,250.0000000000115,241.93000000001152,0.2614379084967449
2022-02-17,-1.0,0.00230946984866264,False,-4.0000000000000105e-05,-500.0000000000013,-508.0700000000013,-0.528052805280531
2022-02-18,-1.0,0.004608303086194181,False,9.999999999999593e-06,124.99999999999491,116.92999999999492,0.13201320132012678
2022-02-21,1.0,-0.0011500863832373297,False,1.0000000000001327e-05,125.00000000001658,116.93000000001658,0.13333333333335115
2022-02-22,-1.0,0.0011487652038735803,False,2.000000000000092e-05,250.0000000000115,241.93000000001152,0.2693602693602819
2022-02-23,1.0,-0.002296212260350379,False,9.999999999999593e-06,124.99999999999491,116.92999999999492,0.13201320132012678
2022-02-24,-1.0,0.00115008638323731,False,4.99999999999997e-05,624.9999999999962,616.9299999999962,0.6944444444444409
2022-02-25,1.0,-0.005763704716750018,False,0.0,0.0,-8.07,0.0
2022-03-01,-1.0,0.004608303086194181,False,-1.0000000000001327e-05,-125.00000000001658,-133.0700000000166,-0.13201320132014968
2022-03-02,-1.0,0.0011487652038735803,False,5.000000000000143e-05,625.0000000000178,616.9300000000178,0.6666666666666864
2022-03-03,1.0,-0.005757068290067751,False,0.0,0.0,-8.07,0.0
2022-03-07,-1.0,0.005757068290067724,False,1.9999999999999185e-05,249.99999999998983,241.92999999998983,0.2614379084967213
2022-03-08,1.0,-0.002301496988279163,False,-2.000000000000092e-05,-250.0000000000115,-258.07000000001153,-0.2564102564102675
2022-03-09,1.0,-0.00230946984866264,False,0.0,0.0,-8.07,0.0
2022-03-11,1.0,-0.002320186655697198,True,-7.500000000000041e-05,-937.5000000000051,-945.5700000000052,-1.000000000000001
2022-03-14,1.0,-0.009313222146667717,False,-6.0000000000001025e-05,-750.0000000000128,-758.0700000000129,-0.8000000000000101
2022-03-15,1.0,-0.007050557996666911,False,-9.999999999999593e-06,-124.99999999999491,-133.0699999999949,-0.13333333333332706
2022-03-16,1.0,-0.0011799411398486367,False,-2.000000000000092e-05,-250.0000000000115,-258.07000000001153,-0.26666666666667727
2022-03-17,1.0,-0.0023640672948806183,False,0.0,0.0,-8.07,0.0
2022-03-21,1.0,-0.004744967384225638,False,-3.0000000000000512e-05,-375.0000000000064,-383.0700000000064,-0.37383177570093984
2022-03-22,1.0,-0.003573559490865025,True,-8.025000000000046e-05,-1003.1250000000058,-1011.1950000000058,-1.0000000000000027
2022-03-23,1.0,-0.010785005676562561,False,-2.000000000000092e-05,-250.0000000000115,-258.07000000001153,-0.23809523809524802
2022-03-24,1.0,-0.0024154601116037734,False,-8.000000000000021e-05,-1000.0000000000026,-1008.0700000000027,-0.9195402298850561
2022-03-25,1.0,-0.009720611170621927,False,1.0000000000001327e-05,125.00000000001658,116.93000000001658,0.11594202898552211
2022-03-28,-1.0,0.0012202564052295908,False,0.00012000000000000031,1500.0000000000039,1491.930000000004,1.3445378151260479
2022-03-29,1.0,-0.014724192393936563,False,5.999999999999929e-05,749.9999999999911,741.9299999999911,0.6060606060605964
2022-03-30,-1.0,0.007389196182370865,False,-5.999999999999929e-05,-749.9999999999911,-758.0699999999912,-0.5594405594405505
2022-03-31,-1.0,0.007326040092072881,False,-9.999999999999593e-06,-124.99999999999491,-133.0699999999949,-0.08948545861297143
2022-04-01,-1.0,0.0012158056208899498,False,5.999999999999929e-05,749.9999999999911,741.9299999999911,0.5194805194805117
2022-04-04,1.0,-0.007317105817066821,False,-9.999999999999593e-06,-124.99999999999491,-133.0699999999949,-0.08602150537634033
2022-04-05,1.0,-0.0012247398958958238,False,-6.0000000000001025e-05,-750.0000000000128,-758.0700000000129,-0.5194805194805272
2022-04-06,1.0,-0.007380107297622646,False,-1.9999999999999185e-05,-249.99999999998983,-258.0699999999898,-0.16771488469600965
2022-04-07,1.0,-0.0024691370569211537,False,-9.999999999999593e-06,-124.99999999999491,-133.0699999999949,-0.0838574423480049
2022-04-08,1.0,-0.0012368585373962473,False,-2.000000000000092e-05,-250.0000000000115,-258.07000000001153,-0.16666666666667443
2022-04-11,1.0,-0.0024783160144672012,False,-6.999999999999888e-05,-874.999999999986,-883.0699999999861,-0.5907172995780504
2022-04-12,1.0,-0.008722796740353539,False,0.0,0.0,-8.07,0.0
2022-04-14,1.0,-0.002506266976059723,False,-1.9999999999999185e-05,-249.99999999998983,-258.0699999999898,-0.16359918200408322
2022-04-18,1.0,-0.002512564135883048,False,-3.0000000000000512e-05,-375.0000000000064,-383.0700000000064,-0.24242424242424646
2022-04-19,1.0,-0.003795070968551721,False,-0.00010999999999999985,-1374.9999999999982,-1383.0699999999981,-0.905349794238682
2022-04-20,1.0,-0.014057739490231699,False,6.999999999999975e-05,874.9999999999969,866.9299999999969,0.545808966861597
2022-04-21,-1.0,0.008968669982760316,False,2.0000000000000052e-05,250.00000000000065,241.93000000000066,0.15503875968992303
2022-04-22,1.0,-0.0025575461511171205,False,-9.999999999999593e-06,-124.99999999999491,-133.0699999999949,-0.07751937984495812
2022-04-25,1.0,-0.0012828738128891524,False,3.0000000000000512e-05,375.0000000000064,366.93000000000643,0.23391812865497497
2022-04-26,-1.0,0.0038436946745629363,False,-5.0000000000000565e-05,-625.000000000007,-633.0700000000071,-0.39215686274510275
2022-04-27,-1.0,0.006381642589520611,False,7.000000000000062e-05,875.0000000000077,866.9300000000077,0.5944798301486262
2022-04-28,1.0,-0.008934328733765855,True,-0.00011399999999999952,-1424.999999999994,-1433.069999999994,-0.9999999999999982
2022-04-29,1.0,-0.018135212044212506,False,7.000000000000062e-05,875.0000000000077,866.9300000000077,0.598290598290605
2022-05-02,-1.0,0.00910871619824052,False,2.0000000000000052e-05,250.00000000000065,241.93000000000066,0.16985138004246367
2022-05-03,1.0,-0.002597404057685506,False,0.0,0.0,-8.07,0.0
2022-05-05,-1.0,0.0077720598477031095,False,4.99999999999997e-05,624.9999999999962,616.9299999999962,0.4301075268817187
2022-05-06,1.0,-0.006472514505617479,False,-2.0000000000000052e-05,-250.00000000000065,-258.0700000000007,-0.1635991820040906
2022-05-09,1.0,-0.0026041681383877436,False,2.0000000000000052e-05,250.00000000000065,241.93000000000066,0.1616161616161621
2022-05-10,-1.0,0.0026041681383877297,False,-0.0,-0.0,-8.07,-0.0
2022-05-12,-1.0,0.0026007817000574403,True,-0.00012000000000000031,-1500.0000000000039,-1508.0700000000038,-1.000000000000003
2022-05-13,-1.0,0.01162053102301879,False,4.99999999999997e-05,624.9999999999962,616.9299999999962,0.39447731755423887
2022-05-16,1.0,-0.006439172281021089,False,9.999999999999593e-06,124.99999999999491,116.92999999999492,0.07843137254901654
2022-05-17,-1.0,0.0012911557636198078,False,2.0000000000000052e-05,250.00000000000065,241.93000000000066,0.15503875968992314
2022-05-18,1.0,-0.0025806465934916254,False,6.999999999999975e-05,874.9999999999969,866.9299999999969,0.5622489959839345
2022-05-19,-1.0,0.00901487109621536,False,-4.0000000000000105e-05,-500.0000000000013,-508.0700000000013,-0.3271983640081812
2022-05-20,-1.0,0.005115100666770409,False,-0.0,-0.0,-8.07,-0.0
2022-05-24,1.0,-0.0012779554454919577,False,5.999999999999929e-05,749.9999999999911,741.9299999999911,0.4878048780487753
2022-05-25,-1.0,0.007633624855070985,False,2.9999999999998778e-05,374.9999999999847,366.9299999999847,0.23809523809522865
2022-05-26,1.0,-0.0038095284166675073,False,9.999999999999593e-06,124.99999999999491,116.92999999999492,0.08179959100204165
2022-05-27,-1.0,0.0012714559881966659,False,-0.0,-0.0,-8.07,-0.0
2022-05-31,1.0,-0.0038192280669954956,False,-6.999999999999975e-05,-874.9999999999969,-883.069999999997,-0.6306306306306285
2022-06-01,1.0,-0.008968669982760375,False,-8.99999999999998e-05,-1124.9999999999975,-1133.0699999999974,-0.7894736842105253
2022-06-02,1.0,-0.01165061721997525,False,1.000000000000046e-05,125.00000000000576,116.93000000000575,0.08771929824561815
2022-06-03,-1.0,0.0012995453420856474,False,6.000000000000016e-05,750.0000000000019,741.9300000000019,0.5517241379310364
2022-06-06,1.0,-0.007822725681209045,False,-4.99999999999997e-05,-624.9999999999962,-633.0699999999963,-0.4535147392290227
2022-06-07,1.0,-0.006566011770890558,False,-4.0000000000000105e-05,-500.0000000000013,-508.0700000000013,-0.3579418344519029
2022-06-08,1.0,-0.005291017634415548,False,-8.99999999999998e-05,-1124.9999999999975,-1133.0699999999974,-0.7947019867549661
2022-06-09,1.0,-0.012008149628396496,False,-9.999999999999593e-06,-124.99999999999491,-133.0699999999949,-0.08714596949890727
2022-06-10,1.0,-0.0013431835464676259,False,0.0,0.0,-8.07,0.0
2022-06-14,-1.0,0.0013360055427423514,False,3.999999999999924e-05,499.99999999999045,491.92999999999046,0.36036036036035357
2022-06-15,1.0,-0.005361943141385287,False,0.00010999999999999985,1374.9999999999982,1366.9299999999982,0.9713024282560698
2022-06-16,-1.0,0.01471598463251311,True,-0.00011550000000000015,-1443.7500000000018,-1451.8200000000018,-1.0000000000000027
2022-06-17,-1.0,0.013210231736806482,False,0.00015999999999999955,1999.9999999999943,1991.9299999999944,1.333333333333331
2022-06-20,1.0,-0.021249139482126273,False,-9.999999999999593e-06,-124.99999999999491,-133.0699999999949,-0.07707129094412025
2022-06-21,1.0,-0.001341381824201336,False,-8.99999999999998e-05,-1124.9999999999975,-1133.0699999999974,-0.6976744186046505
2022-06-22,1.0,-0.012154099650683283,False,2.0000000000000052e-05,250.00000000000065,241.93000000000066,0.15594541910331453
2022-06-23,-1.0,0.0027137058715963258,False,-6.000000000000016e-05,-750.0000000000019,-758.070000000002,-0.4651162790697699
2022-06-24,-1.0,0.008086297431357841,False,9.999999999999593e-06,124.99999999999491,116.92999999999492,0.07575757575757289
2022-06-27,1.0,-0.0013431835464676259,False,-2.0000000000000052e-05,-250.00000000000065,-258.0700000000007,-0.14981273408239784
2022-06-28,1.0,-0.0026917916657114146,False,-4.0000000000000105e-05,-500.0000000000013,-508.0700000000013,-0.2996254681647957
2022-06-29,1.0,-0.005405418566907935,False,-2.9999999999999645e-05,-374.99999999999557,-383.06999999999556,-0.22598870056496953
2022-06-30,1.0,-0.004067802219325475,False,4.99999999999997e-05,624.9999999999962,616.9299999999962,0.3831417624521057
2022-07-01,-1.0,0.006770506567210707,False,-2.0000000000000052e-05,-250.00000000000065,-258.0700000000007,-0.1506591337099818
2022-07-04,-1.0,0.0026954194216723027,False,2.0000000000000052e-05,250.00000000000065,241.93000000000066,0.1506591337099818
2022-07-05,1.0,-0.0026954194216723226,False,-9.999999999999593e-06,-124.99999999999491,-133.0699999999949,-0.07662835249041848
2022-07-06,1.0,-0.0013504390978713512,False,0.0,0.0,-8.07,0.0
2022-07-12,1.0,-0.0095303648506941,False,3.0000000000000512e-05,375.0000000000064,366.93000000000643,0.24242424242424687
2022-07-13,-1.0,0.004095568864737202,False,2.0000000000000052e-05,250.00000000000065,241.93000000000066,0.16563146997929665
2022-07-14,1.0,-0.0027285146532040625,False,-7.999999999999934e-05,-999.9999999999918,-1008.0699999999919,-0.6881720430107474
2022-07-15,1.0,-0.011004237591013705,False,2.0000000000000052e-05,250.00000000000065,241.93000000000066,0.1801801801801807
2022-07-18,-1.0,0.0027624326959100796,False,-2.9999999999999645e-05,-374.99999999999557,-383.06999999999556,-0.29850746268656364
2022-07-19,-1.0,0.0041293933420111124,False,-0.0,-0.0,-8.07,-0.0
2022-07-22,-1.0,0.00549451931764078,True,-9.074999999999969e-05,-1134.3749999999961,-1142.444999999996,-0.999999999999997
2022-07-25,-1.0,0.009530364850694062,False,3.0000000000000512e-05,375.0000000000064,366.93000000000643,0.31250000000000555
2022-07-26,1.0,-0.004073325387635898,False,-9.999999999999593e-06,-124.99999999999491,-133.0699999999949,-0.10498687664041571
2022-07-27,1.0,-0.0013614705983210744,False,2.0000000000000052e-05,250.00000000000065,241.93000000000066,0.21505376344086094
2022-07-28,-1.0,0.002724797326185257,True,-9.225000000000032e-05,-1153.1250000000039,-1161.1950000000038,-1.0000000000000042
2022-07-29,-1.0,0.016194685919980606,True,-9.674999999999961e-05,-1209.3749999999952,-1217.4449999999952,-0.9999999999999972
2022-08-01,-1.0,0.00800004266707637,False,-8.99999999999998e-05,-1124.9999999999975,-1133.0699999999974,-0.8955223880597
2022-08-02,-1.0,0.011881327886752686,False,8.000000000000021e-05,1000.0000000000026,991.9300000000026,0.7619047619047643
2022-08-03,1.0,-0.010554187678690256,False,-2.9999999999999645e-05,-374.99999999999557,-383.06999999999556,-0.2631578947368392
2022-08-04,1.0,-0.003997340432620289,False,5.0000000000000565e-05,625.000000000007,616.930000000007,0.41928721174004685
2022-08-05,-1.0,0.006644542718668732,False,0.00010999999999999985,1374.9999999999982,1366.9299999999982,0.8835341365461836
2022-08-08,1.0,-0.014696323290196893,False,9.999999999999593e-06,124.99999999999491,116.92999999999492,0.07575757575757266
2022-08-09,-1.0,0.0013468015503785733,False,9.999999999999593e-06,124.99999999999491,116.92999999999492,0.07662835249041836
2022-08-10,1.0,-0.0013468015503786276,False,0.00011999999999999945,1499.9999999999932,1491.9299999999932,0.9302325581395314
2022-08-11,-1.0,0.016043124840575466,False,2.0000000000000052e-05,250.00000000000065,241.93000000000066,0.14492753623188456
2022-08-12,1.0,-0.002652521449131117,False,-2.9999999999999645e-05,-374.99999999999557,-383.06999999999556,-0.21978021978021733
2022-08-15,1.0,-0.0039867162438212336,False,9.999999999999593e-06,124.99999999999491,116.92999999999492,0.07246376811593913
2022-08-16,-1.0,0.0013306721857049505,False,4.99999999999997e-05,624.9999999999962,616.9299999999962,0.35842293906809825
2022-08-17,1.0,-0.006671138817022423,False,-4.99999999999997e-05,-624.9999999999962,-633.0699999999963,-0.3490401396160539
2022-08-18,1.0,-0.00671594196543683,False,-5.0000000000000565e-05,-625.000000000007,-633.0700000000071,-0.33670033670034066
2022-08-19,1.0,-0.006761350978043907,False,-4.0000000000000105e-05,-500.0000000000013,-508.0700000000013,-0.27072758037225103
2022-08-22,1.0,-0.005442190302685087,False,-3.0000000000000512e-05,-375.0000000000064,-383.0700000000064,-0.20833333333333684
2022-08-23,1.0,-0.004106781952653471,False,3.0000000000000512e-05,375.0000000000064,366.93000000000643,0.20833333333333684
2022-08-24,-1.0,0.004106781952653502,False,2.0000000000000052e-05,250.00000000000065,241.93000000000066,0.13468013468013496
2022-08-25,1.0,-0.0027322421368729507,False,3.0000000000000512e-05,375.0000000000064,366.93000000000643,0.20202020202020535
2022-08-26,-1.0,0.004095568864737202,False,5.0000000000000565e-05,625.000000000007,616.930000000007,0.35087719298246
2022-08-29,1.0,-0.006835296605857478,False,-5.0000000000000565e-05,-625.000000000007,-633.0700000000071,-0.35842293906810446
2022-08-30,1.0,-0.006901338640693269,False,0.0,0.0,-8.07,0.0
2022-09-01,1.0,-0.0013860016078771403,False,-5.0000000000000565e-05,-625.000000000007,-633.0700000000071,-0.41407867494824474
2022-09-02,1.0,-0.006978395381462369,False,0.0,0.0,-8.07,0.0
2022-09-06,1.0,-0.0028050509276086096,True,-0.00010500000000000006,-1312.5000000000007,-1320.5700000000006,-1.0000000000000004
2022-09-07,1.0,-0.015570024377385687,False,-4.99999999999997e-05,-624.9999999999962,-633.0699999999963,-0.4385964912280673
2022-09-08,1.0,-0.007158226700170365,False,-1.000000000000046e-05,-125.00000000000576,-133.07000000000576,-0.09195402298850998
2022-09-09,1.0,-0.0014378147696275827,False,6.999999999999975e-05,874.9999999999969,866.9299999999969,0.6572769953051618
2022-09-12,-1.0,0.010035926527785654,False,1.000000000000046e-05,125.00000000000576,116.93000000000575,0.08948545861297952
2022-09-13,1.0,-0.0014255169912210611,False,-8.000000000000021e-05,-1000.0000000000026,-1008.0700000000027,-0.7111111111111128
2022-09-14,1.0,-0.011494379425735134,False,7.999999999999934e-05,999.9999999999918,991.9299999999918,0.6751054852320616
2022-09-15,-1.0,0.011510918466140272,False,2.0000000000000052e-05,250.00000000000065,241.93000000000066,0.16563146997929637
2022-09-19,-1.0,0.0028368813351997567,False,1.000000000000046e-05,125.00000000000576,116.93000000000575,0.08602150537634798
2022-09-20,1.0,-0.0014174346809735046,False,-2.0000000000000052e-05,-250.00000000000065,-258.0700000000007,-0.1720430107526884
2022-09-21,1.0,-0.0028409110016037525,False,-1.000000000000046e-05,-125.00000000000576,-133.07000000000576,-0.08888888888889283
2022-09-22,1.0,-0.0014255169912210611,False,8.99999999999998e-05,1124.9999999999975,1116.9299999999976,0.7947019867549638
2022-09-23,-1.0,0.01277519148872287,False,4.99999999999997e-05,624.9999999999962,616.9299999999962,0.3853564547206135
2022-09-26,1.0,-0.007077170374085087,False,-4.99999999999997e-05,-624.9999999999962,-633.0699999999963,-0.380952380952378
2022-09-27,1.0,-0.007137789048292406,False,0.0,0.0,-8.07,0.0
2022-09-29,-1.0,0.004294924282880871,False,2.0000000000000052e-05,250.00000000000065,241.93000000000066,0.1532567049808431
2022-09-30,1.0,-0.002861232281032235,False,-1.000000000000046e-05,-125.00000000000576,-133.07000000000576,-0.07751937984496468
2022-10-03,1.0,-0.0014336920018486968,False,0.0,0.0,-8.07,0.0
2022-10-05,-1.0,0.004294924282880871,False,2.0000000000000052e-05,250.00000000000065,241.93000000000066,0.16064257028112472
2022-10-06,1.0,-0.0028653314732863936,False,-2.9999999999999645e-05,-374.99999999999557,-383.06999999999556,-0.24844720496894088
2022-10-07,1.0,-0.004313450253719354,False,-9.999999999999593e-06,-124.99999999999491,-133.0699999999949,-0.08385744234800485
2022-10-10,1.0,-0.001441961316901184,False,-2.0000000000000052e-05,-250.00000000000065,-258.0700000000007,-0.1720430107526884
2022-10-11,1.0,-0.002890175422233386,False,-9.999999999999593e-06,-124.99999999999491,-133.0699999999949,-0.08830022075054822
2022-10-12,1.0,-0.0014461318499996267,False,-5.0000000000000565e-05,-625.000000000007,-633.0700000000071,-0.49382716049383224
2022-10-13,1.0,-0.007262196041784783,False,-2.0000000000000052e-05,-250.00000000000065,-258.0700000000007,-0.20512820512820557
2022-10-14,1.0,-0.0029197101033347503,False,-6.000000000000016e-05,-750.0000000000019,-758.070000000002,-0.6106870229007648
2022-10-17,1.0,-0.00881062968215492,False,-2.9999999999999645e-05,-374.99999999999557,-383.06999999999556,-0.29629629629629267
2022-10-18,1.0,-0.004434597067865641,False,-1.000000000000046e-05,-125.00000000000576,-133.07000000000576,-0.1002506265664207
2022-10-19,1.0,-0.0014803851704343308,False,-2.9999999999999645e-05,-374.99999999999557,-383.06999999999556,-0.298507462686564
2022-10-20,1.0,-0.004454350349380197,False,-2.0000000000000052e-05,-250.00000000000065,-258.0700000000007,-0.20512820512820606
2022-10-21,1.0,-0.0029806281381377893,True,-7.949999999999971e-05,-993.7499999999964,-1001.8199999999964,-0.9999999999999993
2022-10-24,-1.0,0.016260520871780326,True,-9.224999999999945e-05,-1153.1249999999932,-1161.1949999999931,-0.9999999999999959
2022-10-25,1.0,-0.007380107297622534,False,4.99999999999997e-05,624.9999999999962,616.9299999999962,0.49019607843137075
2022-10-26,-1.0,0.00738010729762246,False,-8.99999999999998e-05,-1124.9999999999975,-1133.0699999999974,-0.863309352517986
2022-10-27,-1.0,0.013167710374647488,False,-9.999999999999593e-06,-124.99999999999491,-133.0699999999949,-0.09259259259258903
2022-10-28,-1.0,0.0014545457109943617,False,5.0000000000000565e-05,625.000000000007,616.930000000007,0.45045045045045645
2022-10-31,1.0,-0.007304634378887332,False,-4.99999999999997e-05,-624.9999999999962,-633.0699999999963,-0.44150110375275725
2022-11-01,1.0,-0.007369230106548221,False,2.9999999999999645e-05,374.99999999999557,366.9299999999956,0.26315789473683937
2022-11-02,-1.0,0.004428051515732004,True,-0.00011625000000000003,-1453.1250000000005,-1461.1950000000004,-1.0000000000000018
2022-11-03,-1.0,0.0029455102297567446,False,2.0000000000000052e-05,250.00000000000065,241.93000000000066,0.16460905349794308
2022-11-04,1.0,-0.002945510229756803,False,7.000000000000062e-05,875.0000000000077,866.9300000000077,0.5691056910569166
2022-11-07,-1.0,0.01027155032182992,False,-1.000000000000046e-05,-125.00000000000576,-133.07000000000576,-0.08080808080808467
2022-11-08,-1.0,0.0014609206396748698,False,-4.0000000000000105e-05,-500.0000000000013,-508.0700000000013,-0.31558185404339384
2022-11-09,-1.0,0.005813969865419816,False,4.99999999999997e-05,624.9999999999962,616.9299999999962,0.3831417624521055
2022-11-10,1.0,-0.007272759329079697,False,0.0002500000000000002,3125.0000000000027,3116.9300000000026,1.9047619047619084
2022-11-11,-1.0,0.03579480207735577,True,-0.00014999999999999996,-1874.9999999999995,-1883.0699999999995,-1.000000000000001
2022-11-14,-1.0,0.020935865853588833,False,-0.0,-0.0,-8.07,-0.0
2022-11-16,-1.0,0.005563296685328732,False,1.000000000000046e-05,125.00000000000576,116.93000000000575,0.05847953216374541
2022-11-17,1.0,-0.0013879252748481914,False,-3.0000000000000512e-05,-375.0000000000064,-383.0700000000064,-0.1716738197424922
2022-11-18,1.0,-0.004181190760401158,False,0.0,0.0,-8.07,0.0
2022-11-22,1.0,-0.012667305200765573,False,4.0000000000000105e-05,500.0000000000013,491.9300000000013,0.2551834130781505
2022-11-23,-1.0,0.0056497325421191276,False,-8.99999999999998e-05,-1124.9999999999975,-1133.0699999999974,-0.5769230769230753
2022-11-24,-1.0,0.012596387685685566,False,-6.000000000000016e-05,-750.0000000000019,-758.070000000002,-0.3791469194312804
2022-11-25,-1.0,0.008321823337492278,False,2.0000000000000052e-05,250.00000000000065,241.93000000000066,0.12638230647709348
2022-11-28,1.0,-0.002770084873815601,False,1.000000000000046e-05,125.00000000000576,116.93000000000575,0.0637958532695404
2022-11-29,-1.0,0.0013879252748480759,False,-0.0,-0.0,-8.07,-0.0
2022-12-01,-1.0,0.004140792666031387,True,-0.0001590000000000003,-1987.5000000000036,-1995.5700000000036,-1.0000000000000007
2022-12-02,-1.0,0.01910017137341943,False,-5.999999999999929e-05,-749.9999999999911,-758.0699999999912,-0.35398230088495136
2022-12-05,-1.0,0.008075414005545331,False,0.0001399999999999995,1749.9999999999939,1741.929999999994,0.8151382823871871
2022-12-06,1.0,-0.018945086242449193,False,-2.0000000000000052e-05,-250.00000000000065,-258.0700000000007,-0.11251758087201144
2022-12-07,1.0,-0.0027322421368729507,False,3.0000000000000512e-05,375.0000000000064,366.93000000000643,0.168067226890759
2022-12-08,-1.0,0.004095568864737202,False,1.000000000000046e-05,125.00000000000576,116.93000000000575,0.05578800557880309
2022-12-09,1.0,-0.0013633267278641645,False,-9.999999999999593e-06,-124.99999999999491,-133.0699999999949,-0.06230529595015316
2022-12-12,1.0,-0.001365187925339859,False,-5.999999999999929e-05,-749.9999999999911,-758.0699999999912,-0.3980099502487511
2022-12-13,1.0,-0.008219224353132012,False,0.00010999999999999985,1374.9999999999982,1366.9299999999982,0.740740740740739
2022-12-14,-1.0,0.015017347066953131,False,-1.000000000000046e-05,-125.00000000000576,-133.07000000000576,-0.06633499170812904
2022-12-15,-1.0,0.0013522652500137541,False,0.00011999999999999945,1499.9999999999932,1491.9299999999932,0.7920792079207876
2022-12-19,-1.0,0.008141157583699866,False,4.99999999999997e-05,624.9999999999962,616.9299999999962,0.31595576619273086
2022-12-20,1.0,-0.006752220117286671,False,0.0002900000000000003,3625.000000000004,3616.930000000004,1.8589743589743593
2022-12-21,-1.0,0.038491812199470364,False,4.0000000000000105e-05,500.0000000000013,491.9300000000013,0.22130013831258685
2022-12-22,1.0,-0.0052219439811517126,False,0.0,0.0,-8.07,0.0
2022-12-27,1.0,-0.0039344313048346735,False,-2.9999999999999645e-05,-374.99999999999557,-383.06999999999556,-0.1731601731601711
2022-12-28,1.0,-0.003955179842927943,False,-6.000000000000016e-05,-750.0000000000019,-758.070000000002,-0.3524229074889875
2022-12-29,1.0,-0.007957601673314088,False,8.000000000000021e-05,1000.0000000000026,991.9300000000026,0.47407407407407515
2022-12-30,-1.0,0.010596125631495253,False,-9.99999999999994e-05,-1249.9999999999925,-1258.0699999999924,-0.6006006006005968
2023-01-03,-1.0,0.013089192110014046,False,1.000000000000046e-05,125.00000000000576,116.93000000000575,0.0617283950617312
2023-01-04,1.0,-0.0012961764614466856,False,-0.00010000000000000026,-1250.0000000000032,-1258.0700000000031,-0.6230529595015588
2023-01-05,1.0,-0.013055015701643718,False,-4.99999999999997e-05,-624.9999999999962,-633.0699999999963,-0.30864197530863996
2023-01-06,1.0,-0.006591981682152837,False,6.999999999999975e-05,874.9999999999969,866.9299999999969,0.4204204204204187
2023-01-09,-1.0,0.009216655104924048,False,-2.0000000000000052e-05,-250.00000000000065,-258.0700000000007,-0.11644832605531316
2023-01-10,-1.0,0.00261780254207888,False,2.0000000000000052e-05,250.00000000000065,241.93000000000066,0.11544011544011563
2023-01-11,1.0,-0.002617802542078823,False,-2.0000000000000052e-05,-250.00000000000065,-258.0700000000007,-0.11544011544011563
2023-01-12,1.0,-0.002624673422771217,False,0.00019000000000000006,2375.000000000001,2366.9300000000007,1.1111111111111105
2023-01-13,-1.0,0.024660561821951622,False,-8.99999999999998e-05,-1124.9999999999975,-1133.0699999999974,-0.5194805194805177
2023-01-16,-1.0,0.011487043987130779,False,4.0000000000000105e-05,500.0000000000013,491.9300000000013,0.22792022792022826
2023-01-17,1.0,-0.005089069507471293,False,2.000000000000092e-05,250.0000000000115,241.93000000001152,0.11695906432749066
2023-01-18,-1.0,0.002547772078798783,False,4.0000000000000105e-05,500.0000000000013,491.9300000000013,0.23494860499265827
2023-01-19,1.0,-0.00510205188389551,False,1.9999999999999185e-05,249.99999999998983,241.92999999998983,0.10973936899862369
2023-01-20,-1.0,0.0025542798050967007,False,6.999999999999975e-05,874.9999999999969,866.9299999999969,0.4423380726698241
2023-01-23,1.0,-0.008968669982760375,False,-6.999999999999975e-05,-874.9999999999969,-883.069999999997,-0.42813455657492155
2023-01-24,1.0,-0.009049835519917927,False,2.9999999999999645e-05,374.99999999999557,366.9299999999956,0.17937219730941478
2023-01-25,-1.0,0.0038885337396923746,False,-4.0000000000000105e-05,-500.0000000000013,-508.0700000000013,-0.23703703703703735
2023-01-26,-1.0,0.0051613017802255474,False,4.99999999999997e-05,624.9999999999962,616.9299999999962,0.29368575624082016
2023-01-27,1.0,-0.00645580034287122,False,2.0000000000000052e-05,250.00000000000065,241.93000000000066,0.11544011544011563
2023-01-30,-1.0,0.0025873235649509544,False,3.0000000000000512e-05,375.0000000000064,366.93000000000643,0.17621145374449623
2023-01-31,1.0,-0.0038835000263977445,False,2.0000000000000052e-05,250.00000000000065,241.93000000000066,0.12066365007541503
2023-02-01,-1.0,0.0025906750240924626,False,-6.999999999999975e-05,-874.9999999999969,-883.069999999997,-0.4341085271317813
2023-02-02,-1.0,0.00901487109621536,False,-1.000000000000046e-05,-125.00000000000576,-133.07000000000576,-0.06379585326954038
2023-02-03,-1.0,0.00128123015604854,False,0.00014999999999999996,1874.9999999999995,1866.9299999999996,0.9900990099009895
2023-02-06,1.0,-0.01939298009909465,False,-4.99999999999997e-05,-624.9999999999962,-633.0699999999963,-0.32840722495894703
2023-02-07,1.0,-0.006574645642085357,False,8.000000000000021e-05,1000.0000000000026,991.9300000000026,0.5254515599343198
2023-02-08,-1.0,0.01049878409821957,False,2.9999999999999645e-05,374.99999999999557,366.9299999999956,0.1913875598086102
2023-02-09,1.0,-0.003919012200735607,False,-1.000000000000046e-05,-125.00000000000576,-133.07000000000576,-0.0634920634920664
2023-02-10,1.0,-0.0013097578820635294,False,1.000000000000046e-05,125.00000000000576,116.93000000000575,0.06768189509306573
2023-02-13,-1.0,0.00130975788206351,False,4.99999999999997e-05,624.9999999999962,616.9299999999962,0.338409475465311
2023-02-14,1.0,-0.006566011770890558,False,-4.0000000000000105e-05,-500.0000000000013,-508.0700000000013,-0.2721088435374157
2023-02-15,1.0,-0.005291017634415548,False,-6.000000000000016e-05,-750.0000000000019,-758.070000000002,-0.4020100502512576
2023-02-16,1.0,-0.007989390033478863,False,1.000000000000046e-05,125.00000000000576,116.93000000000575,0.07207207207207546
2023-02-17,-1.0,0.0013360055427423514,False,2.0000000000000052e-05,250.00000000000065,241.93000000000066,0.1457194899817855
2023-02-20,1.0,-0.0026737983844022043,False,0.0,0.0,-8.07,0.0
2023-02-22,1.0,-0.005369140415058208,False,0.0,0.0,-8.07,0.0
2023-02-24,-1.0,0.0013449901153328341,False,9.000000000000067e-05,1125.0000000000084,1116.9300000000085,0.7547169811320817
2023-02-27,1.0,-0.012170535620255291,False,0.0,0.0,-8.07,0.0
2023-03-01,-1.0,0.0013596195160396518,False,-1.000000000000046e-05,-125.00000000000576,-133.07000000000576,-0.08130081300813385
2023-03-02,-1.0,0.0013596195160396518,False,2.0000000000000052e-05,250.00000000000065,241.93000000000066,0.1666666666666673
2023-03-03,1.0,-0.0027247973261851424,False,4.99999999999997e-05,624.9999999999962,616.9299999999962,0.4192872117400398
2023-03-06,-1.0,0.006807378228025108,False,9.999999999999593e-06,124.99999999999491,116.92999999999492,0.0907029478458014
2023-03-07,1.0,-0.0013577734604603596,False,-6.000000000000016e-05,-750.0000000000019,-758.070000000002,-0.5594405594405616
2023-03-08,1.0,-0.008185584586439405,False,-1.000000000000046e-05,-125.00000000000576,-133.07000000000576,-0.09592326139089179
2023-03-09,1.0,-0.0013708021337787146,False,6.000000000000016e-05,750.0000000000019,741.9300000000019,0.5673758865248246
2023-03-13,-1.0,0.009339627596132842,False,-3.999999999999924e-05,-499.99999999999045,-508.06999999999044,-0.3703703703703634
2023-03-14,-1.0,0.005270104424237023,False,6.000000000000016e-05,750.0000000000019,741.9300000000019,0.5298013245033129
2023-03-15,1.0,-0.007905179507113261,False,6.000000000000016e-05,750.0000000000019,741.9300000000019,0.5263157894736857
2023-03-16,-1.0,0.007905179507113247,False,9.999999999999593e-06,124.99999999999491,116.92999999999492,0.08438818565400506
2023-03-17,1.0,-0.0013149245813090288,False,0.00010000000000000026,1250.0000000000032,1241.9300000000032,0.808080808080811
2023-03-20,-1.0,0.013106347505300583,False,-0.0,-0.0,-8.07,-0.0
2023-03-22,1.0,-0.009108716198240366,False,7.000000000000062e-05,875.0000000000077,866.9300000000077,0.5156537753222885
2023-03-23,-1.0,0.00910871619824052,False,-5.0000000000000565e-05,-625.000000000007,-633.0700000000071,-0.3546099290780183
2023-03-24,-1.0,0.006464146619889238,False,-0.0,-0.0,-8.07,-0.0
2023-03-28,1.0,-0.007772059847703085,False,5.0000000000000565e-05,625.000000000007,616.930000000007,0.35087719298245984
2023-03-29,-1.0,0.0064809040840831415,False,0.00012000000000000031,1500.0000000000039,1491.930000000004,0.8376963350785354
2023-03-30,1.0,-0.01562531790308087,False,9.999999999999593e-06,124.99999999999491,116.92999999999492,0.06768189509305976
2023-03-31,-1.0,0.0013114755978106555,False,-0.0,-0.0,-8.07,-0.0
2023-04-04,-1.0,0.006566011770890454,False,-4.0000000000000105e-05,-500.0000000000013,-508.0700000000013,-0.26533996683250455
2023-04-05,-1.0,0.005221943981151625,False,-2.0000000000000052e-05,-250.00000000000065,-258.0700000000007,-0.1320132013201323
2023-04-06,-1.0,0.0026007817000574403,False,3.0000000000000512e-05,375.0000000000064,366.93000000000643,0.1980198019802012
2023-04-07,1.0,-0.0039037134804734037,False,-2.0000000000000052e-05,-250.00000000000065,-258.0700000000007,-0.1320132013201323
2023-04-10,1.0,-0.002610967540720402,False,-8.99999999999998e-05,-1124.9999999999975,-1133.0699999999974,-0.6282722513088987
2023-04-11,1.0,-0.011834457647002796,False,0.0,0.0,-8.07,0.0
2023-04-13,-1.0,0.002642009462838576,False,-1.9999999999999185e-05,-249.99999999998983,-258.0699999999898,-0.15594541910330736
2023-04-14,-1.0,0.0026315804660558212,False,5.999999999999929e-05,749.9999999999911,741.9299999999911,0.47904191616765884
2023-04-17,1.0,-0.007915608612661086,False,-2.9999999999999645e-05,-374.99999999999557,-383.06999999999556,-0.24242424242423946
2023-04-18,1.0,-0.0039867162438212336,False,2.0000000000000052e-05,250.00000000000065,241.93000000000066,0.16877637130801723
2023-04-19,-1.0,0.002659576035758796,False,4.0000000000000105e-05,500.0000000000013,491.9300000000013,0.3463203463203471
2023-04-20,1.0,-0.005326244282674094,False,2.0000000000000052e-05,250.00000000000065,241.93000000000066,0.17897091722595113
2023-04-21,-1.0,0.0026666682469152977,False,-9.999999999999593e-06,-124.99999999999491,-133.0699999999949,-0.09070294784580125
2023-04-24,-1.0,0.0013306721857049505,False,9.999999999999593e-06,124.99999999999491,116.92999999999492,0.09259259259258876
2023-04-25,1.0,-0.0013306721857050613,False,4.0000000000000105e-05,500.0000000000013,491.9300000000013,0.37825059101654906
2023-04-26,-1.0,0.005312097484889884,False,-0.0,-0.0,-8.07,-0.0
2023-04-28,1.0,-0.0026560440581162963,True,-9.975000000000001e-05,-1246.8750000000002,-1254.9450000000002,-1.0000000000000004
2023-05-01,1.0,-0.01608613775162427,False,-6.999999999999975e-05,-874.9999999999969,-883.069999999997,-0.6436781609195379
2023-05-02,1.0,-0.009517406986890183,False,4.99999999999997e-05,624.9999999999962,616.9299999999962,0.46620046620046346
2023-05-03,-1.0,0.006807378228025108,False,-8.99999999999998e-05,-1124.9999999999975,-1133.0699999999974,-0.8571428571428547
2023-05-04,-1.0,0.012137708014424303,False,-2.0000000000000052e-05,-250.00000000000065,-258.0700000000007,-0.18648018648018688
2023-05-05,-1.0,0.002670228555878892,False,4.0000000000000105e-05,500.0000000000013,491.9300000000013,0.37037037037037107
2023-05-08,1.0,-0.005347606326595242,False,-9.999999999999593e-06,-124.99999999999491,-133.0699999999949,-0.09132420091323827
2023-05-09,1.0,-0.001341381824201336,False,-9.999999999999593e-06,-124.99999999999491,-133.0699999999949,-0.09661835748791875
2023-05-10,1.0,-0.0013431835464676259,False,4.99999999999997e-05,624.9999999999962,616.9299999999962,0.48661800486617696
2023-05-11,-1.0,0.006697948684127496,False,2.0000000000000052e-05,250.00000000000065,241.93000000000066,0.19464720194647248
2023-05-12,1.0,-0.0026737983844022043,False,-6.000000000000016e-05,-750.0000000000019,-758.070000000002,-0.5925925925925936
2023-05-15,1.0,-0.008064559836730408,False,-2.0000000000000052e-05,-250.00000000000065,-258.0700000000007,-0.20050125313283254
2023-05-16,1.0,-0.002702704347885139,False,-2.0000000000000052e-05,-250.00000000000065,-258.0700000000007,-0.20202020202020254
2023-05-17,1.0,-0.0027100287588651298,False,-6.999999999999975e-05,-874.9999999999969,-883.069999999997,-0.7017543859649096
2023-05-18,1.0,-0.009543358046899746,False,-6.000000000000016e-05,-750.0000000000019,-758.070000000002,-0.5970149253731358
2023-05-19,1.0,-0.008253141756720414,False,4.0000000000000105e-05,500.0000000000013,491.9300000000013,0.3921568627450991
2023-05-22,-1.0,0.0055096558109697,False,2.9999999999999645e-05,374.99999999999557,366.9299999999956,0.2898550724637648
2023-05-23,1.0,-0.004129393342011178,False,-1.000000000000046e-05,-125.00000000000576,-133.07000000000576,-0.09592326139089179
2023-05-24,1.0,-0.001380262468958458,False,-4.0000000000000105e-05,-500.0000000000013,-508.0700000000013,-0.39215686274509953
2023-05-25,1.0,-0.005532517569725667,False,-4.0000000000000105e-05,-500.0000000000013,-508.0700000000013,-0.3864734299516923
2023-05-26,1.0,-0.00557104504945536,False,-2.0000000000000052e-05,-250.00000000000065,-258.0700000000007,-0.19047619047619108
2023-05-29,1.0,-0.002797204621061254,False,9.999999999999593e-06,124.99999999999491,116.92999999999492,0.10416666666666242
2023-05-30,-1.0,0.0014015419252884772,False,-4.0000000000000105e-05,-500.0000000000013,-508.0700000000013,-0.42666666666666764
2023-05-31,-1.0,0.005586606708639776,False,-2.0000000000000052e-05,-250.00000000000065,-258.0700000000007,-0.21333333333333382
2023-06-01,-1.0,0.0027816429618767705,False,-2.0000000000000052e-05,-250.00000000000065,-258.0700000000007,-0.22038567493113004
2023-06-02,-1.0,0.0027739268827252244,False,6.000000000000016e-05,750.0000000000019,741.9300000000019,0.6611570247933901
2023-06-05,1.0,-0.008344971932180647,False,2.0000000000000052e-05,250.00000000000065,241.93000000000066,0.2203856749311299
2023-06-06,-1.0,0.0027894020875785922,False,9.999999999999593e-06,124.99999999999491,116.92999999999492,0.10666666666666223
2023-06-07,1.0,-0.001393728448603803,False,-3.0000000000000512e-05,-375.0000000000064,-383.0700000000064,-0.32000000000000517
2023-06-08,1.0,-0.004192878260036039,False,6.000000000000016e-05,750.0000000000019,741.9300000000019,0.6400000000000008
2023-06-09,-1.0,0.008356594590941492,False,3.0000000000000512e-05,375.0000000000064,366.93000000000643,0.31746031746032227
2023-06-12,1.0,-0.004169568236725003,False,-2.0000000000000052e-05,-250.00000000000065,-258.0700000000007,-0.21680216802168029
2023-06-13,1.0,-0.002785517121426312,False,-3.0000000000000512e-05,-375.0000000000064,-383.0700000000064,-0.32520325203252515
2023-06-14,1.0,-0.004192878260036039,False,1.000000000000046e-05,125.00000000000576,116.93000000000575,0.10666666666667134
2023-06-16,1.0,-0.0027624326959100726,False,-8.000000000000021e-05,-1000.0000000000026,-1008.0700000000027,-0.8602150537634408
2023-06-19,1.0,-0.011126679464757105,False,-1.000000000000046e-05,-125.00000000000576,-133.07000000000576,-0.10498687664042447
2023-06-20,1.0,-0.0013995803544233545,False,3.0000000000000512e-05,375.0000000000064,366.93000000000643,0.32258064516129475
2023-06-21,-1.0,0.004192878260035958,False,2.0000000000000052e-05,250.00000000000065,241.93000000000066,0.21164021164021152
2023-06-22,1.0,-0.002793297905612711,False,-6.999999999999975e-05,-874.9999999999969,-883.069999999997,-0.7466666666666611
2023-06-23,1.0,-0.009838449000287828,False,-3.0000000000000512e-05,-375.0000000000064,-383.0700000000064,-0.3174603174603221
2023-06-26,1.0,-0.004246290881451208,False,1.000000000000046e-05,125.00000000000576,116.93000000000575,0.10582010582011042
2023-06-27,-1.0,0.0014174346809735369,False,3.0000000000000512e-05,375.0000000000064,366.93000000000643,0.3174603174603221
2023-06-28,1.0,-0.004258345682577192,False,-2.0000000000000052e-05,-250.00000000000065,-258.0700000000007,-0.21680216802168029
2023-06-29,1.0,-0.002849004776074826,False,-2.0000000000000052e-05,-250.00000000000065,-258.0700000000007,-0.21857923497267778
2023-06-30,1.0,-0.0028571448007798914,False,2.0000000000000052e-05,250.00000000000065,241.93000000000066,0.22792022792022798
2023-07-03,-1.0,0.002857144800779744,False,2.0000000000000052e-05,250.00000000000065,241.93000000000066,0.23391812865497094
2023-07-04,1.0,-0.0028571448007798914,False,1.000000000000046e-05,125.00000000000576,116.93000000000575,0.11904761904762431
2023-07-05,-1.0,0.0014295928095943715,False,1.000000000000046e-05,125.00000000000576,116.93000000000575,0.12012012012012538
2023-07-06,1.0,-0.0014295928095944335,False,2.0000000000000052e-05,250.00000000000065,241.93000000000066,0.2492211838006231
2023-07-07,-1.0,0.0028530689824064807,True,-7.874999999999983e-05,-984.3749999999978,-992.4449999999979,-0.9999999999999956
2023-07-10,-1.0,0.012739025777429712,False,-4.0000000000000105e-05,-500.0000000000013,-508.0700000000013,-0.4804804804804807
2023-07-11,-1.0,0.005610112890766783,False,-4.99999999999997e-05,-624.9999999999962,-633.0699999999963,-0.5747126436781563
2023-07-12,-1.0,0.006968669316093215,True,-8.55000000000005e-05,-1068.7500000000064,-1076.8200000000063,-1.0000000000000042
2023-07-13,-1.0,0.01379332213233577,False,-2.0000000000000052e-05,-250.00000000000065,-258.0700000000007,-0.224089635854342
2023-07-14,-1.0,0.0027359798188748455,False,4.99999999999997e-05,624.9999999999962,616.9299999999962,0.5747126436781568
2023-07-17,1.0,-0.006854036427792145,False,0.0,0.0,-8.07,0.0
2023-07-19,1.0,-0.0013745706631665985,False,-4.0000000000000105e-05,-500.0000000000013,-508.0700000000013,-0.4336043360433612
2023-07-20,1.0,-0.00551725537475474,False,-3.0000000000000512e-05,-375.0000000000064,-383.0700000000064,-0.3225806451612957
2023-07-21,1.0,-0.004158010148663788,False,-8.000000000000021e-05,-1000.0000000000026,-1008.0700000000027,-0.8672086720867217
2023-07-24,1.0,-0.011173300598125302,False,1.000000000000046e-05,125.00000000000576,116.93000000000575,0.10416666666667133
2023-07-25,-1.0,0.0014035090023203122,False,-2.0000000000000052e-05,-250.00000000000065,-258.0700000000007,-0.2051282051282054
2023-07-26,-1.0,0.0028011222797117733,False,-3.0000000000000512e-05,-375.0000000000064,-383.0700000000064,-0.30769230769231254
2023-07-27,-1.0,0.0041811907604011106,False,-6.000000000000016e-05,-750.0000000000019,-758.070000000002,-0.6060606060606065
2023-07-28,-1.0,0.008310297133628035,False,9.000000000000067e-05,1125.0000000000084,1116.9300000000085,0.8450704225352164
2023-07-31,1.0,-0.012526259819180369,False,-5.999999999999929e-05,-749.9999999999911,-758.0699999999912,-0.49382716049382075
2023-08-01,1.0,-0.008438868645864484,False,-5.0000000000000565e-05,-625.000000000007,-633.0700000000071,-0.39920159680639145
2023-08-02,1.0,-0.007087201883054986,False,-2.0000000000000052e-05,-250.00000000000065,-258.0700000000007,-0.1559454191033142
2023-08-03,1.0,-0.0028409110016037525,False,3.0000000000000512e-05,375.0000000000064,366.93000000000643,0.22988505747126825
2023-08-04,-1.0,0.004258345682577246,False,-4.0000000000000105e-05,-500.0000000000013,-508.0700000000013,-0.2996254681647949
2023-08-07,-1.0,0.0056497325421191276,False,4.0000000000000105e-05,500.0000000000013,491.9300000000013,0.3065134099616867
2023-08-08,1.0,-0.005649732542119021,False,-4.0000000000000105e-05,-500.0000000000013,-508.0700000000013,-0.31372549019607937
2023-08-09,1.0,-0.005681833467430946,False,-2.0000000000000052e-05,-250.00000000000065,-258.0700000000007,-0.15686274509803969
2023-08-10,1.0,-0.002853068982406399,False,-5.0000000000000565e-05,-625.000000000007,-633.0700000000071,-0.4115226337448609
2023-08-11,1.0,-0.007168489478612628,False,-9.999999999999593e-06,-124.99999999999491,-133.0699999999949,-0.08080808080807755
2023-08-14,1.0,-0.0014398850579875322,False,-2.9999999999999645e-05,-374.99999999999557,-383.06999999999556,-0.2531645569620225
2023-08-15,1.0,-0.00433213673913457,False,0.0,0.0,-8.07,0.0
2023-08-17,1.0,-0.005805531545320624,False,2.0000000000000052e-05,250.00000000000065,241.93000000000066,0.17897091722595146
2023-08-18,-1.0,0.0029069787913093108,False,-2.0000000000000052e-05,-250.00000000000065,-258.0700000000007,-0.18140589569161078
2023-08-21,-1.0,0.0028985527540112575,False,4.0000000000000105e-05,500.0000000000013,491.9300000000013,0.3809523809523826
2023-08-22,1.0,-0.005805531545320624,False,9.999999999999593e-06,124.99999999999491,116.92999999999492,0.09523809523809151
2023-08-23,-1.0,0.0014545457109943617,False,-5.0000000000000565e-05,-625.000000000007,-633.0700000000071,-0.4761904761904823
2023-08-24,-1.0,0.007241161256559694,False,5.0000000000000565e-05,625.000000000007,616.930000000007,0.4761904761904827
2023-08-25,1.0,-0.007241161256559697,False,-2.0000000000000052e-05,-250.00000000000065,-258.0700000000007,-0.19900497512437917
2023-08-28,1.0,-0.0029112102074584415,False,0.0,0.0,-8.07,0.0
2023-08-30,-1.0,0.005830920310793144,False,1.000000000000046e-05,125.00000000000576,116.93000000000575,0.12345679012346265
2023-08-31,1.0,-0.0014566644964641555,False,3.0000000000000512e-05,375.0000000000064,366.93000000000643,0.37383177570094134
2023-09-01,-1.0,0.004363643287773492,False,3.0000000000000512e-05,375.0000000000064,366.93000000000643,0.38834951456311395
2023-09-04,1.0,-0.004363643287773464,False,-2.0000000000000052e-05,-250.00000000000065,-258.0700000000007,-0.25396825396825495
2023-09-05,1.0,-0.0029197101033347503,False,-6.000000000000016e-05,-750.0000000000019,-758.070000000002,-0.7843137254901988
2023-09-06,1.0,-0.00881062968215492,False,0.0,0.0,-8.07,0.0
2023-09-08,-1.0,0.0029455102297567446,False,2.9999999999999645e-05,374.99999999999557,366.9299999999956,0.40816326530611763
2023-09-11,1.0,-0.004421525257877374,False,1.000000000000046e-05,125.00000000000576,116.93000000000575,0.13201320132013805
2023-09-12,-1.0,0.0014652017273279626,False,3.0000000000000512e-05,375.0000000000064,366.93000000000643,0.38834951456311284
2023-09-13,1.0,-0.004402061400637764,False,-9.999999999999593e-06,-124.99999999999491,-133.0699999999949,-0.1294498381876968
2023-09-14,1.0,-0.0014716706114562507,False,-1.000000000000046e-05,-125.00000000000576,-133.07000000000576,-0.13071895424837182
2023-09-18,1.0,-0.0029112102074584415,False,0.0,0.0,-8.07,0.0
2023-09-20,1.0,-0.0014566644964641555,False,-9.999999999999593e-06,-124.99999999999491,-133.0699999999949,-0.14492753623187776
2023-09-21,1.0,-0.001458789463659873,False,3.0000000000000512e-05,375.0000000000064,366.93000000000643,0.44943820224719727
2023-09-22,-1.0,0.004376374599799003,False,4.0000000000000105e-05,500.0000000000013,491.9300000000013,0.6130268199233714
2023-09-25,1.0,-0.005839432651559328,False,-2.0000000000000052e-05,-250.00000000000065,-258.0700000000007,-0.310077519379845
2023-09-26,1.0,-0.0029325534212777528,False,-1.000000000000046e-05,-125.00000000000576,-133.07000000000576,-0.1515151515151581
2023-09-27,1.0,-0.001469507979360106,False,-2.9999999999999645e-05,-374.99999999999557,-383.06999999999556,-0.48780487804877337
2023-09-28,1.0,-0.004421525257877374,False,1.000000000000046e-05,125.00000000000576,116.93000000000575,0.16460905349794963
2023-09-29,-1.0,0.0014738396183005232,False,-0.0,-0.0,-8.07,-0.0
2023-10-03,1.0,-0.0014781968693108945,False,3.999999999999924e-05,499.99999999999045,491.92999999999046,0.711111111111096
2023-10-04,-1.0,0.005899722127188102,False,-0.0,-0.0,-8.07,-0.0
2023-10-06,-1.0,0.002941178590816229,False,4.0000000000000105e-05,500.0000000000013,491.9300000000013,0.6504065040650414
2023-10-09,1.0,-0.005891033237237419,False,3.0000000000000512e-05,375.0000000000064,366.93000000000643,0.4878048780487886
2023-10-10,-1.0,0.0044150182091169145,False,1.000000000000046e-05,125.00000000000576,116.93000000000575,0.16877637130802448
2023-10-11,1.0,-0.001469507979360106,False,-2.0000000000000052e-05,-250.00000000000065,-258.0700000000007,-0.3375527426160343
2023-10-12,1.0,-0.002945510229756803,False,-3.999999999999924e-05,-499.99999999999045,-508.06999999999044,-0.6751054852320539
2023-10-13,1.0,-0.005917177028088396,False,2.0000000000000052e-05,250.00000000000065,241.93000000000066,0.32921810699588566
2023-10-16,-1.0,0.0029629651306570487,False,-0.0,-0.0,-8.07,-0.0
2023-10-18,1.0,-0.0014825799602227248,False,0.0,0.0,-8.07,0.0
2023-10-23,1.0,-0.0014847812675793362,False,0.0,0.0,-8.07,0.0
2023-10-25,1.0,-0.0014847812675793362,False,-9.999999999999593e-06,-124.99999999999491,-133.0699999999949,-0.17543859649122107
2023-10-26,1.0,-0.0014869891215782557,False,-9.999999999999593e-06,-124.99999999999491,-133.0699999999949,-0.180180180180173
2023-10-27,1.0,-0.0014914245866700204,False,4.0000000000000105e-05,500.0000000000013,491.9300000000013,0.7017543859649148
2023-10-30,-1.0,0.005952398527295352,False,-2.0000000000000052e-05,-250.00000000000065,-258.0700000000007,-0.35555555555555657
2023-10-31,-1.0,0.0029629651306570487,False,0.00011000000000000072,1375.000000000009,1366.9300000000092,1.9298245614035205
2023-11-01,1.0,-0.016406035387110093,False,2.9999999999999645e-05,374.99999999999557,366.9299999999956,0.5333333333333266
2023-11-02,-1.0,0.004507896439189922,False,-2.0000000000000052e-05,-250.00000000000065,-258.0700000000007,-0.3508771929824569
2023-11-03,-1.0,0.0029940142126046996,True,-5.774999999999964e-05,-721.8749999999956,-729.9449999999956,-0.999999999999993
2023-11-06,-1.0,0.0074460507840787525,False,3.0000000000000512e-05,375.0000000000064,366.93000000000643,0.5194805194805272
2023-11-07,1.0,-0.00446097394062534,False,-2.0000000000000052e-05,-250.00000000000065,-258.0700000000007,-0.3463203463203465
2023-11-08,1.0,-0.0029850768434533967,False,-2.9999999999999645e-05,-374.99999999999557,-383.06999999999556,-0.5263157894736772
2023-11-09,1.0,-0.004494389587839215,False,-2.9999999999999645e-05,-374.99999999999557,-383.06999999999556,-0.5333333333333266
2023-11-10,1.0,-0.004507896439189817,False,-9.999999999999593e-06,-124.99999999999491,-133.0699999999949,-0.1801801801801726
2023-11-13,1.0,-0.0015048911794202768,False,-1.000000000000046e-05,-125.00000000000576,-133.07000000000576,-0.18018018018018822
2023-11-14,1.0,-0.0015071592905713629,False,6.000000000000016e-05,750.0000000000019,741.9300000000019,1.0666666666666687
2023-11-15,-1.0,0.00900906994236591,False,4.0000000000000105e-05,500.0000000000013,491.9300000000013,0.6837606837606844
2023-11-16,1.0,-0.006006024060211922,False,2.9999999999999645e-05,374.99999999999557,366.9299999999956,0.48780487804877404
2023-11-17,-1.0,0.004507896439189922,False,-4.0000000000000105e-05,-500.0000000000013,-508.0700000000013,-0.6130268199233726
2023-11-20,-1.0,0.0059790910560580095,True,-6.975000000000037e-05,-871.8750000000045,-879.9450000000046,-1.000000000000005
2023-11-21,-1.0,0.008902135940593251,False,-0.0,-0.0,-8.07,-0.0
2023-11-23,1.0,-0.008902135940593265,False,0.0,0.0,-8.07,0.0
2023-11-28,-1.0,0.005943553900848137,False,-4.99999999999997e-05,-624.9999999999962,-633.0699999999963,-0.6289308176100605
2023-11-29,-1.0,0.00738010729762246,False,-0.0,-0.0,-8.07,-0.0
2023-12-01,1.0,-0.008836581800497888,False,5.999999999999929e-05,749.9999999999911,741.9299999999911,0.7547169811320688
2023-12-04,-1.0,0.008836581800497944,False,3.0000000000000512e-05,375.0000000000064,366.93000000000643,0.3738317757009422
2023-12-05,1.0,-0.004402061400637764,False,0.0,0.0,-8.07,0.0
2023-12-07,1.0,-0.001469507979360106,False,0.00017,2125.0,2116.93,2.0606060606060668
2023-12-08,-1.0,0.024692612590371414,False,3.999999999999924e-05,499.99999999999045,491.92999999999046,0.3980099502487494
2023-12-11,1.0,-0.005772021797122177,False,-4.99999999999997e-05,-624.9999999999962,-633.0699999999963,-0.4597701149425268
2023-12-12,1.0,-0.007272759329079697,False,2.9999999999999645e-05,374.99999999999557,366.9299999999956,0.2666666666666639
2023-12-13,-1.0,0.004369999671118388,True,-0.00011099999999999999,-1387.4999999999998,-1395.5699999999997,-1.0000000000000016
2023-12-14,-1.0,0.017291497110061043,False,-4.0000000000000105e-05,-500.0000000000013,-508.0700000000013,-0.3354297693920349
2023-12-18,1.0,-0.0013995803544233545,False,-3.999999999999924e-05,-499.99999999999045,-508.06999999999044,-0.3292181069958789
2023-12-19,1.0,-0.005617992304223149,False,-6.000000000000016e-05,-750.0000000000019,-758.070000000002,-0.5031446540880521
2023-12-20,1.0,-0.008474626990972232,False,1.000000000000046e-05,125.00000000000576,116.93000000000575,0.08032128514056598
2023-12-21,-1.0,0.0014174346809735369,False,-6.000000000000016e-05,-750.0000000000019,-758.070000000002,-0.4938271604938285
2023-12-22,-1.0,0.008450754517723251,False,1.000000000000046e-05,125.00000000000576,116.93000000000575,0.08032128514056598
2023-12-26,1.0,-0.001403509002320198,False,0.0,0.0,-8.07,0.0
2023-12-28,-1.0,0.00420463128203187,False,-9.999999999999593e-06,-124.99999999999491,-133.0699999999949,-0.08130081300812676
2023-12-29,-1.0,0.0013976242666379351,False,-2.0000000000000052e-05,-250.00000000000065,-258.0700000000007,-0.16064257028112494
2024-01-02,-1.0,0.0027894020875785922,False,4.99999999999997e-05,624.9999999999962,616.9299999999962,0.4065040650406479
2024-01-03,1.0,-0.0069881486339282515,False,-5.999999999999929e-05,-749.9999999999911,-758.0699999999912,-0.4878048780487745
2024-01-04,1.0,-0.008462673918733543,False,-7.000000000000062e-05,-875.0000000000077,-883.0700000000078,-0.5555555555555604
2024-01-05,1.0,-0.009964495259431942,False,0.0,0.0,-8.07,0.0
2024-01-09,-1.0,0.002857144800779744,False,9.999999999999593e-06,124.99999999999491,116.92999999999492,0.08333333333332994
2024-01-10,1.0,-0.001427551991185335,False,-6.999999999999975e-05,-874.9999999999969,-883.069999999997,-0.6100217864923726
2024-01-11,1.0,-0.01005033585350145,False,1.9999999999999185e-05,249.99999999998983,241.92999999998983,0.17543859649122098
2024-01-12,-1.0,0.0028818463748887285,False,-2.0000000000000052e-05,-250.00000000000065,-258.0700000000007,-0.1754385964912286
2024-01-15,-1.0,0.0028735651957317787,False,3.999999999999924e-05,499.99999999999045,491.92999999999046,0.3782505910165413
2024-01-16,1.0,-0.005755411570620539,False,-7.000000000000062e-05,-875.0000000000077,-883.0700000000078,-0.6862745098039281
2024-01-17,1.0,-0.010152371464018073,False,-4.99999999999997e-05,-624.9999999999962,-633.0699999999963,-0.48309178743961084
2024-01-18,1.0,-0.00731532157637277,False,0.0,0.0,-8.07,0.0
2024-01-24,1.0,-0.0029368596733097135,False,3.0000000000000512e-05,375.0000000000064,366.93000000000643,0.30769230769231254
2024-01-25,-1.0,0.004402061400637665,False,2.0000000000000052e-05,250.00000000000065,241.93000000000066,0.19607843137254924
2024-01-26,1.0,-0.002928259779088334,False,-2.0000000000000052e-05,-250.00000000000065,-258.0700000000007,-0.20050125313283226
2024-01-29,1.0,-0.0029325534212777528,False,3.0000000000000512e-05,375.0000000000064,366.93000000000643,0.31007751937984973
2024-01-30,-1.0,0.004402061400637665,False,-0.0,-0.0,-8.07,-0.0
2024-02-01,-1.0,0.002923978691435282,False,-2.0000000000000052e-05,-250.00000000000065,-258.0700000000007,-0.2133333333333337
2024-02-02,-1.0,0.0029112102074585343,False,8.99999999999998e-05,1124.9999999999975,1116.9299999999976,0.9999999999999973
2024-02-05,1.0,-0.013167710374647557,False,-9.999999999999593e-06,-124.99999999999491,-133.0699999999949,-0.11111111111110646
2024-02-06,1.0,-0.0014760150281205415,False,4.0000000000000105e-05,500.0000000000013,491.9300000000013,0.4558404558404567
2024-02-07,-1.0,0.005891033237237342,False,2.0000000000000052e-05,250.00000000000065,241.93000000000066,0.2298850574712649
2024-02-08,1.0,-0.0029411785908162623,False,-4.99999999999997e-05,-624.9999999999962,-633.0699999999963,-0.5952380952380913
2024-02-09,1.0,-0.007391016646389067,False,0.0,0.0,-8.07,0.0
2024-02-13,1.0,-0.0014847812675793362,False,-6.000000000000016e-05,-750.0000000000019,-758.070000000002,-0.7547169811320774
2024-02-14,1.0,-0.008955283729104055,False,0.0,0.0,-8.07,0.0
2024-02-16,-1.0,0.002989538848365986,False,1.000000000000046e-05,125.00000000000576,116.93000000000575,0.12698412698413283
2024-02-19,1.0,-0.0014936522567833646,False,0.0,0.0,-8.07,0.0
2024-02-21,-1.0,0.001493652256783372,False,9.999999999999593e-06,124.99999999999491,116.92999999999492,0.13888888888888334
2024-02-22,1.0,-0.0014958865915826911,False,-1.000000000000046e-05,-125.00000000000576,-133.07000000000576,-0.14652014652015335
2024-02-23,1.0,-0.0014981276210221032,False,0.0,0.0,-8.07,0.0
2024-02-27,1.0,-0.0015003753752345652,False,9.999999999999593e-06,124.99999999999491,116.92999999999492,0.15503875968991623
2024-02-28,-1.0,0.001500375375234492,False,9.999999999999593e-06,124.99999999999491,116.92999999999492,0.15686274509803294
2024-02-29,1.0,-0.0015003753752345652,False,2.9999999999999645e-05,374.99999999999557,366.9299999999956,0.5128205128205071
2024-03-01,-1.0,0.004494389587839267,False,-0.0,-0.0,-8.07,-0.0
2024-03-05,1.0,-0.0029985029962565574,False,2.0000000000000052e-05,250.00000000000065,241.93000000000066,0.3603603603603612
2024-03-06,-1.0,0.002998502996256633,False,-2.9999999999999645e-05,-374.99999999999557,-383.06999999999556,-0.5555555555555488
2024-03-07,-1.0,0.0044809634350360195,True,-5.475000000000011e-05,-684.3750000000014,-692.4450000000014,-1.000000000000001
2024-03-08,-1.0,0.007423939071282487,True,-5.5499999999999994e-05,-693.7499999999999,-701.8199999999999,-0.9999999999999986
2024-03-11,-1.0,0.005891033237237342,False,-0.0,-0.0,-8.07,-0.0
2024-03-13,1.0,-0.004415018209116831,False,-9.999999999999593e-06,-124.99999999999491,-133.0699999999949,-0.16877637130800985
2024-03-14,1.0,-0.0014760150281205415,False,-2.9999999999999645e-05,-374.99999999999557,-383.06999999999556,-0.49382716049382136
2024-03-18,1.0,-0.005865119452398134,False,-1.000000000000046e-05,-125.00000000000576,-133.07000000000576,-0.1626016260162677
2024-03-19,1.0,-0.001469507979360106,True,-6.22499999999998e-05,-778.1249999999976,-786.1949999999977,-0.9999999999999978
2024-03-20,1.0,-0.011834457647002796,False,-2.0000000000000052e-05,-250.00000000000065,-258.0700000000007,-0.2996254681647951
2024-03-21,1.0,-0.0029806281381377893,False,-2.0000000000000052e-05,-250.00000000000065,-258.0700000000007,-0.2930402930402943
2024-03-22,1.0,-0.0029895388483660483,False,9.999999999999593e-06,124.99999999999491,116.92999999999492,0.14184397163120005
2024-03-25,-1.0,0.001495886591582708,False,-0.0,-0.0,-8.07,-0.0
2024-03-27,1.0,-0.0014958865915826911,False,9.999999999999593e-06,124.99999999999491,116.92999999999492,0.14035087719297695
2024-03-28,-1.0,0.001495886591582708,False,-0.0,-0.0,-8.07,-0.0
2024-04-02,1.0,-0.0029940142126047777,False,0.0,0.0,-8.07,0.0
2024-04-04,1.0,-0.0014981276210221032,False,2.0000000000000052e-05,250.00000000000065,241.93000000000066,0.2962962962962977
2024-04-05,-1.0,0.0029940142126046996,False,1.000000000000046e-05,125.00000000000576,116.93000000000575,0.14981273408240434
2024-04-08,1.0,-0.0014981276210221032,False,-9.999999999999593e-06,-124.99999999999491,-133.0699999999949,-0.15686274509803327
2024-04-09,1.0,-0.0015003753752345652,False,0.0,0.0,-8.07,0.0
2024-04-11,1.0,-0.007535830688702848,False,-9.999999999999593e-06,-124.99999999999491,-133.0699999999949,-0.17316017316016652
2024-04-12,1.0,-0.0015163005179639638,False,0.0,0.0,-8.07,0.0
2024-04-16,1.0,-0.006088298867255293,False,-2.0000000000000052e-05,-250.00000000000065,-258.0700000000007,-0.3603603603603617
2024-04-17,1.0,-0.0030581063588208846,False,9.999999999999593e-06,124.99999999999491,116.92999999999492,0.17543859649122107
2024-04-18,-1.0,0.0015302221807675365,False,9.999999999999593e-06,124.99999999999491,116.92999999999492,0.1904761904761827
2024-04-19,1.0,-0.0015302221807675935,False,0.0,0.0,-8.07,0.0
2024-04-23,1.0,-0.0030674870678618345,False,-9.999999999999593e-06,-124.99999999999491,-133.0699999999949,-0.20512820512819635
2024-04-24,1.0,-0.0015349197180837017,False,-2.0000000000000052e-05,-250.00000000000065,-258.0700000000007,-0.41666666666666663
2024-04-25,1.0,-0.0030769255044793085,False,-1.000000000000046e-05,-125.00000000000576,-133.07000000000576,-0.20512820512821414
2024-04-26,1.0,-0.0015420203518153371,True,-4.6500000000000534e-05,-581.2500000000067,-589.3200000000068,-1.0000000000000087
2024-04-29,1.0,-0.01400801115611061,True,-5.699999999999976e-05,-712.499999999997,-720.5699999999971,-0.9999999999999943
2024-04-30,-1.0,0.012461220437811815,False,6.000000000000016e-05,750.0000000000019,741.9300000000019,0.833333333333334
2024-05-01,1.0,-0.009345862418237658,False,9.999999999999593e-06,124.99999999999491,116.92999999999492,0.13071895424836055
2024-05-03,-1.0,0.00917437627604123,False,-2.9999999999999645e-05,-374.99999999999557,-383.06999999999556,-0.3030303030302992
2024-05-06,-1.0,0.004569695690065268,False,5.0000000000000565e-05,625.000000000007,616.930000000007,0.4901960784313781
2024-05-07,1.0,-0.007616183045308622,False,-2.9999999999999645e-05,-374.99999999999557,-383.06999999999556,-0.2877697841726583
2024-05-08,1.0,-0.0045977092486294314,False,-4.0000000000000105e-05,-500.0000000000013,-508.0700000000013,-0.3782505910165493
2024-05-09,1.0,-0.006163347707668688,False,0.0,0.0,-8.07,0.0
2024-05-13,1.0,-0.0015467907182987934,False,-9.999999999999593e-06,-124.99999999999491,-133.0699999999949,-0.09592326139088334
2024-05-14,1.0,-0.001551590691418833,False,-1.000000000000046e-05,-125.00000000000576,-133.07000000000576,-0.09661835748792713
2024-05-15,1.0,-0.0015540018667343138,False,6.000000000000016e-05,750.0000000000019,741.9300000000019,0.5839416058394175
2024-05-16,-1.0,0.009287992466470722,False,3.0000000000000512e-05,375.0000000000064,366.93000000000643,0.2816901408450754
2024-05-17,1.0,-0.004633212921488254,False,-2.0000000000000052e-05,-250.00000000000065,-258.0700000000007,-0.18140589569161056
2024-05-20,1.0,-0.003095977705128121,False,-2.0000000000000052e-05,-250.00000000000065,-258.0700000000007,-0.18390804597701224
2024-05-21,1.0,-0.00310559255815313,False,0.0,0.0,-8.07,0.0
2024-05-23,1.0,-0.0031152673169493115,False,-9.999999999999593e-06,-124.99999999999491,-133.0699999999949,-0.0907029478458014
2024-05-24,1.0,-0.0015612805669524645,False,0.0,0.0,-8.07,0.0
2024-05-29,1.0,-0.001566171032744835,False,-2.0000000000000052e-05,-250.00000000000065,-258.0700000000007,-0.24922118380062397
2024-05-30,1.0,-0.0031397200046677527,False,2.9999999999999645e-05,374.99999999999557,366.9299999999956,0.44943820224718645
2024-05-31,-1.0,0.004705891037412714,False,2.0000000000000052e-05,250.00000000000065,241.93000000000066,0.3333333333333348
2024-06-03,1.0,-0.0031347988053715033,False,4.0000000000000105e-05,500.0000000000013,491.9300000000013,0.7111111111111131
2024-06-04,-1.0,0.0062598013485067345,True,-5.774999999999964e-05,-721.8749999999956,-729.9449999999956,-0.9999999999999952
2024-06-05,-1.0,0.00930239266231341,False,4.99999999999997e-05,624.9999999999962,616.9299999999962,0.8130081300812972
2024-06-06,1.0,-0.007757990810939338,False,2.0000000000000052e-05,250.00000000000065,241.93000000000066,0.31746031746031905
2024-06-07,-1.0,0.003110422414392552,False,5.0000000000000565e-05,625.000000000007,616.930000000007,0.7751937984496232
2024-06-10,1.0,-0.007794271726818909,False,0.0,0.0,-8.07,0.0
2024-06-13,-1.0,0.0015686277726266555,False,2.0000000000000052e-05,250.00000000000065,241.93000000000066,0.30303030303030454
2024-06-17,1.0,-0.0015491869868292669,False,-2.0000000000000052e-05,-250.00000000000065,-258.0700000000007,-0.31007751937984657
2024-06-18,1.0,-0.00310559255815313,False,-9.999999999999593e-06,-124.99999999999491,-133.0699999999949,-0.15503875968991657
2024-06-19,1.0,-0.0015564205476581953,False,0.0,0.0,-8.07,0.0
2024-06-21,1.0,-0.0046911735758800545,False,-3.0000000000000512e-05,-375.0000000000064,-383.0700000000064,-0.465116279069776
2024-06-24,1.0,-0.0047132844520983135,False,0.0,0.0,-8.07,0.0
2024-06-27,1.0,-0.006329135051647624,False,0.0,0.0,-8.07,0.0
2024-07-02,1.0,-0.0031847160675197244,False,0.0,0.0,-8.07,0.0
2024-07-04,1.0,-0.0015987213636969929,False,1.000000000000046e-05,125.00000000000576,116.93000000000575,0.16666666666667426
2024-07-05,-1.0,0.0015961695328221347,False,-1.9999999999999185e-05,-249.99999999998983,-258.0699999999898,-0.34188034188032784
2024-07-08,-1.0,0.0031847160675196984,False,-0.0,-0.0,-8.07,-0.0
2024-07-10,1.0,-0.001593625835277925,False,-9.999999999999593e-06,-124.99999999999491,-133.0699999999949,-0.17543859649122107
2024-07-11,1.0,-0.0015987213636969929,False,0.00010999999999999985,1374.9999999999982,1366.9299999999982,2.037037037037034
2024-07-12,-1.0,0.017446913603720703,True,-6.450000000000032e-05,-806.250000000004,-814.320000000004,-1.0000000000000042
2024-07-15,-1.0,0.007843177461025879,False,-9.999999999999593e-06,-124.99999999999491,-133.0699999999949,-0.14981273408239074
2024-07-16,-1.0,0.0015661710327448761,False,2.0000000000000052e-05,250.00000000000065,241.93000000000066,0.2930402930402932
2024-07-17,1.0,-0.0031347988053715033,False,7.999999999999934e-05,999.9999999999918,991.9299999999918,1.1594202898550612
2024-07-18,-1.0,0.012461220437811815,False,4.99999999999997e-05,624.9999999999962,616.9299999999962,0.6535947712418251
2024-07-19,1.0,-0.007770046861931788,False,-9.999999999999593e-06,-124.99999999999491,-133.0699999999949,-0.12698412698412165
2024-07-22,1.0,-0.0015612805669524645,False,1.000000000000046e-05,125.00000000000576,116.93000000000575,0.12820512820513397
2024-07-23,-1.0,0.0015588467692910996,False,-5.999999999999929e-05,-749.9999999999911,-758.0699999999912,-0.7692307692307602
2024-07-24,-1.0,0.00930239266231341,True,-8.175000000000023e-05,-1021.8750000000028,-1029.945000000003,-1.0000000000000029
2024-07-25,-1.0,0.010744539282977382,False,-0.0,-0.0,-8.07,-0.0
2024-07-30,1.0,-0.001527884178053287,False,3.0000000000000512e-05,375.0000000000064,366.93000000000643,0.31250000000000555
2024-07-31,-1.0,0.0045766670274118935,True,-0.00010274999999999954,-1284.3749999999943,-1292.4449999999943,-0.9999999999999963
2024-08-01,-1.0,0.019534806020642302,False,-0.0,-0.0,-8.07,-0.0
2024-08-05,-1.0,0.01910418131004236,True,-0.0001275,-1593.7500000000002,-1601.8200000000002,-1.0000000000000004
2024-08-06,-1.0,0.018746042821055412,False,4.0000000000000105e-05,500.0000000000013,491.9300000000013,0.2821869488536163
2024-08-07,1.0,-0.005738896669018167,True,-0.00014999999999999996,-1874.9999999999995,-1883.0699999999995,-0.9999999999999997
2024-08-08,1.0,-0.017366572498298476,False,-2.9999999999999645e-05,-374.99999999999557,-383.06999999999556,-0.18691588785046515
2024-08-09,1.0,-0.0043827681550950865,False,2.0000000000000052e-05,250.00000000000065,241.93000000000066,0.12882447665056393
2024-08-12,-1.0,0.002923978691435282,False,2.0000000000000052e-05,250.00000000000065,241.93000000000066,0.1300813008130085
2024-08-13,1.0,-0.0029239786914352006,False,2.0000000000000052e-05,250.00000000000065,241.93000000000066,0.12820512820512858
2024-08-14,-1.0,0.002923978691435282,False,3.0000000000000512e-05,375.0000000000064,366.93000000000643,0.18957345971564316
2024-08-15,1.0,-0.004389180418763319,False,-7.999999999999934e-05,-999.9999999999918,-1008.0699999999919,-0.5152979066022505
2024-08-16,1.0,-0.011799546931154942,False,6.999999999999975e-05,874.9999999999969,866.9299999999969,0.4444444444444432
2024-08-19,-1.0,0.010347468525424543,False,-5.0000000000000565e-05,-625.000000000007,-633.0700000000071,-0.3100775193798487
2024-08-20,-1.0,0.007326040092072881,False,-6.000000000000016e-05,-750.0000000000019,-758.070000000002,-0.35714285714285826
2024-08-21,-1.0,0.00872098550544464,False,-9.999999999999593e-06,-124.99999999999491,-133.0699999999949,-0.05873715124816209
2024-08-22,-1.0,0.0014461318499997134,False,5.0000000000000565e-05,625.000000000007,616.930000000007,0.2936857562408258
2024-08-23,1.0,-0.007262196041784783,False,0.00010000000000000026,1250.0000000000032,1241.9300000000032,0.5925925925925943
2024-08-26,-1.0,0.014472032608534469,False,2.0000000000000052e-05,250.00000000000065,241.93000000000066,0.11644832605531327
2024-08-27,1.0,-0.002877699827615169,False,2.9999999999999645e-05,374.99999999999557,366.9299999999956,0.1739130434782589
2024-08-28,-1.0,0.0043134502537193475,False,3.999999999999924e-05,499.99999999999045,491.92999999999046,0.23703703703703266
2024-08-29,1.0,-0.005755411570620539,False,-2.0000000000000052e-05,-250.00000000000065,-258.0700000000007,-0.12519561815336508
2024-08-30,1.0,-0.0028860048891349867,False,-5.0000000000000565e-05,-625.000000000007,-633.0700000000071,-0.3205128205128245
2024-09-02,1.0,-0.007262196041784783,False,-2.9999999999999645e-05,-374.99999999999557,-383.06999999999556,-0.19900497512437595
2024-09-03,1.0,-0.0043827681550950865,False,6.000000000000016e-05,750.0000000000019,741.9300000000019,0.4347826086956538
2024-09-04,-1.0,0.008759180089881554,False,-7.999999999999934e-05,-999.9999999999918,-1008.0699999999919,-0.5925925925925881
2024-09-05,-1.0,0.01154413974686526,False,-1.000000000000046e-05,-125.00000000000576,-133.07000000000576,-0.07751937984496488
2024-09-06,-1.0,0.001433692001848616,False,-4.99999999999997e-05,-624.9999999999962,-633.0699999999963,-0.3944773175542387
2024-09-09,-1.0,0.007137789048292307,False,4.0000000000000105e-05,500.0000000000013,491.9300000000013,0.30828516377649434
2024-09-10,1.0,-0.005698021114637779,False,4.0000000000000105e-05,500.0000000000013,491.9300000000013,0.3065134099616871
2024-09-11,-1.0,0.005706149576854689,False,-0.0,-0.0,-8.07,-0.0
2024-09-16,-1.0,0.005586606708639776,False,9.999999999999593e-06,124.99999999999491,116.92999999999492,0.07751937984495812
2024-09-17,1.0,-0.0013898542890543016,False,-8.000000000000021e-05,-1000.0000000000026,-1008.0700000000027,-0.6464646464646484
2024-09-18,1.0,-0.011173300598125302,False,-9.999999999999593e-06,-124.99999999999491,-133.0699999999949,-0.08032128514055902
2024-09-19,1.0,-0.0014074597678797173,False,-2.9999999999999645e-05,-374.99999999999557,-383.06999999999556,-0.24242424242423966
2024-09-20,1.0,-0.00422238487984825,False,-6.000000000000016e-05,-750.0000000000019,-758.070000000002,-0.4761904761904778
2024-09-23,1.0,-0.008498634721462582,False,2.0000000000000052e-05,250.00000000000065,241.93000000000066,0.15686274509803969
2024-09-24,-1.0,0.0028409110016036497,False,-2.0000000000000052e-05,-250.00000000000065,-258.0700000000007,-0.1568627450980396
2024-09-25,-1.0,0.0028368813351997567,False,8.000000000000021e-05,1000.0000000000026,991.9300000000026,0.6237816764132564
2024-09-26,1.0,-0.011396134730869582,False,0.0,0.0,-8.07,0.0
2024-09-30,-1.0,0.018453327040868477,False,7.000000000000062e-05,875.0000000000077,866.9300000000077,0.5017921146953446
2024-10-01,1.0,-0.0099080782246963,False,0.0,0.0,-8.07,0.0
2024-10-03,1.0,-0.01866529421935986,False,-2.9999999999999645e-05,-374.99999999999557,-383.06999999999556,-0.20618556701030666
2024-10-04,1.0,-0.004357305368955701,False,-9.000000000000067e-05,-1125.0000000000084,-1133.0700000000083,-0.6282722513089045
2024-10-07,1.0,-0.013187004281953914,False,4.0000000000000105e-05,500.0000000000013,491.9300000000013,0.27350427350427403
2024-10-08,-1.0,0.005882369903066613,False,-0.0,-0.0,-8.07,-0.0
2024-10-10,1.0,-0.007369230106548221,False,2.9999999999999645e-05,374.99999999999557,366.9299999999956,0.2139037433155053
2024-10-11,-1.0,0.004428051515732004,False,2.9999999999999645e-05,374.99999999999557,366.9299999999956,0.21390374331550538
2024-10-14,1.0,-0.00442805151573202,False,-3.0000000000000512e-05,-375.0000000000064,-383.0700000000064,-0.21857923497268125
2024-10-15,1.0,-0.004447746398236365,False,3.0000000000000512e-05,375.0000000000064,366.93000000000643,0.22222222222222596
2024-10-16,-1.0,0.00444774639823627,False,3.0000000000000512e-05,375.0000000000064,366.93000000000643,0.23121387283237382
2024-10-17,1.0,-0.004447746398236365,False,-3.0000000000000512e-05,-375.0000000000064,-383.0700000000064,-0.24096385542169077
2024-10-18,1.0,-0.00446097394062534,False,3.0000000000000512e-05,375.0000000000064,366.93000000000643,0.25000000000000416
2024-10-21,-1.0,0.004460973940625266,False,6.000000000000016e-05,750.0000000000019,741.9300000000019,0.5263157894736854
2024-10-22,1.0,-0.008941937375661282,False,-1.000000000000046e-05,-125.00000000000576,-133.07000000000576,-0.08658008658009053
2024-10-23,1.0,-0.0014981276210221032,False,-6.999999999999975e-05,-874.9999999999969,-883.069999999997,-0.6222222222222201
2024-10-24,1.0,-0.010550210895152486,False,3.999999999999924e-05,499.99999999999045,491.92999999999046,0.3532008830022009
2024-10-25,-1.0,0.006051455683355282,False,1.9999999999999185e-05,249.99999999998983,241.92999999998983,0.17660044150109663
2024-10-28,1.0,-0.0030211503341760998,False,-9.999999999999593e-06,-124.99999999999491,-133.0699999999949,-0.10025062656641205
2024-10-29,1.0,-0.0015209128407066201,False,-1.000000000000046e-05,-125.00000000000576,-133.07000000000576,-0.10416666666667153
2024-10-30,1.0,-0.0015232295405215258,False,0.0,0.0,-8.07,0.0
2024-11-01,-1.0,0.009104766992919287,False,4.0000000000000105e-05,500.0000000000013,491.9300000000013,0.45197740112994517
2024-11-04,1.0,-0.006069821367075834,False,1.000000000000046e-05,125.00000000000576,116.93000000000575,0.12345679012346265
2024-11-05,-1.0,0.001514004831215233,False,-1.9999999999999185e-05,-249.99999999998983,-258.0699999999898,-0.2492211838006133
2024-11-06,-1.0,0.00302115033417603,False,0.0001299999999999999,1624.9999999999989,1616.929999999999,1.6199376947040531
2024-11-07,1.0,-0.019802627296179754,False,7.000000000000062e-05,875.0000000000077,866.9300000000077,0.8187134502924065
2024-11-08,-1.0,0.01071165559492781,False,-2.0000000000000052e-05,-250.00000000000065,-258.0700000000007,-0.2298850574712654
2024-11-11,-1.0,0.0030395160178968176,False,4.0000000000000105e-05,500.0000000000013,491.9300000000013,0.45584045584045807
2024-11-12,1.0,-0.006097579868118557,False,-3.0000000000000512e-05,-375.0000000000064,-383.0700000000064,-0.33613445378151907
2024-11-13,1.0,-0.00460476638674829,False,-4.99999999999997e-05,-624.9999999999962,-633.0699999999963,-0.5464480874316916
2024-11-14,1.0,-0.007722046093910278,False,-3.999999999999924e-05,-499.99999999999045,-508.06999999999044,-0.4301075268817129
2024-11-15,1.0,-0.006211200092640524,False,8.99999999999998e-05,1124.9999999999975,1116.9299999999976,0.9756097560975606
2024-11-18,-1.0,0.013921338518608014,False,9.999999999999593e-06,124.99999999999491,116.92999999999492,0.10256410256409859
2024-11-19,1.0,-0.0015396461855927501,False,0.0,0.0,-8.07,0.0
2024-11-21,1.0,-0.006182399908317539,False,4.0000000000000105e-05,500.0000000000013,491.9300000000013,0.41994750656168134
2024-11-22,-1.0,0.00618239990831756,False,1.000000000000046e-05,125.00000000000576,116.93000000000575,0.10335917312661987
2024-11-25,1.0,-0.0015420203518153371,False,-1.000000000000046e-05,-125.00000000000576,-133.07000000000576,-0.1033591731266198
2024-11-26,1.0,-0.001537279318886478,False,5.0000000000000565e-05,625.000000000007,616.930000000007,0.5208333333333393
2024-11-27,-1.0,0.0076628727455693175,True,-9.674999999999961e-05,-1209.3749999999952,-1217.4449999999952,-0.9999999999999964
2024-11-28,-1.0,0.012139754550610478,False,1.9999999999999185e-05,249.99999999998983,241.92999999998983,0.19464720194646412
2024-11-29,1.0,-0.0030211503341760998,False,8.99999999999998e-05,1124.9999999999975,1116.9299999999976,0.8888888888888871
2024-12-02,-1.0,0.01352387253332537,False,-0.0,-0.0,-8.07,-0.0
2024-12-05,1.0,-0.007490671729157738,False,2.0000000000000052e-05,250.00000000000065,241.93000000000066,0.19323671497584577
2024-12-06,-1.0,0.003003005259769556,False,-1.000000000000046e-05,-125.00000000000576,-133.07000000000576,-0.09950248756219357
2024-12-09,-1.0,0.0014981276210219918,False,4.99999999999997e-05,624.9999999999962,616.9299999999962,0.4938271604938237
2024-12-10,1.0,-0.007524489978615425,False,-2.9999999999999645e-05,-374.99999999999557,-383.06999999999556,-0.2919708029197045
2024-12-11,1.0,-0.004542021434500897,False,-3.0000000000000512e-05,-375.0000000000064,-383.0700000000064,-0.2962962962963014
2024-12-12,1.0,-0.004562745558418284,False,-9.999999999999593e-06,-124.99999999999491,-133.0699999999949,-0.09732360097323212
2024-12-16,1.0,-0.007570058860545279,False,-2.0000000000000052e-05,-250.00000000000065,-258.0700000000007,-0.2035623409669217
2024-12-17,1.0,-0.0030441423812281325,False,3.0000000000000512e-05,375.0000000000064,366.93000000000643,0.3100775193798504
2024-12-18,-1.0,0.004562745558418237,False,5.0000000000000565e-05,625.000000000007,616.930000000007,0.5249343832021062
2024-12-19,1.0,-0.007616183045308622,True,-9.599999999999973e-05,-1199.9999999999966,-1208.0699999999965,-0.9999999999999979
2024-12-20,1.0,-0.01698882558646986,False,3.999999999999924e-05,499.99999999999045,491.92999999999046,0.3950617283950546
2024-12-23,-1.0,0.006211200092640455,False,2.9999999999999645e-05,374.99999999999557,366.9299999999956,0.28776978417265886
2024-12-24,1.0,-0.004654779544982405,False,-9.999999999999593e-06,-124.99999999999491,-133.0699999999949,-0.096618357487919
2024-12-26,1.0,-0.0015564205476581953,False,-3.0000000000000512e-05,-375.0000000000064,-383.0700000000064,-0.2985074626865731
2024-12-27,1.0,-0.004683849312426426,False,0.0,0.0,-8.07,0.0
2024-12-31,-1.0,0.006240269860084673,False,2.0000000000000052e-05,250.00000000000065,241.93000000000066,0.2185792349726788
2025-01-02,1.0,-0.0031152673169493115,False,-9.999999999999593e-06,-124.99999999999491,-133.0699999999949,-0.11111111111110702
2025-01-03,1.0,-0.0015612805669524645,False,9.999999999999593e-06,124.99999999999491,116.92999999999492,0.11204481792716678
2025-01-06,-1.0,0.0015612805669524105,False,9.999999999999593e-06,124.99999999999491,116.92999999999492,0.11695906432748118
2025-01-07,1.0,-0.0015612805669524645,False,-1.000000000000046e-05,-125.00000000000576,-133.07000000000576,-0.11494252873563804
2025-01-08,1.0,-0.0015637219761827587,False,-1.000000000000046e-05,-125.00000000000576,-133.07000000000576,-0.11594202898551319
2025-01-09,1.0,-0.0015686277726265983,False,9.999999999999593e-06,124.99999999999491,116.92999999999492,0.12232415902140234
2025-01-10,-1.0,0.0015710922320411461,False,-1.000000000000046e-05,-125.00000000000576,-133.07000000000576,-0.1246105919003179
2025-01-13,-1.0,0.0015686277726266555,False,-0.0,-0.0,-8.07,-0.0
2025-01-15,1.0,-0.0031298930089277044,False,6.000000000000016e-05,750.0000000000019,741.9300000000019,0.7619047619047666
2025-01-16,-1.0,0.009360442759563672,False,-4.99999999999997e-05,-624.9999999999962,-633.0699999999963,-0.6060606060606046
2025-01-17,-1.0,0.007733990599736257,False,4.0000000000000105e-05,500.0000000000013,491.9300000000013,0.48048048048048336
2025-01-20,1.0,-0.006182399908317539,False,2.9999999999999645e-05,374.99999999999557,366.9299999999956,0.36036036036035757
2025-01-21,-1.0,0.0046475683965468756,False,-0.0,-0.0,-8.07,-0.0
2025-01-23,1.0,-0.007745972114655229,False,2.0000000000000052e-05,250.00000000000065,241.93000000000066,0.26143790849673376
2025-01-24,-1.0,0.0031055925581530666,False,-0.0,-0.0,-8.07,-0.0
2025-01-28,-1.0,0.009259325412796726,False,4.0000000000000105e-05,500.0000000000013,491.9300000000013,0.46783625730994505
2025-01-29,1.0,-0.006163347707668688,False,0.0,0.0,-8.07,0.0
2025-01-31,-1.0,0.006153865574378286,False,3.0000000000000512e-05,375.0000000000064,366.93000000000643,0.3539823008849635
2025-02-03,1.0,-0.00461894585629464,False,2.0000000000000052e-05,250.00000000000065,241.93000000000066,0.2298850574712659
2025-02-04,-1.0,0.0030816665374081144,False,-2.0000000000000052e-05,-250.00000000000065,-258.0700000000007,-0.22598870056497322
2025-02-05,-1.0,0.00307692550447932,True,-8.924999999999992e-05,-1115.624999999999,-1123.694999999999,-1.0000000000000027
2025-02-06,-1.0,0.01069528911674795,False,-4.99999999999997e-05,-624.9999999999962,-633.0699999999963,-0.5249343832020983
2025-02-07,-1.0,0.007570058860545294,False,-1.000000000000046e-05,-125.00000000000576,-133.07000000000576,-0.10178117048346555
2025-02-10,-1.0,0.0015071592905713386,False,1.9999999999999185e-05,249.99999999998983,241.92999999998983,0.20671834625322236
2025-02-11,1.0,-0.0030211503341760998,False,-3.0000000000000512e-05,-375.0000000000064,-383.0700000000064,-0.3076923076923142
2025-02-12,1.0,-0.004548908526369129,True,-9.74999999999995e-05,-1218.7499999999936,-1226.8199999999936,-0.9999999999999989
2025-02-13,1.0,-0.012232568435634408,False,7.000000000000062e-05,875.0000000000077,866.9300000000077,0.7070707070707156
2025-02-14,-1.0,0.01071165559492781,False,-3.0000000000000512e-05,-375.0000000000064,-383.0700000000064,-0.29850746268657324
2025-02-17,-1.0,0.004562745558418237,False,-3.999999999999924e-05,-499.99999999999045,-508.06999999999044,-0.4010025062656577
2025-02-18,-1.0,0.006051455683355282,False,2.0000000000000052e-05,250.00000000000065,241.93000000000066,0.2005012531328332
2025-02-19,1.0,-0.003025720916536956,False,2.0000000000000052e-05,250.00000000000065,241.93000000000066,0.20356234096692227
2025-02-20,-1.0,0.00302572091653689,False,-8.000000000000021e-05,-1000.0000000000026,-1008.0700000000027,-0.8205128205128249
2025-02-21,-1.0,0.012012156448003653,False,-2.0000000000000052e-05,-250.00000000000065,-258.0700000000007,-0.19753086419753182
2025-02-24,-1.0,0.00298062813813772,False,2.0000000000000052e-05,250.00000000000065,241.93000000000066,0.1975308641975317
2025-02-25,1.0,-0.0029806281381377893,False,2.9999999999999645e-05,374.99999999999557,366.9299999999956,0.3100775193798417
2025-02-26,-1.0,0.004467617259716052,False,-0.0,-0.0,-8.07,-0.0
2025-02-28,1.0,-0.005961269516499334,False,-2.9999999999999645e-05,-374.99999999999557,-383.06999999999556,-0.30303030303029943
2025-03-03,1.0,-0.004494389587839215,False,6.000000000000016e-05,750.0000000000019,741.9300000000019,0.5925925925925939
2025-03-04,-1.0,0.008995562908578003,False,-2.0000000000000052e-05,-250.00000000000065,-258.0700000000007,-0.19607843137254938
2025-03-05,-1.0,0.00298062813813772,False,-4.0000000000000105e-05,-500.0000000000013,-508.0700000000013,-0.38647342995169154
2025-03-06,-1.0,0.005961269516499446,False,-4.0000000000000105e-05,-500.0000000000013,-508.0700000000013,-0.39215686274509876
2025-03-07,-1.0,0.005925943267547168,False,9.999999999999593e-06,124.99999999999491,116.92999999999492,0.09592326139088334
2025-03-10,1.0,-0.0014781968693108945,False,1.000000000000046e-05,125.00000000000576,116.93000000000575,0.09592326139089159
2025-03-11,-1.0,0.0014738396183005232,False,2.9999999999999645e-05,374.99999999999557,366.9299999999956,0.2857142857142819
2025-03-12,1.0,-0.004421525257877374,False,-2.9999999999999645e-05,-374.99999999999557,-383.06999999999556,-0.2777777777777741
2025-03-13,1.0,-0.0044411619999679365,False,2.0000000000000052e-05,250.00000000000065,241.93000000000066,0.19184652278177486
2025-03-17,1.0,-0.005865119452398134,False,-2.9999999999999645e-05,-374.99999999999557,-383.06999999999556,-0.2919708029197043
2025-03-18,1.0,-0.004421525257877374,False,0.0,0.0,-8.07,0.0
2025-03-20,-1.0,0.0014760150281204576,False,-0.0,-0.0,-8.07,-0.0
2025-03-24,1.0,-0.0029542118974314087,False,-6.000000000000016e-05,-750.0000000000019,-758.070000000002,-0.6060606060606072
2025-03-25,1.0,-0.008915363657952393,False,4.0000000000000105e-05,500.0000000000013,491.9300000000013,0.398009950248757
2025-03-26,-1.0,0.005952398527295352,False,2.9999999999999645e-05,374.99999999999557,366.9299999999956,0.3030303030302992
2025-03-27,1.0,-0.004467617259716045,False,-2.0000000000000052e-05,-250.00000000000065,-258.0700000000007,-0.2020202020202024
2025-03-28,1.0,-0.0029895388483660483,False,6.000000000000016e-05,750.0000000000019,741.9300000000019,0.6153846153846166
2025-03-31,-1.0,0.008941937375661433,False,1.000000000000046e-05,125.00000000000576,116.93000000000575,0.10416666666667139
2025-04-01,1.0,-0.0014847812675793362,False,1.000000000000046e-05,125.00000000000576,116.93000000000575,0.10666666666667154
2025-04-02,-1.0,0.001484781267579224,False,2.0000000000000052e-05,250.00000000000065,241.93000000000066,0.21857923497267823
2025-04-04,-1.0,0.01609398307326306,False,4.0000000000000105e-05,500.0000000000013,491.9300000000013,0.42328042328042415
2025-04-08,1.0,-0.017467693040390947,False,7.000000000000062e-05,875.0000000000077,866.9300000000077,0.6526806526806581
2025-04-09,-1.0,0.010211613170196462,True,-0.00010875000000000034,-1359.3750000000043,-1367.4450000000043,-1.0000000000000024
2025-04-10,1.0,-0.011678964864146262,False,0.0001399999999999995,1749.9999999999939,1741.929999999994,1.1740041928721123
2025-04-11,-1.0,0.020290551189733767,False,-5.0000000000000565e-05,-625.000000000007,-633.0700000000071,-0.3875968992248101
2025-04-14,-1.0,0.007147993265287372,False,-3.0000000000000512e-05,-375.0000000000064,-383.0700000000064,-0.22471910112359908
2025-04-15,-1.0,0.0042704691234522855,False,1.000000000000046e-05,125.00000000000576,116.93000000000575,0.07326007326007651
2025-04-16,1.0,-0.0014214643473775366,False,6.000000000000016e-05,750.0000000000019,741.9300000000019,0.4371584699453553
2025-04-17,-1.0,0.00849863472146252,False,3.0000000000000512e-05,375.0000000000064,366.93000000000643,0.21857923497268072
2025-04-21,1.0,-0.004234304138788455,False,5.999999999999929e-05,749.9999999999911,741.9299999999911,0.42780748663100976
2025-04-22,-1.0,0.008438868645864604,False,4.0000000000000105e-05,500.0000000000013,491.9300000000013,0.2807017543859649
2025-04-23,1.0,-0.005610112890766788,False,-4.0000000000000105e-05,-500.0000000000013,-508.0700000000013,-0.27633851468048365
2025-04-24,1.0,-0.005681833467430946,False,2.9999999999999645e-05,374.99999999999557,366.9299999999956,0.2030456852791849
2025-04-25,-1.0,0.004264398786457518,False,4.99999999999997e-05,624.9999999999962,616.9299999999962,0.33840947546531025
2025-04-28,1.0,-0.0071174677688639896,False,8.000000000000021e-05,1000.0000000000026,991.9300000000026,0.5360134003350089
2025-04-29,-1.0,0.011363758650315223,False,2.0000000000000052e-05,250.00000000000065,241.93000000000066,0.13266998341625222
2025-04-30,1.0,-0.0028288562004777137,False,-4.0000000000000105e-05,-500.0000000000013,-508.0700000000013,-0.26936026936026963
2025-05-01,1.0,-0.005673774085907825,False,-0.0001299999999999999,-1624.9999999999989,-1633.0699999999988,-0.8754208754208733
2025-05-02,1.0,-0.01866529421935986,False,2.0000000000000052e-05,250.00000000000065,241.93000000000066,0.12944983818770242
2025-05-05,-1.0,0.0028901754222334236,False,-4.99999999999997e-05,-624.9999999999962,-633.0699999999963,-0.3316749585406278
2025-05-06,-1.0,0.00717878172700577,False,-7.000000000000062e-05,-875.0000000000077,-883.0700000000078,-0.4786324786324823
2025-05-07,-1.0,0.009964495259431947,False,6.999999999999975e-05,874.9999999999969,866.9299999999969,0.4938271604938248
2025-05-08,1.0,-0.009978700049896195,False,-0.00010000000000000026,-1250.0000000000032,-1258.0700000000031,-0.7130124777183613
2025-05-09,1.0,-0.014430264829028896,False,3.0000000000000512e-05,375.0000000000064,366.93000000000643,0.22222222222222587
2025-05-12,-1.0,0.004350985834326354,False,0.00010000000000000026,1250.0000000000032,1241.9300000000032,0.7936507936507953
2025-05-13,1.0,-0.014663019310074419,False,4.99999999999997e-05,624.9999999999962,616.9299999999962,0.3921568627450955
2025-05-14,-1.0,0.007369230106548148,False,-4.0000000000000105e-05,-500.0000000000013,-508.0700000000013,-0.3212851405622499
2025-05-15,-1.0,0.005865119452398058,False,-5.0000000000000565e-05,-625.000000000007,-633.0700000000071,-0.3921568627451024
2025-05-16,-1.0,0.007283353391108094,False,2.0000000000000052e-05,250.00000000000065,241.93000000000066,0.1587301587301591
2025-05-19,1.0,-0.0029069787913092726,False,3.0000000000000512e-05,375.0000000000064,366.93000000000643,0.24242424242424668
2025-05-20,-1.0,0.004338401598598141,False,-9.999999999999593e-06,-124.99999999999491,-133.0699999999949,-0.0833333333333299
2025-05-21,-1.0,0.001441961316901184,False,-4.0000000000000105e-05,-500.0000000000013,-508.0700000000013,-0.33755274261603446
2025-05-22,-1.0,0.005747142255568071,False,2.0000000000000052e-05,250.00000000000065,241.93000000000066,0.17316017316017354
2025-05-23,1.0,-0.00286944242795282,False,6.999999999999975e-05,874.9999999999969,866.9299999999969,0.5944798301486175
2025-05-26,-1.0,0.010007231476245177,False,9.999999999999593e-06,124.99999999999491,116.92999999999492,0.08438818565400492
2025-05-27,1.0,-0.0014234877848537351,False,-8.000000000000021e-05,-1000.0000000000026,-1008.0700000000027,-0.6971677559912869
2025-05-28,1.0,-0.011461443519006652,False,-2.9999999999999645e-05,-374.99999999999557,-383.06999999999556,-0.24999999999999695
2025-05-29,1.0,-0.0043258899471224944,False,2.9999999999999645e-05,374.99999999999557,366.9299999999956,0.2484472049689411
2025-05-30,-1.0,0.00432588994712244,False,-1.000000000000046e-05,-125.00000000000576,-133.07000000000576,-0.08438818565401228
2025-06-02,-1.0,0.0014378147696276391,False,-6.000000000000016e-05,-750.0000000000019,-758.070000000002,-0.5263157894736854
2025-06-03,-1.0,0.008583743691391435,False,7.000000000000062e-05,875.0000000000077,866.9300000000077,0.6140350877193034
2025-06-04,1.0,-0.010021558461019101,False,6.000000000000016e-05,750.0000000000019,741.9300000000019,0.5333333333333347
2025-06-05,-1.0,0.008596041469798038,False,4.0000000000000105e-05,500.0000000000013,491.9300000000013,0.35320088300220837
2025-06-06,1.0,-0.0057224762740662105,False,-6.999999999999975e-05,-874.9999999999969,-883.069999999997,-0.6436781609195376
2025-06-09,1.0,-0.010079278994702555,False,9.999999999999593e-06,124.99999999999491,116.92999999999492,0.09070294784580125
2025-06-10,-1.0,0.0014461318499997134,False,9.999999999999593e-06,124.99999999999491,116.92999999999492,0.09661835748791875
2025-06-11,1.0,-0.0014461318499996267,False,9.999999999999593e-06,124.99999999999491,116.92999999999492,0.09732360097323202
2025-06-12,-1.0,0.0014461318499997134,False,-4.99999999999997e-05,-624.9999999999962,-633.0699999999963,-0.49751243781094223
2025-06-16,1.0,-0.0028449521322312507,False,-3.0000000000000512e-05,-375.0000000000064,-383.0700000000064,-0.28776978417266663
2025-06-17,1.0,-0.004294924282880841,False,-2.0000000000000052e-05,-250.00000000000065,-258.0700000000007,-0.18779342723004738
2025-06-18,1.0,-0.00286944242795282,False,1.000000000000046e-05,125.00000000000576,116.93000000000575,0.09523809523809955
2025-06-19,-1.0,0.0014378147696276391,False,2.0000000000000052e-05,250.00000000000065,241.93000000000066,0.19184652278177486
2025-06-20,1.0,-0.002877699827615169,False,-2.9999999999999645e-05,-374.99999999999557,-383.06999999999556,-0.2941176470588198
2025-06-23,1.0,-0.00433213673913457,False,1.000000000000046e-05,125.00000000000576,116.93000000000575,0.09950248756219357
2025-06-24,-1.0,0.0014482261763649699,False,-5.999999999999929e-05,-749.9999999999911,-758.0699999999912,-0.5755395683453163
2025-06-25,-1.0,0.008645586992853812,False,1.000000000000046e-05,125.00000000000576,116.93000000000575,0.09803921568627888
2025-06-26,1.0,-0.0014378147696275827,False,4.0000000000000105e-05,500.0000000000013,491.9300000000013,0.3892944038929444
2025-06-27,-1.0,0.005738896669018178,False,2.0000000000000052e-05,250.00000000000065,241.93000000000066,0.20050125313283215
2025-06-30,1.0,-0.0028653314732863936,False,2.0000000000000052e-05,250.00000000000065,241.93000000000066,0.20202020202020204
2025-07-01,-1.0,0.002861232281032195,False,-2.0000000000000052e-05,-250.00000000000065,-258.0700000000007,-0.205128205128205
2025-07-02,-1.0,0.0028530689824064807,False,9.999999999999593e-06,124.99999999999491,116.92999999999492,0.10335917312661048
2025-07-03,1.0,-0.0014234877848537351,False,-7.000000000000062e-05,-875.0000000000077,-883.0700000000078,-0.7526881720430149
2025-07-04,1.0,-0.010021558461019101,False,2.0000000000000052e-05,250.00000000000065,241.93000000000066,0.21164021164021166
2025-07-07,-1.0,0.002869442427952739,False,8.000000000000021e-05,1000.0000000000026,991.9300000000026,0.8743169398907104
2025-07-08,1.0,-0.011527505171067383,False,-2.9999999999999645e-05,-374.99999999999557,-383.06999999999556,-0.31496062992125534
2025-07-09,1.0,-0.004357305368955701,False,1.000000000000046e-05,125.00000000000576,116.93000000000575,0.10416666666667118
2025-07-10,-1.0,0.0014524330803150226,False,-0.0,-0.0,-8.07,-0.0
2025-07-14,1.0,-0.008746411442868522,False,-2.0000000000000052e-05,-250.00000000000065,-258.0700000000007,-0.22038567493112937
2025-07-15,1.0,-0.002928259779088334,False,-4.99999999999997e-05,-624.9999999999962,-633.0699999999963,-0.5555555555555507
2025-07-16,1.0,-0.0073583849311871,False,4.0000000000000105e-05,500.0000000000013,491.9300000000013,0.43715846994535557
2025-07-17,-1.0,0.005891033237237342,False,4.0000000000000105e-05,500.0000000000013,491.9300000000013,0.4199475065616802
2025-07-18,1.0,-0.005891033237237419,False,-9.999999999999593e-06,-124.99999999999491,-133.0699999999949,-0.10416666666666223
2025-07-21,1.0,-0.0014760150281205415,False,5.0000000000000565e-05,625.000000000007,616.930000000007,0.5333333333333385
2025-07-22,-1.0,0.007347571630394542,False,-4.0000000000000105e-05,-500.0000000000013,-508.0700000000013,-0.4336043360433612
2025-07-23,-1.0,0.005839432651559387,False,-1.000000000000046e-05,-125.00000000000576,-133.07000000000576,-0.10840108401084499
2025-07-24,-1.0,0.0014566644964641641,False,3.0000000000000512e-05,375.0000000000064,366.93000000000643,0.3278688524590216
2025-07-25,1.0,-0.004376374599799,False,-2.0000000000000052e-05,-250.00000000000065,-258.0700000000007,-0.2203856749311299
2025-07-28,1.0,-0.0029325534212777528,False,-4.0000000000000105e-05,-500.0000000000013,-508.0700000000013,-0.4371584699453558
2025-07-29,1.0,-0.005891033237237419,False,0.0,0.0,-8.07,0.0
2025-07-31,1.0,-0.0059259432675471575,False,-6.000000000000016e-05,-750.0000000000019,-758.070000000002,-0.6557377049180347
2025-08-01,1.0,-0.008968669982760375,False,0.00014999999999999996,1874.9999999999995,1866.9299999999996,1.6260162601626011
2025-08-04,-1.0,0.022239611927838358,False,-1.000000000000046e-05,-125.00000000000576,-133.07000000000576,-0.09876543209876999
2025-08-05,-1.0,0.0014652017273279626,False,2.0000000000000052e-05,250.00000000000065,241.93000000000066,0.20356234096692158
2025-08-06,1.0,-0.0029325534212777528,False,9.999999999999593e-06,124.99999999999491,116.92999999999492,0.10178117048345638
2025-08-07,-1.0,0.0014673516939497444,False,-1.000000000000046e-05,-125.00000000000576,-133.07000000000576,-0.10178117048346522
2025-08-08,-1.0,0.0014652017273279626,False,4.0000000000000105e-05,500.0000000000013,491.9300000000013,0.4102564102564114
2025-08-11,1.0,-0.0058737320120939365,False,-2.9999999999999645e-05,-374.99999999999557,-383.06999999999556,-0.31007751937984146
2025-08-12,1.0,-0.004421525257877374,False,1.000000000000046e-05,125.00000000000576,116.93000000000575,0.10416666666667146
2025-08-13,-1.0,0.0014738396183005232,False,-2.0000000000000052e-05,-250.00000000000065,-258.0700000000007,-0.21333333333333399
2025-08-14,-1.0,0.002941178590816229,False,2.0000000000000052e-05,250.00000000000065,241.93000000000066,0.22222222222222301
2025-08-15,1.0,-0.0029411785908162623,False,2.0000000000000052e-05,250.00000000000065,241.93000000000066,0.21857923497267837
2025-08-18,-1.0,0.002941178590816229,False,2.0000000000000052e-05,250.00000000000065,241.93000000000066,0.21333333333333399
2025-08-19,1.0,-0.0029411785908162623,False,2.0000000000000052e-05,250.00000000000065,241.93000000000066,0.21857923497267823
2025-08-20,-1.0,0.0029455102297567446,False,-2.0000000000000052e-05,-250.00000000000065,-258.0700000000007,-0.22792022792022867
2025-08-21,-1.0,0.002941178590816229,False,4.99999999999997e-05,624.9999999999962,616.9299999999962,0.5747126436781577
2025-08-22,1.0,-0.007369230106548221,False,5.999999999999929e-05,749.9999999999911,741.9299999999911,0.6956521739130358
2025-08-25,-1.0,0.008836581800497944,False,4.0000000000000105e-05,500.0000000000013,491.9300000000013,0.4444444444444463
2025-08-26,1.0,-0.0058823699030665245,False,2.0000000000000052e-05,250.00000000000065,241.93000000000066,0.22222222222222301
2025-08-27,-1.0,0.0029455102297567446,False,-0.0,-0.0,-8.07,-0.0
2025-08-29,-1.0,0.0029368596733097057,False,-0.0,-0.0,-8.07,-0.0
2025-09-02,1.0,-0.001469507979360106,True,-7.050000000000025e-05,-881.2500000000031,-889.3200000000031,-1.0000000000000038
2025-09-03,1.0,-0.008849615276982612,False,1.000000000000046e-05,125.00000000000576,116.93000000000575,0.13605442176871385
2025-09-04,-1.0,0.001480385170434425,False,2.0000000000000052e-05,250.00000000000065,241.93000000000066,0.2666666666666676
2025-09-05,1.0,-0.002962965130657072,False,4.99999999999997e-05,624.9999999999962,616.9299999999962,0.6666666666666633
2025-09-08,-1.0,0.007391016646388962,False,-2.0000000000000052e-05,-250.00000000000065,-258.0700000000007,-0.25889967637540556
2025-09-09,-1.0,0.0029498546464211185,False,-0.0,-0.0,-8.07,-0.0
2025-09-15,1.0,-0.0029197101033347503,False,1.000000000000046e-05,125.00000000000576,116.93000000000575,0.13468013468014103
2025-09-16,-1.0,0.0014609206396748698,False,-4.0000000000000105e-05,-500.0000000000013,-508.0700000000013,-0.5442176870748324
2025-09-17,-1.0,0.005822432751433229,False,1.000000000000046e-05,125.00000000000576,116.93000000000575,0.13201320132013822
2025-09-18,1.0,-0.0014524330803149857,False,-5.0000000000000565e-05,-625.000000000007,-633.0700000000071,-0.6410256410256492
2025-09-19,1.0,-0.007304634378887332,False,0.0,0.0,-8.07,0.0
2025-09-23,-1.0,0.0014652017273279626,False,-0.0,-0.0,-8.07,-0.0
2025-09-25,1.0,-0.008823586658515126,False,-4.0000000000000105e-05,-500.0000000000013,-508.0700000000013,-0.5333333333333343
2025-09-26,1.0,-0.0059259432675471575,False,1.000000000000046e-05,125.00000000000576,116.93000000000575,0.12944983818770817
2025-09-29,-1.0,0.001484781267579224,False,-3.999999999999924e-05,-499.99999999999045,-508.06999999999044,-0.5177993527507994
2025-09-30,-1.0,0.0059171770280885185,False,-3.0000000000000512e-05,-375.0000000000064,-383.0700000000064,-0.3773584905660444
2025-10-01,-1.0,0.0044150182091169145,False,-4.0000000000000105e-05,-500.0000000000013,-508.0700000000013,-0.5228758169934659
2025-10-02,-1.0,0.0058565321127129685,False,1.000000000000046e-05,125.00000000000576,116.93000000000575,0.12944983818770825
2025-10-03,1.0,-0.001460920639674871,False,-9.999999999999593e-06,-124.99999999999491,-133.0699999999949,-0.12944983818769704
2025-10-07,1.0,-0.008915363657952393,False,-7.000000000000062e-05,-875.0000000000077,-883.0700000000078,-0.924092409240931
2025-10-08,1.0,-0.010502722199149288,False,-3.999999999999924e-05,-499.99999999999045,-508.06999999999044,-0.5177993527507985
2025-10-09,1.0,-0.006051455683355155,False,-1.000000000000046e-05,-125.00000000000576,-133.07000000000576,-0.12578616352201813
2025-10-10,1.0,-0.0015186031771901275,False,6.999999999999975e-05,874.9999999999969,866.9299999999969,0.8805031446540833
2025-10-13,-1.0,0.010598130991823284,False,1.9999999999999185e-05,249.99999999998983,241.92999999998983,0.24024024024023008
2025-10-14,1.0,-0.0030211503341760998,False,1.9999999999999185e-05,249.99999999998983,241.92999999998983,0.24024024024023008
2025-10-15,-1.0,0.00302115033417603,False,-2.0000000000000052e-05,-250.00000000000065,-258.0700000000007,-0.24242424242424282
2025-10-16,-1.0,0.003012050469991621,False,-2.9999999999999645e-05,-374.99999999999557,-383.06999999999556,-0.3773584905660328
2025-10-17,-1.0,0.004494389587839267,False,9.999999999999593e-06,124.99999999999491,116.92999999999492,0.12698412698412173
2025-10-20,1.0,-0.0014958865915826911,False,-1.000000000000046e-05,-125.00000000000576,-133.07000000000576,-0.12698412698413283
2025-10-21,1.0,-0.0014981276210221032,False,-4.99999999999997e-05,-624.9999999999962,-633.0699999999963,-0.6289308176100594
2025-10-22,1.0,-0.007524489978615425,False,0.0,0.0,-8.07,0.0
2025-10-24,1.0,-0.004542021434500897,False,-1.000000000000046e-05,-125.00000000000576,-133.07000000000576,-0.1282051282051342
2025-10-27,1.0,-0.0015186031771901275,False,1.000000000000046e-05,125.00000000000576,116.93000000000575,0.12698412698413283
2025-10-28,-1.0,0.001523229540521638,False,-3.0000000000000512e-05,-375.0000000000064,-383.0700000000064,-0.38834951456311323
2025-10-29,-1.0,0.0045489085263692094,False,4.0000000000000105e-05,500.0000000000013,491.9300000000013,0.522875816993465
2025-10-30,1.0,-0.006069821367075834,True,-7.650000000000018e-05,-956.2500000000023,-964.3200000000023,-1.0000000000000022
2025-10-31,1.0,-0.009160369398664278,False,0.0,0.0,-8.07,0.0
2025-11-04,1.0,-0.0015349197180837017,False,2.9999999999999645e-05,374.99999999999557,366.9299999999956,0.39215686274509376
2025-11-05,-1.0,0.004597709248629328,False,2.9999999999999645e-05,374.99999999999557,366.9299999999956,0.4040404040403995
2025-11-06,1.0,-0.0045977092486294314,False,4.99999999999997e-05,624.9999999999962,616.9299999999962,0.6734006734006697
2025-11-07,-1.0,0.0076511467355197295,False,2.0000000000000052e-05,250.00000000000065,241.93000000000066,0.26666666666666733
2025-11-10,1.0,-0.003053437486890343,False,-2.0000000000000052e-05,-250.00000000000065,-258.0700000000007,-0.28070175438596556
2025-11-11,1.0,-0.0030674870678618345,False,0.0,0.0,-8.07,0.0
2025-11-13,1.0,-0.00461894585629464,False,1.000000000000046e-05,125.00000000000576,116.93000000000575,0.14184397163121207
2025-11-14,-1.0,0.0015420203518154184,False,-0.0,-0.0,-8.07,-0.0
2025-11-18,1.0,-0.004633212921488254,False,-9.999999999999593e-06,-124.99999999999491,-133.0699999999949,-0.14652014652014025
2025-11-19,1.0,-0.0015491869868292669,True,-6.600000000000009e-05,-825.000000000001,-833.0700000000011,-0.9999999999999996
2025-11-20,1.0,-0.009345862418237658,False,-2.0000000000000052e-05,-250.00000000000065,-258.0700000000007,-0.28673835125448066
2025-11-21,1.0,-0.0031397200046677527,False,4.0000000000000105e-05,500.0000000000013,491.9300000000013,0.5734767025089613
2025-11-24,-1.0,0.0062598013485067345,False,1.000000000000046e-05,125.00000000000576,116.93000000000575,0.14035087719298875
2025-11-25,1.0,-0.0015637219761827587,False,3.0000000000000512e-05,375.0000000000064,366.93000000000643,0.4210526315789544
2025-11-26,-1.0,0.0046838493124264375,False,2.0000000000000052e-05,250.00000000000065,241.93000000000066,0.27777777777777857
2025-11-27,1.0,-0.003120127336243634,False,9.999999999999593e-06,124.99999999999491,116.92999999999492,0.14184397163119977
2025-11-28,-1.0,0.0015612805669524105,False,-1.000000000000046e-05,-125.00000000000576,-133.07000000000576,-0.15325670498084992
2025-12-01,-1.0,0.0015588467692910996,False,-3.0000000000000512e-05,-375.0000000000064,-383.0700000000064,-0.47058823529412563
2025-12-02,-1.0,0.004669269183683693,False,1.000000000000046e-05,125.00000000000576,116.93000000000575,0.14814814814815486
2025-12-03,1.0,-0.0015540018667343138,False,2.9999999999999645e-05,374.99999999999557,366.9299999999956,0.4545454545454489
2025-12-04,-1.0,0.00466201310581115,False,-0.0,-0.0,-8.07,-0.0
2025-12-08,1.0,-0.001551590691418833,False,-2.9999999999999645e-05,-374.99999999999557,-383.06999999999556,-0.47058823529411303
2025-12-09,1.0,-0.004662013105811301,False,-4.0000000000000105e-05,-500.0000000000013,-508.0700000000013,-0.6201550387596931
2025-12-10,1.0,-0.0062500203451712946,False,4.0000000000000105e-05,500.0000000000013,491.9300000000013,0.6130268199233744
2025-12-11,-1.0,0.006250020345171326,False,-2.0000000000000052e-05,-250.00000000000065,-258.0700000000007,-0.3065134099616872
2025-12-12,-1.0,0.0031152673169492786,False,9.999999999999593e-06,124.99999999999491,116.92999999999492,0.1515151515151457
2025-12-15,1.0,-0.0015444018513740248,False,2.9999999999999645e-05,374.99999999999557,366.9299999999956,0.46511627906976316
2025-12-16,-1.0,0.004626068388782243,False,-1.000000000000046e-05,-125.00000000000576,-133.07000000000576,-0.15151515151515885
2025-12-17,-1.0,0.0015372793188866197,False,4.99999999999997e-05,624.9999999999962,616.9299999999962,0.7662835249042107
2025-12-18,1.0,-0.007698267425752344,False,0.0,0.0,-8.07,0.0
2025-12-22,1.0,-0.01398624197473984,False,2.0000000000000052e-05,250.00000000000065,241.93000000000066,0.3100775193798459
2025-12-23,-1.0,0.0031201273362436777,False,-2.9999999999999645e-05,-374.99999999999557,-383.06999999999556,-0.4597701149425232
2025-12-24,-1.0,0.00466201310581115,False,-9.999999999999593e-06,-124.99999999999491,-133.0699999999949,-0.15325670498083663
2025-12-26,-1.0,0.0015491869868293187,False,2.9999999999999645e-05,374.99999999999557,366.9299999999956,0.4705882352941124
2025-12-29,1.0,-0.004654779544982405,False,2.0000000000000052e-05,250.00000000000065,241.93000000000066,0.3100775193798459
2025-12-30,-1.0,0.0031055925581530666,False,2.0000000000000052e-05,250.00000000000065,241.93000000000066,0.3100775193798459
2025-12-31,1.0,-0.00310559255815313,False,-2.0000000000000052e-05,-250.00000000000065,-258.0700000000007,-0.32128514056225016
2026-01-02,1.0,-0.0031104224143925024,False,-1.000000000000046e-05,-125.00000000000576,-133.07000000000576,-0.16064257028113205
2026-01-05,1.0,-0.00155884676929119,False,2.0000000000000052e-05,250.00000000000065,241.93000000000066,0.32921810699588566
2026-01-06,-1.0,0.003110422414392552,False,9.999999999999593e-06,124.99999999999491,116.92999999999492,0.1646090534979355
2026-01-07,1.0,-0.0015564205476581953,False,0.0,0.0,-8.07,0.0
2026-01-09,1.0,-0.00155884676929119,False,-4.0000000000000105e-05,-500.0000000000013,-508.0700000000013,-0.7017543859649124
2026-01-12,1.0,-0.006259801348506666,False,0.0,0.0,-8.07,0.0
2026-01-14,1.0,-0.006309169193264721,False,2.0000000000000052e-05,250.00000000000065,241.93000000000066,0.3463203463203465
2026-01-15,-1.0,0.003159560290368518,False,2.0000000000000052e-05,250.00000000000065,241.93000000000066,0.3418803418803422
2026-01-16,1.0,-0.0031545767485154324,False,2.0000000000000052e-05,250.00000000000065,241.93000000000066,0.34188034188034266
2026-01-19,-1.0,0.0031496089028962013,False,3.0000000000000512e-05,375.0000000000064,366.93000000000643,0.5194805194805279
2026-01-20,1.0,-0.0047132844520983135,False,0.0,0.0,-8.07,0.0
2026-01-22,1.0,-0.0015760444554656545,False,-9.999999999999593e-06,-124.99999999999491,-133.0699999999949,-0.1801801801801726
2026-01-23,1.0,-0.0015760444554656545,False,0.00010999999999999985,1374.9999999999982,1366.9299999999982,2.0091324200913174
2026-01-26,-1.0,0.01720136235854646,False,-2.0000000000000052e-05,-250.00000000000065,-258.0700000000007,-0.3174603174603174
2026-01-27,-1.0,0.003072199036970059,True,-6.674999999999997e-05,-834.3749999999997,-842.4449999999997,-0.9999999999999963
2026-01-28,-1.0,0.012213892293937998,False,4.0000000000000105e-05,500.0000000000013,491.9300000000013,0.5387205387205385
2026-01-29,1.0,-0.006088298867255293,False,9.999999999999593e-06,124.99999999999491,116.92999999999492,0.12820512820512253
2026-01-30,-1.0,0.0015255533088369701,False,6.999999999999975e-05,874.9999999999969,866.9299999999969,0.8974358974358911
2026-02-02,1.0,-0.010728072239999,False,-2.0000000000000052e-05,-250.00000000000065,-258.0700000000007,-0.24024024024023996
2026-02-03,1.0,-0.003095977705128121,False,-9.999999999999593e-06,-124.99999999999491,-133.0699999999949,-0.12012012012011485
2026-02-04,1.0,-0.001551590691418833,False,-5.0000000000000565e-05,-625.000000000007,-633.0700000000071,-0.5952380952381003
2026-02-05,1.0,-0.007794271726818909,False,-1.000000000000046e-05,-125.00000000000576,-133.07000000000576,-0.11594202898551231
2026-02-06,1.0,-0.0015637219761827587,False,-9.999999999999593e-06,-124.99999999999491,-133.0699999999949,-0.11594202898550225
2026-02-09,1.0,-0.001566171032744835,False,6.999999999999975e-05,874.9999999999969,866.9299999999969,0.825958702064892
2026-02-10,-1.0,0.010946160897497295,False,-6.999999999999975e-05,-874.9999999999969,-883.069999999997,-0.7843137254901921
2026-02-11,-1.0,0.010827638652063393,False,-6.000000000000016e-05,-750.0000000000019,-758.070000000002,-0.6504065040650413
2026-02-12,-1.0,0.00920251893116192,False,-2.0000000000000052e-05,-250.00000000000065,-258.0700000000007,-0.2116402116402118
2026-02-13,-1.0,0.0030487828493585096,False,-0.0,-0.0,-8.07,-0.0
2026-02-17,1.0,-0.00610688920817945,False,9.999999999999593e-06,124.99999999999491,116.92999999999492,0.10256410256409812
2026-02-18,-1.0,0.0015302221807675365,False,6.999999999999975e-05,874.9999999999969,866.9299999999969,0.717948717948714
2026-02-19,1.0,-0.010761056956298146,False,-1.000000000000046e-05,-125.00000000000576,-133.07000000000576,-0.09876543209876976
2026-02-20,1.0,-0.0015467907182987934,False,0.0,0.0,-8.07,0.0
2026-02-24,-1.0,0.0015444018513739856,False,4.99999999999997e-05,624.9999999999962,616.9299999999962,0.5555555555555516
2026-02-25,1.0,-0.007745972114655229,False,-2.9999999999999645e-05,-374.99999999999557,-383.06999999999556,-0.34782608695651734
2026-02-26,1.0,-0.004676547883901793,False,0.0,0.0,-8.07,0.0
2026-03-02,1.0,-0.00155884676929119,False,-4.99999999999997e-05,-624.9999999999962,-633.0699999999963,-0.623052959501554
2026-03-03,1.0,-0.007830893580547832,False,-1.000000000000046e-05,-125.00000000000576,-133.07000000000576,-0.12345679012346245
2026-03-04,1.0,-0.001573564447430552,False,2.0000000000000052e-05,250.00000000000065,241.93000000000066,0.24691358024691418
2026-03-05,-1.0,0.0031446566794717814,False,2.0000000000000052e-05,250.00000000000065,241.93000000000066,0.25157232704402577
2026-03-06,1.0,-0.0031446566794717194,False,-9.999999999999593e-06,-124.99999999999491,-133.0699999999949,-0.12232415902140165
2026-03-09,1.0,-0.0015760444554656545,False,2.0000000000000052e-05,250.00000000000065,241.93000000000066,0.24464831804281376
2026-03-10,-1.0,0.003159560290368518,False,2.0000000000000052e-05,250.00000000000065,241.93000000000066,0.25396825396825434
2026-03-11,1.0,-0.0031545767485154324,False,-4.0000000000000105e-05,-500.0000000000013,-508.0700000000013,-0.538720538720539
2026-03-12,1.0,-0.006339165443735654,False,-9.999999999999593e-06,-124.99999999999491,-133.0699999999949,-0.14035087719297643
2026-03-13,1.0,-0.0015910902322417405,False,-1.000000000000046e-05,-125.00000000000576,-133.07000000000576,-0.14336917562724655
2026-03-16,1.0,-0.0015835316056443847,False,2.0000000000000052e-05,250.00000000000065,241.93000000000066,0.29304029304029344
2026-03-17,-1.0,0.00316455960296294,False,-1.000000000000046e-05,-125.00000000000576,-133.07000000000576,-0.14981273408240373
2026-03-18,-1.0,0.0015785322930497896,False,4.0000000000000105e-05,500.0000000000013,491.9300000000013,0.6130268199233726
2026-03-19,1.0,-0.006329135051647624,False,8.99999999999998e-05,1124.9999999999975,1116.9299999999976,1.4285714285714246
2026-03-20,-1.0,0.014184634991956381,False,6.999999999999975e-05,874.9999999999969,866.9299999999969,1.0256410256410207
2026-03-23,1.0,-0.011015060230677318,False,3.0000000000000512e-05,375.0000000000064,366.93000000000643,0.4255319148936236
2026-03-24,-1.0,0.004728141195946116,False,2.0000000000000052e-05,250.00000000000065,241.93000000000066,0.28070175438596534
2026-03-25,1.0,-0.00314960890289622,False,-2.0000000000000052e-05,-250.00000000000065,-258.0700000000007,-0.2930402930402932
2026-03-26,1.0,-0.0031595602903684815,False,-9.999999999999593e-06,-124.99999999999491,-133.0699999999949,-0.1498127340823906
2026-03-27,1.0,-0.0015860431556347402,False,-1.000000000000046e-05,-125.00000000000576,-133.07000000000576,-0.1515151515151581
2026-03-30,1.0,-0.0015885626851379528,False,2.0000000000000052e-05,250.00000000000065,241.93000000000066,0.3030303030303033
2026-03-31,-1.0,0.0031796529173798056,False,-4.0000000000000105e-05,-500.0000000000013,-508.0700000000013,-0.6130268199233726
2026-04-01,-1.0,0.00632913505164753,False,1.000000000000046e-05,125.00000000000576,116.93000000000575,0.1498127340824036
2026-04-02,1.0,-0.0015785322930498378,False,-4.0000000000000105e-05,-500.0000000000013,-508.0700000000013,-0.6060606060606061
2026-04-03,1.0,-0.006329135051647624,False,0.0,0.0,-8.07,0.0
2026-04-09,-1.0,0.004743091896012853,False,2.0000000000000052e-05,250.00000000000065,241.93000000000066,0.313725490196079
2026-04-10,1.0,-0.0031595602903684815,False,-2.0000000000000052e-05,-250.00000000000065,-258.0700000000007,-0.3174603174603174
2026-04-13,1.0,-0.0031645596029630254,False,9.999999999999593e-06,124.99999999999491,116.92999999999492,0.1606425702811176
2026-04-14,-1.0,0.0015860431556347797,False,-2.0000000000000052e-05,-250.00000000000065,-258.0700000000007,-0.3252032520325207
2026-04-15,-1.0,0.00316455960296294,False,9.999999999999593e-06,124.99999999999491,116.92999999999492,0.1626016260162531
2026-04-16,1.0,-0.0015810279973187068,False,-1.000000000000046e-05,-125.00000000000576,-133.07000000000576,-0.1687763713080241
2026-04-17,1.0,-0.0015835316056443847,False,3.0000000000000512e-05,375.0000000000064,366.93000000000643,0.5479452054794597
2026-04-20,-1.0,0.004743091896012853,False,-9.999999999999593e-06,-124.99999999999491,-133.0699999999949,-0.18018018018017215
2026-04-21,-1.0,0.0015810279973187732,False,4.0000000000000105e-05,500.0000000000013,491.9300000000013,0.7511737089201864
2026-04-22,1.0,-0.006339165443735654,False,0.0,0.0,-8.07,0.0
2026-04-24,1.0,-0.0015885626851379528,False,1.000000000000046e-05,125.00000000000576,116.93000000000575,0.19047619047619874
2026-04-27,-1.0,0.0015885626851379615,False,-0.0,-0.0,-8.07,-0.0
2026-04-29,1.0,-0.0015885626851379528,False,-2.9999999999999645e-05,-374.99999999999557,-383.06999999999556,-0.6153846153846061
2026-04-30,1.0,-0.004780885600341897,False,0.00014999999999999996,1874.9999999999995,1866.9299999999996,3.0769230769230695
2026-05-01,-1.0,0.02367908582057144,False,2.0000000000000052e-05,250.00000000000065,241.93000000000066,0.329218106995885
2026-05-04,1.0,-0.0031250025431352776,False,-2.0000000000000052e-05,-250.00000000000065,-258.0700000000007,-0.3100775193798453
2026-05-05,1.0,-0.0031250025431352776,False,-2.9999999999999645e-05,-374.99999999999557,-383.06999999999556,-0.4395604395604338
2026-05-06,1.0,-0.004705891037412617,False,6.000000000000016e-05,750.0000000000019,741.9300000000019,0.860215053763442
2026-05-07,-1.0,0.009389740349839137,False,2.0000000000000052e-05,250.00000000000065,241.93000000000066,0.27491408934707945
2026-05-08,1.0,-0.003120127336243634,False,1.000000000000046e-05,125.00000000000576,116.93000000000575,0.13605442176871366
2026-05-11,-1.0,0.0015637219761827589,False,2.0000000000000052e-05,250.00000000000065,241.93000000000066,0.2721088435374155
2026-05-12,1.0,-0.0031298930089277044,False,-2.0000000000000052e-05,-250.00000000000065,-258.0700000000007,-0.2721088435374155
2026-05-13,1.0,-0.0031397200046677527,False,-1.000000000000046e-05,-125.00000000000576,-133.07000000000576,-0.13468013468014078
2026-05-14,1.0,-0.001573564447430552,False,-2.0000000000000052e-05,-250.00000000000065,-258.0700000000007,-0.2721088435374155
2026-05-15,1.0,-0.0031545767485154324,False,-2.0000000000000052e-05,-250.00000000000065,-258.0700000000007,-0.2721088435374155
2026-05-18,1.0,-0.0031645596029630254,False,0.0,0.0,-8.07,0.0
2026-05-20,1.0,-0.0015860431556347402,False,9.999999999999593e-06,124.99999999999491,116.92999999999492,0.14814814814814203
2026-05-21,-1.0,0.0015860431556347797,False,9.999999999999593e-06,124.99999999999491,116.92999999999492,0.14652014652014037
2026-05-22,1.0,-0.0015860431556347402,False,-1.000000000000046e-05,-125.00000000000576,-133.07000000000576,-0.1481481481481547
2026-05-25,1.0,-0.0015885626851379528,False,0.0,0.0,-8.07,0.0
2026-05-27,1.0,-0.0015885626851379528,False,-9.999999999999593e-06,-124.99999999999491,-133.0699999999949,-0.15325670498083652
2026-05-28,1.0,-0.0015910902322417405,False,9.999999999999593e-06,124.99999999999491,116.92999999999492,0.1568627450980327
2026-05-29,-1.0,0.0015910902322416817,False,-0.0,-0.0,-8.07,-0.0
2026-06-02,1.0,-0.001593625835277925,False,-1.000000000000046e-05,-125.00000000000576,-133.07000000000576,-0.23809523809524918
2026-06-03,1.0,-0.0015961695328222147,False,-9.999999999999593e-06,-124.99999999999491,-133.0699999999949,-0.24691358024690363
2026-06-04,1.0,-0.0015987213636969929,False,0.0,0.0,-8.07,0.0
2026-06-08,1.0,-0.0015987213636969929,False,1.000000000000046e-05,125.00000000000576,116.93000000000575,0.3030303030303173
2026-06-09,-1.0,0.0016012813669738276,False,1.000000000000046e-05,125.00000000000576,116.93000000000575,0.3030303030303173
2026-06-10,1.0,-0.0016012813669738792,False,-9.999999999999593e-06,-124.99999999999491,-133.0699999999949,-0.3252032520325072
2026-06-11,1.0,-0.0016038495819744047,False,2.9999999999999645e-05,374.99999999999557,366.9299999999956,0.975609756097552
2026-06-12,-1.0,0.004803852312645237,False,1.000000000000046e-05,125.00000000000576,116.93000000000575,0.32520325203253614
2026-06-15,1.0,-0.0015885626851379528,False,-2.9999999999999645e-05,-374.99999999999557,-383.06999999999556,-0.975609756097552
2026-06-16,1.0,-0.004765696073014457,False,0.0,0.0,-8.07,0.0
2026-06-18,1.0,-0.0031897953681001494,True,-3.074999999999953e-05,-384.3749999999941,-392.4449999999941,-0.9999999999999917
2026-06-19,1.0,-0.004796172263493167,False,0.0,0.0,-8.07,0.0
2026-06-23,1.0,-0.0016038495819744047,False,0.0,0.0,-8.07,0.0
2026-06-25,1.0,-0.001606426048273799,False,0.0,0.0,-8.07,0.0
2026-06-30,1.0,-0.0016090108057006626,False,-2.0000000000000052e-05,-250.00000000000065,-258.0700000000007,-0.6060606060606061
