exit_date,trade_number,signal,qty,net_pnl_usd,pnl_per_contract,commission_usd,mae_usd,mfe_usd,duration_bars,is_scalein
2020-08-26,1,ORB Long,2,401.36,200.68,3.64,0.0,610.18,9,False
2020-08-26,2,Scale-in Long,2,365.36,182.68,3.64,-5.82,574.18,9,True
2020-08-27,3,ORB Long,2,-379.64,-189.82,3.64,-820.82,26.18,19,False
2020-08-31,4,ORB Long,2,189.36,94.68,3.64,-103.82,492.18,24,False
2020-08-31,5,Scale-in Long,2,182.36,91.18,3.64,-110.82,485.18,24,True
2020-09-01,6,ORB Long,2,501.36,250.68,3.64,-12.82,507.18,26,False
2020-09-01,7,Scale-in Long,2,481.36,240.68,3.64,-32.82,487.18,26,True
2020-09-08,8,ORB Long,2,-1006.64,-503.32,3.64,-1013.82,439.18,27,False
2020-09-08,9,Scale-in Long,2,-1262.64,-631.32,3.64,-1269.82,183.18,26,True
2020-09-09,11,Scale-in Long,2,88.36,44.18,3.64,-143.82,525.18,25,True
2020-09-09,10,ORB Long,2,253.36,126.68,3.64,0.0,690.18,25,False
2020-09-10,12,ORB Long,2,-643.64,-321.82,3.64,-641.82,80.18,3,False
2020-09-10,13,Scale-in Long,2,-639.64,-319.82,3.64,-637.82,84.18,3,True
2020-09-17,14,ORB Long,2,5.36,2.68,3.64,-602.82,343.18,27,False
2020-09-17,15,Scale-in Long,2,-96.64,-48.32,3.64,-704.82,241.18,26,True
2020-09-21,16,ORB Long,2,685.36,342.68,3.64,-624.82,788.18,26,False
2020-09-21,17,Scale-in Long,2,703.36,351.68,3.64,-217.82,806.18,18,True
2020-09-22,18,ORB Long,2,307.36,153.68,3.64,-107.82,468.18,12,False
2020-09-22,19,Scale-in Long,2,189.36,94.68,3.64,-50.82,350.18,11,True
2020-09-24,21,Scale-in Long,2,28.36,14.18,3.64,-504.82,443.18,26,True
2020-09-24,20,ORB Long,2,53.36,26.68,3.64,-247.82,700.18,21,False
2020-09-25,23,Scale-in Long,2,786.36,393.18,3.64,-41.82,922.18,25,True
2020-09-25,22,ORB Long,2,840.36,420.18,3.64,0.0,976.18,25,False
2020-09-28,24,ORB Long,2,166.36,83.18,3.64,-124.82,204.18,3,False
2020-09-28,25,Scale-in Long,2,137.36,68.68,3.64,-22.82,175.18,3,True
2020-09-29,26,ORB Long,2,-247.64,-123.82,3.64,-364.82,22.18,26,False
2020-09-29,27,Scale-in Long,2,-199.64,-99.82,3.64,-316.82,28.18,26,True
2020-09-30,28,ORB Long,2,19.36,9.68,3.64,-54.82,348.18,13,False
2020-09-30,29,Scale-in Long,2,1.36,0.68,3.64,-24.82,330.18,12,True
2020-10-01,30,ORB Long,2,10.36,5.18,3.64,-291.82,117.18,11,False
2020-10-01,31,Scale-in Long,2,108.36,54.18,3.64,-193.82,215.18,11,True
2020-10-02,32,ORB Long,2,-673.64,-336.82,3.64,-867.82,187.18,26,False
2020-10-02,33,Scale-in Long,2,-830.64,-415.32,3.64,-1024.82,30.18,26,True
2020-10-05,35,Scale-in Long,2,228.36,114.18,3.64,-95.82,343.18,26,True
2020-10-05,34,ORB Long,2,381.36,190.68,3.64,0.0,496.18,26,False
2020-10-06,36,ORB Long,2,-433.64,-216.82,3.64,-431.82,76.18,7,False
2020-10-06,37,Scale-in Long,2,-479.64,-239.82,3.64,-477.82,30.18,7,True
2020-10-07,38,ORB Long,2,158.36,79.18,3.64,-165.82,291.18,22,False
2020-10-07,39,Scale-in Long,2,164.36,82.18,3.64,-159.82,297.18,20,True
2020-10-09,40,ORB Long,2,362.36,181.18,3.64,-80.82,428.18,27,False
2020-10-09,41,Scale-in Long,2,389.36,194.68,3.64,-53.82,455.18,26,True
2020-10-12,42,ORB Long,2,579.36,289.68,3.64,0.0,1002.18,18,False
2020-10-12,43,Scale-in Long,2,497.36,248.68,3.64,-3.82,920.18,18,True
2020-10-13,44,ORB Long,2,-379.64,-189.82,3.64,-624.82,29.18,20,False
2020-10-15,46,Scale-in Long,2,-88.64,-44.32,3.64,-126.82,55.18,5,True
2020-10-15,45,ORB Long,2,37.36,18.68,3.64,-503.82,181.18,27,False
2020-10-16,47,ORB Long,2,-495.64,-247.82,3.64,-493.82,182.18,23,False
2020-10-16,48,Scale-in Long,2,-529.64,-264.82,3.64,-527.82,148.18,23,True
2020-10-20,49,ORB Long,2,-208.64,-104.32,3.64,-420.82,352.18,27,False
2020-10-20,50,Scale-in Long,2,-288.64,-144.32,3.64,-500.82,272.18,26,True
2020-10-21,51,ORB Long,2,-348.64,-174.32,3.64,-576.82,17.18,27,False
2020-10-26,52,ORB Long,2,-980.64,-490.32,3.64,-978.82,109.18,12,False
2020-10-26,53,Scale-in Long,2,-952.64,-476.32,3.64,-950.82,93.18,11,True
2020-10-27,54,ORB Long,2,-27.64,-13.82,3.64,-295.82,251.18,26,False
2020-10-27,55,Scale-in Long,2,-3.64,-1.82,3.64,-66.82,275.18,23,True
2020-10-29,57,Scale-in Long,2,358.36,179.18,3.64,-34.82,808.18,23,True
2020-10-29,56,ORB Long,2,335.36,167.68,3.64,-60.82,785.18,24,False
2020-11-02,58,ORB Long,2,-765.64,-382.82,3.64,-763.82,94.18,12,False
2020-11-02,59,Scale-in Long,2,-763.64,-381.82,3.64,-761.82,96.18,12,True
2020-11-03,60,ORB Long,2,282.36,141.18,3.64,-12.82,593.18,15,False
2020-11-03,61,Scale-in Long,2,29.36,14.68,3.64,-6.82,340.18,14,True
2020-11-04,62,ORB Long,2,569.36,284.68,3.64,0.0,696.18,26,False
2020-11-04,63,Scale-in Long,2,331.36,165.68,3.64,-77.82,458.18,26,True
2020-11-05,64,ORB Long,2,100.36,50.18,3.64,-363.82,184.18,27,False
2020-11-05,65,Scale-in Long,2,90.36,45.18,3.64,-373.82,174.18,26,True
2020-11-06,67,Scale-in Long,2,18.36,9.18,3.64,-244.82,75.18,14,True
2020-11-06,66,ORB Long,2,86.36,43.18,3.64,-186.82,143.18,18,False
2020-11-09,69,Scale-in Long,2,-1542.64,-771.32,3.64,-1669.82,119.18,25,True
2020-11-09,68,ORB Long,2,-1492.64,-746.32,3.64,-1619.82,172.18,26,False
2020-11-11,70,ORB Long,2,295.36,147.68,3.64,-196.82,381.18,25,False
2020-11-11,71,Scale-in Long,2,424.36,212.18,3.64,-67.82,510.18,24,True
2020-11-12,72,ORB Long,2,-411.64,-205.82,3.64,-755.82,41.18,24,False
2020-11-12,73,Scale-in Long,2,-409.64,-204.82,3.64,-753.82,15.18,24,True
2020-11-13,74,ORB Long,2,87.36,43.68,3.64,-9.82,113.18,4,False
2020-11-13,75,Scale-in Long,2,-11.64,-5.82,3.64,-108.82,14.18,4,True
2020-11-16,76,ORB Long,2,229.36,114.68,3.64,-211.82,242.18,26,False
2020-11-17,77,ORB Long,2,-295.64,-147.82,3.64,-352.82,0.18,12,False
2020-11-18,78,ORB Long,2,-460.64,-230.32,3.64,-458.82,154.18,17,False
2020-11-19,79,ORB Long,2,178.36,89.18,3.64,-146.82,321.18,27,False
2020-11-20,80,ORB Long,2,-423.64,-211.82,3.64,-421.82,82.18,22,False
2020-11-24,81,ORB Long,2,553.36,276.68,3.64,0.0,570.18,24,False
2020-11-25,82,ORB Long,2,97.36,48.68,3.64,-110.82,138.18,14,False
2020-11-29,83,ORB Long,2,254.36,127.18,3.64,-89.82,327.18,13,False
2020-11-30,84,ORB Long,2,74.36,37.18,3.64,-32.82,78.18,2,False
2020-12-01,85,ORB Long,2,174.36,87.18,3.64,-166.82,483.18,21,False
2020-12-02,86,ORB Long,2,254.36,127.18,3.64,-12.82,306.18,26,False
2020-12-03,87,ORB Long,2,-68.64,-34.32,3.64,-243.82,143.18,26,False
2020-12-04,88,ORB Long,2,12.36,6.18,3.64,-132.82,113.18,27,False
2020-12-07,89,ORB Long,2,-56.64,-28.32,3.64,-152.82,108.18,27,False
2020-12-08,90,ORB Long,2,236.36,118.18,3.64,-37.82,256.18,18,False
2020-12-09,91,ORB Long,2,-479.64,-239.82,3.64,-477.82,1.18,11,False
2020-12-10,92,ORB Long,2,55.36,27.68,3.64,-99.82,292.18,27,False
2020-12-15,93,ORB Long,2,47.36,23.68,3.64,-54.82,94.18,6,False
2020-12-16,94,ORB Long,2,206.36,103.18,3.64,-62.82,314.18,24,False
2020-12-17,95,ORB Long,2,-38.64,-19.32,3.64,-55.82,15.18,2,False
2020-12-21,96,ORB Long,2,162.36,81.18,3.64,-52.82,213.18,15,False
2020-12-22,97,ORB Long,2,-177.64,-88.82,3.64,-624.82,0.0,27,False
2020-12-23,98,ORB Long,2,-286.64,-143.32,3.64,-424.82,13.18,14,False
2020-12-28,99,ORB Long,2,53.36,26.68,3.64,-24.82,111.18,18,False
2021-01-05,100,ORB Long,2,200.36,100.18,3.64,-261.82,219.18,26,False
2021-01-06,101,ORB Long,2,191.36,95.68,3.64,-88.82,640.18,18,False
2021-01-07,102,ORB Long,2,344.36,172.18,3.64,-26.82,481.18,27,False
2021-01-08,103,ORB Long,2,285.36,142.68,3.64,-502.82,288.18,26,False
2021-01-11,104,ORB Long,2,-284.64,-142.32,3.64,-414.82,149.18,26,False
2021-01-13,105,ORB Long,2,229.36,114.68,3.64,-184.82,343.18,26,False
2021-01-14,106,ORB Long,2,-435.64,-217.82,3.64,-433.82,52.18,19,False
2021-01-19,107,ORB Long,2,396.36,198.18,3.64,0.0,402.18,16,False
2021-01-20,108,ORB Long,2,390.36,195.18,3.64,0.0,541.18,26,False
2021-01-21,109,ORB Long,2,205.36,102.68,3.64,-113.82,317.18,26,False
2021-01-22,110,ORB Long,2,-128.64,-64.32,3.64,-242.82,48.18,27,False
2021-01-26,111,ORB Long,2,171.36,85.68,3.64,-218.82,359.18,23,False
2021-01-28,112,ORB Long,2,-389.64,-194.82,3.64,-501.82,578.18,25,False
2021-01-29,113,ORB Long,2,-1071.64,-535.82,3.64,-1234.82,73.18,25,False
2021-02-01,114,ORB Long,2,522.36,261.18,3.64,-248.82,673.18,24,False
2021-02-02,115,ORB Long,2,376.36,188.18,3.64,-88.82,416.18,26,False
2021-02-04,116,ORB Long,2,328.36,164.18,3.64,-47.82,364.18,16,False
2021-02-05,117,ORB Long,2,17.36,8.68,3.64,-120.82,159.18,17,False
2021-02-08,118,ORB Long,2,38.36,19.18,3.64,-314.82,71.18,26,False
2021-02-09,119,ORB Long,2,-36.64,-18.32,3.64,-170.82,122.18,27,False
2021-02-11,120,ORB Long,2,-368.64,-184.32,3.64,-366.82,18.18,6,False
2021-02-12,121,ORB Long,2,495.36,247.68,3.64,-131.82,501.18,26,False
2021-02-16,122,ORB Long,2,-483.64,-241.82,3.64,-481.82,62.18,8,False
2021-02-17,123,ORB Long,2,105.36,52.68,3.64,-515.82,155.18,27,False
2021-02-18,124,ORB Long,2,276.36,138.18,3.64,-406.82,397.18,26,False
2021-02-22,125,ORB Long,2,-677.64,-338.82,3.64,-675.82,72.18,22,False
2021-02-23,126,ORB Long,2,562.36,281.18,3.64,-528.82,960.18,25,False
2021-02-24,127,ORB Long,2,772.36,386.18,3.64,0.0,848.18,22,False
2021-02-26,128,ORB Long,2,-484.64,-242.32,3.64,-702.82,229.18,18,False
2021-03-01,129,ORB Long,2,781.36,390.68,3.64,-181.82,806.18,26,False
2021-03-04,130,ORB Long,2,-1160.64,-580.32,3.64,-1158.82,125.18,7,False
2021-03-05,131,ORB Long,2,101.36,50.68,3.64,-128.82,258.18,8,False
2021-03-08,132,ORB Long,2,-1600.64,-800.32,3.64,-1598.82,116.18,22,False
2021-03-09,133,ORB Long,2,331.36,165.68,3.64,-85.82,648.18,27,False
2021-03-11,134,ORB Long,2,144.36,72.18,3.64,0.0,448.18,23,False
2021-03-16,135,ORB Long,2,-278.64,-139.32,3.64,-590.82,250.18,27,False
2021-03-17,136,ORB Long,2,537.36,268.68,3.64,-386.82,942.18,27,False
2021-03-19,137,ORB Long,2,-50.64,-25.32,3.64,-319.82,214.18,23,False
2021-03-22,138,ORB Long,2,218.36,109.18,3.64,-104.82,592.18,27,False
2021-03-23,139,ORB Long,2,-545.64,-272.82,3.64,-543.82,202.18,23,False
2021-03-25,140,ORB Long,2,-50.64,-25.32,3.64,-775.82,133.18,26,False
2021-03-26,141,ORB Long,2,556.36,278.18,3.64,-482.82,668.18,26,False
2021-03-29,142,ORB Long,2,-53.64,-26.82,3.64,-370.82,98.18,14,False
2021-03-30,143,ORB Long,2,4.36,2.18,3.64,-253.82,110.18,20,False
2021-03-31,144,ORB Long,2,142.36,71.18,3.64,-5.82,422.18,27,False
2021-04-01,145,ORB Long,2,128.36,64.18,3.64,-138.82,153.18,26,False
2021-04-05,146,ORB Long,2,490.36,245.18,3.64,-77.82,552.18,27,False
2021-04-06,147,ORB Long,2,-55.64,-27.82,3.64,-207.82,226.18,27,False
2021-04-07,148,ORB Long,2,177.36,88.68,3.64,-67.82,258.18,27,False
2021-04-08,149,ORB Long,2,147.36,73.68,3.64,-235.82,156.18,27,False
2021-04-09,150,ORB Long,2,348.36,174.18,3.64,-105.82,473.18,27,False
2021-04-12,151,ORB Long,2,49.36,24.68,3.64,-168.82,74.18,16,False
2021-04-13,152,ORB Long,2,121.36,60.68,3.64,-233.82,205.18,27,False
2021-04-15,153,ORB Long,2,80.36,40.18,3.64,-140.82,223.18,25,False
2021-04-20,154,ORB Long,2,-545.64,-272.82,3.64,-543.82,31.18,5,False
2021-04-21,155,ORB Long,2,349.36,174.68,3.64,-173.82,495.18,27,False
2021-04-22,156,ORB Long,2,-435.64,-217.82,3.64,-433.82,116.18,12,False
2021-04-23,157,ORB Long,2,305.36,152.68,3.64,-33.82,611.18,27,False
2021-04-26,158,ORB Long,2,282.36,141.18,3.64,-30.82,346.18,26,False
2021-04-28,159,ORB Long,2,-18.64,-9.32,3.64,-378.82,83.18,27,False
2021-04-30,160,ORB Long,2,-168.64,-84.32,3.64,-327.82,199.18,27,False
2021-05-03,161,ORB Long,2,-525.64,-262.82,3.64,-581.82,122.18,26,False
2021-05-06,162,ORB Long,2,378.36,189.18,3.64,-173.82,408.18,20,False
2021-05-07,163,ORB Long,2,-203.64,-101.82,3.64,-422.82,171.18,26,False
2021-05-11,164,ORB Long,2,181.36,90.68,3.64,-580.82,417.18,27,False
2021-05-13,165,ORB Long,2,-311.64,-155.82,3.64,-690.82,222.18,26,False
2021-05-14,166,ORB Long,2,524.36,262.18,3.64,-143.82,631.18,27,False
2021-05-18,167,ORB Long,2,-488.64,-244.32,3.64,-486.82,136.18,18,False
2021-05-19,168,ORB Long,2,613.36,306.68,3.64,-244.82,708.18,26,False
2021-05-20,169,ORB Long,2,374.36,187.18,3.64,0.0,521.18,26,False
2021-05-24,170,ORB Long,2,268.36,134.18,3.64,0.0,408.18,26,False
2021-05-27,171,ORB Long,2,-27.64,-13.82,3.64,-210.82,85.18,25,False
2021-06-03,172,ORB Long,2,-166.64,-83.32,3.64,-216.82,153.18,23,False
2021-06-04,173,ORB Long,2,260.36,130.18,3.64,-2.82,342.18,27,False
2021-06-07,174,ORB Long,2,229.36,114.68,3.64,-131.82,239.18,14,False
2021-06-10,175,ORB Long,2,111.36,55.68,3.64,-474.82,127.18,27,False
2021-06-16,176,ORB Long,2,-360.64,-180.32,3.64,-358.82,61.18,10,False
2021-06-17,177,ORB Long,2,600.36,300.18,3.64,-38.82,695.18,27,False
2021-06-21,178,ORB Long,2,250.36,125.18,3.64,-239.82,284.18,26,False
2021-06-22,179,ORB Long,2,362.36,181.18,3.64,-123.82,407.18,24,False
2021-06-23,180,ORB Long,2,-129.64,-64.82,3.64,-297.82,42.18,27,False
2021-06-24,181,ORB Long,2,-114.64,-57.32,3.64,-237.82,140.18,26,False
2021-06-28,182,ORB Long,2,171.36,85.68,3.64,-16.82,241.18,27,False
2021-06-29,183,ORB Long,2,222.36,111.18,3.64,-133.82,236.18,24,False
2021-06-30,184,ORB Long,2,-57.64,-28.82,3.64,-205.82,27.18,24,False
2021-07-02,185,ORB Long,2,153.36,76.68,3.64,-23.82,269.18,21,False
2021-07-06,186,ORB Long,2,-383.64,-191.82,3.64,-381.82,61.18,8,False
2021-07-08,187,ORB Long,2,278.36,139.18,3.64,-306.82,456.18,27,False
2021-07-09,188,ORB Long,2,362.36,181.18,3.64,-78.82,435.18,27,False
2021-07-13,189,ORB Long,2,-204.64,-102.32,3.64,-323.82,319.18,28,False
2021-07-14,190,ORB Long,2,-383.64,-191.82,3.64,-519.82,16.18,27,False
2021-07-19,191,ORB Long,2,79.36,39.68,3.64,-498.82,100.18,21,False
2021-07-20,192,ORB Long,2,499.36,249.68,3.64,-82.82,721.18,26,False
2021-07-21,193,ORB Long,2,322.36,161.18,3.64,-121.82,341.18,28,False
2021-07-22,194,ORB Long,2,320.36,160.18,3.64,-179.82,349.18,27,False
2021-07-23,195,ORB Long,2,389.36,194.68,3.64,-8.82,490.18,26,False
2021-07-26,196,ORB Long,2,97.36,48.68,3.64,-69.82,138.18,28,False
2021-07-28,197,ORB Long,2,-162.64,-81.32,3.64,-405.82,206.18,27,False
2021-07-29,198,ORB Long,2,-631.64,-315.82,3.64,-664.82,54.18,25,False
2021-07-30,199,ORB Long,2,73.36,36.68,3.64,-151.82,126.18,28,False
2021-08-02,200,ORB Long,2,-340.64,-170.32,3.64,-449.82,25.18,22,False
2021-08-03,201,ORB Long,2,138.36,69.18,3.64,-77.82,203.18,20,False
2021-08-04,202,ORB Long,2,51.36,25.68,3.64,-81.82,162.18,19,False
2021-08-05,203,ORB Long,2,181.36,90.68,3.64,-88.82,188.18,28,False
2021-08-09,204,ORB Long,2,-56.64,-28.32,3.64,-93.82,26.18,9,False
2021-08-10,205,ORB Long,2,-373.64,-186.82,3.64,-371.82,11.18,2,False
2021-08-12,206,ORB Long,2,282.36,141.18,3.64,0.0,338.18,26,False
2021-08-13,207,ORB Long,2,-1.64,-0.82,3.64,-70.82,165.18,6,False
2021-08-17,208,ORB Long,2,-292.64,-146.32,3.64,-574.82,68.18,25,False
2021-08-18,209,ORB Long,2,-522.64,-261.32,3.64,-520.82,52.18,24,False
2021-08-19,210,ORB Long,2,213.36,106.68,3.64,-51.82,650.18,17,False
2021-08-20,211,ORB Long,2,2.36,1.18,3.64,-18.82,226.18,7,False
2021-08-23,212,ORB Long,2,495.36,247.68,3.64,-45.82,535.18,28,False
2021-08-24,213,ORB Long,2,29.36,14.68,3.64,-95.82,104.18,27,False
2021-08-26,214,ORB Long,2,-320.64,-160.32,3.64,-318.82,16.18,1,False
2021-08-27,215,ORB Long,2,377.36,188.68,3.64,0.0,443.18,27,False
2021-08-30,216,ORB Long,2,307.36,153.68,3.64,-41.82,352.18,28,False
2021-09-01,217,ORB Long,2,-252.64,-126.32,3.64,-282.82,62.18,27,False
2021-09-03,218,ORB Long,2,48.36,24.18,3.64,-144.82,119.18,28,False
2021-09-07,219,ORB Long,2,1.36,0.68,3.64,-149.82,127.18,24,False
2021-09-09,220,ORB Long,2,-493.64,-246.82,3.64,-491.82,21.18,24,False
2021-09-15,221,ORB Long,2,295.36,147.68,3.64,0.0,322.18,16,False
2021-09-16,222,ORB Long,2,90.36,45.18,3.64,-47.82,238.18,12,False
2021-09-21,223,ORB Long,2,-430.64,-215.32,3.64,-539.82,83.18,21,False
2021-09-22,224,ORB Long,2,102.36,51.18,3.64,0.0,494.18,16,False
2021-09-23,225,ORB Long,2,78.36,39.18,3.64,-39.82,284.18,28,False
2021-09-24,226,ORB Long,2,273.36,136.68,3.64,-172.82,343.18,28,False
2021-09-27,227,ORB Long,2,-175.64,-87.82,3.64,-381.82,61.18,23,False
2021-09-29,228,ORB Long,2,-477.64,-238.82,3.64,-689.82,93.18,28,False
2021-10-01,229,ORB Long,2,171.36,85.68,3.64,-79.82,328.18,12,False
2021-10-05,230,ORB Long,2,312.36,156.18,3.64,-31.82,688.18,28,False
2021-10-06,231,ORB Long,2,505.36,252.68,3.64,-288.82,521.18,26,False
2021-10-07,232,ORB Long,2,-262.64,-131.32,3.64,-349.82,181.18,28,False
2021-10-11,233,ORB Long,2,-702.64,-351.32,3.64,-731.82,148.18,28,False
2021-10-13,234,ORB Long,2,-48.64,-24.32,3.64,-210.82,66.18,11,False
2021-10-14,235,ORB Long,2,455.36,227.68,3.64,0.0,479.18,27,False
2021-10-15,236,ORB Long,2,174.36,87.18,3.64,-168.82,177.18,24,False
2021-10-18,237,ORB Long,2,598.36,299.18,3.64,-51.82,645.18,28,False
2021-10-19,238,ORB Long,2,219.36,109.68,3.64,-109.82,293.18,27,False
2021-10-20,239,ORB Long,2,-338.64,-169.32,3.64,-336.82,43.18,12,False
2021-10-21,240,ORB Long,2,140.36,70.18,3.64,-23.82,412.18,26,False
2021-10-25,241,ORB Long,2,439.36,219.68,3.64,0.0,450.18,20,False
2021-10-26,242,ORB Long,2,-533.64,-266.82,3.64,-624.82,168.18,27,False
2021-10-27,243,ORB Long,2,-207.64,-103.82,3.64,-323.82,297.18,28,False
2021-10-28,244,ORB Long,2,47.36,23.68,3.64,-118.82,359.18,26,False
2021-10-29,245,ORB Long,2,736.36,368.18,3.64,-67.82,739.18,28,False
2021-11-01,246,ORB Long,2,74.36,37.18,3.64,-326.82,118.18,15,False
2021-11-02,247,ORB Long,2,6.36,3.18,3.64,-248.82,95.18,28,False
2021-11-03,248,ORB Long,2,530.36,265.18,3.64,-105.82,591.18,11,False
2021-11-04,249,ORB Long,2,47.36,23.68,3.64,-39.82,341.18,6,False
2021-11-10,250,ORB Long,2,-1036.64,-518.32,3.64,-1034.82,185.18,19,False
2021-11-12,251,ORB Long,2,444.36,222.18,3.64,0.0,494.18,24,False
2021-11-16,252,ORB Long,2,159.36,79.68,3.64,-232.82,284.18,26,False
2021-11-17,253,ORB Long,2,119.36,59.68,3.64,-93.82,302.18,9,False
2021-11-18,254,ORB Long,2,11.36,5.68,3.64,-414.82,334.18,18,False
2021-11-19,255,ORB Long,2,-103.64,-51.82,3.64,-318.82,60.18,28,False
2021-11-22,256,ORB Long,2,-819.64,-409.82,3.64,-817.82,182.18,8,False
2021-11-23,257,ORB Long,2,-1038.64,-519.32,3.64,-1036.82,26.18,15,False
2021-11-24,258,ORB Long,2,579.36,289.68,3.64,-128.82,636.18,27,False
2021-11-29,259,ORB Long,2,456.36,228.18,3.64,-290.82,556.18,28,False
2021-11-30,260,ORB Long,2,-690.64,-345.32,3.64,-688.82,213.18,4,False
2021-12-01,261,ORB Long,2,-923.64,-461.82,3.64,-921.82,258.18,16,False
2021-12-02,262,ORB Long,2,86.36,43.18,3.64,-923.82,289.18,28,False
2021-12-06,263,ORB Long,2,351.36,175.68,3.64,-421.82,542.18,26,False
2021-12-07,264,ORB Long,2,547.36,273.68,3.64,-66.82,583.18,28,False
2021-12-08,265,ORB Long,2,186.36,93.18,3.64,-184.82,251.18,21,False
2021-12-15,266,ORB Long,2,1427.36,713.68,3.64,-188.82,1486.18,11,False
2021-12-17,267,ORB Long,2,147.36,73.68,3.64,-565.82,657.18,27,False
2021-12-20,268,ORB Long,2,120.36,60.18,3.64,-605.82,195.18,27,False
2021-12-21,269,ORB Long,2,697.36,348.68,3.64,-113.82,750.18,20,False
2021-12-22,270,ORB Long,2,663.36,331.68,3.64,-253.82,681.18,27,False
2021-12-23,271,ORB Long,2,256.36,128.18,3.64,0.0,472.18,27,False
2021-12-27,272,ORB Long,2,482.36,241.18,3.64,0.0,527.18,27,False
2021-12-30,273,ORB Long,2,-356.64,-178.32,3.64,-429.82,195.18,27,False
2022-01-03,274,ORB Long,2,33.36,16.68,3.64,-140.82,89.18,9,False
2022-01-05,275,ORB Long,2,-1143.64,-571.82,3.64,-1141.82,121.18,18,False
2022-01-06,276,ORB Long,2,-236.64,-118.32,3.64,-532.82,178.18,24,False
2022-01-10,277,ORB Long,2,801.36,400.68,3.64,-51.82,831.18,12,False
2022-01-11,278,ORB Long,2,921.36,460.68,3.64,-361.82,981.18,27,False
2022-01-12,279,ORB Long,2,-394.64,-197.32,3.64,-783.82,65.18,27,False
2022-01-14,280,ORB Long,2,150.36,75.18,3.64,-709.82,154.18,28,False
2022-01-18,281,ORB Long,2,-543.64,-271.82,3.64,-816.82,240.18,27,False
2022-01-19,282,ORB Long,2,-975.64,-487.82,3.64,-973.82,41.18,6,False
2022-01-20,283,ORB Long,2,-1058.64,-529.32,3.64,-1056.82,252.18,21,False
2022-01-21,284,ORB Long,2,-1518.64,-759.32,3.64,-1516.82,156.18,18,False
2022-01-24,285,ORB Long,2,950.36,475.18,3.64,-176.82,1042.18,6,False
2022-01-25,286,ORB Long,2,-1213.64,-606.82,3.64,-1211.82,383.18,9,False
2022-01-26,287,ORB Long,2,-1503.64,-751.82,3.64,-1501.82,567.18,20,False
2022-01-27,288,ORB Long,2,-1234.64,-617.32,3.64,-1232.82,214.18,13,False
2022-01-28,289,ORB Long,2,1303.36,651.68,3.64,-177.82,1358.18,24,False
2022-01-31,290,ORB Long,2,944.36,472.18,3.64,-15.82,1137.18,28,False
2022-02-01,291,ORB Long,2,635.36,317.68,3.64,0.0,723.18,5,False
2022-02-03,292,ORB Long,2,-1225.64,-612.82,3.64,-1223.82,172.18,22,False
2022-02-04,293,ORB Long,2,255.36,127.68,3.64,-553.82,957.18,27,False
2022-02-07,294,ORB Long,2,-719.64,-359.82,3.64,-1086.82,29.18,27,False
2022-02-08,295,ORB Long,2,152.36,76.18,3.64,0.0,679.18,15,False
2022-02-10,296,ORB Long,2,-860.64,-430.32,3.64,-1154.82,473.18,28,False
2022-02-14,297,ORB Long,2,-121.64,-60.82,3.64,-746.82,420.18,27,False
2022-02-15,298,ORB Long,2,232.36,116.18,3.64,-379.82,368.18,25,False
2022-02-16,299,ORB Long,2,283.36,141.68,3.64,0.0,492.18,10,False
2022-02-22,300,ORB Long,2,-411.64,-205.82,3.64,-1250.82,342.18,28,False
2022-02-24,301,ORB Long,2,2280.36,1140.18,3.64,-374.82,2573.18,28,False
2022-02-25,302,ORB Long,2,691.36,345.68,3.64,-312.82,721.18,25,False
2022-02-28,303,ORB Long,2,42.36,21.18,3.64,-449.82,590.18,9,False
2022-03-01,304,ORB Long,2,-1005.64,-502.82,3.64,-1003.82,75.18,8,False
2022-03-02,305,ORB Long,2,335.36,167.68,3.64,-397.82,724.18,25,False
2022-03-08,306,ORB Long,2,250.36,125.18,3.64,0.0,1167.18,6,False
2022-03-09,307,ORB Long,2,598.36,299.18,3.64,-222.82,802.18,27,False
2022-03-10,308,ORB Long,2,-31.64,-15.82,3.64,-733.82,223.18,27,False
2022-03-15,309,ORB Long,2,934.36,467.18,3.64,-185.82,1111.18,27,False
2022-03-16,310,ORB Long,2,1108.36,554.18,3.64,-1033.82,1217.18,28,False
2022-03-17,311,ORB Long,2,279.36,139.68,3.64,-550.82,610.18,28,False
2022-03-18,312,ORB Long,2,1128.36,564.18,3.64,-52.82,1158.18,28,False
2022-03-22,313,ORB Long,2,650.36,325.18,3.64,0.0,809.18,27,False
2022-03-23,314,ORB Long,2,-394.64,-197.32,3.64,-477.82,487.18,27,False
2022-03-24,315,ORB Long,2,837.36,418.68,3.64,-475.82,871.18,27,False
2022-03-25,316,ORB Long,2,-815.64,-407.82,3.64,-813.82,48.18,3,False
2022-03-28,317,ORB Long,2,369.36,184.68,3.64,-750.82,431.18,28,False
2022-03-29,318,ORB Long,2,5.36,2.68,3.64,-70.82,195.18,8,False
2022-03-30,319,ORB Long,2,-568.64,-284.32,3.64,-566.82,146.18,20,False
2022-04-04,320,ORB Long,2,440.36,220.18,3.64,-162.82,502.18,28,False
2022-04-06,321,ORB Long,2,-591.64,-295.82,3.64,-710.82,33.18,7,False
2022-04-07,322,ORB Long,2,-178.64,-89.32,3.64,-1040.82,222.18,27,False
2022-04-08,323,ORB Long,2,-647.64,-323.82,3.64,-715.82,34.18,23,False
2022-04-11,324,ORB Long,2,-703.64,-351.82,3.64,-776.82,41.18,27,False
2022-04-12,325,ORB Long,2,-1278.64,-639.32,3.64,-1276.82,73.18,18,False
2022-04-13,326,ORB Long,2,719.36,359.68,3.64,-5.82,945.18,27,False
2022-04-18,327,ORB Long,2,123.36,61.68,3.64,-589.82,275.18,27,False
2022-04-19,328,ORB Long,2,329.36,164.68,3.64,-62.82,901.18,25,False
2022-04-25,329,ORB Long,2,645.36,322.68,3.64,-504.82,733.18,26,False
2022-04-27,330,ORB Long,2,-138.64,-69.32,3.64,-1098.82,104.18,27,False
2022-04-28,331,ORB Long,2,58.36,29.18,3.64,0.0,1044.18,14,False
2022-04-29,332,ORB Long,2,-1685.64,-842.82,3.64,-1683.82,26.18,19,False
2022-05-02,333,ORB Long,2,456.36,228.18,3.64,-908.82,591.18,27,False
2022-05-03,334,ORB Long,2,14.36,7.18,3.64,-541.82,287.18,28,False
2022-05-04,335,ORB Long,2,97.36,48.68,3.64,-198.82,456.18,4,False
2022-05-06,336,ORB Long,2,-521.64,-260.82,3.64,-905.82,544.18,26,False
2022-05-06,337,Scale-in Long,2,-208.64,-104.32,3.64,-592.82,857.18,26,True
2022-05-11,338,ORB Long,2,-1509.64,-754.82,3.64,-1796.82,166.18,28,False
2022-05-11,339,Scale-in Long,2,-1246.64,-623.32,3.64,-1533.82,429.18,27,True
2022-05-12,341,Scale-in Long,2,-239.64,-119.82,3.64,-976.82,797.18,27,True
2022-05-12,340,ORB Long,2,-7.64,-3.82,3.64,-744.82,1029.18,27,False
2022-05-13,342,ORB Long,2,478.36,239.18,3.64,-99.82,755.18,28,False
2022-05-13,343,Scale-in Long,2,327.36,163.68,3.64,-250.82,604.18,27,True
2022-05-16,344,ORB Long,2,-490.64,-245.32,3.64,-677.82,166.18,26,False
2022-05-16,345,Scale-in Long,2,-520.64,-260.32,3.64,-707.82,136.18,26,True
2022-05-17,346,ORB Long,2,150.36,75.18,3.64,-655.82,171.18,11,False
2022-05-19,347,ORB Long,2,-322.64,-161.32,3.64,-524.82,390.18,27,False
2022-05-19,348,Scale-in Long,2,-47.64,-23.82,3.64,-249.82,665.18,26,True
2022-05-23,349,ORB Long,2,496.36,248.18,3.64,-372.82,582.18,25,False
2022-05-23,350,Scale-in Long,2,703.36,351.68,3.64,-64.82,789.18,24,True
2022-05-25,352,Scale-in Long,2,-23.64,-11.82,3.64,-476.82,572.18,26,True
2022-05-25,351,ORB Long,2,155.36,77.68,3.64,-297.82,751.18,26,False
2022-05-26,353,ORB Long,2,569.36,284.68,3.64,-75.82,913.18,28,False
2022-05-26,354,Scale-in Long,2,382.36,191.18,3.64,-141.82,726.18,27,True
2022-05-27,355,ORB Long,2,811.36,405.68,3.64,-65.82,817.18,28,False
2022-05-31,356,ORB Long,2,-144.64,-72.32,3.64,-350.82,315.18,20,False
2022-06-01,357,ORB Long,2,-1073.64,-536.82,3.64,-1071.82,23.18,5,False
2022-06-02,358,ORB Long,2,1387.36,693.68,3.64,-203.82,1421.18,27,False
2022-06-03,359,ORB Long,2,-685.64,-342.82,3.64,-870.82,43.18,27,False
2022-06-06,360,ORB Long,2,-933.64,-466.82,3.64,-931.82,98.18,9,False
2022-06-07,361,ORB Long,2,601.36,300.68,3.64,-152.82,843.18,28,False
2022-06-08,362,ORB Long,2,-560.64,-280.32,3.64,-723.82,58.18,28,False
2022-06-09,363,ORB Long,2,-1091.64,-545.82,3.64,-1089.82,133.18,22,False
2022-06-14,364,ORB Long,2,-381.64,-190.82,3.64,-880.82,0.0,14,False
2022-06-15,365,ORB Long,2,300.36,150.18,3.64,-697.82,827.18,19,False
2022-06-15,366,Scale-in Long,2,315.36,157.68,3.64,-682.82,842.18,19,True
2022-06-17,367,ORB Long,2,-23.64,-11.82,3.64,-228.82,278.18,15,False
2022-06-17,368,Scale-in Long,2,-242.64,-121.32,3.64,-447.82,11.18,15,True
2022-06-21,369,ORB Long,2,-189.64,-94.82,3.64,-266.82,200.18,28,False
2022-06-21,370,Scale-in Long,2,-256.64,-128.32,3.64,-333.82,133.18,27,True
2022-06-22,371,ORB Long,2,7.36,3.68,3.64,-135.82,618.18,8,False
2022-06-22,372,Scale-in Long,2,-348.64,-174.32,3.64,-363.82,464.18,27,True
2022-06-23,373,ORB Long,2,11.36,5.68,3.64,-549.82,331.18,27,False
2022-06-23,374,Scale-in Long,2,-64.64,-32.32,3.64,-625.82,255.18,25,True
2022-06-24,376,Scale-in Long,2,311.36,155.68,3.64,-339.82,379.18,27,True
2022-06-24,375,ORB Long,2,687.36,343.68,3.64,0.0,755.18,27,False
2022-06-29,377,ORB Long,2,-12.64,-6.32,3.64,-362.82,217.18,27,False
2022-06-29,378,Scale-in Long,2,38.36,19.18,3.64,-311.82,268.18,27,True
2022-06-30,379,ORB Long,2,-316.64,-158.32,3.64,-474.82,386.18,22,False
2022-06-30,380,Scale-in Long,2,-412.64,-206.32,3.64,-570.82,290.18,20,True
2022-07-01,381,ORB Long,2,223.36,111.68,3.64,-621.82,292.18,28,False
2022-07-01,382,Scale-in Long,2,538.36,269.18,3.64,-306.82,607.18,27,True
2022-07-05,383,ORB Long,2,82.36,41.18,3.64,-21.82,562.18,4,False
2022-07-05,384,Scale-in Long,2,1210.36,605.18,3.64,-180.82,1233.18,27,True
2022-07-06,385,ORB Long,2,71.36,35.68,3.64,-371.82,358.18,11,False
2022-07-06,386,Scale-in Long,2,239.36,119.68,3.64,-203.82,526.18,11,True
2022-07-07,388,Scale-in Long,2,329.36,164.68,3.64,-92.82,531.18,26,True
2022-07-07,387,ORB Long,2,331.36,165.68,3.64,-180.82,533.18,28,False
2022-07-08,389,ORB Long,2,276.36,138.18,3.64,-209.82,478.18,26,False
2022-07-08,390,Scale-in Long,2,170.36,85.18,3.64,-315.82,372.18,26,True
2022-07-13,391,ORB Long,2,209.36,104.68,3.64,-327.82,698.18,28,False
2022-07-13,392,Scale-in Long,2,268.36,134.18,3.64,-268.82,757.18,27,True
2022-07-14,393,ORB Long,2,488.36,244.18,3.64,-255.82,599.18,21,False
2022-07-14,394,Scale-in Long,2,437.36,218.68,3.64,-306.82,548.18,21,True
2022-07-15,395,ORB Long,2,132.36,66.18,3.64,-373.82,144.18,27,False
2022-07-15,396,Scale-in Long,2,180.36,90.18,3.64,-178.82,192.18,22,True
2022-07-18,397,ORB Long,2,-703.64,-351.82,3.64,-701.82,87.18,16,False
2022-07-18,398,Scale-in Long,2,-552.64,-276.32,3.64,-550.82,238.18,15,True
2022-07-19,400,Scale-in Long,2,931.36,465.68,3.64,-36.82,970.18,26,True
2022-07-19,399,ORB Long,2,950.36,475.18,3.64,-17.82,989.18,26,False
2022-07-20,401,ORB Long,2,272.36,136.18,3.64,-63.82,736.18,11,False
2022-07-20,402,Scale-in Long,2,235.36,117.68,3.64,-100.82,699.18,11,True
2022-07-21,403,ORB Long,2,185.36,92.68,3.64,-611.82,516.18,27,False
2022-07-21,404,Scale-in Long,2,615.36,307.68,3.64,-181.82,946.18,27,True
2022-07-27,405,ORB Long,2,616.36,308.18,3.64,-58.82,1212.18,25,False
2022-07-27,406,Scale-in Long,2,497.36,248.68,3.64,-115.82,1093.18,24,True
2022-07-28,407,ORB Long,2,1074.36,537.18,3.64,-125.82,1172.18,22,False
2022-07-28,408,Scale-in Long,2,989.36,494.68,3.64,-210.82,1087.18,21,True
2022-07-29,409,ORB Long,2,431.36,215.68,3.64,-318.82,586.18,28,False
2022-07-29,410,Scale-in Long,2,347.36,173.68,3.64,-402.82,502.18,27,True
2022-08-01,412,Scale-in Long,2,-317.64,-158.82,3.64,-644.82,199.18,27,True
2022-08-01,411,ORB Long,2,-44.64,-22.32,3.64,-371.82,472.18,28,False
2022-08-02,413,ORB Long,2,70.36,35.18,3.64,-89.82,613.18,11,False
2022-08-02,414,Scale-in Long,2,-192.64,-96.32,3.64,-328.82,512.18,24,True
2022-08-03,415,ORB Long,2,524.36,262.18,3.64,-221.82,777.18,28,False
2022-08-03,416,Scale-in Long,2,383.36,191.68,3.64,-362.82,636.18,27,True
2022-08-04,417,ORB Long,2,-9.64,-4.82,3.64,-578.82,71.18,27,False
2022-08-04,418,Scale-in Long,2,-46.64,-23.32,3.64,-193.82,34.18,7,True
2022-08-05,419,ORB Long,2,8.36,4.18,3.64,-505.82,392.18,27,False
2022-08-05,420,Scale-in Long,2,-264.64,-132.32,3.64,-778.82,119.18,27,True
2022-08-08,422,Scale-in Long,2,-679.64,-339.82,3.64,-1044.82,32.18,27,True
2022-08-08,421,ORB Long,2,-723.64,-361.82,3.64,-1088.82,107.18,28,False
2022-08-10,424,Scale-in Long,2,126.36,63.18,3.64,-130.82,236.18,23,True
2022-08-10,423,ORB Long,2,99.36,49.68,3.64,-157.82,209.18,23,False
2022-08-11,425,ORB Long,2,-580.64,-290.32,3.64,-578.82,246.18,7,False
2022-08-12,426,ORB Long,2,587.36,293.68,3.64,-272.82,600.18,27,False
2022-08-15,427,ORB Long,2,240.36,120.18,3.64,-320.82,350.18,28,False
2022-08-16,428,ORB Long,2,6.36,3.18,3.64,-116.82,320.18,11,False
2022-08-17,429,ORB Long,2,-228.64,-114.32,3.64,-362.82,197.18,11,False
2022-08-18,430,ORB Long,2,89.36,44.68,3.64,-129.82,237.18,25,False
2022-08-23,431,ORB Long,2,-258.64,-129.32,3.64,-311.82,265.18,27,False
2022-08-23,432,Scale-in Long,2,-486.64,-243.32,3.64,-539.82,37.18,27,True
2022-08-24,433,ORB Long,2,85.36,42.68,3.64,-125.82,417.18,13,False
2022-08-24,434,Scale-in Long,2,76.36,38.18,3.64,-42.82,408.18,13,True
2022-08-25,436,Scale-in Long,2,357.36,178.68,3.64,-230.82,427.18,27,True
2022-08-25,435,ORB Long,2,398.36,199.18,3.64,-189.82,468.18,28,False
2022-08-29,437,ORB Long,2,-408.64,-204.32,3.64,-633.82,14.18,26,False
2022-09-01,438,ORB Long,2,265.36,132.68,3.64,-167.82,301.18,7,False
2022-09-01,439,Scale-in Long,2,192.36,96.18,3.64,-240.82,228.18,7,True
2022-09-02,440,ORB Long,2,-1303.64,-651.82,3.64,-1301.82,161.18,13,False
2022-09-02,441,Scale-in Long,2,-1397.64,-698.82,3.64,-1395.82,18.18,13,True
2022-09-07,442,ORB Long,2,547.36,273.68,3.64,-100.82,720.18,23,False
2022-09-07,443,Scale-in Long,2,489.36,244.68,3.64,-158.82,662.18,23,True
2022-09-08,444,ORB Long,2,391.36,195.68,3.64,-439.82,527.18,28,False
2022-09-08,445,Scale-in Long,2,374.36,187.18,3.64,-456.82,510.18,26,True
2022-09-09,447,Scale-in Long,2,283.36,141.68,3.64,-129.82,378.18,27,True
2022-09-09,446,ORB Long,2,347.36,173.68,3.64,-65.82,442.18,28,False
2022-09-14,448,ORB Long,2,-292.64,-146.32,3.64,-402.82,234.18,17,False
2022-09-14,449,Scale-in Long,2,572.36,286.18,3.64,-51.82,588.18,26,True
2022-09-15,450,ORB Long,2,-786.64,-393.32,3.64,-784.82,117.18,5,False
2022-09-15,451,Scale-in Long,2,-789.64,-394.82,3.64,-787.82,89.18,4,True
2022-09-16,452,ORB Long,2,340.36,170.18,3.64,-376.82,351.18,27,False
2022-09-16,453,Scale-in Long,2,351.36,175.68,3.64,-365.82,362.18,27,True
2022-09-19,454,ORB Long,2,519.36,259.68,3.64,-267.82,605.18,28,False
2022-09-19,455,Scale-in Long,2,509.36,254.68,3.64,-277.82,595.18,27,True
2022-09-20,457,Scale-in Long,2,-40.64,-20.32,3.64,-518.82,259.18,24,True
2022-09-20,456,ORB Long,2,0.36,0.18,3.64,-477.82,300.18,27,False
2022-09-21,459,Scale-in Long,2,9.36,4.68,3.64,-234.82,282.18,15,True
2022-09-21,458,ORB Long,2,62.36,31.18,3.64,-181.82,335.18,16,False
2022-09-26,460,ORB Long,2,-707.64,-353.82,3.64,-803.82,184.18,28,False
2022-09-26,461,Scale-in Long,2,-722.64,-361.32,3.64,-818.82,169.18,27,True
2022-09-28,462,ORB Long,2,744.36,372.18,3.64,-265.82,1040.18,27,False
2022-09-28,463,Scale-in Long,2,910.36,455.18,3.64,-99.82,1206.18,27,True
2022-09-30,464,ORB Long,2,-761.64,-380.82,3.64,-886.82,443.18,27,False
2022-09-30,465,Scale-in Long,2,-694.64,-347.32,3.64,-819.82,510.18,27,True
2022-10-03,466,ORB Long,2,689.36,344.68,3.64,-5.82,885.18,27,False
2022-10-03,467,Scale-in Long,2,645.36,322.68,3.64,-49.82,841.18,27,True
2022-10-04,469,Scale-in Long,2,-44.64,-22.32,3.64,-524.82,84.18,27,True
2022-10-04,468,ORB Long,2,105.36,52.68,3.64,-374.82,234.18,28,False
2022-10-05,471,Scale-in Long,2,341.36,170.68,3.64,-18.82,674.18,16,True
2022-10-05,470,ORB Long,2,352.36,176.18,3.64,-7.82,685.18,16,False
2022-10-11,472,ORB Long,2,-264.64,-132.32,3.64,-716.82,373.18,21,False
2022-10-11,473,Scale-in Long,2,-368.64,-184.32,3.64,-820.82,269.18,21,True
2022-10-13,474,ORB Long,2,1566.36,783.18,3.64,-75.82,1568.18,6,False
2022-10-13,475,Scale-in Long,2,1256.36,628.18,3.64,-368.82,1258.18,5,True
2022-10-17,476,ORB Long,2,77.36,38.68,3.64,-369.82,136.18,27,False
2022-10-17,477,Scale-in Long,2,26.36,13.18,3.64,-420.82,85.18,27,True
2022-10-19,478,ORB Long,2,-255.64,-127.82,3.64,-654.82,282.18,27,False
2022-10-19,479,Scale-in Long,2,-494.64,-247.32,3.64,-893.82,43.18,26,True
2022-10-20,480,ORB Long,2,60.36,30.18,3.64,-38.82,504.18,9,False
2022-10-20,481,Scale-in Long,2,-816.64,-408.32,3.64,-891.82,260.18,27,True
2022-10-21,483,Scale-in Long,2,721.36,360.68,3.64,-588.82,752.18,27,True
2022-10-21,482,ORB Long,2,889.36,444.68,3.64,-420.82,920.18,28,False
2022-10-24,484,ORB Long,2,239.36,119.68,3.64,-103.82,465.18,20,False
2022-10-24,485,Scale-in Long,2,161.36,80.68,3.64,-181.82,387.18,20,True
2022-10-25,486,ORB Long,2,-269.64,-134.82,3.64,-459.82,329.18,28,False
2022-10-25,487,Scale-in Long,2,-224.64,-112.32,3.64,-414.82,374.18,27,True
2022-10-26,488,ORB Long,2,276.36,138.18,3.64,0.0,759.18,11,False
2022-10-26,489,Scale-in Long,2,139.36,69.68,3.64,-102.82,622.18,11,True
2022-10-28,490,ORB Long,2,1044.36,522.18,3.64,0.0,1048.18,26,False
2022-10-28,491,Scale-in Long,2,977.36,488.68,3.64,-18.82,981.18,26,True
2022-11-03,492,ORB Long,2,-485.64,-242.82,3.64,-527.82,158.18,24,False
2022-11-03,493,Scale-in Long,2,-559.64,-279.82,3.64,-601.82,84.18,24,True
2022-11-04,494,ORB Long,2,-361.64,-180.82,3.64,-1206.82,39.18,25,False
2022-11-07,495,ORB Long,2,176.36,88.18,3.64,-16.82,275.18,11,False
2022-11-07,496,Scale-in Long,2,70.36,35.18,3.64,-18.82,169.18,10,True
2022-11-08,497,ORB Long,2,77.36,38.68,3.64,-26.82,551.18,12,False
2022-11-08,498,Scale-in Long,2,81.36,40.68,3.64,-22.82,555.18,12,True
2022-11-10,499,ORB Long,2,894.36,447.18,3.64,-375.82,901.18,28,False
2022-11-10,500,Scale-in Long,2,1010.36,505.18,3.64,-259.82,1017.18,27,True
2022-11-11,501,ORB Long,2,716.36,358.18,3.64,-66.82,885.18,27,False
2022-11-11,502,Scale-in Long,2,485.36,242.68,3.64,-297.82,654.18,27,True
2022-11-14,503,ORB Long,2,47.36,23.68,3.64,-230.82,449.18,22,False
2022-11-14,504,Scale-in Long,2,8.36,4.18,3.64,-269.82,410.18,22,True
2022-11-17,506,Scale-in Long,2,336.36,168.18,3.64,-254.82,453.18,26,True
2022-11-17,505,ORB Long,2,122.36,61.18,3.64,-66.82,641.18,21,False
2022-11-22,507,ORB Long,2,428.36,214.18,3.64,-62.82,510.18,24,False
2022-11-22,508,Scale-in Long,2,348.36,174.18,3.64,-142.82,430.18,24,True
2022-11-30,509,ORB Long,2,1633.36,816.68,3.64,0.0,1635.18,8,False
2022-11-30,510,Scale-in Long,2,1227.36,613.68,3.64,-217.82,1229.18,8,True
2022-12-01,511,ORB Long,2,-315.64,-157.82,3.64,-684.82,119.18,28,False
2022-12-01,512,Scale-in Long,2,123.36,61.68,3.64,-245.82,375.18,27,True
2022-12-02,513,ORB Long,2,250.36,125.18,3.64,-150.82,525.18,27,False
2022-12-02,514,Scale-in Long,2,141.36,70.68,3.64,-259.82,416.18,27,True
2022-12-08,515,ORB Long,2,137.36,68.68,3.64,-96.82,335.18,28,False
2022-12-08,516,Scale-in Long,2,-2.64,-1.32,3.64,-236.82,195.18,27,True
2022-12-09,518,Scale-in Long,2,-338.64,-169.32,3.64,-344.82,326.18,27,True
2022-12-09,517,ORB Long,2,-364.64,-182.32,3.64,-370.82,300.18,27,False
2022-12-14,519,ORB Long,2,-844.64,-422.32,3.64,-842.82,237.18,19,False
2022-12-14,520,Scale-in Long,2,-941.64,-470.82,3.64,-939.82,140.18,18,True
2022-12-20,521,ORB Long,2,91.36,45.68,3.64,-268.82,313.18,28,False
2022-12-20,522,Scale-in Long,2,52.36,26.18,3.64,-307.82,274.18,27,True
2022-12-21,523,ORB Long,2,461.36,230.68,3.64,0.0,601.18,27,False
2022-12-21,524,Scale-in Long,2,267.36,133.68,3.64,-40.82,407.18,27,True
2022-12-23,525,ORB Long,2,56.36,28.18,3.64,-304.82,207.18,26,False
2022-12-23,526,Scale-in Long,2,-26.64,-13.32,3.64,-387.82,64.18,25,True
2022-12-29,528,Scale-in Long,2,164.36,82.18,3.64,-2.82,335.18,27,True
2022-12-29,527,ORB Long,2,238.36,119.18,3.64,0.0,409.18,27,False
2022-12-30,529,ORB Long,2,366.36,183.18,3.64,-294.82,413.18,24,False
2022-12-30,530,Scale-in Long,2,433.36,216.68,3.64,-227.82,480.18,24,True
2023-01-04,531,ORB Long,2,-257.64,-128.82,3.64,-586.82,82.18,21,False
2023-01-04,532,Scale-in Long,2,-311.64,-155.82,3.64,-640.82,28.18,21,True
2023-01-05,533,ORB Long,2,-363.64,-181.82,3.64,-488.82,1.18,27,False
2023-01-06,534,ORB Long,2,645.36,322.68,3.64,-31.82,881.18,25,False
2023-01-06,535,Scale-in Long,2,660.36,330.18,3.64,-16.82,896.18,25,True
2023-01-09,536,ORB Long,2,-508.64,-254.32,3.64,-600.82,297.18,28,False
2023-01-09,537,Scale-in Long,2,-429.64,-214.82,3.64,-521.82,376.18,27,True
2023-01-10,538,ORB Long,2,132.36,66.18,3.64,-504.82,169.18,27,False
2023-01-10,539,Scale-in Long,2,94.36,47.18,3.64,-542.82,131.18,27,True
2023-01-11,541,Scale-in Long,2,476.36,238.18,3.64,-168.82,496.18,27,True
2023-01-11,540,ORB Long,2,462.36,231.18,3.64,-182.82,482.18,27,False
2023-01-12,542,ORB Long,2,8.36,4.18,3.64,-268.82,224.18,18,False
2023-01-12,543,Scale-in Long,2,-75.64,-37.82,3.64,-352.82,140.18,18,True
2023-01-13,544,ORB Long,2,533.36,266.68,3.64,-53.82,608.18,27,False
2023-01-13,545,Scale-in Long,2,403.36,201.68,3.64,-183.82,478.18,27,True
2023-01-17,546,ORB Long,2,5.36,2.68,3.64,-264.82,255.18,27,False
2023-01-17,547,Scale-in Long,2,-172.64,-86.32,3.64,-442.82,75.18,27,True
2023-01-18,548,ORB Long,2,-553.64,-276.82,3.64,-551.82,127.18,3,False
2023-01-18,549,Scale-in Long,2,-544.64,-272.32,3.64,-542.82,41.18,3,True
2023-01-19,551,Scale-in Long,2,-136.64,-68.32,3.64,-300.82,60.18,8,True
2023-01-19,550,ORB Long,2,-219.64,-109.82,3.64,-383.82,28.18,9,False
2023-01-20,552,ORB Long,2,906.36,453.18,3.64,-97.82,948.18,28,False
2023-01-20,553,Scale-in Long,2,810.36,405.18,3.64,-88.82,852.18,27,True
2023-01-23,554,ORB Long,2,240.36,120.18,3.64,-39.82,725.18,20,False
2023-01-23,555,Scale-in Long,2,183.36,91.68,3.64,-18.82,668.18,19,True
2023-01-24,556,ORB Long,2,276.36,138.18,3.64,-259.82,428.18,27,False
2023-01-24,557,Scale-in Long,2,289.36,144.68,3.64,-169.82,441.18,26,True
2023-01-25,558,ORB Long,2,598.36,299.18,3.64,-19.82,773.18,22,False
2023-01-25,559,Scale-in Long,2,596.36,298.18,3.64,-21.82,771.18,22,True
2023-01-26,560,ORB Long,2,-66.64,-33.32,3.64,-80.82,150.18,6,False
2023-01-26,561,Scale-in Long,2,-80.64,-40.32,3.64,-94.82,136.18,6,True
2023-01-27,563,Scale-in Long,2,187.36,93.68,3.64,-318.82,543.18,27,True
2023-01-27,562,ORB Long,2,347.36,173.68,3.64,-158.82,703.18,28,False
2023-01-30,565,Scale-in Long,2,-511.64,-255.82,3.64,-509.82,12.18,21,True
2023-01-30,564,ORB Long,2,-555.64,-277.82,3.64,-553.82,92.18,22,False
2023-01-31,566,ORB Long,2,322.36,161.18,3.64,0.0,469.18,26,False
2023-01-31,567,Scale-in Long,2,238.36,119.18,3.64,-69.82,385.18,26,True
2023-02-01,568,ORB Long,2,858.36,429.18,3.64,-406.82,1188.18,21,False
2023-02-01,569,Scale-in Long,2,941.36,470.68,3.64,-323.82,1271.18,6,True
2023-02-02,570,ORB Long,2,248.36,124.18,3.64,-15.82,790.18,17,False
2023-02-02,571,Scale-in Long,2,19.36,9.68,3.64,-472.82,561.18,22,True
2023-02-03,572,ORB Long,2,-435.64,-217.82,3.64,-584.82,611.18,28,False
2023-02-03,573,Scale-in Long,2,-560.64,-280.32,3.64,-709.82,486.18,27,True
2023-02-06,574,ORB Long,2,-216.64,-108.32,3.64,-437.82,171.18,27,False
2023-02-06,575,Scale-in Long,2,-157.64,-78.82,3.64,-378.82,230.18,27,True
2023-02-07,577,Scale-in Long,2,570.36,285.18,3.64,-81.82,887.18,8,True
2023-02-07,576,ORB Long,2,630.36,315.18,3.64,-21.82,947.18,8,False
2023-02-10,578,ORB Long,2,-234.64,-117.32,3.64,-606.82,108.18,27,False
2023-02-10,579,Scale-in Long,2,-200.64,-100.32,3.64,-572.82,91.18,26,True
2023-02-13,580,ORB Long,2,330.36,165.18,3.64,-182.82,424.18,28,False
2023-02-13,581,Scale-in Long,2,443.36,221.68,3.64,-48.82,537.18,27,True
2023-02-14,582,ORB Long,2,124.36,62.18,3.64,-675.82,347.18,28,False
2023-02-14,583,Scale-in Long,2,-132.64,-66.32,3.64,-932.82,59.18,27,True
2023-02-15,584,ORB Long,2,524.36,262.18,3.64,-118.82,555.18,23,False
2023-02-15,585,Scale-in Long,2,464.36,232.18,3.64,-108.82,495.18,22,True
2023-02-16,587,Scale-in Long,2,40.36,20.18,3.64,-58.82,471.18,21,True
2023-02-16,586,ORB Long,2,73.36,36.68,3.64,-25.82,504.18,21,False
2023-02-22,589,Scale-in Long,2,-6.64,-3.32,3.64,-469.82,100.18,13,True
2023-02-22,588,ORB Long,2,1.36,0.68,3.64,-461.82,108.18,14,False
2023-02-28,590,ORB Long,2,-238.64,-119.32,3.64,-295.82,296.18,27,False
2023-02-28,591,Scale-in Long,2,-214.64,-107.32,3.64,-271.82,320.18,27,True
2023-03-01,592,ORB Long,2,-337.64,-168.82,3.64,-572.82,7.18,27,False
2023-03-02,593,ORB Long,2,612.36,306.18,3.64,-102.82,793.18,28,False
2023-03-02,594,Scale-in Long,2,567.36,283.68,3.64,-147.82,748.18,27,True
2023-03-03,595,ORB Long,2,541.36,270.68,3.64,-238.82,557.18,28,False
2023-03-03,596,Scale-in Long,2,521.36,260.68,3.64,-99.82,537.18,27,True
2023-03-06,597,ORB Long,2,80.36,40.18,3.64,0.0,352.18,10,False
2023-03-06,598,Scale-in Long,2,32.36,16.18,3.64,-22.82,304.18,10,True
2023-03-08,600,Scale-in Long,2,142.36,71.18,3.64,-238.82,212.18,25,True
2023-03-08,599,ORB Long,2,81.36,40.68,3.64,-299.82,151.18,25,False
2023-03-09,601,ORB Long,2,-757.64,-378.82,3.64,-755.82,105.18,15,False
2023-03-09,602,Scale-in Long,2,-734.64,-367.32,3.64,-732.82,102.18,14,True
2023-03-10,603,ORB Long,2,-605.64,-302.82,3.64,-957.82,174.18,22,False
2023-03-10,604,Scale-in Long,2,-645.64,-322.82,3.64,-997.82,134.18,22,True
2023-03-13,605,ORB Long,2,233.36,116.68,3.64,-180.82,795.18,28,False
2023-03-13,606,Scale-in Long,2,224.36,112.18,3.64,-189.82,786.18,27,True
2023-03-14,607,ORB Long,2,209.36,104.68,3.64,-456.82,294.18,27,False
2023-03-14,608,Scale-in Long,2,113.36,56.68,3.64,-552.82,198.18,26,True
2023-03-15,610,Scale-in Long,2,540.36,270.18,3.64,-316.82,583.18,20,True
2023-03-15,609,ORB Long,2,484.36,242.18,3.64,-372.82,527.18,21,False
2023-03-16,612,Scale-in Long,2,1244.36,622.18,3.64,-146.82,1337.18,27,True
2023-03-16,611,ORB Long,2,1172.36,586.18,3.64,-218.82,1265.18,28,False
2023-03-17,613,ORB Long,2,-733.64,-366.82,3.64,-731.82,182.18,5,False
2023-03-17,614,Scale-in Long,2,-698.64,-349.32,3.64,-696.82,53.18,5,True
2023-03-20,615,ORB Long,2,176.36,88.18,3.64,-362.82,207.18,23,False
2023-03-20,616,Scale-in Long,2,184.36,92.18,3.64,-354.82,215.18,23,True
2023-03-21,617,ORB Long,2,238.36,119.18,3.64,-414.82,328.18,27,False
2023-03-21,618,Scale-in Long,2,382.36,191.18,3.64,-270.82,472.18,27,True
2023-03-22,619,ORB Long,2,38.36,19.18,3.64,-77.82,218.18,5,False
2023-03-22,620,Scale-in Long,2,91.36,45.68,3.64,-19.82,271.18,4,True
2023-03-23,621,ORB Long,2,142.36,71.18,3.64,0.0,553.18,12,False
2023-03-23,622,Scale-in Long,2,13.36,6.68,3.64,-49.82,424.18,12,True
2023-03-24,624,Scale-in Long,2,256.36,128.18,3.64,-110.82,263.18,9,True
2023-03-24,623,ORB Long,2,312.36,156.18,3.64,-369.82,319.18,19,False
2023-03-27,625,ORB Long,2,-595.64,-297.82,3.64,-593.82,28.18,7,False
2023-03-27,626,Scale-in Long,2,-502.64,-251.32,3.64,-500.82,58.18,7,True
2023-03-29,627,ORB Long,2,159.36,79.68,3.64,-264.82,291.18,27,False
2023-03-29,628,Scale-in Long,2,220.36,110.18,3.64,-203.82,352.18,27,True
2023-03-30,629,ORB Long,2,-122.64,-61.32,3.64,-208.82,126.18,11,False
2023-03-30,630,Scale-in Long,2,184.36,92.18,3.64,-124.82,278.18,27,True
2023-03-31,631,ORB Long,2,656.36,328.18,3.64,-53.82,671.18,28,False
2023-03-31,632,Scale-in Long,2,669.36,334.68,3.64,-2.82,684.18,27,True
2023-04-03,634,Scale-in Long,2,100.36,50.18,3.64,-326.82,171.18,27,True
2023-04-03,633,ORB Long,2,49.36,24.68,3.64,-377.82,120.18,27,False
2023-04-04,636,Scale-in Long,2,-342.64,-171.32,3.64,-591.82,15.18,27,True
2023-04-04,635,ORB Long,2,-263.64,-131.82,3.64,-512.82,119.18,27,False
2023-04-06,637,ORB Long,2,581.36,290.68,3.64,-39.82,695.18,27,False
2023-04-06,638,Scale-in Long,2,467.36,233.68,3.64,-153.82,581.18,27,True
2023-04-10,639,ORB Long,2,419.36,209.68,3.64,-185.82,452.18,23,False
2023-04-10,640,Scale-in Long,2,395.36,197.68,3.64,-209.82,428.18,23,True
2023-04-13,641,ORB Long,2,395.36,197.68,3.64,0.0,589.18,27,False
2023-04-13,642,Scale-in Long,2,243.36,121.68,3.64,-69.82,437.18,27,True
2023-04-14,643,ORB Long,2,-158.64,-79.32,3.64,-728.82,67.18,28,False
2023-04-14,644,Scale-in Long,2,33.36,16.68,3.64,-536.82,89.18,27,True
2023-04-19,645,ORB Long,2,135.36,67.68,3.64,-36.82,375.18,25,False
2023-04-19,646,Scale-in Long,2,81.36,40.68,3.64,-90.82,321.18,25,True
2023-04-20,648,Scale-in Long,2,-223.64,-111.82,3.64,-493.82,217.18,27,True
2023-04-20,647,ORB Long,2,-107.64,-53.82,3.64,-377.82,333.18,28,False
2023-04-21,649,ORB Long,2,-51.64,-25.82,3.64,-292.82,179.18,19,False
2023-04-21,650,Scale-in Long,2,42.36,21.18,3.64,-240.82,231.18,26,True
2023-04-26,651,ORB Long,2,-7.64,-3.82,3.64,-394.82,203.18,28,False
2023-04-26,652,Scale-in Long,2,69.36,34.68,3.64,-317.82,280.18,27,True
2023-04-27,653,ORB Long,2,1022.36,511.18,3.64,0.0,1024.18,24,False
2023-04-27,654,Scale-in Long,2,925.36,462.68,3.64,-34.82,927.18,24,True
2023-04-28,655,ORB Long,2,326.36,163.18,3.64,-243.82,368.18,27,False
2023-04-28,656,Scale-in Long,2,238.36,119.18,3.64,-331.82,280.18,27,True
2023-05-01,658,Scale-in Long,2,-142.64,-71.32,3.64,-259.82,157.18,24,True
2023-05-01,657,ORB Long,2,-0.64,-0.32,3.64,-232.82,184.18,17,False
2023-05-03,659,ORB Long,2,98.36,49.18,3.64,-223.82,308.18,19,False
2023-05-03,660,Scale-in Long,2,204.36,102.18,3.64,-117.82,414.18,18,True
2023-05-04,661,ORB Long,2,-198.64,-99.32,3.64,-273.82,147.18,23,False
2023-05-04,662,Scale-in Long,2,-190.64,-95.32,3.64,-265.82,155.18,23,True
2023-05-05,663,ORB Long,2,474.36,237.18,3.64,-2.82,670.18,28,False
2023-05-05,664,Scale-in Long,2,308.36,154.18,3.64,-43.82,504.18,27,True
2023-05-08,665,ORB Long,2,97.36,48.68,3.64,-87.82,228.18,20,False
2023-05-08,666,Scale-in Long,2,54.36,27.18,3.64,-130.82,185.18,20,True
2023-05-09,668,Scale-in Long,2,-88.64,-44.32,3.64,-132.82,84.18,27,True
2023-05-09,667,ORB Long,2,-199.64,-99.82,3.64,-243.82,29.18,28,False
2023-05-10,669,ORB Long,2,-42.64,-21.32,3.64,-622.82,118.18,27,False
2023-05-10,670,Scale-in Long,2,-52.64,-26.32,3.64,-632.82,108.18,27,True
2023-05-11,671,ORB Long,2,41.36,20.68,3.64,-162.82,151.18,22,False
2023-05-11,672,Scale-in Long,2,22.36,11.18,3.64,-181.82,132.18,21,True
2023-05-15,673,ORB Long,2,126.36,63.18,3.64,-55.82,188.18,22,False
2023-05-15,674,Scale-in Long,2,134.36,67.18,3.64,-47.82,196.18,22,True
2023-05-16,675,ORB Long,2,-7.64,-3.82,3.64,-108.82,201.18,26,False
2023-05-16,676,Scale-in Long,2,16.36,8.18,3.64,-84.82,225.18,25,True
2023-05-17,677,ORB Long,2,331.36,165.68,3.64,-141.82,514.18,16,False
2023-05-17,678,Scale-in Long,2,344.36,172.18,3.64,-29.82,527.18,15,True
2023-05-18,680,Scale-in Long,2,96.36,48.18,3.64,-23.82,497.18,16,True
2023-05-18,679,ORB Long,2,167.36,83.68,3.64,-51.82,568.18,17,False
2023-05-22,681,ORB Long,2,-56.64,-28.32,3.64,-269.82,53.18,28,False
2023-05-22,682,Scale-in Long,2,40.36,20.18,3.64,-139.82,150.18,27,True
2023-05-23,683,ORB Long,2,-458.64,-229.32,3.64,-456.82,49.18,17,False
2023-05-23,684,Scale-in Long,2,-427.64,-213.82,3.64,-425.82,52.18,17,True
2023-05-24,685,ORB Long,2,662.36,331.18,3.64,-142.82,678.18,6,False
2023-05-24,686,Scale-in Long,2,638.36,319.18,3.64,-166.82,654.18,6,True
2023-05-25,687,ORB Long,2,45.36,22.68,3.64,-195.82,245.18,23,False
2023-05-25,688,Scale-in Long,2,18.36,9.18,3.64,-222.82,218.18,23,True
2023-05-26,690,Scale-in Long,2,878.36,439.18,3.64,-2.82,886.18,27,True
2023-05-26,689,ORB Long,2,1018.36,509.18,3.64,-12.82,1026.18,28,False
2023-06-01,692,Scale-in Long,2,676.36,338.18,3.64,-219.82,802.18,27,True
2023-06-01,691,ORB Long,2,700.36,350.18,3.64,-195.82,826.18,27,False
2023-06-05,693,ORB Long,2,-280.64,-140.32,3.64,-434.82,171.18,24,False
2023-06-05,694,Scale-in Long,2,-332.64,-166.32,3.64,-486.82,119.18,24,True
2023-06-06,695,ORB Long,2,34.36,17.18,3.64,-231.82,153.18,24,False
2023-06-06,696,Scale-in Long,2,6.36,3.18,3.64,-259.82,125.18,24,True
2023-06-08,697,ORB Long,2,487.36,243.68,3.64,-25.82,517.18,27,False
2023-06-08,698,Scale-in Long,2,451.36,225.68,3.64,-61.82,481.18,27,True
2023-06-09,699,ORB Long,2,-366.64,-183.32,3.64,-632.82,135.18,28,False
2023-06-09,700,Scale-in Long,2,-433.64,-216.82,3.64,-699.82,68.18,27,True
2023-06-14,701,ORB Long,2,76.36,38.18,3.64,-55.82,379.18,13,False
2023-06-14,702,Scale-in Long,2,-665.64,-332.82,3.64,-663.82,288.18,16,True
2023-06-15,704,Scale-in Long,2,506.36,253.18,3.64,-101.82,801.18,27,True
2023-06-15,703,ORB Long,2,661.36,330.68,3.64,-69.82,956.18,28,False
2023-06-22,705,ORB Long,2,595.36,297.68,3.64,-111.82,616.18,28,False
2023-06-22,706,Scale-in Long,2,397.36,198.68,3.64,-309.82,418.18,27,True
2023-06-23,707,ORB Long,2,-134.64,-67.32,3.64,-230.82,268.18,18,False
2023-06-23,708,Scale-in Long,2,-228.64,-114.32,3.64,-324.82,174.18,18,True
2023-06-26,709,ORB Long,2,-854.64,-427.32,3.64,-852.82,59.18,9,False
2023-06-26,710,Scale-in Long,2,-869.64,-434.82,3.64,-867.82,44.18,8,True
2023-06-27,711,ORB Long,2,464.36,232.18,3.64,-332.82,673.18,27,False
2023-06-27,712,Scale-in Long,2,709.36,354.68,3.64,-81.82,918.18,27,True
2023-06-28,713,ORB Long,2,9.36,4.68,3.64,0.0,467.18,9,False
2023-06-28,714,Scale-in Long,2,52.36,26.18,3.64,-332.82,306.18,26,True
2023-06-30,716,Scale-in Long,2,-79.64,-39.82,3.64,-216.82,159.18,27,True
2023-06-30,715,ORB Long,2,-9.64,-4.82,3.64,-146.82,229.18,28,False
2023-07-03,717,ORB Long,2,-125.64,-62.82,3.64,-271.82,48.18,13,False
2023-07-03,718,Scale-in Long,2,-71.64,-35.82,3.64,-217.82,51.18,13,True
2023-07-05,719,ORB Long,2,-115.64,-57.82,3.64,-233.82,196.18,27,False
2023-07-05,720,Scale-in Long,2,-123.64,-61.82,3.64,-241.82,188.18,27,True
2023-07-06,721,ORB Long,2,28.36,14.18,3.64,-92.82,150.18,17,False
2023-07-06,722,Scale-in Long,2,0.36,0.18,3.64,-120.82,122.18,15,True
2023-07-07,723,ORB Long,2,-329.64,-164.82,3.64,-405.82,345.18,28,False
2023-07-07,724,Scale-in Long,2,-359.64,-179.82,3.64,-435.82,315.18,20,True
2023-07-10,725,ORB Long,2,-90.64,-45.32,3.64,-94.82,18.18,3,False
2023-07-11,727,Scale-in Long,2,134.36,67.18,3.64,-286.82,206.18,19,True
2023-07-11,726,ORB Long,2,109.36,54.68,3.64,-311.82,181.18,20,False
2023-07-12,728,ORB Long,2,-468.64,-234.32,3.64,-466.82,176.18,8,False
2023-07-12,729,Scale-in Long,2,-565.64,-282.82,3.64,-563.82,79.18,7,True
2023-07-13,730,ORB Long,2,333.36,166.68,3.64,-131.82,501.18,23,False
2023-07-13,731,Scale-in Long,2,320.36,160.18,3.64,-28.82,488.18,21,True
2023-07-14,732,ORB Long,2,-473.64,-236.82,3.64,-608.82,189.18,28,False
2023-07-14,733,Scale-in Long,2,-565.64,-282.82,3.64,-700.82,97.18,27,True
2023-07-17,734,ORB Long,2,174.36,87.18,3.64,-130.82,418.18,22,False
2023-07-17,735,Scale-in Long,2,111.36,55.68,3.64,-150.82,355.18,21,True
2023-07-18,737,Scale-in Long,2,459.36,229.68,3.64,-3.82,791.18,21,True
2023-07-18,736,ORB Long,2,513.36,256.68,3.64,0.0,845.18,21,False
2023-07-19,738,ORB Long,2,-397.64,-198.82,3.64,-511.82,94.18,25,False
2023-07-19,739,Scale-in Long,2,-372.64,-186.32,3.64,-486.82,119.18,22,True
2023-07-25,740,ORB Long,2,-35.64,-17.82,3.64,-239.82,293.18,25,False
2023-07-25,741,Scale-in Long,2,280.36,140.18,3.64,-207.82,325.18,27,True
2023-07-26,742,ORB Long,2,-60.64,-30.32,3.64,-481.82,281.18,9,False
2023-07-26,743,Scale-in Long,2,-165.64,-82.82,3.64,-586.82,176.18,9,True
2023-07-28,744,ORB Long,2,194.36,97.18,3.64,-84.82,398.18,27,False
2023-07-28,745,Scale-in Long,2,147.36,73.68,3.64,-131.82,351.18,27,True
2023-08-01,746,ORB Long,2,3.36,1.68,3.64,-314.82,170.18,27,False
2023-08-01,747,Scale-in Long,2,205.36,102.68,3.64,-112.82,372.18,27,True
2023-08-03,748,ORB Long,2,-36.64,-18.32,3.64,-335.82,346.18,21,False
2023-08-03,749,Scale-in Long,2,147.36,73.68,3.64,-265.82,530.18,26,True
2023-08-04,751,Scale-in Long,2,-996.64,-498.32,3.64,-994.82,6.18,9,True
2023-08-04,750,ORB Long,2,-900.64,-450.32,3.64,-898.82,102.18,10,False
2023-08-07,753,Scale-in Long,2,10.36,5.18,3.64,-35.82,33.18,4,True
2023-08-07,752,ORB Long,2,62.36,31.18,3.64,0.0,85.18,4,False
2023-08-10,754,ORB Long,2,-1099.64,-549.82,3.64,-1097.82,75.18,16,False
2023-08-10,755,Scale-in Long,2,-1058.64,-529.32,3.64,-1056.82,96.18,15,True
2023-08-11,756,ORB Long,2,-58.64,-29.32,3.64,-320.82,227.18,27,False
2023-08-11,757,Scale-in Long,2,-119.64,-59.82,3.64,-381.82,166.18,27,True
2023-08-14,758,ORB Long,2,647.36,323.68,3.64,-64.82,660.18,28,False
2023-08-14,759,Scale-in Long,2,462.36,231.18,3.64,-101.82,475.18,27,True
2023-08-16,760,ORB Long,2,-588.64,-294.32,3.64,-586.82,139.18,20,False
2023-08-16,761,Scale-in Long,2,-611.64,-305.82,3.64,-609.82,116.18,20,True
2023-08-18,762,ORB Long,2,274.36,137.18,3.64,-105.82,512.18,25,False
2023-08-18,763,Scale-in Long,2,196.36,98.18,3.64,-183.82,434.18,25,True
2023-08-21,765,Scale-in Long,2,306.36,153.18,3.64,-426.82,475.18,27,True
2023-08-21,764,ORB Long,2,229.36,114.68,3.64,-503.82,398.18,28,False
2023-08-23,766,ORB Long,2,810.36,405.18,3.64,-48.82,812.18,26,False
2023-08-23,767,Scale-in Long,2,690.36,345.18,3.64,-74.82,692.18,25,True
2023-08-25,768,ORB Long,2,-725.64,-362.82,3.64,-723.82,401.18,4,False
2023-08-25,769,Scale-in Long,2,-928.64,-464.32,3.64,-926.82,198.18,3,True
2023-08-29,770,ORB Long,2,1070.36,535.18,3.64,-12.82,1089.18,28,False
2023-08-29,771,Scale-in Long,2,722.36,361.18,3.64,-13.82,741.18,27,True
2023-08-30,772,ORB Long,2,185.36,92.68,3.64,-364.82,236.18,28,False
2023-08-30,773,Scale-in Long,2,23.36,11.68,3.64,-526.82,74.18,27,True
2023-08-31,775,Scale-in Long,2,-188.64,-94.32,3.64,-356.82,95.18,27,True
2023-08-31,774,ORB Long,2,-126.64,-63.32,3.64,-294.82,157.18,28,False
2023-09-05,777,Scale-in Long,2,107.36,53.68,3.64,-51.82,388.18,26,True
2023-09-05,776,ORB Long,2,38.36,19.18,3.64,-120.82,319.18,26,False
2023-09-07,778,ORB Long,2,172.36,86.18,3.64,-176.82,277.18,25,False
2023-09-07,779,Scale-in Long,2,53.36,26.68,3.64,-295.82,158.18,25,True
2023-09-08,780,ORB Long,2,-182.64,-91.32,3.64,-416.82,123.18,27,False
2023-09-08,781,Scale-in Long,2,-197.64,-98.82,3.64,-431.82,108.18,27,True
2023-09-12,782,ORB Long,2,-637.64,-318.82,3.64,-635.82,13.18,22,False
2023-09-13,783,ORB Long,2,38.36,19.18,3.64,-216.82,230.18,25,False
2023-09-13,784,Scale-in Long,2,66.36,33.18,3.64,-188.82,258.18,25,True
2023-09-14,785,ORB Long,2,113.36,56.68,3.64,-85.82,265.18,24,False
2023-09-14,786,Scale-in Long,2,87.36,43.68,3.64,-111.82,239.18,24,True
2023-09-18,788,Scale-in Long,2,-68.64,-34.32,3.64,-246.82,79.18,21,True
2023-09-18,787,ORB Long,2,-47.64,-23.82,3.64,-285.82,100.18,27,False
2023-09-19,789,ORB Long,2,34.36,17.18,3.64,-144.82,136.18,12,False
2023-09-19,790,Scale-in Long,2,33.36,16.68,3.64,-145.82,135.18,12,True
2023-09-22,791,ORB Long,2,-332.64,-166.32,3.64,-426.82,271.18,27,False
2023-09-22,792,Scale-in Long,2,-473.64,-236.82,3.64,-567.82,130.18,25,True
2023-09-25,793,ORB Long,2,294.36,147.18,3.64,-251.82,317.18,28,False
2023-09-25,794,Scale-in Long,2,349.36,174.68,3.64,-196.82,372.18,27,True
2023-09-27,795,ORB Long,2,-108.64,-54.32,3.64,-368.82,109.18,7,False
2023-09-27,796,Scale-in Long,2,-81.64,-40.82,3.64,-341.82,22.18,7,True
2023-09-28,798,Scale-in Long,2,438.36,219.18,3.64,-300.82,774.18,12,True
2023-09-28,797,ORB Long,2,479.36,239.68,3.64,-259.82,815.18,13,False
2023-09-29,800,Scale-in Long,2,-440.64,-220.32,3.64,-438.82,18.18,6,True
2023-09-29,799,ORB Long,2,-474.64,-237.32,3.64,-472.82,94.18,7,False
2023-10-02,801,ORB Long,2,122.36,61.18,3.64,-388.82,338.18,27,False
2023-10-02,802,Scale-in Long,2,253.36,126.68,3.64,-257.82,469.18,27,True
2023-10-03,803,ORB Long,2,-818.64,-409.32,3.64,-816.82,24.18,4,False
2023-10-04,804,ORB Long,2,267.36,133.68,3.64,-307.82,482.18,25,False
2023-10-04,805,Scale-in Long,2,283.36,141.68,3.64,-291.82,498.18,25,True
2023-10-06,806,ORB Long,2,1357.36,678.68,3.64,0.0,1436.18,26,False
2023-10-06,807,Scale-in Long,2,1196.36,598.18,3.64,-2.82,1275.18,26,True
2023-10-09,808,ORB Long,2,558.36,279.18,3.64,-359.82,631.18,28,False
2023-10-09,809,Scale-in Long,2,649.36,324.68,3.64,-268.82,722.18,27,True
2023-10-10,811,Scale-in Long,2,196.36,98.18,3.64,-32.82,474.18,12,True
2023-10-10,810,ORB Long,2,291.36,145.68,3.64,-14.82,569.18,13,False
2023-10-11,812,ORB Long,2,87.36,43.68,3.64,0.0,117.18,3,False
2023-10-11,813,Scale-in Long,2,-2.64,-1.32,3.64,-28.82,27.18,3,True
2023-10-12,814,ORB Long,2,-510.64,-255.32,3.64,-508.82,209.18,14,False
2023-10-12,815,Scale-in Long,2,-638.64,-319.32,3.64,-636.82,81.18,14,True
2023-10-16,816,ORB Long,2,170.36,85.18,3.64,-195.82,309.18,27,False
2023-10-16,817,Scale-in Long,2,189.36,94.68,3.64,-176.82,328.18,27,True
2023-10-17,818,ORB Long,2,217.36,108.68,3.64,-29.82,583.18,15,False
2023-10-17,819,Scale-in Long,2,135.36,67.68,3.64,-21.82,501.18,14,True
2023-10-18,820,ORB Long,2,-750.64,-375.32,3.64,-748.82,97.18,21,False
2023-10-18,821,Scale-in Long,2,-585.64,-292.82,3.64,-583.82,77.18,21,True
2023-10-19,823,Scale-in Long,2,-624.64,-312.32,3.64,-622.82,376.18,11,True
2023-10-19,822,ORB Long,2,-888.64,-444.32,3.64,-886.82,112.18,11,False
2023-10-23,824,ORB Long,2,445.36,222.68,3.64,-105.82,869.18,28,False
2023-10-23,825,Scale-in Long,2,361.36,180.68,3.64,-96.82,785.18,27,True
2023-10-24,826,ORB Long,2,-3.64,-1.82,3.64,-528.82,448.18,25,False
2023-10-24,827,Scale-in Long,2,-81.64,-40.82,3.64,-571.82,405.18,26,True
2023-10-27,828,ORB Long,2,-503.64,-251.82,3.64,-501.82,229.18,16,False
2023-10-27,829,Scale-in Long,2,-489.64,-244.82,3.64,-487.82,243.18,16,True
2023-10-30,830,ORB Long,2,-159.64,-79.82,3.64,-579.82,83.18,28,False
2023-10-30,831,Scale-in Long,2,-147.64,-73.82,3.64,-189.82,27.18,6,True
2023-10-31,833,Scale-in Long,2,92.36,46.18,3.64,-61.82,300.18,17,True
2023-10-31,832,ORB Long,2,87.36,43.68,3.64,-253.82,295.18,24,False
2023-11-01,835,Scale-in Long,2,69.36,34.68,3.64,-9.82,461.18,19,True
2023-11-01,834,ORB Long,2,22.36,11.18,3.64,-169.82,414.18,19,False
2023-11-02,836,ORB Long,2,64.36,32.18,3.64,-122.82,250.18,24,False
2023-11-02,837,Scale-in Long,2,38.36,19.18,3.64,-148.82,224.18,24,True
2023-11-03,838,ORB Long,2,233.36,116.68,3.64,-294.82,412.18,28,False
2023-11-03,839,Scale-in Long,2,357.36,178.68,3.64,-170.82,536.18,27,True
2023-11-07,840,ORB Long,2,305.36,152.68,3.64,-102.82,456.18,28,False
2023-11-07,841,Scale-in Long,2,317.36,158.68,3.64,-47.82,468.18,27,True
2023-11-09,842,ORB Long,2,-555.64,-277.82,3.64,-553.82,118.18,17,False
2023-11-09,843,Scale-in Long,2,-391.64,-195.82,3.64,-389.82,282.18,16,True
2023-11-10,844,ORB Long,2,796.36,398.18,3.64,0.0,939.18,23,False
2023-11-10,845,Scale-in Long,2,547.36,273.68,3.64,-123.82,690.18,23,True
2023-11-13,847,Scale-in Long,2,80.36,40.18,3.64,-20.82,213.18,24,True
2023-11-13,846,ORB Long,2,66.36,33.18,3.64,-34.82,199.18,24,False
2023-11-14,848,ORB Long,2,119.36,59.68,3.64,-162.82,224.18,28,False
2023-11-14,849,Scale-in Long,2,110.36,55.18,3.64,-171.82,215.18,27,True
2023-11-15,850,ORB Long,2,-405.64,-202.82,3.64,-403.82,10.18,9,False
2023-11-16,851,ORB Long,2,32.36,16.18,3.64,-366.82,71.18,28,False
2023-11-16,852,Scale-in Long,2,72.36,36.18,3.64,-326.82,111.18,27,True
2023-11-17,853,ORB Long,2,-71.64,-35.82,3.64,-110.82,195.18,19,False
2023-11-17,854,Scale-in Long,2,-71.64,-35.82,3.64,-110.82,195.18,19,True
2023-11-20,855,ORB Long,2,369.36,184.68,3.64,-237.82,479.18,28,False
2023-11-20,856,Scale-in Long,2,334.36,167.18,3.64,-18.82,444.18,23,True
2023-11-27,858,Scale-in Long,2,-109.64,-54.82,3.64,-129.82,235.18,27,True
2023-11-27,857,ORB Long,2,-140.64,-70.32,3.64,-160.82,204.18,27,False
2023-11-28,859,ORB Long,2,172.36,86.18,3.64,-156.82,254.18,25,False
2023-11-28,860,Scale-in Long,2,30.36,15.18,3.64,-298.82,112.18,25,True
2023-12-01,861,ORB Long,2,371.36,185.68,3.64,-291.82,450.18,27,False
2023-12-01,862,Scale-in Long,2,457.36,228.68,3.64,-205.82,536.18,27,True
2023-12-04,863,ORB Long,2,-95.64,-47.82,3.64,-111.82,18.18,4,False
2023-12-04,864,Scale-in Long,2,-60.64,-30.32,3.64,-76.82,8.18,4,True
2023-12-05,865,ORB Long,2,180.36,90.18,3.64,-108.82,428.18,28,False
2023-12-05,866,Scale-in Long,2,-5.64,-2.82,3.64,-294.82,242.18,27,True
2023-12-07,868,Scale-in Long,2,90.36,45.18,3.64,-247.82,292.18,26,True
2023-12-07,867,ORB Long,2,130.36,65.18,3.64,-207.82,332.18,26,False
2023-12-08,870,Scale-in Long,2,34.36,17.18,3.64,-373.82,143.18,27,True
2023-12-08,869,ORB Long,2,268.36,134.18,3.64,-139.82,377.18,27,False
2023-12-11,871,ORB Long,2,334.36,167.18,3.64,-156.82,356.18,28,False
2023-12-11,872,Scale-in Long,2,304.36,152.18,3.64,-186.82,326.18,27,True
2023-12-12,873,ORB Long,2,511.36,255.68,3.64,-52.82,530.18,28,False
2023-12-12,874,Scale-in Long,2,521.36,260.68,3.64,-25.82,540.18,27,True
2023-12-13,875,ORB Long,2,253.36,126.68,3.64,0.0,592.18,5,False
2023-12-13,876,Scale-in Long,2,173.36,86.68,3.64,-27.82,512.18,5,True
2023-12-15,877,ORB Long,2,-118.64,-59.32,3.64,-328.82,169.18,27,False
2023-12-15,878,Scale-in Long,2,-193.64,-96.82,3.64,-403.82,94.18,26,True
2023-12-18,879,ORB Long,2,160.36,80.18,3.64,-93.82,380.18,28,False
2023-12-18,880,Scale-in Long,2,141.36,70.68,3.64,-112.82,361.18,27,True
2023-12-19,882,Scale-in Long,2,198.36,99.18,3.64,-42.82,215.18,25,True
2023-12-19,881,ORB Long,2,117.36,58.68,3.64,-123.82,134.18,26,False
2023-12-20,883,ORB Long,2,-503.64,-251.82,3.64,-501.82,209.18,19,False
2023-12-20,884,Scale-in Long,2,-552.64,-276.32,3.64,-550.82,160.18,19,True
2023-12-21,885,ORB Long,2,-39.64,-19.82,3.64,-73.82,26.18,4,False
2023-12-21,886,Scale-in Long,2,-7.64,-3.82,3.64,-41.82,19.18,4,True
2023-12-22,887,ORB Long,2,-463.64,-231.82,3.64,-461.82,8.18,17,False
2023-12-26,888,ORB Long,2,146.36,73.18,3.64,-119.82,235.18,26,False
2023-12-26,889,Scale-in Long,2,180.36,90.18,3.64,-85.82,269.18,26,True
2024-01-03,890,ORB Long,2,-404.64,-202.32,3.64,-481.82,44.18,27,False
2024-01-03,891,Scale-in Long,2,-115.64,-57.82,3.64,-192.82,232.18,27,True
2024-01-04,893,Scale-in Long,2,-293.64,-146.82,3.64,-349.82,243.18,27,True
2024-01-04,892,ORB Long,2,-203.64,-101.82,3.64,-259.82,333.18,27,False
2024-01-05,894,ORB Long,2,-118.64,-59.32,3.64,-365.82,328.18,27,False
2024-01-05,895,Scale-in Long,2,-305.64,-152.82,3.64,-552.82,141.18,27,True
2024-01-08,896,ORB Long,2,632.36,316.18,3.64,-66.82,729.18,28,False
2024-01-08,897,Scale-in Long,2,645.36,322.68,3.64,-11.82,742.18,27,True
2024-01-09,898,ORB Long,2,287.36,143.68,3.64,-13.82,613.18,23,False
2024-01-09,899,Scale-in Long,2,216.36,108.18,3.64,-84.82,542.18,23,True
2024-01-10,900,ORB Long,2,140.36,70.18,3.64,-80.82,434.18,21,False
2024-01-10,901,Scale-in Long,2,95.36,47.68,3.64,-125.82,389.18,21,True
2024-01-16,903,Scale-in Long,2,-58.64,-29.32,3.64,-521.82,166.18,26,True
2024-01-16,902,ORB Long,2,124.36,62.18,3.64,-338.82,349.18,26,False
2024-01-17,904,ORB Long,2,56.36,28.18,3.64,0.0,162.18,4,False
2024-01-17,905,Scale-in Long,2,-42.64,-21.32,3.64,-59.82,1.18,4,True
2024-01-18,906,ORB Long,2,243.36,121.68,3.64,-451.82,282.18,25,False
2024-01-18,907,Scale-in Long,2,195.36,97.68,3.64,-499.82,234.18,25,True
2024-01-19,908,ORB Long,2,957.36,478.68,3.64,-217.82,995.18,27,False
2024-01-19,909,Scale-in Long,2,1081.36,540.68,3.64,-32.82,1119.18,27,True
2024-01-23,910,ORB Long,2,226.36,113.18,3.64,-134.82,258.18,16,False
2024-01-23,911,Scale-in Long,2,128.36,64.18,3.64,-85.82,160.18,7,True
2024-01-24,912,ORB Long,2,38.36,19.18,3.64,-32.82,391.18,13,False
2024-01-24,913,Scale-in Long,2,-335.64,-167.82,3.64,-584.82,311.18,26,True
2024-01-25,915,Scale-in Long,2,-547.64,-273.82,3.64,-545.82,84.18,14,True
2024-01-25,914,ORB Long,2,-538.64,-269.32,3.64,-536.82,93.18,14,False
2024-01-26,916,ORB Long,2,-272.64,-136.32,3.64,-301.82,236.18,26,False
2024-01-26,917,Scale-in Long,2,-308.64,-154.32,3.64,-337.82,200.18,26,True
2024-01-29,918,ORB Long,2,452.36,226.18,3.64,-45.82,523.18,19,False
2024-01-29,919,Scale-in Long,2,411.36,205.68,3.64,-70.82,482.18,18,True
2024-01-31,920,ORB Long,2,-718.64,-359.32,3.64,-716.82,227.18,2,False
2024-01-31,921,Scale-in Long,2,-845.64,-422.82,3.64,-843.82,100.18,2,True
2024-02-01,922,ORB Long,2,15.36,7.68,3.64,-304.82,291.18,12,False
2024-02-01,923,Scale-in Long,2,-2.64,-1.32,3.64,-322.82,273.18,12,True
2024-02-02,925,Scale-in Long,2,370.36,185.18,3.64,-177.82,731.18,27,True
2024-02-02,924,ORB Long,2,379.36,189.68,3.64,-168.82,740.18,28,False
2024-02-05,927,Scale-in Long,2,-143.64,-71.82,3.64,-258.82,28.18,9,True
2024-02-05,926,ORB Long,2,-143.64,-71.82,3.64,-258.82,28.18,9,False
2024-02-07,928,ORB Long,2,44.36,22.18,3.64,0.0,385.18,10,False
2024-02-07,929,Scale-in Long,2,189.36,94.68,3.64,-113.82,272.18,27,True
2024-02-08,930,ORB Long,2,28.36,14.18,3.64,-118.82,173.18,27,False
2024-02-08,931,Scale-in Long,2,80.36,40.18,3.64,-66.82,225.18,27,True
2024-02-09,932,ORB Long,2,384.36,192.18,3.64,-72.82,520.18,28,False
2024-02-09,933,Scale-in Long,2,403.36,201.68,3.64,-13.82,539.18,27,True
2024-02-12,934,ORB Long,2,13.36,6.68,3.64,0.0,279.18,11,False
2024-02-12,935,Scale-in Long,2,-478.64,-239.32,3.64,-476.82,244.18,15,True
2024-02-13,936,ORB Long,2,94.36,47.18,3.64,-513.82,469.18,28,False
2024-02-13,937,Scale-in Long,2,-178.64,-89.32,3.64,-786.82,196.18,26,True
2024-02-14,939,Scale-in Long,2,144.36,72.18,3.64,-588.82,197.18,26,True
2024-02-14,938,ORB Long,2,217.36,108.68,3.64,-515.82,270.18,26,False
2024-02-15,941,Scale-in Long,2,125.36,62.68,3.64,-195.82,185.18,14,True
2024-02-15,940,ORB Long,2,199.36,99.68,3.64,-121.82,259.18,14,False
2024-02-21,942,ORB Long,2,222.36,111.18,3.64,-556.82,561.18,25,False
2024-02-21,943,Scale-in Long,2,283.36,141.68,3.64,-495.82,622.18,25,True
2024-02-22,944,ORB Long,2,404.36,202.18,3.64,-105.82,657.18,28,False
2024-02-22,945,Scale-in Long,2,345.36,172.68,3.64,-164.82,598.18,27,True
2024-02-26,946,ORB Long,2,-411.64,-205.82,3.64,-427.82,33.18,20,False
2024-02-26,947,Scale-in Long,2,-392.64,-196.32,3.64,-408.82,52.18,20,True
2024-02-27,948,ORB Long,2,-64.64,-32.32,3.64,-475.82,20.18,26,False
2024-02-28,949,ORB Long,2,-349.64,-174.82,3.64,-403.82,111.18,23,False
2024-02-28,950,Scale-in Long,2,-333.64,-166.82,3.64,-387.82,127.18,23,True
2024-02-29,952,Scale-in Long,2,9.36,4.68,3.64,-126.82,57.18,4,True
2024-02-29,951,ORB Long,2,-12.64,-6.32,3.64,-148.82,144.18,4,False
2024-03-01,953,ORB Long,2,702.36,351.18,3.64,-3.82,909.18,27,False
2024-03-01,954,Scale-in Long,2,542.36,271.18,3.64,-163.82,749.18,27,True
2024-03-04,955,ORB Long,2,-372.64,-186.32,3.64,-414.82,38.18,9,False
2024-03-04,956,Scale-in Long,2,-357.64,-178.82,3.64,-399.82,53.18,9,True
2024-03-06,957,ORB Long,2,-573.64,-286.82,3.64,-571.82,189.18,15,False
2024-03-06,958,Scale-in Long,2,-705.64,-352.82,3.64,-703.82,57.18,14,True
2024-03-07,959,ORB Long,2,92.36,46.18,3.64,-29.82,536.18,23,False
2024-03-08,960,ORB Long,2,-792.64,-396.32,3.64,-790.82,193.18,7,False
2024-03-12,961,ORB Long,2,524.36,262.18,3.64,-65.82,605.18,26,False
2024-03-18,962,ORB Long,2,-480.64,-240.32,3.64,-559.82,133.18,27,False
2024-03-19,963,ORB Long,2,477.36,238.68,3.64,-83.82,544.18,21,False
2024-03-20,964,ORB Long,2,822.36,411.18,3.64,-195.82,840.18,11,False
2024-03-22,965,ORB Long,2,54.36,27.18,3.64,-185.82,311.18,20,False
2024-03-25,966,ORB Long,2,201.36,100.68,3.64,0.0,358.18,27,False
2024-03-26,967,ORB Long,2,-453.64,-226.82,3.64,-451.82,55.18,22,False
2024-03-28,968,ORB Long,2,-195.64,-97.82,3.64,-264.82,103.18,28,False
2024-04-02,969,ORB Long,2,188.36,94.18,3.64,-110.82,208.18,15,False
2024-04-03,970,ORB Long,2,363.36,181.68,3.64,0.0,671.18,10,False
2024-04-05,971,ORB Long,2,322.36,161.18,3.64,-128.82,804.18,16,False
2024-04-05,972,Scale-in Long,2,190.36,95.18,3.64,-232.82,672.18,15,True
2024-04-08,973,ORB Long,2,-212.64,-106.32,3.64,-445.82,55.18,25,False
2024-04-09,974,ORB Long,2,-90.64,-45.32,3.64,-100.82,7.18,3,False
2024-04-10,976,Scale-in Long,2,-26.64,-13.32,3.64,-333.82,118.18,25,True
2024-04-10,975,ORB Long,2,-24.64,-12.32,3.64,-331.82,141.18,27,False
2024-04-11,977,ORB Long,2,820.36,410.18,3.64,-89.82,962.18,21,False
2024-04-12,978,ORB Long,2,-577.64,-288.82,3.64,-575.82,2.18,4,False
2024-04-16,979,ORB Long,2,-13.64,-6.82,3.64,-321.82,358.18,28,False
2024-04-16,980,Scale-in Long,2,-72.64,-36.32,3.64,-380.82,299.18,27,True
2024-04-18,981,ORB Long,2,-656.64,-328.32,3.64,-753.82,210.18,25,False
2024-04-18,982,Scale-in Long,2,-700.64,-350.32,3.64,-797.82,166.18,25,True
2024-04-22,983,ORB Long,2,-440.64,-220.32,3.64,-438.82,23.18,1,False
2024-04-22,984,Scale-in Long,2,-288.64,-144.32,3.64,-286.82,29.18,1,True
2024-04-23,986,Scale-in Long,2,591.36,295.68,3.64,-16.82,623.18,27,True
2024-04-23,985,ORB Long,2,630.36,315.18,3.64,-101.82,662.18,28,False
2024-04-25,988,Scale-in Long,2,1616.36,808.18,3.64,-280.82,1618.18,24,True
2024-04-25,987,ORB Long,2,1757.36,878.68,3.64,-139.82,1759.18,24,False
2024-04-26,989,ORB Long,2,206.36,103.18,3.64,-64.82,466.18,28,False
2024-04-26,990,Scale-in Long,2,16.36,8.18,3.64,-203.82,276.18,27,True
2024-04-30,991,ORB Long,2,-630.64,-315.32,3.64,-628.82,31.18,10,False
2024-04-30,992,Scale-in Long,2,-557.64,-278.82,3.64,-555.82,50.18,10,True
2024-05-01,993,ORB Long,2,-119.64,-59.82,3.64,-170.82,185.18,2,False
2024-05-01,994,Scale-in Long,2,766.36,383.18,3.64,-80.82,1071.18,3,True
2024-05-02,995,ORB Long,2,561.36,280.68,3.64,-112.82,608.18,14,False
2024-05-02,996,Scale-in Long,2,601.36,300.68,3.64,-46.82,648.18,13,True
2024-05-03,998,Scale-in Long,2,399.36,199.68,3.64,-134.82,407.18,27,True
2024-05-03,997,ORB Long,2,109.36,54.68,3.64,-424.82,201.18,28,False
2024-05-06,999,ORB Long,2,302.36,151.18,3.64,-172.82,365.18,28,False
2024-05-06,1000,Scale-in Long,2,349.36,174.68,3.64,-125.82,412.18,27,True
2024-05-09,1001,ORB Long,2,60.36,30.18,3.64,-138.82,141.18,25,False
2024-05-09,1002,Scale-in Long,2,74.36,37.18,3.64,-124.82,155.18,25,True
2024-05-14,1003,ORB Long,2,364.36,182.18,3.64,-141.82,460.18,26,False
2024-05-14,1004,Scale-in Long,2,178.36,89.18,3.64,-327.82,274.18,26,True
2024-05-15,1005,ORB Long,2,645.36,322.68,3.64,-20.82,697.18,26,False
2024-05-15,1006,Scale-in Long,2,648.36,324.18,3.64,-17.82,700.18,26,True
2024-05-16,1007,ORB Long,2,36.36,18.18,3.64,-141.82,207.18,9,False
2024-05-16,1008,Scale-in Long,2,77.36,38.68,3.64,-12.82,248.18,8,True
2024-05-20,1010,Scale-in Long,2,-33.64,-16.82,3.64,-183.82,165.18,26,True
2024-05-20,1009,ORB Long,2,-21.64,-10.82,3.64,-171.82,177.18,28,False
2024-05-21,1011,ORB Long,2,337.36,168.68,3.64,-16.82,376.18,27,False
2024-05-21,1012,Scale-in Long,2,336.36,168.18,3.64,-17.82,375.18,27,True
2024-05-22,1013,ORB Long,2,-380.64,-190.32,3.64,-378.82,45.18,16,False
2024-05-22,1014,Scale-in Long,2,-374.64,-187.32,3.64,-372.82,51.18,16,True
2024-05-24,1015,ORB Long,2,325.36,162.68,3.64,0.0,592.18,20,False
2024-05-24,1016,Scale-in Long,2,271.36,135.68,3.64,-4.82,538.18,20,True
2024-05-28,1017,ORB Long,2,48.36,24.18,3.64,-472.82,119.18,21,False
2024-05-28,1018,Scale-in Long,2,53.36,26.68,3.64,-467.82,124.18,13,True
2024-05-29,1020,Scale-in Long,2,-368.64,-184.32,3.64,-393.82,167.18,27,True
2024-05-29,1019,ORB Long,2,-344.64,-172.32,3.64,-369.82,191.18,28,False
2024-06-04,1022,Scale-in Long,2,502.36,251.18,3.64,-37.82,693.18,27,True
2024-06-04,1021,ORB Long,2,-11.64,-5.82,3.64,-323.82,407.18,20,False
2024-06-05,1023,ORB Long,2,918.36,459.18,3.64,-230.82,933.18,28,False
2024-06-05,1024,Scale-in Long,2,1014.36,507.18,3.64,-31.82,1029.18,27,True
2024-06-07,1025,ORB Long,2,113.36,56.68,3.64,-123.82,436.18,16,False
2024-06-07,1026,Scale-in Long,2,141.36,70.68,3.64,-95.82,464.18,15,True
2024-06-10,1027,ORB Long,2,109.36,54.68,3.64,-7.82,388.18,16,False
2024-06-10,1028,Scale-in Long,2,62.36,31.18,3.64,-54.82,341.18,16,True
2024-06-11,1029,ORB Long,2,636.36,318.18,3.64,-100.82,678.18,26,False
2024-06-11,1030,Scale-in Long,2,558.36,279.18,3.64,-178.82,600.18,25,True
2024-06-12,1031,ORB Long,2,472.36,236.18,3.64,-232.82,483.18,28,False
2024-06-12,1032,Scale-in Long,2,397.36,198.68,3.64,-307.82,408.18,27,True
2024-06-14,1034,Scale-in Long,2,282.36,141.18,3.64,-246.82,300.18,26,True
2024-06-14,1033,ORB Long,2,223.36,111.68,3.64,-305.82,241.18,28,False
2024-06-18,1035,ORB Long,2,-45.64,-22.82,3.64,-239.82,36.18,12,False
2024-06-21,1036,ORB Long,2,-152.64,-76.32,3.64,-396.82,106.18,20,False
2024-06-24,1037,ORB Long,2,-790.64,-395.32,3.64,-788.82,118.18,18,False
2024-06-25,1038,ORB Long,2,159.36,79.68,3.64,0.0,485.18,11,False
2024-06-26,1039,ORB Long,2,-81.64,-40.82,3.64,-241.82,222.18,28,False
2024-06-27,1040,ORB Long,2,-141.64,-70.82,3.64,-590.82,58.18,27,False
2024-06-28,1041,ORB Long,2,95.36,47.68,3.64,-2.82,497.18,3,False
2024-07-01,1042,ORB Long,2,221.36,110.68,3.64,-35.82,350.18,19,False
2024-07-02,1043,ORB Long,2,623.36,311.68,3.64,-274.82,703.18,27,False
2024-07-03,1044,ORB Long,2,483.36,241.68,3.64,-164.82,636.18,14,False
2024-07-05,1045,ORB Long,2,299.36,149.68,3.64,-209.82,500.18,28,False
2024-07-08,1046,ORB Long,2,153.36,76.68,3.64,-146.82,170.18,22,False
2024-07-09,1047,ORB Long,2,-470.64,-235.32,3.64,-468.82,26.18,11,False
2024-07-10,1048,ORB Long,2,506.36,253.18,3.64,-263.82,594.18,27,False
2024-07-12,1049,ORB Long,2,163.36,81.68,3.64,-84.82,505.18,9,False
2024-07-15,1050,ORB Long,2,98.36,49.18,3.64,-66.82,521.18,7,False
2024-07-22,1051,ORB Long,2,5.36,2.68,3.64,-683.82,257.18,27,False
2024-07-23,1052,ORB Long,2,-361.64,-180.82,3.64,-525.82,202.18,26,False
2024-07-25,1053,ORB Long,2,-1006.64,-503.32,3.64,-1220.82,579.18,23,False
2024-07-25,1054,Scale-in Long,2,-834.64,-417.32,3.64,-1048.82,751.18,22,True
2024-07-26,1055,ORB Long,2,-38.64,-19.32,3.64,-575.82,457.18,26,False
2024-07-26,1056,Scale-in Long,2,-149.64,-74.82,3.64,-431.82,346.18,19,True
2024-07-29,1058,Scale-in Long,2,-133.64,-66.82,3.64,-565.82,378.18,27,True
2024-07-29,1057,ORB Long,2,-551.64,-275.82,3.64,-983.82,73.18,28,False
2024-07-31,1059,ORB Long,2,31.36,15.68,3.64,-273.82,643.18,21,False
2024-07-31,1060,Scale-in Long,2,622.36,311.18,3.64,-328.82,875.18,27,True
2024-08-01,1061,ORB Long,2,-1336.64,-668.32,3.64,-1334.82,104.18,5,False
2024-08-05,1062,ORB Long,2,1027.36,513.68,3.64,-126.82,1629.18,28,False
2024-08-05,1063,Scale-in Long,2,652.36,326.18,3.64,-501.82,1254.18,27,True
2024-08-06,1064,ORB Long,2,13.36,6.68,3.64,-188.82,1234.18,23,False
2024-08-06,1065,Scale-in Long,2,-345.64,-172.82,3.64,-460.82,1202.18,27,True
2024-08-07,1066,ORB Long,2,-1363.64,-681.82,3.64,-1361.82,61.18,12,False
2024-08-07,1067,Scale-in Long,2,-1268.64,-634.32,3.64,-1266.82,127.18,12,True
2024-08-08,1069,Scale-in Long,2,1015.36,507.68,3.64,-52.82,1166.18,27,True
2024-08-08,1068,ORB Long,2,1210.36,605.18,3.64,0.0,1361.18,27,False
2024-08-09,1070,ORB Long,2,290.36,145.18,3.64,-372.82,581.18,27,False
2024-08-09,1071,Scale-in Long,2,216.36,108.18,3.64,-446.82,507.18,27,True
2024-08-12,1072,ORB Long,2,-202.64,-101.32,3.64,-388.82,368.18,26,False
2024-08-12,1073,Scale-in Long,2,-301.64,-150.82,3.64,-487.82,269.18,26,True
2024-08-13,1074,ORB Long,2,799.36,399.68,3.64,-176.82,887.18,28,False
2024-08-13,1075,Scale-in Long,2,834.36,417.18,3.64,-141.82,922.18,27,True
2024-08-14,1076,ORB Long,2,-115.64,-57.82,3.64,-628.82,112.18,20,False
2024-08-14,1077,Scale-in Long,2,-202.64,-101.32,3.64,-715.82,3.18,20,True
2024-08-15,1078,ORB Long,2,425.36,212.68,3.64,-221.82,570.18,28,False
2024-08-15,1079,Scale-in Long,2,483.36,241.68,3.64,-68.82,628.18,27,True
2024-08-16,1081,Scale-in Long,2,188.36,94.18,3.64,-256.82,423.18,27,True
2024-08-16,1080,ORB Long,2,273.36,136.68,3.64,-171.82,508.18,27,False
2024-08-19,1082,ORB Long,2,851.36,425.68,3.64,-79.82,934.18,24,False
2024-08-19,1083,Scale-in Long,2,785.36,392.68,3.64,-145.82,868.18,24,True
2024-08-27,1084,ORB Long,2,372.36,186.18,3.64,-46.82,608.18,28,False
2024-08-27,1085,Scale-in Long,2,251.36,125.68,3.64,-79.82,487.18,27,True
2024-08-29,1086,ORB Long,2,-783.64,-391.82,3.64,-1230.82,189.18,28,False
2024-08-29,1087,Scale-in Long,2,-626.64,-313.32,3.64,-1073.82,346.18,27,True
2024-08-30,1088,ORB Long,2,-701.64,-350.82,3.64,-699.82,145.18,7,False
2024-08-30,1089,Scale-in Long,2,-638.64,-319.32,3.64,-636.82,116.18,6,True
2024-09-04,1091,Scale-in Long,2,43.36,21.68,3.64,-172.82,657.18,27,True
2024-09-04,1090,ORB Long,2,-70.64,-35.32,3.64,-548.82,567.18,19,False
2024-09-05,1092,ORB Long,2,-514.64,-257.32,3.64,-838.82,394.18,28,False
2024-09-05,1093,Scale-in Long,2,-470.64,-235.32,3.64,-794.82,438.18,27,True
2024-09-09,1094,ORB Long,2,141.36,70.68,3.64,-763.82,187.18,28,False
2024-09-09,1095,Scale-in Long,2,97.36,48.68,3.64,-807.82,143.18,27,True
2024-09-10,1096,ORB Long,2,58.36,29.18,3.64,-69.82,217.18,11,False
2024-09-10,1097,Scale-in Long,2,21.36,10.68,3.64,-106.82,180.18,11,True
2024-09-11,1098,ORB Long,2,1262.36,631.18,3.64,-234.82,1454.18,17,False
2024-09-11,1099,Scale-in Long,2,1085.36,542.68,3.64,-121.82,1277.18,15,True
2024-09-12,1100,ORB Long,2,292.36,146.18,3.64,-173.82,772.18,19,False
2024-09-12,1101,Scale-in Long,2,206.36,103.18,3.64,-259.82,686.18,19,True
2024-09-13,1103,Scale-in Long,2,62.36,31.18,3.64,-298.82,357.18,27,True
2024-09-13,1102,ORB Long,2,-1.64,-0.82,3.64,-365.82,293.18,27,False
2024-09-17,1104,ORB Long,2,-728.64,-364.32,3.64,-726.82,84.18,6,False
2024-09-17,1105,Scale-in Long,2,-491.64,-245.82,3.64,-489.82,184.18,6,True
2024-09-18,1106,ORB Long,2,226.36,113.18,3.64,0.0,643.18,0,False
2024-09-19,1107,ORB Long,2,96.36,48.18,3.64,-99.82,516.18,20,False
2024-09-20,1108,ORB Long,2,-277.64,-138.82,3.64,-351.82,3.18,5,False
2024-09-23,1109,ORB Long,2,-98.64,-49.32,3.64,-274.82,158.18,27,False
2024-09-24,1110,ORB Long,2,120.36,60.18,3.64,-183.82,240.18,20,False
2024-09-25,1111,ORB Long,2,31.36,15.68,3.64,-389.82,159.18,28,False
2024-09-30,1112,ORB Long,2,-111.64,-55.82,3.64,-112.82,104.18,4,False
2024-10-02,1113,ORB Long,2,363.36,181.68,3.64,-89.82,487.18,27,False
2024-10-03,1114,ORB Long,2,-266.64,-133.32,3.64,-581.82,362.18,28,False
2024-10-07,1115,ORB Long,2,-570.64,-285.32,3.64,-568.82,93.18,18,False
2024-10-08,1116,ORB Long,2,190.36,95.18,3.64,-3.82,471.18,9,False
2024-10-09,1117,ORB Long,2,587.36,293.68,3.64,-30.82,723.18,27,False
2024-10-10,1118,ORB Long,2,166.36,83.18,3.64,-121.82,469.18,10,False
2024-10-11,1119,ORB Long,2,149.36,74.68,3.64,0.0,481.18,27,False
2024-10-14,1120,ORB Long,2,-138.64,-69.32,3.64,-585.82,34.18,28,False
2024-10-16,1121,ORB Long,2,-220.64,-110.32,3.64,-242.82,3.18,10,False
2024-10-18,1122,ORB Long,2,-107.64,-53.82,3.64,-272.82,86.18,27,False
2024-10-21,1123,ORB Long,2,176.36,88.18,3.64,-595.82,241.18,28,False
2024-10-22,1124,ORB Long,2,218.36,109.18,3.64,-147.82,559.18,28,False
2024-10-24,1125,ORB Long,2,-63.64,-31.82,3.64,-138.82,28.18,5,False
2024-10-25,1126,ORB Long,2,-689.64,-344.82,3.64,-755.82,234.18,28,False
2024-10-29,1127,ORB Long,2,723.36,361.68,3.64,-32.82,931.18,27,False
2024-10-30,1128,ORB Long,2,-675.64,-337.82,3.64,-810.82,103.18,27,False
2024-11-01,1129,ORB Long,2,1.36,0.68,3.64,-181.82,475.18,28,False
2024-11-04,1130,ORB Long,2,-113.64,-56.82,3.64,-455.82,336.18,27,False
2024-11-05,1131,ORB Long,2,297.36,148.68,3.64,-233.82,380.18,28,False
2024-11-06,1132,ORB Long,2,464.36,232.18,3.64,-460.82,513.18,25,False
2024-11-07,1133,ORB Long,2,456.36,228.18,3.64,-93.82,574.18,28,False
2024-11-08,1134,ORB Long,2,-24.64,-12.32,3.64,-145.82,135.18,20,False
2024-11-12,1135,ORB Long,2,-603.64,-301.82,3.64,-601.82,0.0,11,False
2024-11-13,1136,ORB Long,2,5.36,2.68,3.64,-84.82,313.18,10,False
2024-11-18,1137,ORB Long,2,138.36,69.18,3.64,0.0,545.18,11,False
2024-11-19,1138,ORB Long,2,663.36,331.68,3.64,-22.82,817.18,26,False
2024-11-20,1139,ORB Long,2,-148.64,-74.32,3.64,-719.82,43.18,3,False
2024-11-22,1140,ORB Long,2,80.36,40.18,3.64,-542.82,91.18,27,False
2024-11-26,1141,ORB Long,2,-13.64,-6.82,3.64,-61.82,19.18,4,False
2024-12-01,1142,ORB Long,2,244.36,122.18,3.64,-43.82,407.18,14,False
2024-12-02,1143,ORB Long,2,238.36,119.18,3.64,-38.82,435.18,28,False
2024-12-03,1144,ORB Long,2,474.36,237.18,3.64,-170.82,496.18,28,False
2024-12-04,1145,ORB Long,2,245.36,122.68,3.64,-160.82,377.18,27,False
2024-12-05,1146,ORB Long,2,-340.64,-170.32,3.64,-338.82,60.18,14,False
2024-12-06,1147,ORB Long,2,99.36,49.68,3.64,-142.82,244.18,28,False
2024-12-10,1148,ORB Long,2,-718.64,-359.32,3.64,-716.82,118.18,20,False
2024-12-11,1149,ORB Long,2,231.36,115.68,3.64,-91.82,492.18,28,False
2024-12-12,1150,ORB Long,2,-272.64,-136.32,3.64,-387.82,181.18,26,False
2024-12-17,1151,ORB Long,2,-254.64,-127.32,3.64,-452.82,77.18,21,False
2024-12-18,1152,ORB Long,2,-920.64,-460.32,3.64,-918.82,193.18,17,False
2024-12-20,1153,ORB Long,2,1257.36,628.68,3.64,0.0,2010.18,22,False
2024-12-23,1154,ORB Long,2,247.36,123.68,3.64,-134.82,403.18,21,False
2024-12-25,1155,ORB Long,2,651.36,325.68,3.64,-28.82,723.18,14,False
2024-12-26,1156,ORB Long,2,-103.64,-51.82,3.64,-169.82,263.18,25,False
2024-12-30,1157,ORB Long,2,-117.64,-58.82,3.64,-267.82,607.18,22,False
2025-01-02,1158,ORB Long,2,-854.64,-427.32,3.64,-1650.82,192.18,27,False
2025-01-03,1159,ORB Long,2,229.36,114.68,3.64,-685.82,508.18,27,False
2025-01-06,1160,ORB Long,2,-196.64,-98.32,3.64,-731.82,270.18,27,False
2025-01-08,1161,ORB Long,2,-238.64,-119.32,3.64,-877.82,184.18,27,False
2025-01-13,1162,ORB Long,2,758.36,379.18,3.64,-352.82,775.18,28,False
2025-01-15,1163,ORB Long,2,188.36,94.18,3.64,-326.82,499.18,28,False
2025-01-21,1164,ORB Long,2,177.36,88.68,3.64,-123.82,227.18,16,False
2025-01-22,1165,ORB Long,2,-120.64,-60.32,3.64,-187.82,317.18,28,False
2025-01-23,1166,ORB Long,2,418.36,209.18,3.64,-86.82,539.18,25,False
2025-01-24,1167,ORB Long,2,-551.64,-275.82,3.64,-549.82,48.18,13,False
2025-01-27,1168,ORB Long,2,-114.64,-57.32,3.64,-939.82,345.18,28,False
2025-01-28,1169,ORB Long,2,947.36,473.68,3.64,0.0,1222.18,27,False
2025-01-30,1170,ORB Long,2,-735.64,-367.82,3.64,-733.82,15.18,4,False
2025-01-31,1171,ORB Long,2,-1006.64,-503.32,3.64,-1004.82,389.18,19,False
2025-02-03,1172,ORB Long,2,952.36,476.18,3.64,0.0,1049.18,26,False
2025-02-04,1173,ORB Long,2,95.36,47.68,3.64,-38.82,539.18,28,False
2025-02-05,1174,ORB Long,2,728.36,364.18,3.64,-349.82,828.18,27,False
2025-02-06,1175,ORB Long,2,50.36,25.18,3.64,-315.82,365.18,24,False
2025-02-10,1176,ORB Long,2,130.36,65.18,3.64,0.0,360.18,27,False
2025-02-11,1177,ORB Long,2,-24.64,-12.32,3.64,-327.82,294.18,27,False
2025-02-12,1178,ORB Long,2,723.36,361.68,3.64,-387.82,741.18,28,False
2025-02-13,1179,ORB Long,2,487.36,243.68,3.64,-331.82,688.18,27,False
2025-02-14,1180,ORB Long,2,254.36,127.18,3.64,-187.82,341.18,27,False
2025-02-19,1181,ORB Long,2,14.36,7.18,3.64,-109.82,310.18,17,False
2025-02-26,1182,ORB Long,2,-107.64,-53.82,3.64,-945.82,434.18,28,False
2025-02-28,1183,ORB Long,2,1055.36,527.68,3.64,-646.82,1195.18,27,False
2025-03-04,1184,ORB Long,2,177.36,88.68,3.64,-474.82,1209.18,14,False
2025-03-04,1185,Scale-in Long,2,217.36,108.68,3.64,-628.82,1007.18,15,True
2025-03-05,1187,Scale-in Long,2,694.36,347.18,3.64,-883.82,1158.18,27,True
2025-03-05,1186,ORB Long,2,573.36,286.68,3.64,-1004.82,1037.18,27,False
2025-03-06,1188,ORB Long,2,-1328.64,-664.32,3.64,-1326.82,608.18,17,False
2025-03-06,1189,Scale-in Long,2,-1498.64,-749.32,3.64,-1496.82,438.18,17,True
2025-03-07,1190,ORB Long,2,-1670.64,-835.32,3.64,-1668.82,6.18,7,False
2025-03-11,1191,ORB Long,2,-618.64,-309.32,3.64,-1410.82,535.18,27,False
2025-03-11,1192,Scale-in Long,2,-168.64,-84.32,3.64,-960.82,985.18,27,True
2025-03-14,1193,ORB Long,2,259.36,129.68,3.64,-40.82,566.18,24,False
2025-03-14,1194,Scale-in Long,2,199.36,99.68,3.64,-48.82,506.18,23,True
2025-03-19,1195,ORB Long,2,617.36,308.68,3.64,-235.82,1271.18,22,False
2025-03-19,1196,Scale-in Long,2,378.36,189.18,3.64,-474.82,1032.18,21,True
2025-03-20,1198,Scale-in Long,2,-436.64,-218.32,3.64,-828.82,409.18,27,True
2025-03-20,1197,ORB Long,2,-164.64,-82.32,3.64,-556.82,681.18,28,False
2025-03-21,1200,Scale-in Long,2,1009.36,504.68,3.64,-171.82,1039.18,27,True
2025-03-21,1199,ORB Long,2,1003.36,501.68,3.64,-225.82,1033.18,28,False
2025-03-24,1201,ORB Long,2,159.36,79.68,3.64,-165.82,373.18,28,False
2025-03-24,1202,Scale-in Long,2,144.36,72.18,3.64,-45.82,358.18,27,True
2025-03-25,1203,ORB Long,2,335.36,167.68,3.64,-246.82,368.18,27,False
2025-03-25,1204,Scale-in Long,2,361.36,180.68,3.64,-96.82,394.18,27,True
2025-03-27,1205,ORB Long,2,-323.64,-161.82,3.64,-409.82,486.18,28,False
2025-03-27,1206,Scale-in Long,2,-377.64,-188.82,3.64,-463.82,432.18,27,True
2025-03-31,1207,ORB Long,2,795.36,397.68,3.64,-201.82,1106.18,22,False
2025-03-31,1208,Scale-in Long,2,757.36,378.68,3.64,-193.82,1068.18,21,True
2025-04-01,1209,ORB Long,2,266.36,133.18,3.64,-33.82,838.18,8,False
2025-04-01,1210,Scale-in Long,2,225.36,112.68,3.64,-74.82,797.18,8,True
2025-04-02,1212,Scale-in Long,2,749.36,374.68,3.64,-44.82,2053.18,25,True
2025-04-02,1211,ORB Long,2,739.36,369.68,3.64,-54.82,2043.18,25,False
2025-04-07,1213,ORB Long,2,1866.36,933.18,3.64,-440.82,4341.18,2,False
2025-04-07,1214,Scale-in Long,2,-1311.64,-655.82,3.64,-3223.82,1614.18,27,True
2025-04-07,1215,Scale-in Long,2,1065.36,532.68,3.64,-846.82,1837.18,26,True
2025-04-08,1216,ORB Long,2,-1589.64,-794.82,3.64,-1587.82,432.18,10,False
2025-04-08,1217,Scale-in Long,2,-1772.64,-886.32,3.64,-1770.82,249.18,9,True
2025-04-09,1218,ORB Long,2,7183.36,3591.68,3.64,-1359.82,7334.18,27,False
2025-04-09,1219,Scale-in Long,2,7944.36,3972.18,3.64,-598.82,8095.18,27,True
2025-04-11,1220,ORB Long,2,985.36,492.68,3.64,-1207.82,1205.18,27,False
2025-04-11,1221,Scale-in Long,2,1157.36,578.68,3.64,-1035.82,1377.18,27,True
2025-04-15,1223,Scale-in Long,2,-591.64,-295.82,3.64,-810.82,106.18,27,True
2025-04-15,1222,ORB Long,2,-592.64,-296.32,3.64,-811.82,229.18,27,False
2025-04-16,1224,ORB Long,2,-1070.64,-535.32,3.64,-1068.82,222.18,9,False
2025-04-16,1225,Scale-in Long,2,-1191.64,-595.82,3.64,-1189.82,12.18,9,True
2025-04-22,1226,ORB Long,2,368.36,184.18,3.64,-55.82,1036.18,14,False
2025-04-22,1227,Scale-in Long,2,298.36,149.18,3.64,-121.82,966.18,13,True
2025-04-23,1228,ORB Long,2,-1049.64,-524.82,3.64,-1527.82,216.18,27,False
2025-04-23,1229,Scale-in Long,2,-866.64,-433.32,3.64,-1344.82,399.18,27,True
2025-04-24,1230,ORB Long,2,1174.36,587.18,3.64,-26.82,1460.18,28,False
2025-04-24,1231,Scale-in Long,2,1071.36,535.68,3.64,-80.82,1357.18,27,True
2025-04-25,1232,ORB Long,2,117.36,58.68,3.64,-517.82,762.18,15,False
2025-04-25,1233,Scale-in Long,2,5.36,2.68,3.64,-629.82,650.18,15,True
2025-04-29,1235,Scale-in Long,2,163.36,81.68,3.64,-407.82,479.18,27,True
2025-04-29,1234,ORB Long,2,436.36,218.18,3.64,-140.82,752.18,28,False
2025-04-30,1236,ORB Long,2,2156.36,1078.18,3.64,-130.82,2280.18,26,False
2025-04-30,1237,Scale-in Long,2,2018.36,1009.18,3.64,-231.82,2142.18,25,True
2025-05-01,1238,ORB Long,2,-786.64,-393.32,3.64,-947.82,529.18,26,False
2025-05-01,1239,Scale-in Long,2,-816.64,-408.32,3.64,-977.82,499.18,26,True
2025-05-02,1240,ORB Long,2,269.36,134.68,3.64,-83.82,578.18,27,False
2025-05-02,1241,Scale-in Long,2,193.36,96.68,3.64,-159.82,502.18,27,True
2025-05-05,1242,ORB Long,2,109.36,54.68,3.64,-205.82,523.18,24,False
2025-05-05,1243,Scale-in Long,2,130.36,65.18,3.64,-184.82,544.18,23,True
2025-05-06,1245,Scale-in Long,2,-220.64,-110.32,3.64,-367.82,505.18,26,True
2025-05-06,1244,ORB Long,2,132.36,66.18,3.64,0.0,647.18,8,False
2025-05-07,1247,Scale-in Long,2,-736.64,-368.32,3.64,-734.82,123.18,16,True
2025-05-07,1246,ORB Long,2,-696.64,-348.32,3.64,-694.82,163.18,17,False
2025-05-08,1248,ORB Long,2,90.36,45.18,3.64,-165.82,611.18,18,False
2025-05-08,1249,Scale-in Long,2,136.36,68.18,3.64,-119.82,657.18,18,True
2025-05-12,1250,ORB Long,2,74.36,37.18,3.64,-324.82,229.18,9,False
2025-05-12,1251,Scale-in Long,2,68.36,34.18,3.64,-9.82,88.18,3,True
2025-05-13,1252,ORB Long,2,513.36,256.68,3.64,-44.82,885.18,28,False
2025-05-13,1253,Scale-in Long,2,201.36,100.68,3.64,-68.82,573.18,27,True
2025-05-14,1254,ORB Long,2,-10.64,-5.32,3.64,-496.82,57.18,17,False
2025-05-14,1255,Scale-in Long,2,133.36,66.68,3.64,-352.82,178.18,17,True
2025-05-15,1256,ORB Long,2,378.36,189.18,3.64,-333.82,758.18,16,False
2025-05-15,1257,Scale-in Long,2,526.36,263.18,3.64,-185.82,906.18,16,True
2025-05-16,1258,ORB Long,2,-406.64,-203.32,3.64,-484.82,31.18,7,False
2025-05-19,1259,ORB Long,2,639.36,319.68,3.64,-38.82,754.18,28,False
2025-05-19,1260,Scale-in Long,2,382.36,191.18,3.64,-179.82,497.18,27,True
2025-05-20,1261,ORB Long,2,-161.64,-80.82,3.64,-642.82,60.18,17,False
2025-05-20,1262,Scale-in Long,2,-189.64,-94.82,3.64,-670.82,32.18,17,True
2025-05-21,1263,ORB Long,2,64.36,32.18,3.64,-49.82,735.18,14,False
2025-05-21,1264,Scale-in Long,2,15.36,7.68,3.64,-59.82,686.18,13,True
2025-05-22,1265,ORB Long,2,-294.64,-147.32,3.64,-483.82,202.18,28,False
2025-05-22,1266,Scale-in Long,2,-238.64,-119.32,3.64,-427.82,258.18,27,True
2025-05-23,1267,ORB Long,2,-6.64,-3.32,3.64,-281.82,518.18,27,False
2025-05-23,1268,Scale-in Long,2,-71.64,-35.82,3.64,-346.82,453.18,27,True
2025-05-27,1270,Scale-in Long,2,505.36,252.68,3.64,-15.82,551.18,27,True
2025-05-27,1269,ORB Long,2,640.36,320.18,3.64,0.0,686.18,27,False
2025-05-30,1271,ORB Long,2,-960.64,-480.32,3.64,-958.82,32.18,9,False
2025-06-02,1272,ORB Long,2,381.36,190.68,3.64,-136.82,472.18,15,False
2025-06-02,1273,Scale-in Long,2,180.36,90.18,3.64,-75.82,271.18,10,True
2025-06-03,1274,ORB Long,2,363.36,181.68,3.64,-49.82,653.18,27,False
2025-06-03,1275,Scale-in Long,2,322.36,161.18,3.64,-90.82,612.18,27,True
2025-06-04,1276,ORB Long,2,-189.64,-94.82,3.64,-213.82,34.18,11,False
2025-06-05,1277,ORB Long,2,-1055.64,-527.82,3.64,-1053.82,382.18,19,False
2025-06-05,1278,Scale-in Long,2,-1021.64,-510.82,3.64,-1019.82,416.18,19,True
2025-06-06,1279,ORB Long,2,-175.64,-87.82,3.64,-525.82,108.18,23,False
2025-06-06,1280,Scale-in Long,2,-132.64,-66.32,3.64,-482.82,151.18,23,True
2025-06-09,1282,Scale-in Long,2,-118.64,-59.32,3.64,-215.82,168.18,27,True
2025-06-09,1281,ORB Long,2,20.36,10.18,3.64,-76.82,307.18,27,False
2025-06-10,1283,ORB Long,2,254.36,127.18,3.64,-576.82,420.18,24,False
2025-06-10,1284,Scale-in Long,2,220.36,110.18,3.64,-298.82,386.18,19,True
2025-06-11,1285,ORB Long,2,-733.64,-366.82,3.64,-731.82,133.18,15,False
2025-06-11,1286,Scale-in Long,2,-756.64,-378.32,3.64,-754.82,110.18,15,True
2025-06-12,1287,ORB Long,2,88.36,44.18,3.64,-14.82,368.18,27,False
2025-06-12,1288,Scale-in Long,2,-31.64,-15.82,3.64,-134.82,248.18,27,True
2025-06-13,1289,ORB Long,2,-542.64,-271.32,3.64,-750.82,267.18,22,False
2025-06-13,1290,Scale-in Long,2,-581.64,-290.82,3.64,-789.82,228.18,22,True
2025-06-17,1292,Scale-in Long,2,-677.64,-338.82,3.64,-855.82,58.18,27,True
2025-06-17,1291,ORB Long,2,-632.64,-316.32,3.64,-810.82,103.18,27,False
2025-06-18,1294,Scale-in Long,2,-341.64,-170.82,3.64,-651.82,211.18,27,True
2025-06-18,1293,ORB Long,2,-217.64,-108.82,3.64,-527.82,335.18,27,False
2025-06-23,1295,ORB Long,2,581.36,290.68,3.64,-749.82,668.18,28,False
2025-06-23,1296,Scale-in Long,2,358.36,179.18,3.64,-972.82,445.18,27,True
2025-06-24,1297,ORB Long,2,321.36,160.68,3.64,-113.82,477.18,25,False
2025-06-24,1298,Scale-in Long,2,286.36,143.18,3.64,-148.82,442.18,25,True
2025-06-26,1299,ORB Long,2,419.36,209.68,3.64,-90.82,502.18,27,False
2025-06-26,1300,Scale-in Long,2,474.36,237.18,3.64,-35.82,557.18,27,True
2025-06-27,1301,ORB Long,2,-102.64,-51.32,3.64,-660.82,234.18,28,False
2025-06-27,1302,Scale-in Long,2,-251.64,-125.82,3.64,-809.82,70.18,27,True
2025-06-30,1303,ORB Long,2,-102.64,-51.32,3.64,-151.82,173.18,6,False
2025-07-01,1304,ORB Long,2,-420.64,-210.32,3.64,-418.82,92.18,2,False
2025-07-02,1305,ORB Long,2,578.36,289.18,3.64,0.0,603.18,27,False
2025-07-03,1306,ORB Long,2,166.36,83.18,3.64,-12.82,412.18,14,False
2025-07-08,1307,ORB Long,2,-195.64,-97.82,3.64,-326.82,44.18,18,False
2025-07-09,1308,ORB Long,2,-174.64,-87.32,3.64,-676.82,100.18,28,False
2025-07-11,1309,ORB Long,2,-112.64,-56.32,3.64,-223.82,228.18,28,False
2025-07-14,1310,ORB Long,2,223.36,111.68,3.64,-228.82,352.18,26,False
2025-07-16,1311,ORB Long,2,-113.64,-56.82,3.64,-141.82,37.18,5,False
2025-07-17,1312,ORB Long,2,456.36,228.18,3.64,-144.82,521.18,28,False
2025-07-21,1313,ORB Long,2,-120.64,-60.32,3.64,-191.82,195.18,28,False
2025-07-23,1314,ORB Long,2,542.36,271.18,3.64,-323.82,568.18,20,False
2025-07-24,1315,ORB Long,2,-23.64,-11.82,3.64,-240.82,99.18,20,False
2025-07-25,1316,ORB Long,2,224.36,112.18,3.64,-27.82,346.18,28,False
2025-07-28,1317,ORB Long,2,-49.64,-24.82,3.64,-334.82,28.18,28,False
2025-07-30,1318,ORB Long,2,-600.64,-300.32,3.64,-598.82,317.18,19,False
2025-08-04,1319,ORB Long,2,414.36,207.18,3.64,-238.82,426.18,28,False
2025-08-05,1320,ORB Long,2,-696.64,-348.32,3.64,-694.82,0.0,3,False
2025-08-06,1321,ORB Long,2,734.36,367.18,3.64,-257.82,864.18,27,False
2025-08-07,1322,ORB Long,2,-684.64,-342.32,3.64,-682.82,64.18,8,False
2025-08-08,1323,ORB Long,2,488.36,244.18,3.64,-129.82,496.18,28,False
2025-08-11,1324,ORB Long,2,-606.64,-303.32,3.64,-604.82,235.18,24,False
2025-08-12,1325,ORB Long,2,555.36,277.68,3.64,0.0,573.18,23,False
2025-08-14,1326,ORB Long,2,-187.64,-93.82,3.64,-297.82,273.18,28,False
2025-08-18,1327,ORB Long,2,-120.64,-60.32,3.64,-400.82,22.18,26,False
2025-08-21,1328,ORB Long,2,-277.64,-138.82,3.64,-686.82,228.18,27,False
2025-08-22,1329,ORB Long,2,1029.36,514.68,3.64,0.0,1301.18,27,False
2025-08-25,1330,ORB Long,2,-74.64,-37.32,3.64,-138.82,386.18,28,False
2025-08-26,1331,ORB Long,2,349.36,174.68,3.64,-160.82,367.18,27,False
2025-08-27,1332,ORB Long,2,31.36,15.68,3.64,-104.82,357.18,19,False
2025-08-28,1333,ORB Long,2,66.36,33.18,3.64,-316.82,239.18,22,False
2025-09-02,1334,ORB Long,2,578.36,289.18,3.64,-829.82,610.18,28,False
2025-09-03,1335,ORB Long,2,-11.64,-5.82,3.64,-557.82,273.18,27,False
2025-09-04,1336,ORB Long,2,536.36,268.18,3.64,-144.82,640.18,22,False
2025-09-08,1337,ORB Long,2,-198.64,-99.32,3.64,-355.82,162.18,27,False
2025-09-09,1338,ORB Long,2,119.36,59.68,3.64,-92.82,238.18,6,False
2025-09-11,1339,ORB Long,2,29.36,14.68,3.64,-206.82,201.18,27,False
2025-09-12,1340,ORB Long,2,198.36,99.18,3.64,0.0,379.18,26,False
2025-09-17,1341,ORB Long,2,-163.64,-81.82,3.64,-377.82,37.18,6,False
2025-09-18,1342,ORB Long,2,-4.64,-2.32,3.64,-117.82,406.18,27,False
2025-09-19,1343,ORB Long,2,277.36,138.68,3.64,-332.82,387.18,28,False
2025-09-22,1344,ORB Long,2,491.36,245.68,3.64,-72.82,617.18,28,False
2025-09-25,1345,ORB Long,2,187.36,93.68,3.64,-536.82,437.18,26,False
2025-09-26,1346,ORB Long,2,54.36,27.18,3.64,-772.82,133.18,27,False
2025-09-29,1347,ORB Long,2,-524.64,-262.32,3.64,-645.82,132.18,28,False
2025-09-30,1348,ORB Long,2,25.36,12.68,3.64,-400.82,329.18,24,False
2025-10-01,1349,ORB Long,2,664.36,332.18,3.64,0.0,779.18,26,False
2025-10-06,1350,ORB Long,2,-156.64,-78.32,3.64,-192.82,122.18,14,False
2025-10-08,1351,ORB Long,2,716.36,358.18,3.64,-7.82,760.18,28,False
2025-10-13,1352,ORB Long,2,61.36,30.68,3.64,-581.82,304.18,28,False
2025-10-14,1353,ORB Long,2,428.36,214.18,3.64,0.0,1197.18,26,False
2025-10-15,1354,ORB Long,2,-985.64,-492.82,3.64,-983.82,394.18,12,False
2025-10-16,1355,ORB Long,2,-705.64,-352.82,3.64,-703.82,292.18,8,False
2025-10-17,1356,ORB Long,2,836.36,418.18,3.64,-594.82,924.18,28,False
2025-10-20,1357,ORB Long,2,400.36,200.18,3.64,-40.82,518.18,27,False
2025-10-21,1358,ORB Long,2,-163.64,-81.82,3.64,-305.82,169.18,20,False
2025-10-22,1359,ORB Long,2,-1063.64,-531.82,3.64,-1061.82,7.18,6,False
2025-10-23,1360,ORB Long,2,461.36,230.68,3.64,-309.82,535.18,28,False
2025-10-24,1361,ORB Long,2,-87.64,-43.82,3.64,-395.82,150.18,27,False
2025-10-27,1362,ORB Long,2,571.36,285.68,3.64,-153.82,662.18,27,False
2025-10-28,1363,ORB Long,2,308.36,154.18,3.64,-68.82,549.18,18,False
2025-10-29,1364,ORB Long,2,-494.64,-247.32,3.64,-492.82,27.18,19,False
2025-10-30,1365,ORB Long,2,80.36,40.18,3.64,-1100.82,205.18,27,False
2025-11-04,1366,ORB Long,2,-1202.64,-601.32,3.64,-1433.82,73.18,28,False
2025-11-05,1367,ORB Long,2,224.36,112.18,3.64,-275.82,764.18,24,False
2025-11-07,1368,ORB Long,2,423.36,211.68,3.64,-387.82,431.18,7,False
2025-11-10,1369,ORB Long,2,319.36,159.68,3.64,-752.82,478.18,27,False
2025-11-11,1370,ORB Long,2,47.36,23.68,3.64,-157.82,196.18,14,False
2025-11-14,1371,ORB Long,2,771.36,385.68,3.64,-365.82,1358.18,28,False
2025-11-17,1372,ORB Long,2,-1181.64,-590.82,3.64,-1873.82,62.18,28,False
2025-11-19,1373,ORB Long,2,256.36,128.18,3.64,-1547.82,372.18,28,False
2025-11-20,1374,ORB Long,2,-1104.64,-552.32,3.64,-1102.82,142.18,6,False
2025-11-21,1375,ORB Long,2,496.36,248.18,3.64,-309.82,1263.18,14,False
2025-11-24,1376,ORB Long,2,955.36,477.68,3.64,-167.82,1081.18,27,False
2025-11-25,1377,ORB Long,2,724.36,362.18,3.64,-176.82,1012.18,22,False
2025-11-26,1378,ORB Long,2,168.36,84.18,3.64,-32.82,415.18,24,False
2025-12-01,1379,ORB Long,2,153.36,76.68,3.64,-379.82,538.18,28,False
2025-12-02,1380,ORB Long,2,-30.64,-15.32,3.64,-799.82,225.18,27,False
2025-12-03,1381,ORB Long,2,425.36,212.68,3.64,-154.82,588.18,27,False
2025-12-05,1382,ORB Long,2,-229.64,-114.82,3.64,-562.82,304.18,28,False
2025-12-09,1383,ORB Long,2,87.36,43.68,3.64,-119.82,338.18,27,False
2025-12-10,1384,ORB Long,2,525.36,262.68,3.64,-356.82,806.18,16,False
2025-12-11,1385,ORB Long,2,611.36,305.68,3.64,-205.82,724.18,13,False
2025-12-16,1386,ORB Long,2,-297.64,-148.82,3.64,-900.82,195.18,28,False
2025-12-18,1387,ORB Long,2,-447.64,-223.82,3.64,-581.82,347.18,26,False
2025-12-19,1388,ORB Long,2,156.36,78.18,3.64,-394.82,170.18,28,False
2025-12-23,1389,ORB Long,2,290.36,145.18,3.64,-47.82,336.18,24,False
2026-01-02,1390,ORB Long,2,-961.64,-480.82,3.64,-959.82,182.18,1,False
2026-01-05,1391,ORB Long,2,-384.64,-192.32,3.64,-501.82,136.18,26,False
2026-01-06,1392,ORB Long,2,307.36,153.68,3.64,-458.82,336.18,28,False
2026-01-07,1393,ORB Long,2,-116.64,-58.32,3.64,-223.82,532.18,27,False
2026-01-09,1394,ORB Long,2,556.36,278.18,3.64,-122.82,777.18,26,False
2026-01-12,1395,ORB Long,2,159.36,79.68,3.64,-152.82,475.18,28,False
2026-01-20,1396,ORB Long,2,-861.64,-430.82,3.64,-1035.82,288.18,26,False
2026-01-21,1397,ORB Long,2,536.36,268.18,3.64,-731.82,1310.18,23,False
2026-01-23,1398,ORB Long,2,164.36,82.18,3.64,-21.82,710.18,12,False
2026-01-26,1399,ORB Long,2,89.36,44.68,3.64,-142.82,376.18,28,False
2026-01-27,1400,ORB Long,2,221.36,110.68,3.64,-125.82,262.18,28,False
2026-02-02,1401,ORB Long,2,475.36,237.68,3.64,-157.82,782.18,28,False
2026-02-06,1402,ORB Long,2,715.36,357.68,3.64,-432.82,1173.18,25,False
2026-02-09,1403,ORB Long,2,830.36,415.18,3.64,0.0,1103.18,27,False
2026-02-10,1404,ORB Long,2,-615.64,-307.82,3.64,-853.82,144.18,27,False
2026-02-13,1405,ORB Long,2,-114.64,-57.32,3.64,-331.82,779.18,27,False
2026-02-17,1406,ORB Long,2,-186.64,-93.32,3.64,-321.82,293.18,13,False
2026-02-18,1407,ORB Long,2,45.36,22.68,3.64,-16.82,749.18,19,False
2026-02-19,1408,ORB Long,2,-193.64,-96.82,3.64,-543.82,311.18,27,False
2026-02-20,1409,ORB Long,2,513.36,256.68,3.64,-355.82,761.18,27,False
2026-02-24,1410,ORB Long,2,413.36,206.68,3.64,-373.82,671.18,27,False
2026-02-25,1411,ORB Long,2,464.36,232.18,3.64,-316.82,604.18,28,False
2026-02-27,1412,ORB Long,2,164.36,82.18,3.64,-148.82,504.18,27,False
2026-03-02,1413,ORB Long,2,443.36,221.68,3.64,-175.82,856.18,27,False
2026-03-03,1414,ORB Long,2,196.36,98.18,3.64,-239.82,754.18,20,False
2026-03-04,1415,ORB Long,2,663.36,331.68,3.64,0.0,983.18,27,False
2026-03-05,1416,ORB Long,2,-706.64,-353.32,3.64,-1649.82,87.18,28,False
2026-03-06,1417,ORB Long,2,26.36,13.18,3.64,0.0,752.18,20,False
2026-03-09,1418,ORB Long,2,1723.36,861.68,3.64,0.0,2113.18,25,False
2026-03-10,1419,ORB Long,2,-294.64,-147.32,3.64,-563.82,544.18,25,False
2026-03-11,1420,ORB Long,2,-677.64,-338.82,3.64,-969.82,255.18,27,False
2026-03-17,1421,ORB Long,2,-269.64,-134.82,3.64,-590.82,17.18,28,False
2026-03-19,1422,ORB Long,2,429.36,214.68,3.64,-526.82,730.18,27,False
2026-03-23,1423,ORB Long,2,-804.64,-402.32,3.64,-1182.82,357.18,28,False
2026-03-24,1424,ORB Long,2,340.36,170.18,3.64,-629.82,920.18,24,False
2026-03-26,1425,ORB Long,2,-1167.64,-583.82,3.64,-1165.82,99.18,15,False
2026-03-31,1426,ORB Long,2,548.36,274.18,3.64,-802.82,1127.18,12,False
2026-03-31,1427,Scale-in Long,2,893.36,446.68,3.64,-457.82,1472.18,9,True
2026-04-01,1428,ORB Long,2,-30.64,-15.32,3.64,-281.82,615.18,26,False
2026-04-02,1429,ORB Long,2,1282.36,641.18,3.64,-159.82,1477.18,28,False
2026-04-02,1430,Scale-in Long,2,1135.36,567.68,3.64,-23.82,1330.18,27,True
2026-04-06,1431,ORB Long,2,-278.64,-139.32,3.64,-864.82,137.18,28,False
2026-04-07,1432,ORB Long,2,372.36,186.18,3.64,0.0,590.18,4,False
2026-04-09,1433,ORB Long,2,512.36,256.18,3.64,-21.82,639.18,21,False
2026-04-10,1434,ORB Long,2,-161.64,-80.82,3.64,-602.82,83.18,25,False
2026-04-13,1435,ORB Long,2,1105.36,552.68,3.64,-252.82,1128.18,28,False
2026-04-14,1436,ORB Long,2,932.36,466.18,3.64,0.0,993.18,27,False
2026-04-15,1437,ORB Long,2,268.36,134.18,3.64,-89.82,732.18,12,False
2026-04-16,1438,ORB Long,2,39.36,19.68,3.64,-396.82,434.18,23,False
2026-04-17,1439,ORB Long,2,133.36,66.68,3.64,-287.82,300.18,25,False
2026-04-21,1440,ORB Long,2,-1127.64,-563.82,3.64,-1125.82,181.18,23,False
2026-04-22,1441,ORB Long,2,847.36,423.68,3.64,0.0,979.18,27,False
2026-04-23,1442,ORB Long,2,-1043.64,-521.82,3.64,-1041.82,350.18,11,False
2026-04-24,1443,ORB Long,2,690.36,345.18,3.64,-402.82,781.18,27,False
2026-04-27,1444,ORB Long,2,-51.64,-25.82,3.64,-162.82,87.18,13,False
2026-04-29,1445,ORB Long,2,-386.64,-193.32,3.64,-629.82,658.18,26,False
2026-04-30,1446,ORB Long,2,326.36,163.18,3.64,0.0,438.18,12,False
2026-05-01,1447,ORB Long,2,-359.64,-179.82,3.64,-481.82,182.18,28,False
2026-05-04,1448,ORB Long,2,-834.64,-417.32,3.64,-832.82,175.18,9,False
2026-05-05,1449,ORB Long,2,478.36,239.18,3.64,-221.82,637.18,27,False
2026-05-06,1450,ORB Long,2,915.36,457.68,3.64,-394.82,1266.18,27,False
2026-05-07,1451,ORB Long,2,281.36,140.68,3.64,0.0,647.18,4,False
2026-05-08,1452,ORB Long,2,893.36,446.68,3.64,-153.82,1087.18,28,False
2026-05-11,1453,ORB Long,2,-159.64,-79.82,3.64,-468.82,170.18,21,False
2026-05-13,1454,ORB Long,2,923.36,461.68,3.64,-95.82,1039.18,24,False
2026-05-14,1455,ORB Long,2,231.36,115.68,3.64,-140.82,613.18,26,False
2026-05-15,1456,ORB Long,2,-481.64,-240.82,3.64,-726.82,778.18,27,False
2026-05-19,1457,ORB Long,2,-681.64,-340.82,3.64,-808.82,230.18,15,False
2026-05-20,1458,ORB Long,2,488.36,244.18,3.64,0.0,966.18,26,False
2026-05-21,1459,ORB Long,2,480.36,240.18,3.64,-644.82,1061.18,20,False
2026-05-22,1460,ORB Long,2,-798.64,-399.32,3.64,-867.82,115.18,14,False
2026-05-26,1461,ORB Long,2,143.36,71.68,3.64,-485.82,448.18,28,False
2026-05-28,1462,ORB Long,2,798.36,399.18,3.64,-199.82,915.18,27,False
2026-05-29,1463,ORB Long,2,-532.64,-266.32,3.64,-997.82,66.18,28,False
2026-06-01,1464,ORB Long,2,241.36,120.68,3.64,-50.82,917.18,22,False
2026-06-02,1465,ORB Long,2,550.36,275.18,3.64,-311.82,635.18,28,False
2026-06-04,1466,ORB Long,2,137.36,68.68,3.64,-12.82,952.18,23,False
2026-06-08,1467,ORB Long,2,-675.64,-337.82,3.64,-911.82,552.18,24,False
2026-06-10,1468,ORB Long,2,-2481.64,-1240.82,3.64,-2724.82,639.18,27,False
2026-06-11,1469,ORB Long,2,730.36,365.18,3.64,-1295.82,1602.18,17,False
2026-06-12,1470,ORB Long,2,692.36,346.18,3.64,-602.82,1024.18,27,False
2026-06-15,1471,ORB Long,2,377.36,188.68,3.64,-263.82,729.18,27,False
2026-06-17,1472,ORB Long,2,-1348.64,-674.32,3.64,-1346.82,47.18,15,False
2026-06-18,1473,ORB Long,2,440.36,220.18,3.64,-609.82,670.18,26,False
2026-06-22,1474,ORB Long,2,-1107.64,-553.82,3.64,-1741.82,118.18,28,False
2026-06-23,1475,ORB Long,2,-708.64,-354.32,3.64,-1397.82,480.18,28,False
2026-06-24,1476,ORB Long,2,1016.36,508.18,3.64,-2324.82,1258.18,24,False
2026-06-26,1477,ORB Long,2,-617.64,-308.82,3.64,-755.82,1094.18,28,False
2026-06-29,1478,ORB Long,2,796.36,398.18,3.64,-70.82,1093.18,21,False
2026-06-30,1479,ORB Long,2,550.36,275.18,3.64,-353.82,949.18,28,False
2026-07-01,1480,ORB Long,2,-1004.64,-502.32,3.64,-1222.82,171.18,27,False
2026-07-02,1481,ORB Long,2,-2093.64,-1046.82,3.64,-2091.82,137.18,4,False
2026-07-06,1482,ORB Long,2,31.36,15.68,3.64,-224.82,624.18,27,False
2026-07-08,1483,ORB Long,2,12.36,6.18,3.64,-1408.82,455.18,27,False
2026-07-09,1484,ORB Long,2,72.36,36.18,3.64,-1192.82,325.18,28,False
2026-07-10,1485,ORB Long,2,522.36,261.18,3.64,-1040.82,556.18,27,False
2026-07-13,1486,ORB Long,2,-1231.64,-615.82,3.64,-1405.82,57.18,23,False
2026-07-14,1487,ORB Long,2,-154.64,-77.32,3.64,-513.82,253.18,23,False
2026-07-17,1488,ORB Long,2,327.36,163.68,3.64,-56.82,1443.18,27,False
2026-07-21,1489,ORB Long,2,167.36,83.68,3.64,-263.82,464.18,24,False
2026-07-22,1490,ORB Long,2,-437.64,-218.82,3.64,-634.82,259.18,28,False
2026-07-24,1491,ORB Long,2,-1267.64,-633.82,3.64,-1641.82,33.18,19,False
2026-07-28,1492,ORB Long,2,-280.64,-140.32,3.64,-580.82,202.18,21,False
2026-07-29,1493,ORB Long,2,-1610.64,-805.32,3.64,-1608.82,408.18,3,False
2026-07-30,1494,ORB Long,2,723.36,361.68,3.64,-625.82,1032.18,28,False
2026-08-03,1495,ORB Long,2,1194.36,597.18,3.64,-419.82,1340.18,28,False
2026-08-04,1496,ORB Long,2,1394.36,697.18,3.64,-148.82,1947.18,28,False
2026-08-06,1497,ORB Long,2,-99.64,-49.82,3.64,-319.82,630.18,28,False
2026-08-07,1498,ORB Long,2,106.36,53.18,3.64,-578.82,187.18,22,False
2026-08-10,1499,ORB Long,2,-315.64,-157.82,3.64,-476.82,232.18,27,False
2026-08-13,1500,ORB Long,2,156.36,78.18,3.64,-289.82,387.18,28,False
2026-08-14,1501,ORB Long,2,-464.64,-232.32,3.64,-980.82,8.18,27,False
2026-08-17,1502,ORB Long,2,-747.64,-373.82,3.64,-852.82,81.18,23,False
2026-08-21,1503,ORB Long,2,-466.64,-233.32,3.64,-528.82,10.18,20,False
