date,symbol,px_open,px_1530,px_close,r_rod,r_last,signal,edge
2019-05-06,MNQ.v.0,7690.0,7807.25,7808.25,0.015099983620601387,0.0001280778715207542,1.0,0.0001280778715207542
2019-05-07,MNQ.v.0,7719.5,7604.5,7653.75,-0.014943669388588092,0.006455546479740794,-1.0,-0.006455546479740794
2019-05-08,MNQ.v.0,7629.5,7681.0,7627.25,0.006597234809927658,-0.007022386083977468,1.0,-0.007022386083977468
2019-05-09,MNQ.v.0,7550.5,7589.0,7592.75,0.004987212054367486,0.0004940142047214406,1.0,0.0004940142047214406
2019-05-10,MNQ.v.0,7563.5,7629.0,7601.25,0.008688266329536372,-0.0036440676559097913,1.0,-0.0036440676559097913
2019-05-13,MNQ.v.0,7405.0,7337.0,7333.25,-0.009225407987904853,-0.0005112387425812785,-1.0,0.0005112387425812785
2019-05-14,MNQ.v.0,7372.5,7440.25,7411.5,0.009214788508690288,-0.0038716024592211464,1.0,-0.0038716024592211464
2019-05-15,MNQ.v.0,7367.0,7532.0,7517.5,0.02218323425874447,-0.001926974914358909,1.0,-0.001926974914358909
2019-05-16,MNQ.v.0,7519.25,7600.75,7594.0,0.01074763565651219,-0.0008884648242347609,1.0,-0.0008884648242347609
2019-05-17,MNQ.v.0,7517.0,7533.25,7514.25,0.00215943340671218,-0.0025253377766990314,1.0,-0.0025253377766990314
2019-05-20,MNQ.v.0,7410.5,7389.25,7387.0,-0.0027025217448422437,-0.00030454276523339253,-1.0,0.00030454276523339253
2019-05-21,MNQ.v.0,7450.75,7467.75,7463.25,0.0022455726427193638,-0.0006027727729221703,1.0,-0.0006027727729221703
2019-05-22,MNQ.v.0,7421.0,7448.25,7430.5,0.003732414091055149,-0.002385954252953545,1.0,-0.002385954252953545
2019-05-23,MNQ.v.0,7345.5,7318.75,7316.25,-0.0036824918864801497,-0.0003416467405967888,-1.0,0.0003416467405967888
2019-05-24,MNQ.v.0,7356.75,7321.5,7308.25,-0.004700601338644115,-0.00181137799659874,-1.0,0.00181137799659874
2019-05-28,MNQ.v.0,7329.25,7298.75,7283.0,-0.004204343839077893,-0.002160235379832269,-1.0,0.002160235379832269
2019-05-29,MNQ.v.0,7239.75,7213.0,7223.5,-0.0036670628514806113,0.0014546464657634347,-1.0,-0.0014546464657634347
2019-05-30,MNQ.v.0,7241.25,7242.75,7252.0,0.0002071251043031212,0.0012763243596046834,1.0,0.0012763243596046834
2019-05-31,MNQ.v.0,7165.75,7144.5,7131.25,-0.002934910041433607,-0.0018562952986389788,-1.0,0.0018562952986389788
2019-06-03,MNQ.v.0,7115.25,6958.0,6979.5,-0.022384221739605272,0.0030852042409256026,-1.0,-0.0030852042409256026
2019-06-04,MNQ.v.0,7051.75,7153.5,7171.5,0.01439582786550612,0.002513090327878985,1.0,0.002513090327878985
2019-06-05,MNQ.v.0,7239.75,7211.75,7226.0,-0.00390970137326925,0.0019739924333454823,-1.0,-0.0019739924333454823
2019-06-06,MNQ.v.0,7236.5,7282.5,7282.25,0.006336545755930399,-3.432945982935461e-05,1.0,-3.432945982935461e-05
2019-06-07,MNQ.v.0,7318.5,7431.75,7421.0,0.015322333664948043,-0.0014475436369848725,1.0,-0.0014475436369848725
2019-06-10,MNQ.v.0,7469.5,7514.75,7506.75,0.006039693351616817,-0.0010651400667508475,1.0,-0.0010651400667508475
2019-06-11,MNQ.v.0,7587.5,7518.0,7517.75,-0.00916875827164299,-3.3254077784315674e-05,-1.0,3.3254077784315674e-05
2019-06-12,MNQ.v.0,7496.25,7471.25,7475.25,-0.0033405743442555228,0.000535242377211319,-1.0,-0.000535242377211319
2019-06-13,MNQ.v.0,7505.25,7498.5,7518.75,-0.0009331156740642288,0.0026969002012542267,-1.0,-0.0026969002012542267
2019-06-14,MNQ.v.0,7476.0,7500.5,7482.0,0.0033051259492817286,-0.002469549060853561,1.0,-0.002469549060853561
2019-06-17,MNQ.v.0,7498.25,7537.0,7527.75,0.005486206841239284,-0.001228032481450496,1.0,-0.001228032481450496
2019-06-18,MNQ.v.0,7616.0,7648.75,7639.25,0.0043889887362323,-0.0012428049741993572,1.0,-0.0012428049741993572
2019-06-19,MNQ.v.0,7679.25,7694.0,7695.75,0.0020163919931971063,0.00022742409818786154,1.0,0.00022742409818786154
2019-06-20,MNQ.v.0,7801.25,7756.0,7762.5,-0.005849473515058579,0.0008377098791917611,-1.0,-0.0008377098791917611
2019-06-21,MNQ.v.0,7751.75,7771.0,7755.75,0.002415888047100604,-0.001964352476048073,1.0,-0.001964352476048073
2019-06-24,MNQ.v.0,7769.0,7754.5,7753.0,-0.0019326167195463267,-0.00019345478054850002,-1.0,0.00019345478054850002
2019-06-25,MNQ.v.0,7749.0,7624.0,7621.75,-0.016229845781802053,-0.0002951642282387066,-1.0,0.0002951642282387066
2019-06-26,MNQ.v.0,7670.25,7656.25,7655.5,-0.001859555221441662,-9.796398198769649e-05,-1.0,9.796398198769649e-05
2019-06-27,MNQ.v.0,7682.0,7688.75,7683.5,0.0008457760498975237,-0.000683049027190964,1.0,-0.000683049027190964
2019-06-28,MNQ.v.0,7701.0,7672.0,7693.25,-0.003838027153989728,0.0027659834429053175,-1.0,-0.0027659834429053175
2019-07-01,MNQ.v.0,7838.0,7786.75,7793.0,-0.0066564505891756965,0.0008023235719792221,-1.0,-0.0008023235719792221
2019-07-02,MNQ.v.0,7790.25,7806.75,7825.25,0.0020837682055444232,0.002366940716101088,1.0,0.002366940716101088
2019-07-05,MNQ.v.0,7829.25,7870.5,7868.5,0.005286636516595247,-0.00025414575395701813,1.0,-0.00025414575395701813
2019-07-08,MNQ.v.0,7817.75,7809.5,7810.75,-0.0010878608611084861,0.00016004865513260188,-1.0,-0.00016004865513260188
2019-07-09,MNQ.v.0,7771.25,7834.75,7850.25,0.00816984920657402,0.0019764112267146045,1.0,0.0019764112267146045
2019-07-10,MNQ.v.0,7894.5,7917.25,7927.75,0.0028460317094903885,0.0013253394177291436,1.0,0.0013253394177291436
2019-07-11,MNQ.v.0,7939.75,7908.0,7919.5,-0.003975270252684173,0.00145316721196748,-1.0,-0.00145316721196748
2019-07-12,MNQ.v.0,7927.0,7953.0,7965.5,0.003274562119979443,0.0015705000558143894,1.0,0.0015705000558143894
2019-07-15,MNQ.v.0,7983.5,7984.25,7988.0,0.00015656067540933347,0.00046956440938546027,1.0,0.00046956440938546027
2019-07-16,MNQ.v.0,7978.0,7950.5,7948.5,-0.003484378770525938,-0.0002515881515252057,-1.0,0.0002515881515252057
2019-07-17,MNQ.v.0,7949.75,7929.75,7909.0,-0.0025504996743886863,-0.0026201577613283247,-1.0,0.0026201577613283247
2019-07-18,MNQ.v.0,7870.75,7912.0,7920.75,0.005258834903548884,0.0011053039921454088,1.0,0.0011053039921454088
2019-07-19,MNQ.v.0,7974.5,7872.75,7853.25,-0.012873276787629097,-0.0024799707483356224,-1.0,0.0024799707483356224
2019-07-22,MNQ.v.0,7877.5,7920.75,7921.25,0.00547530366326378,6.312334303321514e-05,1.0,6.312334303321514e-05
2019-07-23,MNQ.v.0,7961.75,7959.75,7970.25,-0.00025123261131417603,0.0013182676108727137,-1.0,-0.0013182676108727137
2019-07-24,MNQ.v.0,7940.0,8023.5,8025.5,0.010430301440809338,0.00024923671385796467,1.0,0.00024923671385796467
2019-07-25,MNQ.v.0,7997.75,7952.5,7946.5,-0.005705344629757125,-0.0007547644864248654,-1.0,0.0007547644864248654
2019-07-26,MNQ.v.0,7997.75,8036.25,8028.25,0.004802304352122132,-0.0009959850180614363,1.0,-0.0009959850180614363
2019-07-29,MNQ.v.0,8024.5,8000.0,8002.25,-0.0030890705875293656,0.00028121045663296825,-1.0,-0.00028121045663296825
2019-07-30,MNQ.v.0,7940.0,7965.75,7966.75,0.003269209500408165,0.00012552957807169529,1.0,0.00012552957807169529
2019-07-31,MNQ.v.0,7987.5,7908.5,7859.5,-0.00997130133908787,-0.0062151392352508385,-1.0,0.0062151392352508385
2019-08-01,MNQ.v.0,7871.25,7827.0,7812.5,-0.005637585998114344,-0.0018542797601811742,-1.0,0.0018542797601811742
2019-08-02,MNQ.v.0,7758.5,7700.75,7701.25,-0.007503754725018521,6.492663292762247e-05,-1.0,-6.492663292762247e-05
2019-08-05,MNQ.v.0,7539.5,7397.75,7423.0,-0.018979966901449062,0.003407388213145715,-1.0,-0.003407388213145715
2019-08-06,MNQ.v.0,7491.0,7521.25,7527.25,0.004030047586678571,0.0007974217121892734,1.0,0.0007974217121892734
2019-08-07,MNQ.v.0,7446.5,7561.75,7559.0,0.015325459864872853,-0.0003637385751791289,1.0,-0.0003637385751791289
2019-08-08,MNQ.v.0,7601.5,7704.0,7732.25,0.013491425543591977,0.0036602194884445523,1.0,0.0036602194884445523
2019-08-09,MNQ.v.0,7692.25,7680.25,7656.25,-0.0014961298569098698,-0.0031297909681061295,-1.0,0.0031297909681061295
2019-08-12,MNQ.v.0,7610.75,7563.25,7570.25,-0.006227675530807157,0.0009251000098089939,-1.0,-0.0009251000098089939
2019-08-13,MNQ.v.0,7566.75,7742.5,7738.5,0.022960983890759512,-0.000516762494543583,1.0,-0.000516762494543583
2019-08-14,MNQ.v.0,7607.75,7514.5,7500.5,-0.01229970870411756,-0.0018648024052040195,-1.0,0.0018648024052040195
2019-08-15,MNQ.v.0,7515.75,7491.75,7493.75,-0.0031650340425688466,0.0002669246954556812,-1.0,-0.0002669246954556812
2019-08-16,MNQ.v.0,7556.75,7612.25,7612.5,0.007350429455462127,3.2841261764318e-05,1.0,3.2841261764318e-05
2019-08-19,MNQ.v.0,7717.0,7733.5,7728.25,0.0021681803875955516,-0.0006790952126068402,1.0,-0.0006790952126068402
2019-08-20,MNQ.v.0,7716.0,7698.5,7674.0,-0.002270590355646228,-0.00318751286307577,-1.0,0.00318751286307577
2019-08-21,MNQ.v.0,7742.25,7735.25,7741.25,-0.0009368590066426034,0.0007753691468483316,-1.0,-0.0007753691468483316
2019-08-22,MNQ.v.0,7753.5,7722.0,7714.75,-0.004070956480022029,-0.0009393169589539842,-1.0,0.0009393169589539842
2019-08-23,MNQ.v.0,7663.25,7482.5,7474.0,-0.02390262686115376,-0.0011366296814247427,-1.0,0.0011366296814247427
2019-08-26,MNQ.v.0,7555.75,7555.25,7583.25,-9.926707815508372e-05,0.0036991818118308215,-1.0,-0.0036991818118308215
2019-08-27,MNQ.v.0,7633.75,7571.25,7570.75,-0.008188007140634295,-6.604147406970366e-05,-1.0,6.604147406970366e-05
2019-08-28,MNQ.v.0,7541.5,7590.25,7593.75,0.0065092995288132055,0.00046101159931344956,1.0,0.00046101159931344956
2019-08-29,MNQ.v.0,7686.0,7700.0,7707.5,0.0017873686574367458,0.0009735519185303037,1.0,0.0009735519185303037
2019-08-30,MNQ.v.0,7749.5,7675.0,7691.25,-0.009757756326311933,0.0021150255993021344,-1.0,-0.0021150255993021344
2019-09-03,MNQ.v.0,7638.5,7609.5,7614.75,-0.0038694916292547196,0.0006896891745873047,-1.0,-0.0006896891745873047
2019-09-04,MNQ.v.0,7685.0,7720.25,7723.75,0.004576369941483047,0.00045325046101004637,1.0,0.00045325046101004637
2019-09-05,MNQ.v.0,7807.25,7869.0,7865.5,0.007941738840204587,-0.00044488227242387096,1.0,-0.00044488227242387096
2019-09-06,MNQ.v.0,7874.0,7875.75,7856.25,0.00022222575052958251,-0.002479024915654887,1.0,-0.002479024915654887
2019-09-09,MNQ.v.0,7879.5,7824.5,7837.25,-0.007036564892722653,0.0016281709025650442,-1.0,-0.0016281709025650442
2019-09-10,MNQ.v.0,7796.5,7771.5,7819.25,-0.0032760588156979576,0.006125446088555949,-1.0,-0.006125446088555949
2019-09-11,MNQ.v.0,7828.5,7873.5,7889.75,0.005700017025017453,0.0020617582993806157,1.0,0.0020617582993806157
2019-09-12,MNQ.v.0,7936.75,7945.0,7920.75,0.001007461597034525,-0.0030569016761228416,1.0,-0.0030569016761228416
2019-09-13,MNQ.v.0,7909.0,7890.25,7893.25,-0.0023735315034042383,0.0003801438256567856,-1.0,-0.0003801438256567856
2019-09-16,MNQ.v.0,7863.0,7872.5,7877.5,0.0012392165925006677,0.0006349206562499473,1.0,0.0006349206562499473
2019-09-17,MNQ.v.0,7879.25,7895.25,7914.75,0.0020602552494290442,0.0024667944197653145,1.0,0.0024667944197653145
2019-09-18,MNQ.v.0,7901.25,7877.5,7912.5,-0.003042116615514039,0.004433192821002056,-1.0,-0.004433192821002056
2019-09-19,MNQ.v.0,7924.75,7933.5,7923.25,0.0011035266675653256,-0.0012928250023051934,1.0,-0.0012928250023051934
2019-09-20,MNQ.v.0,7934.75,7855.75,7839.0,-0.010006099760693266,-0.002134472528632681,-1.0,0.002134472528632681
2019-09-23,MNQ.v.0,7833.75,7857.75,7839.75,0.0031226127845649905,-0.0022933598202577402,1.0,-0.0022933598202577402
2019-09-24,MNQ.v.0,7877.0,7723.0,7733.0,-0.019744231134060486,0.0012939960397716807,-1.0,-0.0012939960397716807
2019-09-25,MNQ.v.0,7727.5,7827.75,7823.0,0.012921654509695488,-0.000606999683190145,1.0,-0.000606999683190145
2019-09-26,MNQ.v.0,7813.75,7804.75,7792.5,-0.0013126512634138315,-0.0015707900455253063,-1.0,0.0015707900455253063
2019-09-27,MNQ.v.0,7805.25,7668.75,7698.75,-0.017610355421219224,0.0039043485420314247,-1.0,-0.0039043485420314247
2019-09-30,MNQ.v.0,7723.0,7762.5,7767.75,0.005069351034679572,0.0006760998953636372,1.0,0.0006760998953636372
2019-10-01,MNQ.v.0,7797.75,7722.75,7701.5,-0.009632340956925438,-0.0027554031404576026,-1.0,0.0027554031404576026
2019-10-02,MNQ.v.0,7652.0,7573.25,7566.0,-0.010311739593063425,-0.0009577753923374709,-1.0,0.0009577753923374709
2019-10-03,MNQ.v.0,7567.5,7633.0,7652.25,0.008552683713159228,0.0025187694250538802,1.0,0.0025187694250538802
2019-10-04,MNQ.v.0,7688.25,7752.0,7765.5,0.008225434976945391,0.0017399714394636507,1.0,0.0017399714394636507
2019-10-07,MNQ.v.0,7738.25,7761.5,7736.5,0.0030000506379892467,-0.0032262255367706814,1.0,-0.0032262255367706814
2019-10-08,MNQ.v.0,7685.5,7668.5,7616.25,-0.0021818072057652287,-0.006836906528130362,-1.0,0.006836906528130362
2019-10-09,MNQ.v.0,7684.5,7725.25,7701.25,0.005288871654473339,-0.003111531373059558,1.0,-0.003111531373059558
2019-10-10,MNQ.v.0,7696.75,7754.0,7754.25,0.007410677411135581,3.224090403768851e-05,1.0,3.224090403768851e-05
2019-10-11,MNQ.v.0,7843.0,7908.25,7852.0,0.008253491077841051,-0.007138241950350727,1.0,-0.007138241950350727
2019-10-14,MNQ.v.0,7843.25,7867.0,7854.0,0.00292816657866937,-0.0016538391912875288,1.0,-0.0016538391912875288
2019-10-15,MNQ.v.0,7875.5,7963.25,7953.0,0.011049138515654627,-0.0012879920103035542,1.0,-0.0012879920103035542
2019-10-16,MNQ.v.0,7926.25,7923.5,7933.5,-0.0003154574158652833,0.0012612727912814446,-1.0,-0.0012612727912814446
2019-10-17,MNQ.v.0,7979.25,7953.25,7953.5,-0.0032637719227714846,3.1433196601422596e-05,-1.0,-3.1433196601422596e-05
2019-10-18,MNQ.v.0,7942.75,7898.5,7875.5,-0.005586694874595255,-0.0029161932673617257,-1.0,0.0029161932673617257
2019-10-21,MNQ.v.0,7914.0,7941.0,7946.5,0.0034058689498412897,0.0006923682416633496,1.0,0.0006923682416633496
2019-10-22,MNQ.v.0,7973.0,7904.5,7884.5,-0.008596988912468653,-0.002533410690600801,-1.0,0.002533410690600801
2019-10-23,MNQ.v.0,7864.5,7883.75,7896.5,0.0024130059968392376,0.0016159443322484074,1.0,0.0016159443322484074
2019-10-24,MNQ.v.0,7954.0,7964.0,7972.75,0.0012878301844286859,0.001098091000891903,1.0,0.001098091000891903
2019-10-25,MNQ.v.0,7930.0,8028.75,8036.0,0.012375813943108676,0.000902597362822834,1.0,0.000902597362822834
2019-10-28,MNQ.v.0,8074.25,8124.75,8116.5,0.0062657426775920766,-0.001015931742886844,1.0,-0.001015931742886844
2019-10-29,MNQ.v.0,8101.75,8062.75,8054.25,-0.004794392022917305,-0.001054786968799954,-1.0,0.001054786968799954
2019-10-30,MNQ.v.0,8068.0,8093.25,8089.0,0.0031247608378503784,-0.000525266894000097,1.0,-0.000525266894000097
2019-10-31,MNQ.v.0,8113.0,8071.0,8090.75,-0.005283252676583099,0.002444043476867947,-1.0,-0.002444043476867947
2019-11-01,MNQ.v.0,8127.5,8145.0,8165.25,0.0021201747099219488,0.0024831023932536914,1.0,0.0024831023932536914
2019-11-04,MNQ.v.0,8219.5,8211.0,8213.75,-0.0010346612407763304,0.0003348605032887675,-1.0,-0.0003348605032887675
2019-11-05,MNQ.v.0,8223.75,8224.25,8215.0,6.0797665388423546e-05,-0.0011253555942275645,1.0,-0.0011253555942275645
2019-11-06,MNQ.v.0,8210.25,8193.75,8201.5,-0.0020117051407664358,0.0009453958405303629,-1.0,-0.0009453958405303629
2019-11-07,MNQ.v.0,8241.5,8217.5,8227.5,-0.0029163396330362103,0.0012161752791205764,-1.0,-0.0012161752791205764
2019-11-08,MNQ.v.0,8211.25,8250.0,8262.0,0.004708035122044069,0.0014534886279830986,1.0,0.0014534886279830986
2019-11-11,MNQ.v.0,8219.0,8245.75,8248.75,0.0032493689289451663,0.0003637576201860234,1.0,0.0003637576201860234
2019-11-12,MNQ.v.0,8255.25,8261.0,8271.5,0.0006660208529073456,0.001270225484565356,1.0,0.001270225484565356
2019-11-13,MNQ.v.0,8243.5,8267.75,8265.5,0.0029373932847377104,-0.0002721787929040618,1.0,-0.0002721787929040618
2019-11-14,MNQ.v.0,8242.25,8266.75,8266.0,0.002937838109074774,-9.072900763815788e-05,1.0,-9.072900763815788e-05
2019-11-15,MNQ.v.0,8314.25,8300.5,8318.75,-0.0016852753093396125,0.0021962492092910324,-1.0,-0.0021962492092910324
2019-11-18,MNQ.v.0,8313.5,8333.25,8333.5,0.002342835901772667,2.9999850003107866e-05,1.0,2.9999850003107866e-05
2019-11-19,MNQ.v.0,8364.0,8345.25,8344.0,-0.002214310130052009,-0.0001497970253111844,-1.0,0.0001497970253111844
2019-11-20,MNQ.v.0,8323.5,8267.0,8292.5,-0.0068111531813899616,0.003079805568531944,-1.0,-0.003079805568531944
2019-11-21,MNQ.v.0,8283.0,8278.25,8272.5,-0.0005434290505984567,-0.0006948325884129977,-1.0,0.0006948325884129977
2019-11-22,MNQ.v.0,8292.5,8276.5,8277.75,-0.0019011125722256633,0.00015101862088291975,-1.0,-0.00015101862088291975
2019-11-25,MNQ.v.0,8312.0,8371.5,8377.0,0.007132826117534559,0.0006567752572115982,1.0,0.0006567752572115982
2019-11-26,MNQ.v.0,8380.0,8388.0,8392.0,0.0009541985456818179,0.0004767580543225214,1.0,0.0004767580543225214
2019-11-27,MNQ.v.0,8412.25,8445.0,8449.0,0.003855969658759031,0.0004735409109444528,1.0,0.0004735409109444528
2019-12-02,MNQ.v.0,8410.75,8316.0,8315.75,-0.011299217482793946,-3.0062981949460255e-05,-1.0,3.0062981949460255e-05
2019-12-03,MNQ.v.0,8212.5,8253.75,8257.75,0.005010258715915124,0.00048451080498448094,1.0,0.00048451080498448094
2019-12-04,MNQ.v.0,8301.0,8304.0,8298.25,0.0003312305244153539,-0.0006926772250635007,1.0,-0.0006926772250635007
2019-12-05,MNQ.v.0,8327.25,8312.75,8312.5,-0.0017728636383751923,-3.0074735720560985e-05,-1.0,3.0074735720560985e-05
2019-12-06,MNQ.v.0,8370.5,8399.75,8399.75,0.0034883236279092443,0.0,1.0,0.0
2019-12-09,MNQ.v.0,8388.0,8383.0,8365.25,-0.0005962673839531738,-0.0021196252319635065,-1.0,0.0021196252319635065
2019-12-10,MNQ.v.0,8368.5,8362.75,8358.5,-0.0007172315172088106,-0.0005083352131590671,-1.0,0.0005083352131590671
2019-12-11,MNQ.v.0,8376.5,8405.25,8404.5,0.0034263444666600093,-8.923392679812691e-05,1.0,-8.923392679812691e-05
2019-12-12,MNQ.v.0,8392.25,8458.0,8466.75,0.007833635501831162,0.001033988777332235,1.0,0.001033988777332235
2019-12-13,MNQ.v.0,8455.75,8491.75,8492.25,0.004366175033667632,5.887894490640953e-05,1.0,5.887894490640953e-05
2019-12-16,MNQ.v.0,8572.25,8606.75,8601.5,0.0040165372118435355,-0.0006101724652868495,1.0,-0.0006101724652868495
2019-12-17,MNQ.v.0,8616.0,8608.75,8605.5,-0.0008418119773165455,-0.00037759414887255754,-1.0,0.00037759414887255754
2019-12-18,MNQ.v.0,8618.0,8629.0,8612.0,0.0013045559837654298,-0.001972044024053842,1.0,-0.001972044024053842
2019-12-19,MNQ.v.0,8619.25,8658.75,8671.25,0.0046011685359444165,0.0014425853626962068,1.0,0.0014425853626962068
2019-12-20,MNQ.v.0,8706.25,8705.75,8704.25,-5.7431656344730694e-05,-0.00017231476205765002,-1.0,0.00017231476205765002
2019-12-23,MNQ.v.0,8733.0,8727.0,8721.75,-0.0006872852504216326,-0.000601762322048997,-1.0,0.000601762322048997
2019-12-26,MNQ.v.0,8740.25,8783.25,8801.25,0.004907705230872147,0.002047258242986517,1.0,0.002047258242986517
2019-12-27,MNQ.v.0,8832.0,8796.5,8792.5,-0.004055995236117864,-0.0004548297309632397,-1.0,0.0004548297309632397
2019-12-30,MNQ.v.0,8787.25,8740.25,8731.5,-0.0053916175625106704,-0.0010016169795844148,-1.0,0.0010016169795844148
2019-12-31,MNQ.v.0,8709.0,8738.75,8748.0,0.0033815765136762763,0.0010579439704635613,1.0,0.0010579439704635613
2020-01-02,MNQ.v.0,8821.0,8865.75,8888.75,0.00500389764152864,0.0025908938991317863,1.0,0.0025908938991317863
2020-01-03,MNQ.v.0,8772.0,8828.0,8809.75,0.006391976422920964,-0.0020694256935269956,1.0,-0.0020694256935269956
2020-01-06,MNQ.v.0,8739.0,8843.75,8863.75,0.011886959247303961,0.002258930792558275,1.0,0.002258930792558275
2020-01-07,MNQ.v.0,8866.75,8879.5,8862.25,0.0014650778829993327,-0.0019445663968519432,1.0,-0.0019445663968519432
2020-01-08,MNQ.v.0,8861.0,8970.25,8929.75,0.012226051005539293,-0.004525147386560048,1.0,-0.004525147386560048
2020-01-09,MNQ.v.0,9002.0,8994.25,9006.25,-0.0008612905998853263,0.0013332964948394633,-1.0,-0.0013332964948394633
2020-01-10,MNQ.v.0,9038.25,8986.75,8982.75,-0.005742120383521691,-0.00044519881644644263,-1.0,0.00044519881644644263
2020-01-13,MNQ.v.0,9017.25,9067.0,9085.0,0.005474466227082769,0.0019832531842154675,1.0,0.0019832531842154675
2020-01-14,MNQ.v.0,9076.5,9044.75,9050.5,-0.003531817588796197,0.0006355259190707615,-1.0,-0.0006355259190707615
2020-01-15,MNQ.v.0,9054.0,9039.0,9052.5,-0.0016857585067422617,0.0014924138413853994,-1.0,-0.0014924138413853994
2020-01-16,MNQ.v.0,9095.75,9110.0,9138.0,0.0015379970623903433,0.003068831869212723,1.0,0.003068831869212723
2020-01-17,MNQ.v.0,9175.5,9161.0,9182.25,-0.0015815453355206175,0.002316929606925864,-1.0,-0.002316929606925864
2020-01-21,MNQ.v.0,9153.5,9185.25,9179.75,0.003462616778437006,-0.000598965441266661,1.0,-0.000598965441266661
2020-01-22,MNQ.v.0,9223.5,9199.75,9200.5,-0.0025782653067633076,8.152063155839674e-05,-1.0,-8.152063155839674e-05
2020-01-23,MNQ.v.0,9193.25,9226.5,9227.5,0.003637354716038711,0.0001083775876209528,1.0,0.0001083775876209528
2020-01-24,MNQ.v.0,9272.75,9160.0,9151.5,-0.012179229114126989,-0.00092837840815917,-1.0,0.00092837840815917
2020-01-27,MNQ.v.0,8947.25,8976.75,8961.25,0.0033473768319699938,-0.001728175254507543,1.0,-0.001728175254507543
2020-01-28,MNQ.v.0,9023.75,9118.5,9098.25,0.010417909237626756,-0.0022232295377484193,1.0,-0.0022232295377484193
2020-01-29,MNQ.v.0,9149.0,9136.5,9109.5,-0.001367203734886256,-0.0029595549389092404,-1.0,0.0029595549389092404
2020-01-30,MNQ.v.0,9051.75,9113.25,9144.0,0.00682615295452319,0.0033685280178157814,1.0,0.0033685280178157814
2020-01-31,MNQ.v.0,9181.75,8992.0,8994.75,-0.020854723016787306,0.00030578064646783517,-1.0,-0.00030578064646783517
2020-02-03,MNQ.v.0,9041.5,9143.75,9131.25,0.011245495943400095,-0.0013679892694247865,1.0,-0.0013679892694247865
2020-02-04,MNQ.v.0,9258.0,9356.0,9340.75,0.010556526576722727,-0.001631299919169312,1.0,-0.001631299919169312
2020-02-05,MNQ.v.0,9457.0,9378.5,9375.5,-0.008335372515116258,-0.0003199317506226668,-1.0,0.0003199317506226668
2020-02-06,MNQ.v.0,9396.0,9429.0,9453.0,0.003559006173616498,0.0025421049597069943,1.0,0.0025421049597069943
2020-02-07,MNQ.v.0,9411.25,9403.0,9410.75,-0.0009035825000878556,0.0008238655704856586,-1.0,-0.0008238655704856586
2020-02-10,MNQ.v.0,9380.0,9508.75,9525.25,0.013606372392060516,0.001733740058111861,1.0,0.001733740058111861
2020-02-11,MNQ.v.0,9576.75,9522.25,9525.25,-0.005733375218436187,0.0003150019713671091,-1.0,-0.0003150019713671091
2020-02-12,MNQ.v.0,9580.5,9608.5,9620.5,0.0029183407027282104,0.0012481149885892407,1.0,0.0012481149885892407
2020-02-13,MNQ.v.0,9549.75,9614.75,9604.5,0.006809402901225504,-0.0010666390178390012,1.0,-0.0010666390178390012
2020-02-14,MNQ.v.0,9618.75,9605.75,9630.0,-0.0013524411018774737,0.0025213483068593514,-1.0,-0.0025213483068593514
2020-02-18,MNQ.v.0,9583.75,9643.0,9636.0,0.0061892328430629105,-0.0007261787756224684,1.0,-0.0007261787756224684
2020-02-19,MNQ.v.0,9690.25,9733.0,9728.25,0.004427633562172083,-0.00048814953760144584,1.0,-0.00048814953760144584
2020-02-20,MNQ.v.0,9705.0,9622.75,9634.5,-0.008537110445209432,0.0012203197713230953,-1.0,-0.0012203197713230953
2020-02-21,MNQ.v.0,9589.75,9426.0,9452.0,-0.017196469199140224,0.002754530823122282,-1.0,-0.002754530823122282
2020-02-24,MNQ.v.0,9104.25,9142.75,9085.0,0.0042472217184038675,-0.006336513637558978,1.0,-0.006336513637558978
2020-02-25,MNQ.v.0,9159.25,8859.75,8839.25,-0.03327396798862997,-0.0023165160932637242,-1.0,0.0023165160932637242
2020-02-26,MNQ.v.0,8890.25,8895.5,8879.75,0.0006465668930004209,-0.0017721274380750626,1.0,-0.0017721274380750626
2020-02-27,MNQ.v.0,8657.5,8560.75,8432.25,-0.011238194156488905,-0.015124162822109414,-1.0,0.015124162822109414
2020-03-02,MNQ.v.0,8564.0,8704.0,8876.5,0.016186596547182998,0.019624645051128438,1.0,0.019624645051128438
2020-03-03,MNQ.v.0,8901.25,8699.75,8596.0,-0.02292616356956369,-0.011997310835213928,-1.0,0.011997310835213928
2020-03-04,MNQ.v.0,8745.5,8885.5,8943.25,0.01585331615586043,0.006478323154914107,1.0,0.006478323154914107
2020-03-05,MNQ.v.0,8716.75,8624.75,8671.5,-0.010581499109145574,0.0054058092184143015,-1.0,-0.0054058092184143015
2020-03-06,MNQ.v.0,8384.75,8372.0,8528.5,-0.0014023364623028313,0.018520691515037293,-1.0,-0.018520691515037293
2020-03-09,MNQ.v.0,8022.0,8053.0,7932.75,0.0038879693149866125,-0.015044932919272927,1.0,-0.015044932919272927
2020-03-11,MNQ.v.0,8163.75,7952.5,7998.5,-0.026248714742849587,0.005767679458351292,-1.0,-0.005767679458351292
2020-03-12,MNQ.v.0,7524.75,7343.75,7261.0,-0.02421181520481825,-0.011332050946322735,-1.0,0.011332050946322735
2020-03-13,MNQ.v.0,7696.25,7558.0,7945.0,-0.018523601518579937,0.049936195061382124,-1.0,-0.049936195061382124
2020-03-16,MNQ.v.0,7381.25,7236.5,6927.75,-0.019770790377069504,-0.04360257893683012,-1.0,0.04360257893683012
2020-03-17,MNQ.v.0,7165.75,7326.5,7438.0,0.02221930291105628,0.015104083406935455,1.0,0.015104083406935455
2020-03-18,MNQ.v.0,6945.0,6905.75,7207.25,-0.005595177488280843,0.04273306593086064,-1.0,-0.04273306593086064
2020-03-19,MNQ.v.0,7177.75,7421.0,7270.75,0.03319309370348085,-0.020454369077193252,1.0,-0.020454369077193252
2020-03-20,MNQ.v.0,7428.75,7135.5,6976.5,-0.0404154363102405,-0.02253496720818444,-1.0,0.02253496720818444
2020-03-23,MNQ.v.0,6997.75,6878.25,6993.75,-0.01733345499805668,0.016652633953072017,-1.0,-0.016652633953072017
2020-03-24,MNQ.v.0,7365.75,7485.5,7532.5,0.01606014014773546,0.0062591761145649755,1.0,0.0062591761145649755
2020-03-25,MNQ.v.0,7553.75,7660.25,7461.75,0.01396785505886869,-0.026254649140198483,1.0,-0.026254649140198483
2020-03-26,MNQ.v.0,7528.5,7768.5,7868.0,0.03122035759830982,0.012726804976893831,1.0,0.012726804976893831
2020-03-27,MNQ.v.0,7655.0,7772.25,7572.75,0.015200668640652323,-0.026003420179896358,1.0,-0.026003420179896358
2020-03-30,MNQ.v.0,7659.75,7825.0,7865.5,0.021248539043085254,0.0051623708542055165,1.0,0.0051623708542055165
2020-03-31,MNQ.v.0,7844.5,7759.25,7799.5,-0.010991410545147809,0.005173949037057373,-1.0,-0.005173949037057373
2020-04-01,MNQ.v.0,7563.75,7435.75,7466.75,-0.01706764988629696,0.004160381776792791,-1.0,-0.004160381776792791
2020-04-02,MNQ.v.0,7432.0,7555.5,7617.75,0.016414594213165507,0.008205275633905265,1.0,0.008205275633905265
2020-04-03,MNQ.v.0,7592.75,7477.0,7514.5,-0.015529395934750771,0.005002845374233539,-1.0,-0.005002845374233539
2020-04-06,MNQ.v.0,7797.25,7977.75,8052.5,0.022916646055568136,0.009326185405469948,1.0,0.009326185405469948
2020-04-07,MNQ.v.0,8282.5,8057.25,8040.5,-0.027665636160427207,-0.0020810369206821877,-1.0,0.0020810369206821877
2020-04-08,MNQ.v.0,8115.75,8209.25,8212.0,0.01139404038531469,0.0003349318749434662,1.0,0.0003349318749434662
2020-04-09,MNQ.v.0,8284.5,8201.0,8226.0,-0.010069234656811492,0.0030437717539581834,-1.0,-0.0030437717539581834
2020-04-13,MNQ.v.0,8189.25,8280.75,8316.75,0.011081034467260244,0.004338009514078959,1.0,0.004338009514078959
2020-04-14,MNQ.v.0,8486.75,8676.0,8681.5,0.021910383236487578,0.0006337318374275095,1.0,0.0006337318374275095
2020-04-15,MNQ.v.0,8543.25,8602.5,8582.0,0.007143824756834528,-0.002385872120165405,1.0,-0.002385872120165405
2020-04-16,MNQ.v.0,8678.5,8709.5,8743.5,0.003479564683392301,0.0038961832361977177,1.0,0.0038961832361977177
2020-04-17,MNQ.v.0,8848.0,8759.5,8815.75,-0.010081159935331506,0.006401068782976163,-1.0,-0.006401068782976163
2020-04-20,MNQ.v.0,8736.75,8751.5,8712.75,0.001686847282894126,-0.004437644169196351,1.0,-0.004437644169196351
2020-04-21,MNQ.v.0,8631.25,8445.5,8391.0,-0.021696381663713318,-0.006474052250330352,-1.0,0.006474052250330352
2020-04-22,MNQ.v.0,8568.25,8668.75,8648.5,0.011661094023234477,-0.002338709579163698,1.0,-0.002338709579163698
2020-04-23,MNQ.v.0,8676.5,8648.5,8628.0,-0.003174514224046642,-0.0023731669749310707,-1.0,0.0023731669749310707
2020-04-24,MNQ.v.0,8644.25,8752.0,8771.0,0.012445013824806176,0.002168579289619176,1.0,0.002168579289619176
2020-04-27,MNQ.v.0,8858.75,8825.75,8824.0,-0.0037887401123177576,-0.00019830309276158074,-1.0,0.00019830309276158074
2020-04-28,MNQ.v.0,8903.5,8723.75,8666.5,-0.02030929800308442,-0.00658417294999642,-1.0,0.00658417294999642
2020-04-29,MNQ.v.0,8860.0,9007.0,8963.0,0.01639977426448656,-0.004897060426381124,1.0,-0.004897060426381124
2020-04-30,MNQ.v.0,9016.0,8970.0,8982.25,-0.005087230375106011,0.0013647316521654901,-1.0,-0.0013647316521654901
2020-05-01,MNQ.v.0,8790.5,8722.25,8711.5,-0.0077943607402593115,-0.0012332402796250725,-1.0,0.0012332402796250725
2020-05-04,MNQ.v.0,8670.5,8799.5,8818.0,0.014796852733238896,0.002100185247617243,1.0,0.002100185247617243
2020-05-05,MNQ.v.0,8907.25,8948.75,8918.25,0.004648305860585564,-0.003414118724596856,1.0,-0.003414118724596856
2020-05-06,MNQ.v.0,8987.5,9022.75,8972.0,0.003886734487641613,-0.005640548999482573,1.0,-0.005640548999482573
2020-05-07,MNQ.v.0,9086.75,9088.5,9091.0,0.000137553474129945,0.00027503506870483297,1.0,0.00027503506870483297
2020-05-08,MNQ.v.0,9159.0,9193.25,9209.5,0.0037597101909085644,0.001766040860579109,1.0,0.001766040860579109
2020-05-11,MNQ.v.0,9157.5,9315.25,9286.75,0.017160136351262168,-0.003064189044132487,1.0,-0.003064189044132487
2020-05-12,MNQ.v.0,9320.0,9214.0,9102.25,-0.011384298407545058,-0.012202430805591037,-1.0,0.012202430805591037
2020-05-13,MNQ.v.0,9122.25,8916.5,8990.75,-0.022700845933608913,0.008292778122261457,-1.0,-0.008292778122261457
2020-05-14,MNQ.v.0,8934.25,9037.75,9086.75,0.011462719060224842,0.005407058885093893,1.0,0.005407058885093893
2020-05-15,MNQ.v.0,8961.25,9116.0,9146.0,0.017203654740983423,0.003285513852425709,1.0,0.003285513852425709
2020-05-18,MNQ.v.0,9268.75,9332.25,9320.0,0.006854404902496581,-0.0013135146442134593,1.0,-0.0013135146442134593
2020-05-19,MNQ.v.0,9326.75,9376.25,9291.0,0.005266617351809534,-0.009133706642533563,1.0,-0.009133706642533563
2020-05-20,MNQ.v.0,9402.25,9478.75,9480.25,0.008129803135260296,0.00015823619422214726,1.0,0.00015823619422214726
2020-05-21,MNQ.v.0,9483.5,9399.0,9378.0,-0.008870353264635795,-0.0022367799707698048,-1.0,0.0022367799707698048
2020-05-22,MNQ.v.0,9358.25,9386.75,9406.0,0.0029875452347079444,0.002048663099622953,1.0,0.002048663099622953
2020-05-26,MNQ.v.0,9558.75,9424.75,9388.0,-0.014170810805346082,-0.003906929794559114,-1.0,0.003906929794559114
2020-05-27,MNQ.v.0,9361.0,9404.0,9434.5,0.00460959236701225,0.0032380525678085367,1.0,0.0032380525678085367
2020-05-28,MNQ.v.0,9382.75,9466.5,9415.0,0.0088599444234512,-0.005455088601151166,1.0,-0.005455088601151166
2020-05-29,MNQ.v.0,9441.5,9513.0,9542.5,0.007570697867120092,0.003096221412927869,1.0,0.003096221412927869
2020-06-01,MNQ.v.0,9520.75,9595.75,9594.0,0.007846664903412471,-0.00018238903631896116,1.0,-0.00018238903631896116
2020-06-02,MNQ.v.0,9604.25,9600.25,9655.0,-0.000364488418510626,0.005686776079098897,-1.0,-0.005686776079098897
2020-06-03,MNQ.v.0,9677.25,9712.5,9697.0,0.0035844642992143537,-0.0015971563713566826,1.0,-0.0015971563713566826
2020-06-04,MNQ.v.0,9681.25,9601.5,9627.5,-0.008297726852287048,0.0027042504388961473,-1.0,-0.0027042504388961473
2020-06-05,MNQ.v.0,9670.5,9840.75,9816.0,0.017451913235150336,-0.002518220263187428,1.0,-0.002518220263187428
2020-06-08,MNQ.v.0,9810.0,9860.75,9896.5,0.005134603690714827,0.0036189286481751355,1.0,0.0036189286481751355
2020-06-09,MNQ.v.0,9857.75,9995.5,9963.75,0.013827020104363836,-0.0031814849536645085,1.0,-0.0031814849536645085
2020-06-10,MNQ.v.0,10038.25,10151.0,10089.25,0.011144798101318484,-0.006101722220276327,1.0,-0.006101722220276327
2020-06-11,MNQ.v.0,9926.75,9612.75,9592.5,-0.03209077825330283,-0.0021087991569356,-1.0,0.0021087991569356
2020-06-12,MNQ.v.0,9795.75,9582.25,9660.0,-0.02211446221719044,0.00808121951733327,-1.0,-0.00808121951733327
2020-06-15,MNQ.v.0,9522.75,9754.25,9778.25,0.02404504435930562,0.002457443960379956,1.0,0.002457443960379956
2020-06-16,MNQ.v.0,9987.0,9921.75,9953.25,-0.006680924008609657,0.0031698139748691195,-1.0,-0.0031698139748691195
2020-06-17,MNQ.v.0,10001.75,9970.75,9969.5,-0.003079197836676035,-0.00012537455665172776,-1.0,0.00012537455665172776
2020-06-18,MNQ.v.0,9955.5,9962.0,9999.0,0.0006777874266330248,0.0037072333426206917,1.0,0.0037072333426206917
2020-06-19,MNQ.v.0,10098.5,10003.5,9990.5,-0.009401884950933461,-0.0013003903002833642,-1.0,0.0013003903002833642
2020-06-22,MNQ.v.0,9990.5,10078.0,10115.0,0.008744995001907676,0.003664640361302516,1.0,0.003664640361302516
2020-06-23,MNQ.v.0,10181.25,10212.0,10197.75,0.003040186714106131,-0.001396391657469411,1.0,-0.001396391657469411
2020-06-24,MNQ.v.0,10167.25,10008.0,9993.5,-0.015786997183826684,-0.001449891512150621,-1.0,0.001449891512150621
2020-06-25,MNQ.v.0,9997.0,10062.0,10087.25,0.0064809040840831415,0.0025062980723734125,1.0,0.0025062980723734125
2020-06-26,MNQ.v.0,10072.75,9877.5,9841.0,-0.019447772292908953,-0.003702111386560255,-1.0,0.003702111386560255
2020-06-29,MNQ.v.0,9837.0,9895.25,9950.75,0.005878792523908172,0.005593081193364036,1.0,0.005593081193364036
2020-07-01,MNQ.v.0,10148.75,10289.5,10264.5,0.01377341260594741,-0.0024326177219414656,1.0,-0.0024326177219414656
2020-07-02,MNQ.v.0,10368.5,10375.5,10335.25,0.0006748939708540501,-0.003886875238614084,1.0,-0.003886875238614084
2020-07-06,MNQ.v.0,10470.0,10566.25,10591.5,0.009221912576448214,0.002386833381373787,1.0,0.002386833381373787
2020-07-07,MNQ.v.0,10579.5,10568.0,10516.5,-0.0010875991141823169,-0.004885114887029261,-1.0,0.004885114887029261
2020-07-08,MNQ.v.0,10573.5,10631.25,10654.25,0.0054233904065651385,0.00216109642258626,1.0,0.00216109642258626
2020-07-09,MNQ.v.0,10734.0,10713.25,10741.0,-0.0019116452959936246,0.0025869014741027254,-1.0,-0.0025869014741027254
2020-07-10,MNQ.v.0,10734.5,10806.25,10821.0,0.00668495131435352,0.0013640201400480856,1.0,0.0013640201400480856
2020-07-13,MNQ.v.0,10937.5,10703.75,10599.0,-0.021626460898592704,-0.009834490313146902,-1.0,0.009834490313146902
2020-07-14,MNQ.v.0,10492.75,10601.25,10673.0,0.010334539346543508,0.006745269238055104,1.0,0.006745269238055104
2020-07-15,MNQ.v.0,10724.75,10681.25,10687.25,-0.004087692411529471,0.0005615742946564668,-1.0,-0.0005615742946564668
2020-07-16,MNQ.v.0,10571.25,10624.5,10613.5,0.004977540619782989,-0.0010358791772883255,1.0,-0.0010358791772883255
2020-07-17,MNQ.v.0,10643.0,10651.25,10630.0,0.0007983282492136227,-0.00199706380617212,1.0,-0.00199706380617212
2020-07-20,MNQ.v.0,10659.75,10927.0,10936.5,0.024761824283514523,0.000869028343849427,1.0,0.000869028343849427
2020-07-21,MNQ.v.0,11001.25,10831.75,10823.5,-0.015550347128675457,-0.0007619399821410201,-1.0,0.0007619399821410201
2020-07-22,MNQ.v.0,10837.75,10823.75,10859.0,-0.0013388118891868132,0.003251435454889543,-1.0,-0.003251435454889543
2020-07-23,MNQ.v.0,10842.75,10561.75,10572.25,-0.02632868311018705,0.0009936595877676174,-1.0,-0.0009936595877676174
2020-07-24,MNQ.v.0,10415.0,10446.25,10469.5,0.0030438505411780467,0.0022232059167253517,1.0,0.0022232059167253517
2020-07-27,MNQ.v.0,10546.75,10672.75,10660.75,0.011922855658969698,-0.0011249913296557212,1.0,-0.0011249913296557212
2020-07-28,MNQ.v.0,10631.25,10557.5,10525.5,-0.0069139107606103825,-0.0030356234476455945,-1.0,0.0030356234476455945
2020-07-29,MNQ.v.0,10589.25,10653.0,10650.25,0.005884862329724254,-0.00025817657073690613,1.0,-0.00025817657073690613
2020-07-30,MNQ.v.0,10566.5,10724.75,10704.75,0.014888845594011012,-0.0018665863232373802,1.0,-0.0018665863232373802
2020-07-31,MNQ.v.0,10895.5,10838.75,10897.5,-0.005199119121226199,0.005405729421177409,-1.0,-0.005405729421177409
2020-08-03,MNQ.v.0,10987.0,11041.0,11038.0,0.0047669942495163885,-0.00027175143969036835,1.0,-0.00027175143969036835
2020-08-04,MNQ.v.0,11015.0,11035.5,11084.25,0.0018367143858065342,0.004407832722362912,1.0,0.004407832722362912
2020-08-05,MNQ.v.0,11101.0,11102.75,11111.0,0.00013511383361019768,0.0007427832202408236,1.0,0.0007427832202408236
2020-08-06,MNQ.v.0,11098.75,11256.75,11254.25,0.014091040577729582,-0.00022211363424795677,1.0,-0.00022211363424795677
2020-08-07,MNQ.v.0,11233.25,11084.5,11128.0,-0.01326273445155515,0.003916718569271132,-1.0,-0.003916718569271132
2020-08-10,MNQ.v.0,11137.75,11052.5,11078.5,-0.007683592515856671,0.0023496463749324644,-1.0,-0.0023496463749324644
2020-08-11,MNQ.v.0,11027.25,10947.5,10868.75,-0.007258362450322842,-0.007219420572960289,-1.0,0.007219420572960289
2020-08-12,MNQ.v.0,10957.75,11156.5,11146.5,0.017952910506126993,-0.0008967404089243543,1.0,-0.0008967404089243543
2020-08-13,MNQ.v.0,11173.5,11187.5,11170.0,0.0011627908286901518,-0.0015654705198644273,1.0,-0.0015654705198644273
2020-08-14,MNQ.v.0,11191.25,11129.25,11159.5,-0.005555445394020207,0.0027143755098943787,-1.0,-0.0027143755098943787
2020-08-17,MNQ.v.0,11228.75,11293.0,11284.25,0.005683473327845978,-0.0007751165831168049,1.0,-0.0007751165831168049
2020-08-18,MNQ.v.0,11330.0,11401.25,11394.0,0.006290850652152887,-0.000636097454027343,1.0,-0.000636097454027343
2020-08-19,MNQ.v.0,11393.0,11341.75,11319.25,-0.004530567031681521,-0.0019857912178467027,-1.0,0.0019857912178467027
2020-08-20,MNQ.v.0,11284.25,11463.75,11473.5,0.01582554952674565,0.00085014555687644,1.0,0.00085014555687644
2020-08-21,MNQ.v.0,11481.25,11559.25,11554.25,0.006792339732356416,-0.0004326475936567682,1.0,-0.0004326475936567682
2020-08-24,MNQ.v.0,11687.25,11592.5,11626.25,-0.008161732628217415,0.0029071352910608247,-1.0,-0.0029071352910608247
2020-08-25,MNQ.v.0,11591.0,11710.75,11715.5,0.010256940339710361,0.00040552799232457823,1.0,0.00040552799232457823
2020-08-26,MNQ.v.0,11768.75,11951.0,11965.0,0.015346324491049293,0.0011707644755927506,1.0,0.0011707644755927506
2020-08-27,MNQ.v.0,12013.5,11975.25,11928.0,-0.003251628677883342,-0.003953442443346064,-1.0,0.003953442443346064
2020-08-28,MNQ.v.0,11979.5,11982.0,11991.0,0.00020866807245547208,0.0007508447355630195,1.0,0.0007508447355630195
2020-08-31,MNQ.v.0,12017.5,12137.75,12092.5,0.0099359128314645,-0.003735005012668223,1.0,-0.003735005012668223
2020-09-01,MNQ.v.0,12198.75,12267.75,12294.0,0.0056403803510737946,0.002137470660210147,1.0,0.002137470660210147
2020-09-02,MNQ.v.0,12432.25,12411.0,12410.75,-0.0016905834525430157,-2.0143624040068464e-05,-1.0,2.0143624040068464e-05
2020-09-03,MNQ.v.0,12224.5,11661.75,11773.5,-0.04708500501253625,0.009536987828942859,-1.0,-0.009536987828942859
2020-09-04,MNQ.v.0,11714.0,11734.25,11619.75,0.001727208216752304,-0.009805679321969003,1.0,-0.009805679321969003
2020-09-08,MNQ.v.0,11158.0,11157.75,11068.5,-2.2405700011046846e-05,-0.00803108753893162,-1.0,0.00803108753893162
2020-09-09,MNQ.v.0,11293.5,11462.75,11386.25,0.014809877153395996,-0.006696160518678478,1.0,-0.006696160518678478
2020-09-10,MNQ.v.0,11518.0,11141.5,11156.75,-0.03323415373959472,0.0013678205579042443,-1.0,-0.0013678205579042443
2020-09-11,MNQ.v.0,11244.75,11099.5,11084.0,-0.01300129080230023,-0.0013974352579529052,-1.0,0.0013974352579529052
2020-09-14,MNQ.v.0,11243.25,11264.0,11275.0,0.0018660451932659451,0.0009760859730554589,1.0,0.0009760859730554589
2020-09-15,MNQ.v.0,11431.75,11423.25,11438.25,-0.000700050344705954,0.0013122500406797706,-1.0,-0.0013122500406797706
2020-09-16,MNQ.v.0,11452.5,11279.0,11235.25,-0.01517680070884734,-0.003886432376646159,-1.0,0.003886432376646159
2020-09-17,MNQ.v.0,10950.0,10973.0,11066.5,0.002166600995771588,0.008484816891300638,1.0,0.008484816891300638
2020-09-18,MNQ.v.0,11115.75,10919.75,10917.25,-0.017812839800307213,-0.00022896918174858708,-1.0,0.00022896918174858708
2020-09-21,MNQ.v.0,10758.0,10870.0,10963.75,0.010265036729998985,0.008587675150336175,1.0,0.008587675150336175
2020-09-22,MNQ.v.0,11067.25,11152.75,11164.75,0.007650974561947508,0.0010753893721484277,1.0,0.0010753893721484277
2020-09-23,MNQ.v.0,11153.0,10850.25,10820.75,-0.027566481766044558,-0.0027225340982544376,-1.0,0.0027225340982544376
2020-09-24,MNQ.v.0,10719.5,10828.5,10877.75,0.010140121458363951,0.004537871305647262,1.0,0.004537871305647262
2020-09-25,MNQ.v.0,10895.0,11144.75,11133.5,0.022686998441248957,-0.0010099537401956013,1.0,-0.0010099537401956013
2020-09-28,MNQ.v.0,11341.5,11346.0,11360.0,0.0003746597802479005,0.0012331543886297774,1.0,0.0012331543886297774
2020-09-29,MNQ.v.0,11346.0,11323.5,11310.0,-0.002007124861868735,-0.0011929221376230947,-1.0,0.0011929221376230947
2020-09-30,MNQ.v.0,11320.0,11380.5,11403.0,0.0052863559231480246,0.0019751142111191704,1.0,0.0019751142111191704
2020-10-01,MNQ.v.0,11556.0,11549.5,11572.75,-0.0005842828094939124,0.0020110506404764617,-1.0,-0.0020110506404764617
2020-10-02,MNQ.v.0,11316.75,11284.5,11244.0,-0.0029202914495058086,-0.003595449641963423,-1.0,0.003595449641963423
2020-10-05,MNQ.v.0,11325.25,11488.25,11489.5,0.01424650405000109,0.00010880090533081897,1.0,0.00010880090533081897
2020-10-06,MNQ.v.0,11447.0,11325.25,11275.5,-0.01067086643145373,-0.0044025158771387185,-1.0,0.0044025158771387185
2020-10-07,MNQ.v.0,11385.5,11489.0,11479.75,0.009027679703599785,-0.0008054422204140647,1.0,-0.0008054422204140647
2020-10-08,MNQ.v.0,11571.75,11530.75,11536.25,-0.0035277222201287373,0.0004768717305439277,-1.0,-0.0004768717305439277
2020-10-09,MNQ.v.0,11602.25,11698.25,11711.5,0.008261583635843844,0.0011320070837940945,1.0,0.0011320070837940945
2020-10-12,MNQ.v.0,11912.5,12116.25,12075.0,0.01693862418467032,-0.003410327286044314,1.0,-0.003410327286044314
2020-10-13,MNQ.v.0,12151.25,12132.5,12074.25,-0.0016266694962442743,-0.00481271648885781,-1.0,0.00481271648885781
2020-10-14,MNQ.v.0,12111.0,12000.75,11977.25,-0.009124150889609169,-0.0019601307468626638,-1.0,0.0019601307468626638
2020-10-15,MNQ.v.0,11775.5,11903.0,11890.25,0.010811372674455417,-0.0010717326317673396,1.0,-0.0010717326317673396
2020-10-16,MNQ.v.0,11961.25,11904.5,11826.25,-0.004776778897038671,-0.00659484286030289,-1.0,0.00659484286030289
2020-10-19,MNQ.v.0,11909.5,11621.0,11629.25,-0.02447957008548723,0.0007096698182811172,-1.0,-0.0007096698182811172
2020-10-20,MNQ.v.0,11666.5,11686.75,11663.25,0.0017984076098289316,-0.0020128486453364694,1.0,-0.0020128486453364694
2020-10-21,MNQ.v.0,11669.5,11735.0,11652.5,0.005618532389000318,-0.007055080038227838,1.0,-0.007055080038227838
2020-10-22,MNQ.v.0,11686.75,11664.25,11654.0,-0.0019271129256397828,-0.0008791397862338603,-1.0,0.0008791397862338603
2020-10-23,MNQ.v.0,11677.75,11643.0,11680.0,-0.0029587089033597637,0.003172836345201984,-1.0,-0.003172836345201984
2020-10-26,MNQ.v.0,11576.25,11457.5,11495.0,-0.01024559093743521,0.0032676208140027824,-1.0,-0.0032676208140027824
2020-10-27,MNQ.v.0,11534.75,11589.0,11585.75,0.004692154130020807,-0.000280477676894553,1.0,-0.000280477676894553
2020-10-28,MNQ.v.0,11400.5,11239.25,11137.0,-0.014200611862460587,-0.009139217849657086,-1.0,0.009139217849657086
2020-10-29,MNQ.v.0,11189.5,11418.0,11325.0,0.020237113982406643,-0.008178386172969716,1.0,-0.008178386172969716
2020-10-30,MNQ.v.0,11246.25,10973.75,11055.0,-0.024505901112407833,0.007376757051128248,-1.0,-0.007376757051128248
2020-11-02,MNQ.v.0,11140.0,11036.25,11069.0,-0.009379578144098297,0.0029630991698317163,-1.0,-0.0029630991698317163
2020-11-03,MNQ.v.0,11143.75,11294.5,11257.0,0.013392808621331425,-0.003325724192525818,1.0,-0.003325724192525818
2020-11-04,MNQ.v.0,11628.0,11742.0,11760.0,0.00973488362689907,0.0015317848284867517,1.0,0.0015317848284867517
2020-11-05,MNQ.v.0,12030.0,12083.5,12066.25,0.004395976058583712,-0.0014285864602105766,1.0,-0.0014285864602105766
2020-11-06,MNQ.v.0,12035.0,12058.5,12080.5,0.0019714662675910087,0.0018227769245850163,1.0,0.0018227769245850163
2020-11-09,MNQ.v.0,12191.25,11964.0,11825.5,-0.018816340536386186,-0.011643923985521084,-1.0,0.011643923985521084
2020-11-10,MNQ.v.0,11692.0,11648.5,11619.75,-0.0037059691312712854,-0.0024711797948452968,-1.0,0.0024711797948452968
2020-11-11,MNQ.v.0,11719.25,11850.25,11880.5,0.011158367790426558,0.0025494361859166137,1.0,0.0025494361859166137
2020-11-12,MNQ.v.0,11918.25,11801.75,11824.75,-0.009823013218465435,0.0019469669452071873,-1.0,-0.0019469669452071873
2020-11-13,MNQ.v.0,11890.25,11915.0,11933.0,0.002079373996730121,0.0015095608368132047,1.0,0.0015095608368132047
2020-11-16,MNQ.v.0,11915.0,11973.75,12013.5,0.00493952195245477,0.0033142637347451033,1.0,0.0033142637347451033
2020-11-17,MNQ.v.0,12027.5,11976.25,11977.25,-0.004249298178657768,8.34951051479323e-05,-1.0,-8.34951051479323e-05
2020-11-18,MNQ.v.0,11959.25,11991.25,11892.25,0.0026721796239282643,-0.008290289698980739,1.0,-0.008290289698980739
2020-11-19,MNQ.v.0,11870.0,11980.5,11981.25,0.00924525196151304,6.259976840119958e-05,1.0,6.259976840119958e-05
2020-11-20,MNQ.v.0,11983.75,11943.5,11904.75,-0.0033853001779045396,-0.0032497171995539086,-1.0,0.0032497171995539086
2020-11-23,MNQ.v.0,11946.25,11922.5,11904.25,-0.001990050408010036,-0.0015318919759454643,-1.0,0.0015318919759454643
2020-11-24,MNQ.v.0,11949.25,12078.5,12075.5,0.01077919542972339,-0.0002484060623852179,1.0,-0.0002484060623852179
2020-11-25,MNQ.v.0,12112.75,12164.25,12153.75,0.004222152976350628,-0.0008635579120417659,1.0,-0.0008635579120417659
2020-11-30,MNQ.v.0,12270.75,12252.5,12273.75,-0.0014883837475931142,0.0017328376997974282,-1.0,-0.0017328376997974282
2020-12-01,MNQ.v.0,12376.0,12448.0,12450.5,0.005780770416035898,0.00020081531083416922,1.0,0.00020081531083416922
2020-12-02,MNQ.v.0,12390.25,12436.5,12457.5,0.003745926158927239,0.0016871539311765157,1.0,0.0016871539311765157
2020-12-03,MNQ.v.0,12464.75,12506.5,12472.5,0.0033438485379528996,-0.002722288402051176,1.0,-0.002722288402051176
2020-12-04,MNQ.v.0,12475.0,12509.0,12529.25,0.0026817715754302494,0.0016175255391376814,1.0,0.0016175255391376814
2020-12-07,MNQ.v.0,12532.75,12585.0,12597.25,0.004140545380005769,0.0009729075810358084,1.0,0.0009729075810358084
2020-12-08,MNQ.v.0,12576.75,12641.0,12637.0,0.005095628200229046,-0.0003164807368768655,1.0,-0.0003164807368768655
2020-12-09,MNQ.v.0,12631.25,12309.0,12355.25,-0.025843200041635334,0.0037503718304796505,-1.0,-0.0037503718304796505
2020-12-10,MNQ.v.0,12264.75,12401.25,12398.25,0.011088138738446811,-0.00024194036288097937,1.0,-0.00024194036288097937
2020-12-11,MNQ.v.0,12330.0,12359.5,12376.0,0.0023289970529528315,0.0013341151339015202,1.0,0.0013341151339015202
2020-12-14,MNQ.v.0,12423.0,12517.5,12459.0,0.0075580997518337936,-0.0046844119052365935,1.0,-0.0046844119052365935
2020-12-15,MNQ.v.0,12564.5,12585.25,12597.5,0.0016699805073925101,0.0009728882640880376,1.0,0.0009728882640880376
2020-12-16,MNQ.v.0,12617.75,12691.25,12672.75,0.0058082268465618385,-0.0014587607065636395,1.0,-0.0014587607065636395
2020-12-17,MNQ.v.0,12737.25,12715.75,12750.5,-0.0017287107733077655,0.002729103937029504,-1.0,-0.002729103937029504
2020-12-18,MNQ.v.0,12774.75,12636.25,12703.0,-0.010920683486820541,0.005268518555193403,-1.0,-0.005268518555193403
2020-12-21,MNQ.v.0,12581.5,12666.25,12684.75,0.006733232028888385,0.0014595087597338411,1.0,0.0014595087597338411
2020-12-22,MNQ.v.0,12719.0,12688.0,12713.75,-0.00240086703930563,0.0020274200651767956,-1.0,-0.0020274200651767956
2020-12-23,MNQ.v.0,12714.0,12694.5,12649.75,-0.0015349197180837017,-0.0035313766637415215,-1.0,0.0035313766637415215
2020-12-28,MNQ.v.0,12816.0,12841.0,12833.5,0.0019487865231334603,-0.000584237294851527,1.0,-0.000584237294851527
2020-12-29,MNQ.v.0,12891.75,12858.5,12846.75,-0.0025825006343272888,-0.0009142101958446385,-1.0,0.0009142101958446385
2020-12-30,MNQ.v.0,12896.75,12837.0,12843.25,-0.004643715538635416,0.00048675539555885776,-1.0,-0.00048675539555885776
2020-12-31,MNQ.v.0,12841.5,12842.0,12870.0,3.893550334366872e-05,0.002177972236178745,1.0,0.002177972236178745
2021-01-04,MNQ.v.0,12933.75,12649.25,12688.25,-0.022182958763494052,0.0030784434770313907,-1.0,-0.0030784434770313907
2021-01-05,MNQ.v.0,12650.5,12759.0,12791.5,0.008540164855496848,0.002543982898802173,1.0,0.002543982898802173
2021-01-06,MNQ.v.0,12598.0,12656.0,12618.25,0.004553832091916809,-0.002987232307349796,1.0,-0.002987232307349796
2021-01-07,MNQ.v.0,12727.5,12947.0,12925.75,0.017079784603178955,-0.0016426552862195804,1.0,-0.0016426552862195804
2021-01-08,MNQ.v.0,13018.75,13056.0,13091.5,0.0028571721946060525,0.002715366426038751,1.0,0.002715366426038751
2021-01-11,MNQ.v.0,12964.5,12874.5,12896.25,-0.006985660452788656,0.001687960588201345,-1.0,-0.001687960588201345
2021-01-12,MNQ.v.0,12902.75,12877.25,12882.5,-0.001958864485333034,0.0004076126571640312,-1.0,-0.0004076126571640312
2021-01-13,MNQ.v.0,12889.5,12963.75,12968.0,0.005724689753168966,0.00032778351156809117,1.0,0.00032778351156809117
2021-01-14,MNQ.v.0,12985.75,12913.5,12897.5,-0.0055986863877130226,-0.0012397816473140913,-1.0,0.0012397816473140913
2021-01-15,MNQ.v.0,12889.75,12823.25,12799.25,-0.005114006576009283,-0.0018733540457731232,-1.0,0.0018733540457731232
2021-01-19,MNQ.v.0,12896.25,12989.0,12984.75,0.007147026752270853,-0.00032725347998882853,1.0,-0.00032725347998882853
2021-01-20,MNQ.v.0,13136.75,13310.75,13286.0,0.013139551355185857,-0.0018611301865151175,1.0,-0.0018611301865151175
2021-01-21,MNQ.v.0,13339.75,13402.5,13397.5,0.004692957037371016,-0.0003731343326874319,1.0,-0.0003731343326874319
2021-01-22,MNQ.v.0,13348.0,13387.0,13355.5,0.0029175259146331824,-0.00235580178130157,1.0,-0.00235580178130157
2021-01-25,MNQ.v.0,13497.75,13398.75,13474.25,-0.007361585863692604,0.005619037595382552,-1.0,-0.005619037595382552
2021-01-26,MNQ.v.0,13493.5,13503.5,13485.0,0.0007593366355836025,-0.0013709545100756323,1.0,-0.0013709545100756323
2021-01-27,MNQ.v.0,13389.75,13074.0,13120.25,-0.023883085792702877,0.00353131302191201,-1.0,-0.00353131302191201
2021-01-28,MNQ.v.0,13155.0,13258.5,13185.25,0.007855797345286896,-0.005540075621018966,1.0,-0.005540075621018966
2021-01-29,MNQ.v.0,13110.5,12976.0,12914.25,-0.010331205024061861,-0.004770144520789274,-1.0,0.004770144520789274
2021-02-01,MNQ.v.0,13051.5,13248.5,13230.5,0.015000138667275967,-0.0013595681689367852,1.0,-0.0013595681689367852
2021-02-02,MNQ.v.0,13352.25,13481.0,13448.5,0.009596376737982368,-0.002413711043929597,1.0,-0.002413711043929597
2021-02-03,MNQ.v.0,13531.25,13414.5,13388.75,-0.008684250454219307,-0.0019214093755060909,-1.0,0.0019214093755060909
2021-02-04,MNQ.v.0,13449.0,13515.75,13550.0,0.004950918242941036,0.0025308752413568717,1.0,0.0025308752413568717
2021-02-05,MNQ.v.0,13590.25,13570.5,13596.75,-0.0014174607739396278,0.0019324744439813797,-1.0,-0.0019324744439813797
2021-02-08,MNQ.v.0,13666.75,13646.25,13685.0,-0.001482797082755437,0.002835583880300242,-1.0,-0.002835583880300242
2021-02-09,MNQ.v.0,13645.5,13691.25,13680.5,0.00334714570773001,-0.0007854814217368501,1.0,-0.0007854814217368501
2021-02-10,MNQ.v.0,13742.75,13662.75,13650.5,-0.005819962971809445,-0.0008970006001756151,-1.0,0.0008970006001756151
2021-02-11,MNQ.v.0,13717.25,13704.0,13726.25,-0.000966403867892291,0.0016222969079672728,-1.0,-0.0016222969079672728
2021-02-12,MNQ.v.0,13693.5,13749.25,13803.75,0.004044826503988578,0.003956017208826179,1.0,0.003956017208826179
2021-02-16,MNQ.v.0,13836.0,13768.5,13764.5,-0.0048723595064061286,-0.00029056042045125425,-1.0,0.00029056042045125425
2021-02-17,MNQ.v.0,13638.0,13685.0,13699.5,0.003458596404156008,0.0010589933250639621,1.0,0.0010589933250639621
2021-02-18,MNQ.v.0,13543.75,13652.75,13638.0,0.008034091400082414,-0.0010809524425843633,1.0,-0.0010809524425843633
2021-02-19,MNQ.v.0,13696.0,13596.0,13578.0,-0.0073097999734632905,-0.001324795954414289,-1.0,0.001324795954414289
2021-02-22,MNQ.v.0,13391.25,13254.5,13226.75,-0.010302114928595726,-0.0020958232830851063,-1.0,0.0020958232830851063
2021-02-23,MNQ.v.0,13001.0,13248.5,13188.25,0.01889580030595451,-0.00455805681955651,1.0,-0.00455805681955651
2021-02-24,MNQ.v.0,13074.5,13273.75,13294.5,0.015143466421731089,0.0015620151285070294,1.0,0.0015620151285070294
2021-02-25,MNQ.v.0,13181.0,12826.5,12826.25,-0.02726305544834607,-1.949108770078927e-05,-1.0,1.949108770078927e-05
2021-02-26,MNQ.v.0,12952.0,12962.25,12893.75,0.000791070591240817,-0.005298589129149977,1.0,-0.005298589129149977
2021-03-01,MNQ.v.0,13098.5,13271.75,13274.5,0.013158833053893945,0.00020718557309134681,1.0,0.00020718557309134681
2021-03-02,MNQ.v.0,13297.5,13112.75,13058.0,-0.01401007391192004,-0.004184066553154582,-1.0,0.004184066553154582
2021-03-03,MNQ.v.0,13012.75,12717.25,12680.25,-0.022989965013793034,-0.002913674666873157,-1.0,0.002913674666873157
2021-03-04,MNQ.v.0,12664.25,12461.0,12471.5,-0.016159234027188277,0.0008422741899726312,-1.0,-0.0008422741899726312
2021-03-05,MNQ.v.0,12583.0,12656.0,12661.5,0.005784714415467177,0.000434482084449205,1.0,0.000434482084449205
2021-03-08,MNQ.v.0,12635.5,12341.5,12300.5,-0.023563002729409765,-0.0033276550469707885,-1.0,0.0033276550469707885
2021-03-09,MNQ.v.0,12608.75,12849.0,12786.75,0.018855512958086487,-0.004856508770030465,1.0,-0.004856508770030465
2021-03-10,MNQ.v.0,12967.75,12774.25,12752.25,-0.015014509643657525,-0.0017236993279210395,-1.0,0.0017236993279210395
2021-03-11,MNQ.v.0,12951.25,13084.75,13046.25,0.010274227398284602,-0.0029466938010767095,1.0,-0.0029466938010767095
2021-03-12,MNQ.v.0,12870.25,12908.25,12937.25,0.0029481953972656963,0.002244105331322921,1.0,0.002244105331322921
2021-03-15,MNQ.v.0,12950.5,13007.0,13077.75,0.004334056038306677,0.00542463880197207,1.0,0.00542463880197207
2021-03-16,MNQ.v.0,13169.25,13162.25,13149.25,-0.0005696707457238836,-0.0009881611506629318,-1.0,0.0009881611506629318
2021-03-17,MNQ.v.0,13006.75,13216.0,13193.0,0.015940846657697405,-0.0017418308769827403,1.0,-0.0017418308769827403
2021-03-18,MNQ.v.0,12979.0,12844.25,12782.0,-0.010475355009113825,-0.004858309151076295,-1.0,0.004858309151076295
2021-03-19,MNQ.v.0,12775.75,12844.25,12837.0,0.005308468915138713,-0.000564614276376909,1.0,-0.000564614276376909
2021-03-22,MNQ.v.0,12928.75,13099.0,13070.75,0.013101462949879586,-0.0021589821051595033,1.0,-0.0021589821051595033
2021-03-23,MNQ.v.0,13113.5,13010.5,13005.5,-0.007885510160926245,-0.0003843788485210074,-1.0,0.0003843788485210074
2021-03-24,MNQ.v.0,13071.0,12861.75,12790.25,-0.016177121095531835,-0.005574628501789216,-1.0,0.005574628501789216
2021-03-25,MNQ.v.0,12716.75,12774.75,12772.5,0.004550544305826785,-0.00017614420384330198,1.0,-0.00017614420384330198
2021-03-26,MNQ.v.0,12763.75,12846.5,12962.0,0.006442818069535196,0.00895059930556127,1.0,0.00895059930556127
2021-03-29,MNQ.v.0,12941.25,12956.25,12956.0,0.0011198209456885855,-1.929589286976804e-05,1.0,-1.929589286976804e-05
2021-03-30,MNQ.v.0,12873.5,12896.75,12895.5,0.0017850218166147263,-9.69283409534942e-05,1.0,-9.69283409534942e-05
2021-03-31,MNQ.v.0,12968.25,13126.75,13084.75,0.012148070452050578,-0.0032047029697207107,1.0,-0.0032047029697207107
2021-04-01,MNQ.v.0,13253.0,13286.5,13314.25,0.002543356150160158,0.0020864080950003367,1.0,0.0020864080950003367
2021-04-05,MNQ.v.0,13419.75,13579.0,13582.0,0.01176015701807627,0.00022090497494200645,1.0,0.00022090497494200645
2021-04-06,MNQ.v.0,13568.0,13599.0,13572.0,0.0023005651129805907,-0.001987413704838239,1.0,-0.001987413704838239
2021-04-07,MNQ.v.0,13552.75,13587.5,13604.5,0.002579172778839687,0.0012503679181262092,1.0,0.0012503679181262092
2021-04-08,MNQ.v.0,13726.75,13728.75,13749.5,0.00014569029910487723,0.0015102856946251097,1.0,0.0015102856946251097
2021-04-09,MNQ.v.0,13689.25,13798.0,13829.25,0.007912800838529653,0.0022622601473296314,1.0,0.0022622601473296314
2021-04-12,MNQ.v.0,13784.5,13790.0,13811.75,0.0004170482113774693,0.001575987356002543,1.0,0.001575987356002543
2021-04-13,MNQ.v.0,13877.25,13992.0,13975.25,0.008217061556106728,-0.001197829747489418,1.0,-0.001197829747489418
2021-04-14,MNQ.v.0,13983.25,13829.5,13808.5,-0.011020039075114807,-0.0015196471554614923,-1.0,0.0015196471554614923
2021-04-15,MNQ.v.0,13929.0,13986.25,14016.0,0.004101706433899583,0.0021248300542417013,1.0,0.0021248300542417013
2021-04-16,MNQ.v.0,14038.75,14029.25,14031.0,-0.0006947475584735612,0.00012473160447752578,-1.0,-0.00012473160447752578
2021-04-19,MNQ.v.0,13965.25,13862.75,13904.0,-0.0073486805782651925,0.0029711817440624447,-1.0,-0.0029711817440624447
2021-04-20,MNQ.v.0,13873.75,13785.75,13799.25,-0.006363115524205882,0.000978792900329093,-1.0,-0.000978792900329093
2021-04-21,MNQ.v.0,13747.0,13872.5,13918.5,0.009087844728636335,0.003310427261287422,1.0,0.003310427261287422
2021-04-22,MNQ.v.0,13900.75,13736.0,13750.5,-0.011940872435461478,0.001055063492628451,-1.0,-0.001055063492628451
2021-04-23,MNQ.v.0,13776.25,13964.25,13924.5,0.013572299937351985,-0.0028506137361744106,1.0,-0.0028506137361744106
2021-04-26,MNQ.v.0,13933.25,13995.0,14013.5,0.00442205298394526,0.0013210277373215064,1.0,0.0013210277373215064
2021-04-27,MNQ.v.0,14024.5,13962.5,13951.5,-0.00446644660116582,-0.0007881350268247971,-1.0,0.0007881350268247971
2021-04-28,MNQ.v.0,13939.75,13932.0,13896.0,-0.0005920079107288644,-0.0025873235649509123,-1.0,0.0025873235649509123
2021-04-29,MNQ.v.0,14042.25,13947.75,13954.75,-0.006788285950535745,0.000501747165799148,-1.0,-0.000501747165799148
2021-04-30,MNQ.v.0,13852.5,13870.25,13860.75,0.0012985609442983984,-0.0006851538258005412,1.0,-0.0006851538258005412
2021-05-03,MNQ.v.0,13915.0,13798.75,13790.25,-0.008407504374669536,-0.0006161876305009628,-1.0,0.0006161876305009628
2021-05-04,MNQ.v.0,13682.5,13471.0,13543.25,-0.01557841731950531,0.005349041507313826,-1.0,-0.005349041507313826
2021-05-05,MNQ.v.0,13628.5,13478.25,13494.0,-0.01108591319694209,0.0011678671071295114,-1.0,-0.0011678671071295114
2021-05-06,MNQ.v.0,13484.75,13525.0,13596.5,0.0029619229710501293,0.005272581947333814,1.0,0.005272581947333814
2021-05-07,MNQ.v.0,13714.5,13730.0,13706.5,0.001129552489425875,-0.0017130469080813505,1.0,-0.0017130469080813505
2021-05-10,MNQ.v.0,13650.0,13393.25,13356.25,-0.01895134139121869,-0.0027664086130057674,-1.0,0.0027664086130057674
2021-05-11,MNQ.v.0,13113.75,13356.75,13344.0,0.01836057697852954,-0.0009550294256967655,1.0,-0.0009550294256967655
2021-05-12,MNQ.v.0,13133.0,13002.75,12998.25,-0.009967273051053212,-0.0003461405365124945,-1.0,0.0003461405365124945
2021-05-13,MNQ.v.0,13121.25,13136.5,13098.0,0.001199623119500477,-0.002935068527213546,1.0,-0.002935068527213546
2021-05-14,MNQ.v.0,13231.5,13403.25,13384.5,0.012896864478084875,-0.0013998938367003949,1.0,-0.0013998938367003949
2021-05-17,MNQ.v.0,13313.5,13253.5,13305.75,-0.004535752645229862,0.0039346041328211755,-1.0,-0.0039346041328211755
2021-05-18,MNQ.v.0,13345.5,13293.5,13212.5,-0.003941668485332528,-0.0061118427634152105,-1.0,0.0061118427634152105
2021-05-19,MNQ.v.0,12984.25,13211.0,13230.75,0.0173316548474585,0.0014938499662709545,1.0,0.0014938499662709545
2021-05-20,MNQ.v.0,13292.0,13522.25,13487.0,0.01717412639452159,-0.0026102183521489646,1.0,-0.0026102183521489646
2021-05-21,MNQ.v.0,13552.0,13447.25,13409.0,-0.007740922744438009,-0.002848500878807351,-1.0,0.002848500878807351
2021-05-24,MNQ.v.0,13509.0,13670.75,13637.75,0.011865808803471236,-0.002416831101155154,1.0,-0.002416831101155154
2021-05-25,MNQ.v.0,13701.0,13651.0,13656.5,-0.0036377303411705042,0.00040281974361409175,-1.0,-0.00040281974361409175
2021-05-26,MNQ.v.0,13686.0,13702.25,13701.75,0.0011683950504012828,-3.649102321232482e-05,1.0,-3.649102321232482e-05
2021-05-27,MNQ.v.0,13685.5,13657.25,13652.25,-0.002066362019324545,-0.0003661729475726948,-1.0,0.0003661729475726948
2021-05-28,MNQ.v.0,13703.5,13723.25,13690.5,0.0014584171469694924,-0.002389313069559016,1.0,-0.002389313069559016
2021-06-01,MNQ.v.0,13752.0,13669.75,13651.0,-0.005998905734306279,-0.0013725833254010832,-1.0,0.0013725833254010832
2021-06-02,MNQ.v.0,13667.25,13640.5,13674.25,-0.00195915141717294,0.0024711935621132114,-1.0,-0.0024711935621132114
2021-06-03,MNQ.v.0,13555.5,13547.5,13528.0,-0.0005903405698509197,-0.0014404168618530745,-1.0,0.0014404168618530745
2021-06-04,MNQ.v.0,13610.0,13767.0,13766.5,0.011487766619153452,-3.631939274369377e-05,1.0,-3.631939274369377e-05
2021-06-07,MNQ.v.0,13738.75,13801.0,13802.0,0.00452074590492982,7.24558925071302e-05,1.0,7.24558925071302e-05
2021-06-08,MNQ.v.0,13879.0,13819.25,13809.0,-0.004296268138743328,-0.0007419941885762239,-1.0,0.0007419941885762239
2021-06-09,MNQ.v.0,13871.25,13821.5,13815.75,-0.0036291782107467554,-0.000416105081581186,-1.0,0.000416105081581186
2021-06-10,MNQ.v.0,13830.75,13946.75,13960.0,0.008334206589144385,0.0009495911201162272,1.0,0.0009495911201162272
2021-06-11,MNQ.v.0,13960.25,13969.25,13994.75,0.000680272135077738,0.001823773928484569,1.0,0.001823773928484569
2021-06-14,MNQ.v.0,14007.5,14066.75,14123.25,0.004220956069622212,0.004008519024798832,1.0,0.004008519024798832
2021-06-15,MNQ.v.0,14110.0,14014.75,14027.25,-0.006755581247971033,0.0008915199221114009,-1.0,-0.0008915199221114009
2021-06-16,MNQ.v.0,14050.5,13994.25,13975.75,-0.004011451371826862,-0.0013228460992346233,-1.0,0.0013228460992346233
2021-06-17,MNQ.v.0,13934.75,14185.25,14156.25,0.017816972021245367,-0.0020464696731712097,1.0,-0.0020464696731712097
2021-06-18,MNQ.v.0,14080.5,14077.0,14041.75,-0.00023084230909305154,-0.0025072251409216854,-1.0,0.0025072251409216854
2021-06-21,MNQ.v.0,14051.5,14110.25,14128.25,0.004190049450998164,0.0012748554234738672,1.0,0.0012748554234738672
2021-06-22,MNQ.v.0,14120.0,14274.75,14258.0,0.010882496593841422,-0.0011740895584293396,1.0,-0.0011740895584293396
2021-06-23,MNQ.v.0,14258.25,14291.75,14263.25,0.00236425360345474,-0.00199614844779859,1.0,-0.00199614844779859
2021-06-24,MNQ.v.0,14349.75,14344.75,14354.25,-0.00033107101775670415,0.0006620439978388706,-1.0,-0.0006620439978388706
2021-06-25,MNQ.v.0,14380.0,14341.5,14339.25,-0.0026634883050415965,-0.00015689966298757774,-1.0,0.00015689966298757774
2021-06-28,MNQ.v.0,14393.75,14510.5,14511.25,0.008078440709338086,5.168537391212658e-05,1.0,5.168537391212658e-05
2021-06-29,MNQ.v.0,14505.75,14556.0,14564.0,0.00345815720510156,0.000549450563273706,1.0,0.000549450563273706
2021-06-30,MNQ.v.0,14559.0,14554.5,14543.75,-0.00030913493986200997,-0.0007388760828619707,-1.0,0.0007388760828619707
2021-07-01,MNQ.v.0,14527.75,14535.75,14547.75,0.0005333195828886849,0.0008252102175440021,1.0,0.0008252102175440021
2021-07-02,MNQ.v.0,14629.5,14705.75,14714.75,0.005198535667487785,0.0006118183090526716,1.0,0.0006118183090526716
2021-07-06,MNQ.v.0,14740.25,14774.75,14776.25,0.0023208745033483067,0.0001015194072137747,1.0,0.0001015194072137747
2021-07-07,MNQ.v.0,14871.25,14800.5,14802.0,-0.0047519636468223445,0.0001013427920807626,-1.0,-0.0001013427920807626
2021-07-08,MNQ.v.0,14594.25,14693.5,14723.5,0.006760589129876284,0.002039637651718565,1.0,0.002039637651718565
2021-07-09,MNQ.v.0,14693.75,14815.0,14810.25,0.008217947719286006,-0.00032067240213697306,1.0,-0.00032067240213697306
2021-07-12,MNQ.v.0,14870.5,14862.5,14868.5,-0.0005549436370146984,0.0004036191235716852,-1.0,-0.0004036191235716852
2021-07-13,MNQ.v.0,14853.25,14875.5,14865.5,0.0015136738064525878,-0.0006724723699168715,1.0,-0.0006724723699168715
2021-07-14,MNQ.v.0,14969.25,14906.0,14894.5,-0.004251052426981974,-0.0007717991691987713,-1.0,0.0007717991691987713
2021-07-15,MNQ.v.0,14893.0,14769.5,14790.25,-0.008327060336968355,0.0014039363261362633,-1.0,-0.0014039363261362633
2021-07-16,MNQ.v.0,14829.5,14684.25,14673.25,-0.00985997450520229,-0.0007493826459866915,-1.0,0.0007493826459866915
2021-07-19,MNQ.v.0,14528.5,14463.75,14553.75,-0.004484003098027136,0.006203173160678482,-1.0,-0.006203173160678482
2021-07-20,MNQ.v.0,14591.25,14775.25,14718.25,0.012514529307425967,-0.003865263259105799,1.0,-0.003865263259105799
2021-07-21,MNQ.v.0,14702.0,14793.5,14828.25,0.006204356157165075,0.0023462500319015563,1.0,0.0023462500319015563
2021-07-22,MNQ.v.0,14839.75,14927.75,14928.75,0.00594599978112968,6.698708826383403e-05,1.0,6.698708826383403e-05
2021-07-23,MNQ.v.0,14985.5,15094.75,15098.75,0.0072639343342281925,0.0002649576911189241,1.0,0.0002649576911189241
2021-07-26,MNQ.v.0,15075.0,15122.5,15116.75,0.003145958385683068,-0.000380300441928994,1.0,-0.000380300441928994
2021-07-27,MNQ.v.0,15105.25,14911.25,14950.0,-0.0129264038986434,0.0025953382226768444,-1.0,-0.0025953382226768444
2021-07-28,MNQ.v.0,14998.25,15029.5,15006.0,0.002098042597221259,-0.0015648152882600142,1.0,-0.0015648152882600142
2021-07-29,MNQ.v.0,14983.25,15034.0,15035.0,0.003348133754777823,6.651368521524138e-05,1.0,6.651368521524138e-05
2021-07-30,MNQ.v.0,14868.75,14949.0,14955.0,0.005365989231749362,0.00040128411453404177,1.0,0.00040128411453404177
2021-08-02,MNQ.v.0,15027.5,14958.25,14955.0,-0.004635582161704265,-0.00021729501226298563,-1.0,0.00021729501226298563
2021-08-03,MNQ.v.0,14986.0,15037.75,15043.75,0.0034638990137161514,0.0003989162827364524,1.0,0.0003989162827364524
2021-08-04,MNQ.v.0,15044.75,15074.0,15068.5,0.0019257273079356268,-0.0003649332378561383,1.0,-0.0003649332378561383
2021-08-05,MNQ.v.0,15101.25,15142.5,15166.5,0.0027278380213285663,0.0015836883444611996,1.0,0.0015836883444611996
2021-08-06,MNQ.v.0,15109.0,15092.5,15095.75,-0.001092661069259753,0.00021531556235000328,-1.0,-0.00021531556235000328
2021-08-09,MNQ.v.0,15115.5,15128.0,15122.75,0.0008266239497266131,-0.0003470988357451611,1.0,-0.0003470988357451611
2021-08-10,MNQ.v.0,15144.25,15050.0,15046.25,-0.006242930763939588,-0.00024920048307719444,-1.0,0.00024920048307719444
2021-08-11,MNQ.v.0,15098.5,15020.5,15022.25,-0.005196110466707756,0.00011650065336750112,-1.0,-0.00011650065336750112
2021-08-12,MNQ.v.0,14999.75,15082.5,15076.25,0.0054850213973426844,-0.00041447341746411796,1.0,-0.00041447341746411796
2021-08-13,MNQ.v.0,15088.75,15110.75,15126.25,0.0014735223984234705,0.001025234074655285,1.0,0.001025234074655285
2021-08-16,MNQ.v.0,15079.5,15117.25,15134.25,0.0025168076337834487,0.0011239113293226085,1.0,0.0011239113293226085
2021-08-17,MNQ.v.0,15017.0,14975.5,14999.75,-0.0028007486966306304,0.0016180018709035732,-1.0,-0.0016180018709035732
2021-08-18,MNQ.v.0,14978.75,14947.75,14856.0,-0.0020550183913518438,-0.006156962787536886,-1.0,0.006156962787536886
2021-08-19,MNQ.v.0,14774.5,14971.5,14928.75,0.01324567204061625,-0.002859509812114147,1.0,-0.002859509812114147
2021-08-20,MNQ.v.0,14973.5,15082.5,15083.25,0.007253159293218299,4.972526790511745e-05,1.0,4.972526790511745e-05
2021-08-23,MNQ.v.0,15127.25,15320.75,15306.5,0.012694047671822629,-0.0009305439455563765,1.0,-0.0009305439455563765
2021-08-24,MNQ.v.0,15333.0,15369.5,15356.25,0.0023776576627516995,-0.0008624688296517716,1.0,-0.0008624688296517716
2021-08-25,MNQ.v.0,15365.5,15366.0,15362.5,1.627008338460598e-05,-0.00022780155329001693,1.0,-0.00022780155329001693
2021-08-26,MNQ.v.0,15335.25,15287.25,15273.75,-0.0031185989958455625,-0.0008834790012173698,-1.0,0.0008834790012173698
2021-08-27,MNQ.v.0,15301.0,15437.75,15424.5,0.008881428648519544,-0.0008586542338350113,1.0,-0.0008586542338350113
2021-08-30,MNQ.v.0,15455.75,15610.25,15599.25,0.009946647382749686,-0.0007049135971735734,1.0,-0.0007049135971735734
2021-08-31,MNQ.v.0,15607.25,15571.5,15584.25,-0.0023092846672152635,0.0008184685466893375,-1.0,-0.0008184685466893375
2021-09-01,MNQ.v.0,15630.0,15641.25,15611.5,0.0007195107637424469,-0.0019038330377926995,1.0,-0.0019038330377926995
2021-09-02,MNQ.v.0,15668.5,15586.25,15605.25,-0.005279252050719926,0.0012182807720050252,-1.0,-0.0012182807720050252
2021-09-03,MNQ.v.0,15555.75,15654.75,15652.5,0.0063280703956192005,-0.00014373667465990815,1.0,-0.00014373667465990815
2021-09-07,MNQ.v.0,15655.25,15679.5,15673.75,0.0015637469278758902,-0.00036678813612398925,1.0,-0.00036678813612398925
2021-09-08,MNQ.v.0,15666.0,15604.75,15622.75,-0.0039174038568816774,0.0011528301653046579,-1.0,-0.0011528301653046579
2021-09-09,MNQ.v.0,15630.25,15587.0,15564.25,-0.0027548668019512527,-0.0014606158047954553,-1.0,0.0014606158047954553
2021-09-10,MNQ.v.0,15637.5,15482.25,15446.25,-0.009961521962950555,-0.002327951000408422,-1.0,0.002327951000408422
2021-09-13,MNQ.v.0,15539.25,15418.0,15431.0,-0.007833423189494104,0.0008428150519973713,-1.0,-0.0008428150519973713
2021-09-14,MNQ.v.0,15493.25,15350.5,15382.75,-0.009272684658062635,0.0020987049425141655,-1.0,-0.0020987049425141655
2021-09-15,MNQ.v.0,15405.25,15498.75,15497.25,0.006083275243541643,-9.678668222805552e-05,1.0,-9.678668222805552e-05
2021-09-16,MNQ.v.0,15441.75,15497.5,15510.25,0.003619971955132253,0.0008223750977461228,1.0,0.0008223750977461228
2021-09-17,MNQ.v.0,15484.25,15299.0,15322.0,-0.012003230158013682,0.0015022373093873727,-1.0,-0.0015022373093873727
2021-09-20,MNQ.v.0,15075.75,14875.25,15004.75,-0.013388734606326993,0.008668059627419079,-1.0,-0.008668059627419079
2021-09-21,MNQ.v.0,15081.75,15083.25,15018.5,0.00014917580396135531,-0.004302082095929206,1.0,-0.004302082095929206
2021-09-22,MNQ.v.0,15061.75,15193.25,15161.75,0.008692832792540973,-0.0020754413643269765,1.0,-0.0020754413643269765
2021-09-23,MNQ.v.0,15211.0,15319.0,15299.5,0.0070750377009532826,-0.0012737399047256348,1.0,-0.0012737399047256348
2021-09-24,MNQ.v.0,15206.25,15307.0,15315.25,0.006603712559874415,0.0005388239074268724,1.0,0.0005388239074268724
2021-09-27,MNQ.v.0,15185.0,15213.75,15194.25,0.001875093070410559,-0.0012825573975959825,1.0,-0.0012825573975959825
2021-09-28,MNQ.v.0,15001.25,14802.75,14764.5,-0.013320556643324474,-0.0025873235649509123,-1.0,0.0025873235649509123
2021-09-29,MNQ.v.0,14817.75,14812.0,14742.5,-0.00037124536369688356,-0.004703184158844147,-1.0,0.004703184158844147
2021-09-30,MNQ.v.0,14810.0,14775.0,14676.25,-0.0023491446569218395,-0.0067060223298773414,-1.0,0.0067060223298773414
2021-10-01,MNQ.v.0,14709.75,14780.5,14770.75,0.004798205219581498,-0.0006598705877948996,1.0,-0.0006598705877948996
2021-10-04,MNQ.v.0,14704.5,14407.75,14467.25,-0.020369961514098478,0.004121217954249673,-1.0,-0.004121217954249673
2021-10-05,MNQ.v.0,14507.0,14706.25,14658.0,0.01362428221726546,-0.003286311989877116,1.0,-0.003286311989877116
2021-10-06,MNQ.v.0,14521.75,14718.0,14753.5,0.01344069481341525,0.0024091082686379622,1.0,0.0024091082686379622
2021-10-07,MNQ.v.0,14882.0,14934.75,14886.25,0.00353828334968764,-0.0032527442246887044,1.0,-0.0032527442246887044
2021-10-08,MNQ.v.0,14932.75,14848.75,14811.5,-0.0056242645759460854,-0.0025117805537252236,-1.0,0.0025117805537252236
2021-10-11,MNQ.v.0,14748.5,14755.5,14700.0,0.0004914546308361669,-0.0037684008540946456,1.0,-0.0037684008540946456
2021-10-12,MNQ.v.0,14759.75,14667.5,14650.25,-0.006252675200774807,-0.0011767616539880054,-1.0,0.0011767616539880054
2021-10-13,MNQ.v.0,14746.75,14736.5,14766.5,-0.00071227490037773,0.0020336921899304166,-1.0,-0.0020336921899304166
2021-10-14,MNQ.v.0,14919.75,15031.25,15036.75,0.007478792183003691,0.0003658374392271854,1.0,0.0003658374392271854
2021-10-15,MNQ.v.0,15089.0,15119.0,15135.5,0.001969693844686004,0.0010907469391911037,1.0,0.0010907469391911037
2021-10-18,MNQ.v.0,15077.0,15280.0,15286.25,0.013374379941592953,0.00040894778306805685,1.0,0.00040894778306805685
2021-10-19,MNQ.v.0,15330.25,15393.5,15400.25,0.004149822468354888,0.000438400656503929,1.0,0.000438400656503929
2021-10-20,MNQ.v.0,15419.0,15368.0,15382.75,-0.0033130897229601266,0.0009593262688688943,-1.0,-0.0009593262688688943
2021-10-21,MNQ.v.0,15347.0,15469.75,15475.25,0.007950328249138558,0.0003554693849032267,1.0,0.0003554693849032267
2021-10-22,MNQ.v.0,15422.5,15335.75,15342.0,-0.005657079915364255,0.0004074614394126345,-1.0,-0.0004074614394126345
2021-10-25,MNQ.v.0,15405.25,15515.0,15501.25,0.007115050794939501,-0.0008866320654984146,1.0,-0.0008866320654984146
2021-10-26,MNQ.v.0,15598.0,15555.5,15545.0,-0.002744498685287675,-0.0006752303274188274,-1.0,0.0006752303274188274
2021-10-27,MNQ.v.0,15570.5,15641.25,15585.0,0.004533556828939887,-0.0036027419778272185,1.0,-0.0036027419778272185
2021-10-28,MNQ.v.0,15669.0,15738.75,15761.5,0.004441586211501883,0.001444433231827801,1.0,0.001444433231827801
2021-10-29,MNQ.v.0,15631.5,15785.25,15839.75,0.009803688031269363,0.0034466437281928802,1.0,0.0034466437281928802
2021-11-01,MNQ.v.0,15858.0,15850.75,15893.75,-0.00040997178076234515,0.002709132372505884,-1.0,-0.002709132372505884
2021-11-02,MNQ.v.0,15865.75,15954.25,15962.0,0.005578223309551998,0.00048564603625553666,1.0,0.00048564603625553666
2021-11-03,MNQ.v.0,15980.25,16099.75,16129.75,0.007434630836103373,0.0018616490274030522,1.0,0.0018616490274030522
2021-11-04,MNQ.v.0,16179.75,16330.5,16334.75,0.009258755775287753,0.000260215367951148,1.0,0.000260215367951148
2021-11-05,MNQ.v.0,16410.5,16344.25,16351.25,-0.004029924550241615,0.0004281934888258994,-1.0,-0.0004281934888258994
2021-11-08,MNQ.v.0,16350.0,16353.25,16329.25,0.000198757004927539,-0.0014686761608823612,1.0,-0.0014686761608823612
2021-11-09,MNQ.v.0,16376.0,16196.25,16217.25,-0.011083422485820725,0.0012957565790935764,-1.0,-0.0012957565790935764
2021-11-10,MNQ.v.0,16101.5,15979.25,15978.25,-0.007637075195188411,-6.258311822433487e-05,-1.0,6.258311822433487e-05
2021-11-11,MNQ.v.0,16102.25,16029.0,16022.75,-0.00454383552583237,-0.000389994311026165,-1.0,0.000389994311026165
2021-11-12,MNQ.v.0,16069.75,16197.5,16189.75,0.007918286651958956,-0.0004785834022908932,1.0,-0.0004785834022908932
2021-11-15,MNQ.v.0,16241.0,16192.75,16188.5,-0.002959859101132086,-0.0002624975888456595,-1.0,0.0002624975888456595
2021-11-16,MNQ.v.0,16157.0,16303.25,16304.75,0.009011082146243776,9.200196277339058e-05,1.0,9.200196277339058e-05
2021-11-17,MNQ.v.0,16315.25,16314.75,16313.25,-3.064664419485634e-05,-9.194556828842232e-05,-1.0,9.194556828842232e-05
2021-11-18,MNQ.v.0,16398.0,16475.25,16481.25,0.004715052767719993,0.00036411633919209194,1.0,0.00036411633919209194
2021-11-19,MNQ.v.0,16549.75,16576.75,16572.0,0.0016602774967263778,-0.00028658697733767197,1.0,-0.00028658697733767197
2021-11-22,MNQ.v.0,16638.5,16549.0,16383.75,-0.005393610062251741,-0.010035687085187919,-1.0,0.010035687085187919
2021-11-23,MNQ.v.0,16330.75,16244.0,16305.5,-0.0052800540160055885,0.0037788643871051308,-1.0,-0.0037788643871051308
2021-11-24,MNQ.v.0,16198.25,16354.25,16362.25,0.009584590691043296,0.0004890498775508138,1.0,0.0004890498775508138
2021-11-29,MNQ.v.0,16239.25,16412.75,16390.75,0.010642552348710112,-0.001341320487047037,1.0,-0.001341320487047037
2021-11-30,MNQ.v.0,16355.5,16120.25,16150.0,-0.014472478246476446,0.0018438040255782098,-1.0,-0.0018438040255782098
2021-12-01,MNQ.v.0,16338.5,15979.0,15875.5,-0.022233280382814764,-0.006498319811494562,-1.0,0.006498319811494562
2021-12-02,MNQ.v.0,15824.25,15991.0,15991.5,0.010482490435095035,3.126709919746144e-05,1.0,3.126709919746144e-05
2021-12-03,MNQ.v.0,16047.0,15606.25,15716.75,-0.027834422076515142,0.007055547578289003,-1.0,-0.007055547578289003
2021-12-06,MNQ.v.0,15734.25,15855.25,15843.0,0.007692345623155645,-0.0007729133696554662,1.0,-0.0007729133696554662
2021-12-07,MNQ.v.0,16119.25,16265.25,16321.0,0.009001349983793665,0.0034216919340699673,1.0,0.0034216919340699673
2021-12-08,MNQ.v.0,16330.25,16367.75,16388.25,0.002293719275863116,0.001251679245112113,1.0,0.001251679245112113
2021-12-09,MNQ.v.0,16336.5,16170.0,16148.25,-0.010259655461963054,-0.001345988924751844,-1.0,0.001345988924751844
2021-12-10,MNQ.v.0,16265.0,16272.5,16325.75,0.0004302793808893425,0.0032670494498414273,1.0,0.0032670494498414273
2021-12-13,MNQ.v.0,16326.5,16151.25,16087.0,-0.01077662994292253,-0.003985953646122074,-1.0,0.003985953646122074
2021-12-14,MNQ.v.0,15882.75,15937.0,15926.75,0.0034255218914402735,-0.0006433643468553002,1.0,-0.0006433643468553002
2021-12-15,MNQ.v.0,15908.0,16206.0,16281.75,0.01857484295939328,0.004663304616303797,1.0,0.004663304616303797
2021-12-16,MNQ.v.0,16322.25,15883.25,15863.0,-0.027264112851527827,-0.001275741402303195,-1.0,0.001275741402303195
2021-12-17,MNQ.v.0,15712.75,15837.0,15780.0,0.007876489820834371,-0.0036056590918607393,1.0,-0.0036056590918607393
2021-12-20,MNQ.v.0,15577.0,15615.75,15625.25,0.0025165714194330356,0.0006081751731903819,1.0,0.0006081751731903819
2021-12-21,MNQ.v.0,15761.75,15940.75,15973.5,0.011292604823777454,0.002052375443315643,1.0,0.002052375443315643
2021-12-22,MNQ.v.0,15962.25,16120.25,16168.0,0.009865194438294728,0.0029577344582325756,1.0,0.0029577344582325756
2021-12-23,MNQ.v.0,16183.5,16315.0,16294.25,0.00806207825410614,-0.001272645203468538,1.0,-0.001272645203468538
2021-12-27,MNQ.v.0,16347.0,16537.75,16560.25,0.011601252215714404,0.001359598976733062,1.0,0.001359598976733062
2021-12-28,MNQ.v.0,16600.75,16497.75,16494.5,-0.006208713626231018,-0.0001970159665079953,-1.0,0.0001970159665079953
2021-12-29,MNQ.v.0,16496.25,16486.0,16489.25,-0.0006063821909446764,0.00019711753575933844,-1.0,-0.00019711753575933844
2021-12-30,MNQ.v.0,16475.5,16495.5,16428.5,0.0012131874952558176,-0.00406998496456378,1.0,-0.00406998496456378
2021-12-31,MNQ.v.0,16408.5,16381.25,16324.75,-0.0016621051562387104,-0.003455026980025652,-1.0,0.003455026980025652
2022-01-03,MNQ.v.0,16382.75,16481.0,16489.5,0.006009587755531815,0.0005156124528481118,1.0,0.0005156124528481118
2022-01-04,MNQ.v.0,16509.75,16286.0,16273.0,-0.013675974121533896,-0.0007985503664622608,-1.0,0.0007985503664622608
2022-01-05,MNQ.v.0,16200.25,15834.0,15764.0,-0.022867147468788228,-0.004430667416484732,-1.0,0.004430667416484732
2022-01-06,MNQ.v.0,15691.5,15803.25,15758.25,0.007096450613101272,-0.002851577427758382,1.0,-0.002851577427758382
2022-01-07,MNQ.v.0,15757.5,15613.25,15585.0,-0.009180517763632373,-0.0018109995093317848,-1.0,0.0018109995093317848
2022-01-10,MNQ.v.0,15377.5,15473.5,15604.25,0.006239637763496782,0.00841442970953287,1.0,0.00841442970953287
2022-01-11,MNQ.v.0,15565.0,15819.25,15832.0,0.01618694532287083,0.0008056554284364303,1.0,0.0008056554284364303
2022-01-12,MNQ.v.0,15939.0,15873.25,15895.5,-0.004117884011427002,0.0014007478190392491,-1.0,-0.0014007478190392491
2022-01-13,MNQ.v.0,15950.0,15582.25,15497.25,-0.023310339529984944,-0.005469857103784171,-1.0,0.005469857103784171
2022-01-14,MNQ.v.0,15389.25,15562.5,15592.75,0.011211024633096145,0.0019418884140482227,1.0,0.0019418884140482227
2022-01-18,MNQ.v.0,15347.5,15245.5,15214.0,-0.006651818631547215,-0.0020683209658479596,-1.0,0.0020683209658479596
2022-01-19,MNQ.v.0,15267.25,15134.25,15037.5,-0.008733105410317086,-0.006413305931168823,-1.0,0.006413305931168823
2022-01-20,MNQ.v.0,15168.75,14970.25,14836.75,-0.013155792485408956,-0.008957687299668211,-1.0,0.008957687299668211
2022-01-21,MNQ.v.0,14746.0,14464.25,14414.25,-0.019274487931047128,-0.0034627871919977395,-1.0,0.0034627871919977395
2022-01-24,MNQ.v.0,14191.0,14262.0,14506.25,0.004990696753711514,0.016980933434498285,1.0,0.016980933434498285
2022-01-25,MNQ.v.0,14219.5,14218.25,14151.5,-8.791131512202604e-05,-0.004705725159729315,-1.0,0.004705725159729315
2022-01-26,MNQ.v.0,14475.75,14165.25,14148.25,-0.021700702305810077,-0.001200840732714748,-1.0,0.001200840732714748
2022-01-27,MNQ.v.0,14333.25,13998.0,13987.5,-0.02364969125295574,-0.0007503886293043255,-1.0,0.0007503886293043255
2022-01-28,MNQ.v.0,14067.75,14254.0,14434.0,0.013135086363007944,0.012548965570402476,1.0,0.012548965570402476
2022-01-31,MNQ.v.0,14487.75,14769.25,14898.25,0.019226924671798103,0.008696439740501511,1.0,0.008696439740501511
2022-02-01,MNQ.v.0,14943.5,14945.25,14991.25,8.36449106741293e-05,0.003073173965127545,1.0,0.003073173965127545
2022-02-02,MNQ.v.0,15167.5,15108.75,15114.25,-0.003947123645507608,0.0003639612256040476,-1.0,-0.0003639612256040476
2022-02-03,MNQ.v.0,14704.5,14596.5,14503.5,-0.007354668192856048,-0.006391774338441476,-1.0,0.006391774338441476
2022-02-04,MNQ.v.0,14518.25,14776.5,14680.5,0.017648520877577414,-0.006517998429859648,1.0,-0.006517998429859648
2022-02-07,MNQ.v.0,14707.25,14640.75,14566.0,-0.00456598459170248,-0.005118690933452361,-1.0,0.005118690933452361
2022-02-08,MNQ.v.0,14515.5,14699.25,14733.25,0.012579428067972152,0.002310372216007653,1.0,0.002310372216007653
2022-02-09,MNQ.v.0,14919.0,15005.75,15042.75,0.005797892581380761,0.002462686570036789,1.0,0.002462686570036789
2022-02-10,MNQ.v.0,14742.75,14722.0,14702.25,-0.0013914816431502563,-0.0013424303400078183,-1.0,0.0013424303400078183
2022-02-11,MNQ.v.0,14700.25,14259.25,14238.0,-0.030406085456647827,-0.001491372250913502,-1.0,0.001491372250913502
2022-02-14,MNQ.v.0,14208.5,14244.5,14256.75,0.0024602852280747652,0.0008596114734846672,1.0,0.0008596114734846672
2022-02-15,MNQ.v.0,14472.0,14582.75,14608.0,0.0075892875689137175,0.0017300005171202728,1.0,0.0017300005171202728
2022-02-16,MNQ.v.0,14514.0,14636.25,14601.25,0.008336383378032235,-0.0023941866930285356,1.0,-0.0023941866930285356
2022-02-17,MNQ.v.0,14462.75,14197.0,14165.25,-0.018510485685643594,-0.002238892419508795,-1.0,0.002238892419508795
2022-02-18,MNQ.v.0,14204.5,14013.75,14005.25,-0.013484146720243083,-0.0006067311653344507,-1.0,0.0006067311653344507
2022-02-22,MNQ.v.0,13880.75,13961.5,13865.5,0.00583636534723421,-0.006899800974429606,1.0,-0.006899800974429606
2022-02-23,MNQ.v.0,13995.0,13579.5,13507.5,-0.030120410431948207,-0.0053162158653838965,-1.0,0.0053162158653838965
2022-02-24,MNQ.v.0,13073.75,13812.0,13966.5,0.05496757619163062,0.01112382548681123,1.0,0.01112382548681123
2022-02-25,MNQ.v.0,13995.25,14135.0,14182.0,0.009900631002230854,0.0033195637362513465,1.0,0.0033195637362513465
2022-02-28,MNQ.v.0,14042.75,14106.75,14234.0,0.004564879728648778,0.008980062640192854,1.0,0.008980062640192854
2022-03-01,MNQ.v.0,14175.25,13980.5,14004.25,-0.01385186680726736,0.001697353430135799,-1.0,-0.001697353430135799
2022-03-02,MNQ.v.0,14067.25,14263.0,14237.0,0.013819370832939158,-0.0018245619096764957,1.0,-0.0018245619096764957
2022-03-03,MNQ.v.0,14351.5,14042.75,14035.25,-0.021730415373471933,-0.0005342260971844826,-1.0,0.0005342260971844826
2022-03-04,MNQ.v.0,13934.25,13788.75,13834.0,-0.010460535083209915,0.0032762878769386277,-1.0,-0.0032762878769386277
2022-03-07,MNQ.v.0,13831.0,13414.0,13320.5,-0.0305762381703624,-0.006994735732280635,-1.0,0.006994735732280635
2022-03-08,MNQ.v.0,13287.0,13349.5,13255.0,0.0047115444699825215,-0.007104091220361099,1.0,-0.007104091220361099
2022-03-09,MNQ.v.0,13603.75,13770.5,13740.5,0.012183132873831876,-0.002180946667974218,1.0,-0.002180946667974218
2022-03-10,MNQ.v.0,13564.5,13583.25,13591.25,0.0014365437024841327,0.0005887872992043053,1.0,0.0005887872992043053
2022-03-11,MNQ.v.0,13711.5,13370.25,13300.5,-0.025184109207434555,-0.005230461011909171,-1.0,0.005230461011909171
2022-03-14,MNQ.v.0,13250.0,13074.75,13049.5,-0.013257302294627805,-0.0019330704508468926,-1.0,0.0019330704508468926
2022-03-15,MNQ.v.0,13157.25,13437.0,13457.25,0.021076368392614737,0.0015058983854760529,1.0,0.0015058983854760529
2022-03-16,MNQ.v.0,13618.75,13847.75,13954.75,0.01663913725103222,0.0076971875394311684,1.0,0.0076971875394311684
2022-03-17,MNQ.v.0,13872.25,14052.75,14118.75,0.012927664374153013,0.00468559506958192,1.0,0.00468559506958192
2022-03-18,MNQ.v.0,14046.5,14391.5,14409.0,0.02422975676169617,0.001215256829134054,1.0,0.001215256829134054
2022-03-21,MNQ.v.0,14371.5,14318.25,14371.75,-0.0037121314161593414,0.0037295268046424242,-1.0,-0.0037295268046424242
2022-03-22,MNQ.v.0,14390.25,14641.0,14655.0,0.017274918287164088,0.0009557619515107112,1.0,0.0009557619515107112
2022-03-23,MNQ.v.0,14531.5,14501.0,14444.25,-0.0021010943749546207,-0.003921201075463926,-1.0,0.003921201075463926
2022-03-24,MNQ.v.0,14523.25,14725.5,14766.75,0.01382987126681501,0.0027973468893656562,1.0,0.0027973468893656562
2022-03-25,MNQ.v.0,14763.0,14646.0,14755.25,-0.007956789913072856,0.007431691021500642,-1.0,-0.007431691021500642
2022-03-28,MNQ.v.0,14753.5,14946.5,14987.0,0.012996815942382544,0.0027059999474312083,1.0,0.0027059999474312083
2022-03-29,MNQ.v.0,15148.0,15256.75,15240.75,0.007169904091516676,-0.001049266429572706,1.0,-0.001049266429572706
2022-03-30,MNQ.v.0,15165.75,15035.25,15080.0,-0.008592270199880108,0.002971918409251833,-1.0,-0.002971918409251833
2022-03-31,MNQ.v.0,15080.25,14988.75,14870.5,-0.006086020980223265,-0.007920535056926966,-1.0,0.007920535056926966
2022-04-01,MNQ.v.0,14899.0,14778.0,14861.0,-0.008154508238746286,0.005600743409976381,-1.0,-0.005600743409976381
2022-04-04,MNQ.v.0,14895.75,15141.75,15164.0,0.016379891811432207,0.0014683684777826846,1.0,0.0014683684777826846
2022-04-05,MNQ.v.0,15105.25,14822.25,14831.25,-0.018879202804877305,0.0006070109954201488,-1.0,-0.0006070109954201488
2022-04-06,MNQ.v.0,14602.0,14490.5,14505.75,-0.007647990806428462,0.0010518602513127705,-1.0,-0.0010518602513127705
2022-04-07,MNQ.v.0,14467.0,14576.25,14543.25,0.007488995241173018,-0.002266523403705519,1.0,-0.002266523403705519
2022-04-08,MNQ.v.0,14468.0,14385.5,14336.25,-0.005718559261481415,-0.0034294601317748845,-1.0,0.0034294601317748845
2022-04-11,MNQ.v.0,14158.0,14044.0,14000.75,-0.00804897528708102,-0.0030843586972534648,-1.0,0.0030843586972534648
2022-04-12,MNQ.v.0,14199.5,13901.25,13941.75,-0.021210004736228482,0.0029091713223113914,-1.0,-0.0029091713223113914
2022-04-13,MNQ.v.0,13953.25,14244.5,14221.75,0.020658411255422105,-0.001598384391589146,1.0,-0.001598384391589146
2022-04-14,MNQ.v.0,14224.0,13932.5,13893.75,-0.0207064383099944,-0.0027851417311847374,-1.0,0.0027851417311847374
2022-04-18,MNQ.v.0,13850.0,13892.0,13916.75,0.003027902248480079,0.0017800157529511216,1.0,0.0017800157529511216
2022-04-19,MNQ.v.0,13875.0,14217.5,14212.25,0.024402524375148758,-0.00036933142638797493,1.0,-0.00036933142638797493
2022-04-20,MNQ.v.0,14251.0,14029.5,14003.5,-0.01562918557670551,-0.0018549571901123494,-1.0,0.0018549571901123494
2022-04-21,MNQ.v.0,14173.0,13763.0,13721.25,-0.02935491418737282,-0.0030381059780063046,-1.0,0.0030381059780063046
2022-04-22,MNQ.v.0,13725.5,13434.5,13358.25,-0.021373566597075018,-0.00569185364377178,-1.0,0.00569185364377178
2022-04-25,MNQ.v.0,13288.75,13476.25,13531.5,0.013992512923628549,0.0040914239114754145,1.0,0.0040914239114754145
2022-04-26,MNQ.v.0,13444.0,13075.75,13009.75,-0.027735302187025707,-0.005060293330476065,-1.0,0.005060293330476065
2022-04-27,MNQ.v.0,13021.75,13029.25,13002.75,0.0005566058702475749,-0.0020359564500463784,1.0,-0.0020359564500463784
2022-04-28,MNQ.v.0,13212.0,13503.75,13463.0,0.021841917120514316,-0.00302224265195986,1.0,-0.00302224265195986
2022-04-29,MNQ.v.0,13287.5,12937.0,12856.75,-0.026770970315856985,-0.006222457683199197,-1.0,0.006222457683199197
2022-05-02,MNQ.v.0,12840.5,12968.5,13070.75,0.00993837911736148,0.007853569173620146,1.0,0.007853569173620146
2022-05-03,MNQ.v.0,13072.75,13089.0,13090.25,0.0012995701781239688,9.549547836157323e-05,1.0,9.549547836157323e-05
2022-05-04,MNQ.v.0,13107.0,13465.25,13533.0,0.026928720799502263,0.005018854348875741,1.0,0.005018854348875741
2022-05-05,MNQ.v.0,13342.5,12722.25,12859.75,-0.047621650969350386,0.010749849434289915,-1.0,-0.010749849434289915
2022-05-06,MNQ.v.0,12759.5,12611.0,12693.0,-0.011666996081722765,0.006481211432302757,-1.0,-0.006481211432302757
2022-05-09,MNQ.v.0,12448.75,12235.75,12196.75,-0.0172377899750552,-0.0031924717588123846,-1.0,0.0031924717588123846
2022-05-10,MNQ.v.0,12497.5,12396.0,12343.0,-0.008114449601418196,-0.004284739163710223,-1.0,0.004284739163710223
2022-05-11,MNQ.v.0,12247.25,12016.75,11974.5,-0.01895830441924963,-0.003522121079736558,-1.0,0.003522121079736558
2022-05-12,MNQ.v.0,11790.75,11819.0,11948.0,0.0024565354044626844,0.010855494323759814,1.0,0.010855494323759814
2022-05-13,MNQ.v.0,12132.5,12422.0,12384.75,0.023621542197104432,-0.0030032171080408574,1.0,-0.0030032171080408574
2022-05-16,MNQ.v.0,12311.25,12280.5,12247.25,-0.002480482729208817,-0.0027112165092638384,-1.0,0.0027112165092638384
2022-05-17,MNQ.v.0,12490.75,12562.75,12563.5,0.005787515156662908,5.969852247930125e-05,1.0,5.969852247930125e-05
2022-05-18,MNQ.v.0,12368.25,11915.0,11940.5,-0.03731361280874648,0.002137872583874477,-1.0,-0.002137872583874477
2022-05-19,MNQ.v.0,11865.0,11892.25,11877.25,0.0022940375633127316,-0.0012621217939955594,1.0,-0.0012621217939955594
2022-05-20,MNQ.v.0,12025.75,11675.75,11834.5,-0.029536142788898122,0.013504953182363413,-1.0,-0.013504953182363413
2022-05-23,MNQ.v.0,11885.25,11987.25,12034.75,0.008503737571330047,0.003954713338386255,1.0,0.003954713338386255
2022-05-24,MNQ.v.0,11816.75,11735.0,11782.0,-0.00694218716835109,0.003997113796508737,-1.0,-0.003997113796508737
2022-05-25,MNQ.v.0,11717.25,11991.0,11949.75,0.023115102172035072,-0.003446010740705297,1.0,-0.003446010740705297
2022-05-26,MNQ.v.0,11913.5,12256.0,12274.25,0.02830260492882789,0.001487959019346268,1.0,0.001487959019346268
2022-05-27,MNQ.v.0,12407.75,12653.75,12681.25,0.01959282179222354,0.0021709106611634272,1.0,0.0021709106611634272
2022-05-31,MNQ.v.0,12677.75,12709.5,12645.25,0.002501256855554405,-0.005068094737659777,1.0,-0.005068094737659777
2022-06-01,MNQ.v.0,12733.0,12622.25,12549.5,-0.008755725429250702,-0.005780305505951945,-1.0,0.005780305505951945
2022-06-02,MNQ.v.0,12502.5,12821.0,12893.75,0.02511682798112362,0.005658246266861379,1.0,0.005658246266861379
2022-06-03,MNQ.v.0,12673.0,12551.0,12553.75,-0.009633565751958357,0.00021908204710256702,-1.0,-0.00021908204710256702
2022-06-06,MNQ.v.0,12741.5,12564.25,12600.25,-0.013989005488946191,0.0028611754303858538,-1.0,-0.0028611754303858538
2022-06-07,MNQ.v.0,12457.75,12691.5,12711.0,0.018550161623980273,0.0015352822620037295,1.0,0.0015352822620037295
2022-06-08,MNQ.v.0,12673.25,12636.25,12619.0,-0.0029633748818576363,-0.0013660528153567053,-1.0,0.0013660528153567053
2022-06-09,MNQ.v.0,12542.5,12366.25,12271.5,-0.014192323167528156,-0.007691487015569676,-1.0,0.007691487015569676
2022-06-10,MNQ.v.0,12041.75,11947.0,11837.25,-0.007941429707317186,-0.009228861870087753,-1.0,0.009228861870087753
2022-06-13,MNQ.v.0,11466.5,11300.5,11295.75,-0.014560645524681335,-0.0004204237490704274,-1.0,0.0004204237490704274
2022-06-14,MNQ.v.0,11385.5,11274.5,11318.25,-0.009797077479153189,0.003872928677203202,-1.0,-0.003872928677203202
2022-06-15,MNQ.v.0,11487.0,11732.0,11632.0,0.021168115627706874,-0.008560230324041022,1.0,-0.008560230324041022
2022-06-16,MNQ.v.0,11330.0,11163.5,11166.0,-0.014804547183560298,0.00022391903181392744,-1.0,-0.00022391903181392744
2022-06-17,MNQ.v.0,11190.0,11349.25,11292.5,0.014131140125090888,-0.005012873902302542,1.0,-0.005012873902302542
2022-06-21,MNQ.v.0,11480.75,11611.75,11579.25,0.011302735951697644,-0.002802813270322156,1.0,-0.002802813270322156
2022-06-22,MNQ.v.0,11470.5,11601.25,11558.5,0.011291229024424736,-0.003691753887970969,1.0,-0.003691753887970969
2022-06-23,MNQ.v.0,11661.75,11693.25,11733.75,0.0026974968187352356,0.0034575524264309574,1.0,0.0034575524264309574
2022-06-24,MNQ.v.0,11849.0,12054.75,12147.25,0.017194558372614466,0.0076440335845888,1.0,0.0076440335845888
2022-06-27,MNQ.v.0,12188.5,12046.5,12045.0,-0.011739476056634397,-0.00012452524765482333,-1.0,0.00012452524765482333
2022-06-28,MNQ.v.0,12063.25,11708.75,11673.75,-0.029848567138119623,-0.0029936940994126577,-1.0,0.0029936940994126577
2022-06-29,MNQ.v.0,11668.75,11719.25,11689.25,0.004297127968569519,-0.0025631729008382697,1.0,-0.0025631729008382697
2022-06-30,MNQ.v.0,11555.75,11553.5,11538.75,-0.000194727220235112,-0.001277485044199682,-1.0,0.001277485044199682
2022-07-01,MNQ.v.0,11480.0,11576.5,11612.75,0.008327598437762354,0.003126451224401435,1.0,0.003126451224401435
2022-07-05,MNQ.v.0,11454.0,11791.75,11812.5,0.029018717010260393,0.0017581584117321138,1.0,0.0017581584117321138
2022-07-06,MNQ.v.0,11825.75,11956.0,11886.25,0.010932976885863041,-0.0058509745501745,1.0,-0.0058509745501745
2022-07-07,MNQ.v.0,11919.0,12142.0,12136.25,0.018536751207670808,-0.0004736750060247234,1.0,-0.0004736750060247234
2022-07-08,MNQ.v.0,12017.25,12157.25,12155.25,0.01154145350429548,-0.00016452442196490498,1.0,-0.00016452442196490498
2022-07-11,MNQ.v.0,12050.5,11898.25,11890.75,-0.012735834086040797,-0.0006305435494127765,-1.0,0.0006305435494127765
2022-07-12,MNQ.v.0,11943.25,11751.25,11778.75,-0.016249196890796888,0.002337442628205411,-1.0,-0.002337442628205411
2022-07-13,MNQ.v.0,11544.5,11791.0,11755.75,0.02119100133120803,-0.00299404600062942,1.0,-0.00299404600062942
2022-07-14,MNQ.v.0,11642.5,11825.0,11800.0,0.015574879929168593,-0.0021164029063776126,1.0,-0.0021164029063776126
2022-07-15,MNQ.v.0,11923.0,11976.5,12008.0,0.004497962582954203,0.0026266979183469847,1.0,0.0026266979183469847
2022-07-18,MNQ.v.0,12124.5,11919.0,11906.75,-0.017094433359300068,-0.0010282993046958784,-1.0,0.0010282993046958784
2022-07-19,MNQ.v.0,12060.5,12260.25,12268.75,0.01646745337892437,0.0006930572253439943,1.0,0.0006930572253439943
2022-07-20,MNQ.v.0,12288.75,12497.0,12466.0,0.01680440580464955,-0.0024836771169877226,1.0,-0.0024836771169877226
2022-07-21,MNQ.v.0,12483.5,12611.0,12645.25,0.010102202974754764,0.002712201613094171,1.0,0.002712201613094171
2022-07-22,MNQ.v.0,12607.0,12427.0,12423.75,-0.014400808113753058,-0.00026156152377922084,-1.0,0.00026156152377922084
2022-07-25,MNQ.v.0,12424.75,12278.75,12355.25,-0.011840685634957906,0.006210947951696139,-1.0,-0.006210947951696139
2022-07-26,MNQ.v.0,12278.5,12099.25,12110.5,-0.014747623939802583,0.0009293776936778838,-1.0,-0.0009293776936778838
2022-07-27,MNQ.v.0,12302.5,12685.75,12615.5,0.030676822496167263,-0.005553099591865815,1.0,-0.005553099591865815
2022-07-28,MNQ.v.0,12606.75,12748.0,12738.5,0.011161622482682,-0.0007454927463540047,1.0,-0.0007454927463540047
2022-07-29,MNQ.v.0,12803.0,12991.0,12971.75,0.014558047272320266,-0.001482894032991213,1.0,-0.001482894032991213
2022-08-01,MNQ.v.0,12897.75,12947.5,12962.5,0.0038305328323494335,0.0011578542397361379,1.0,0.0011578542397361379
2022-08-02,MNQ.v.0,12864.25,12960.5,12922.0,0.007434834534160211,-0.0029749852908699547,1.0,-0.0029749852908699547
2022-08-03,MNQ.v.0,12993.25,13272.25,13271.75,0.021264233630359272,-3.767329717147458e-05,1.0,-3.767329717147458e-05
2022-08-04,MNQ.v.0,13274.75,13332.5,13330.75,0.004340928933663168,-0.000131266818749574,1.0,-0.000131266818749574
2022-08-05,MNQ.v.0,13118.25,13187.5,13226.5,0.005246063237475667,0.0029529816264346124,1.0,0.0029529816264346124
2022-08-08,MNQ.v.0,13264.75,13160.25,13181.5,-0.007909218146118887,0.001613408722627422,-1.0,-0.001613408722627422
2022-08-09,MNQ.v.0,13101.5,13047.5,13032.25,-0.004130182933406834,-0.0011694898715001296,-1.0,0.0011694898715001296
2022-08-10,MNQ.v.0,13340.5,13378.75,13393.75,0.0028444197477915383,0.0011205529233018886,1.0,0.0011205529233018886
2022-08-11,MNQ.v.0,13489.75,13319.25,13317.25,-0.012701010931677489,-0.00015016987995857147,-1.0,0.00015016987995857147
2022-08-12,MNQ.v.0,13402.75,13562.25,13579.5,0.011811854479727666,0.0012711046504059395,1.0,0.0012711046504059395
2022-08-15,MNQ.v.0,13535.5,13701.0,13685.25,0.012152959223627541,-0.0011502123683543618,1.0,-0.0011502123683543618
2022-08-16,MNQ.v.0,13642.0,13644.0,13653.75,0.00016491822841914518,0.0007143446192165318,1.0,0.0007143446192165318
2022-08-17,MNQ.v.0,13517.5,13521.0,13496.0,0.00022190990548949372,-0.001850687132953734,1.0,-0.001850687132953734
2022-08-18,MNQ.v.0,13491.25,13563.5,13528.5,0.00534103414403008,-0.00258379000971348,1.0,-0.00258379000971348
2022-08-19,MNQ.v.0,13399.5,13271.25,13263.25,-0.009598513946546535,-0.0006029885803310616,-1.0,0.0006029885803310616
2022-08-22,MNQ.v.0,13080.25,12905.5,12916.0,-0.01343051050548524,0.000813275803399584,-1.0,-0.000813275803399584
2022-08-23,MNQ.v.0,12898.5,12927.5,12898.75,0.002245799751315574,-0.002226417840452428,1.0,-0.002226417840452428
2022-08-24,MNQ.v.0,12876.75,12953.25,12934.0,0.005923362266707369,-0.0014872188856002429,1.0,-0.0014872188856002429
2022-08-25,MNQ.v.0,13007.75,13087.5,13158.5,0.006112242518076219,0.0054103614411832495,1.0,0.0054103614411832495
2022-08-26,MNQ.v.0,13146.5,12683.25,12619.25,-0.03585362734346203,-0.005058799445721589,-1.0,0.005058799445721589
2022-08-29,MNQ.v.0,12502.75,12553.75,12494.75,0.004011060724267256,-0.004710869641860081,1.0,-0.004710869641860081
2022-08-30,MNQ.v.0,12563.25,12352.25,12353.75,-0.01695789224734826,0.0001214279933491811,-1.0,-0.0001214279933491811
2022-08-31,MNQ.v.0,12477.0,12336.0,12281.75,-0.011385398701723096,-0.004407396111975683,-1.0,0.004407396111975683
2022-09-01,MNQ.v.0,12173.0,12195.25,12285.75,0.0018056472404244309,0.007393522507953967,1.0,0.007393522507953967
2022-09-02,MNQ.v.0,12405.0,12111.25,12110.25,-0.024026772239520176,-8.257126937378373e-05,-1.0,8.257126937378373e-05
2022-09-06,MNQ.v.0,12127.75,12033.75,12021.5,-0.007801788240769338,-0.001018488775542191,-1.0,0.001018488775542191
2022-09-07,MNQ.v.0,12039.5,12302.75,12262.0,0.021650224298880708,-0.0033177652839824693,1.0,-0.0033177652839824693
2022-09-08,MNQ.v.0,12176.5,12277.25,12326.25,0.008240091607132858,0.003983178392095955,1.0,0.003983178392095955
2022-09-09,MNQ.v.0,12417.0,12594.5,12590.25,0.014154008631845886,-0.00033750583510597015,1.0,-0.00033750583510597015
2022-09-12,MNQ.v.0,12650.0,12715.0,12742.75,0.005085859293855584,0.0021800835494704194,1.0,0.0021800835494704194
2022-09-13,MNQ.v.0,12375.0,12074.25,12040.25,-0.02454110891611766,-0.0028198820236714313,-1.0,0.0028198820236714313
2022-09-14,MNQ.v.0,12170.0,12124.25,12218.0,-0.0037250889451553105,0.007702694987272246,-1.0,-0.007702694987272246
2022-09-15,MNQ.v.0,12131.5,11947.0,12004.25,-0.015346100796177077,0.004780552917370632,-1.0,-0.004780552917370632
2022-09-16,MNQ.v.0,11865.75,11896.5,11926.75,0.00263016847924309,0.0025395373223622317,1.0,0.0025395373223622317
2022-09-19,MNQ.v.0,11819.5,12010.0,12027.25,0.015988926193093535,0.0014352725841151191,1.0,0.0014352725841151191
2022-09-20,MNQ.v.0,11916.75,11928.75,11925.75,0.0010064792948775315,-0.0002515248708475558,1.0,-0.0002515248708475558
2022-09-21,MNQ.v.0,11962.75,11852.0,11703.75,-0.009279932227101615,-0.01258732644035697,-1.0,0.01258732644035697
2022-09-22,MNQ.v.0,11641.75,11626.0,11562.75,-0.0014183180269038728,-0.00545524505273752,-1.0,0.00545524505273752
2022-09-23,MNQ.v.0,11461.0,11319.0,11374.0,-0.012445151351407249,0.004847319234324776,-1.0,-0.004847319234324776
2022-09-26,MNQ.v.0,11352.5,11378.25,11319.75,0.002287625827167111,-0.0051546505886645375,1.0,-0.0051546505886645375
2022-09-27,MNQ.v.0,11470.25,11311.25,11332.75,-0.01398102334404406,0.001898958351954227,-1.0,-0.001898958351954227
2022-09-28,MNQ.v.0,11331.0,11562.25,11554.0,0.020203148584741894,-0.000713783624097517,1.0,-0.000713783624097517
2022-09-29,MNQ.v.0,11386.25,11159.5,11231.0,-0.02016013987331839,0.0063866588987961884,-1.0,-0.0063866588987961884
2022-09-30,MNQ.v.0,11187.25,11127.75,11028.75,-0.0052653516670216486,-0.008936488962698245,-1.0,0.008936488962698245
2022-10-03,MNQ.v.0,11105.0,11344.5,11290.75,0.021315550282351284,-0.004749238557450152,1.0,-0.004749238557450152
2022-10-04,MNQ.v.0,11516.25,11614.0,11643.75,0.008473711021968582,0.0025582884179033206,1.0,0.0025582884179033206
2022-10-05,MNQ.v.0,11486.25,11670.5,11636.25,0.015913622449147104,-0.0029390648335421575,1.0,-0.0029390648335421575
2022-10-06,MNQ.v.0,11590.5,11582.75,11542.5,-0.0006257079874027277,-0.00348104696336145,-1.0,0.00348104696336145
2022-10-07,MNQ.v.0,11345.75,11071.5,11099.0,-0.024491566322889347,0.002480775273762845,-1.0,-0.002480775273762845
2022-10-10,MNQ.v.0,11109.0,11010.0,10980.75,-0.008974346753132247,-0.0026602109750244237,-1.0,0.0026602109750244237
2022-10-11,MNQ.v.0,10919.75,10814.0,10844.0,-0.0097314853219857,0.0027703406766058955,-1.0,-0.0027703406766058955
2022-10-12,MNQ.v.0,10865.75,10862.0,10836.75,-0.0003681969895469108,-0.0023273240529602533,-1.0,0.0023273240529602533
2022-10-13,MNQ.v.0,10523.25,11091.25,11081.75,0.05259195424407367,-0.0008568980815677237,1.0,-0.0008568980815677237
2022-10-14,MNQ.v.0,11180.25,10788.75,10747.5,-0.035691249930616904,-0.0038307551634307476,-1.0,0.0038307551634307476
2022-10-17,MNQ.v.0,11001.0,11120.25,11110.75,0.01080407408306293,-0.0008546624603725918,1.0,-0.0008546624603725918
2022-10-18,MNQ.v.0,11403.5,11152.5,11203.0,-0.022279054553581115,0.0045179115563035235,-1.0,-0.0045179115563035235
2022-10-19,MNQ.v.0,11129.75,11116.75,11154.75,-0.0011912121428823016,0.003412436241379604,-1.0,-0.003412436241379604
2022-10-20,MNQ.v.0,11111.0,11082.0,11087.25,-0.0025908793063118382,0.0004736290220139905,-1.0,-0.0004736290220139905
2022-10-21,MNQ.v.0,11044.0,11362.25,11354.0,0.02838716006702712,-0.0007263523127907496,1.0,-0.0007263523127907496
2022-10-24,MNQ.v.0,11359.25,11501.75,11480.0,0.012445071659182206,-0.001892806813552085,1.0,-0.001892806813552085
2022-10-25,MNQ.v.0,11515.75,11712.75,11713.0,0.01694098397696392,2.1344033809769435e-05,1.0,2.1344033809769435e-05
2022-10-26,MNQ.v.0,11474.5,11467.5,11453.25,-0.0005884340197468687,-0.0012434149699264607,-1.0,0.0012434149699264607
2022-10-27,MNQ.v.0,11400.75,11268.5,11241.25,-0.011645734740611173,-0.002421174229995046,-1.0,0.002421174229995046
2022-10-28,MNQ.v.0,11212.75,11584.25,11584.25,0.03263805434227958,0.0,1.0,0.0
2022-10-31,MNQ.v.0,11488.25,11453.0,11448.25,-0.0030730694919439286,-0.0004148245242608575,-1.0,0.0004148245242608575
2022-11-01,MNQ.v.0,11595.25,11337.75,11330.75,-0.022457665577949804,-0.0006175971257470892,-1.0,0.0006175971257470892
2022-11-02,MNQ.v.0,11330.0,11020.5,10938.75,-0.027674215554767262,-0.007445643878400914,-1.0,0.007445643878400914
2022-11-03,MNQ.v.0,10829.25,10795.0,10724.5,-0.003190901708548348,-0.006552220286058253,-1.0,0.006552220286058253
2022-11-04,MNQ.v.0,10932.25,10836.0,10893.25,-0.008866283734153541,0.005269407132782253,-1.0,-0.005269407132782253
2022-11-07,MNQ.v.0,10939.0,11024.25,11014.0,0.00780836020119606,-0.000930200967779937,1.0,-0.000930200967779937
2022-11-08,MNQ.v.0,11076.5,11112.75,11093.75,0.003267350834223387,-0.0017112110991272813,1.0,-0.0017112110991272813
2022-11-09,MNQ.v.0,11018.0,10873.75,10831.25,-0.013224654564945273,-0.003916153357834269,-1.0,0.003916153357834269
2022-11-10,MNQ.v.0,11356.75,11576.75,11628.25,0.019229684719617585,0.004438705843987105,1.0,0.004438705843987105
2022-11-11,MNQ.v.0,11624.5,11836.25,11848.0,0.0180519165198299,0.0009922206499249043,1.0,0.0009922206499249043
2022-11-14,MNQ.v.0,11760.25,11824.75,11742.25,0.0054273066714804075,-0.007001343998310917,1.0,-0.007001343998310917
2022-11-15,MNQ.v.0,12021.5,11930.25,11906.25,-0.0076823892513345786,-0.0020137191374681104,-1.0,0.0020137191374681104
2022-11-16,MNQ.v.0,11824.0,11727.5,11740.25,-0.008258807279389595,0.001086597671654649,-1.0,-0.001086597671654649
2022-11-17,MNQ.v.0,11551.0,11639.0,11712.0,0.0075680349140593035,0.0062524292591165246,1.0,0.0062524292591165246
2022-11-18,MNQ.v.0,11837.5,11708.75,11707.75,-0.010936032970993353,-8.540986062030314e-05,-1.0,8.540986062030314e-05
2022-11-21,MNQ.v.0,11649.25,11586.25,11587.25,-0.005444327582541765,8.630547829385574e-05,-1.0,-8.630547829385574e-05
2022-11-22,MNQ.v.0,11617.25,11727.75,11751.75,0.009466765923875915,0.002044337260898193,1.0,0.002044337260898193
2022-11-23,MNQ.v.0,11749.75,11871.5,11868.25,0.01030860586708692,-0.00027380237957882293,1.0,-0.00027380237957882293
2022-11-28,MNQ.v.0,11703.5,11581.25,11611.0,-0.010500531316289191,0.0025655135933363325,-1.0,-0.0025655135933363325
2022-11-29,MNQ.v.0,11622.25,11514.25,11523.25,-0.009335965633622174,0.0007813348199989274,-1.0,-0.0007813348199989274
2022-11-30,MNQ.v.0,11534.5,11972.25,12052.0,0.03729068985366703,0.006639149437493711,1.0,0.006639149437493711
2022-12-01,MNQ.v.0,12056.75,12061.75,12059.75,0.0004146194889091772,-0.00016582716701558757,1.0,-0.00016582716701558757
2022-12-02,MNQ.v.0,11845.75,12012.0,12013.0,0.013936996659190471,8.32466181542948e-05,1.0,8.32466181542948e-05
2022-12-05,MNQ.v.0,11920.75,11759.5,11802.25,-0.01364041419441207,0.003628766701183441,-1.0,-0.003628766701183441
2022-12-06,MNQ.v.0,11799.0,11510.5,11562.5,-0.02473340077705884,0.004507440561729466,-1.0,-0.004507440561729466
2022-12-07,MNQ.v.0,11509.25,11494.75,11507.75,-0.0012606504886394307,0.00113031204295815,-1.0,-0.00113031204295815
2022-12-08,MNQ.v.0,11565.5,11657.25,11645.75,0.00790177540476153,-0.0009869974624360837,1.0,-0.0009869974624360837
2022-12-09,MNQ.v.0,11601.5,11643.25,11570.5,0.003570740957594362,-0.006267857469943072,1.0,-0.006267857469943072
2022-12-12,MNQ.v.0,11577.0,11681.0,11714.75,0.008921816443733408,0.002885141396310177,1.0,0.002885141396310177
2022-12-13,MNQ.v.0,12169.0,11832.0,11840.25,-0.028210791830644774,0.0006970186893102852,-1.0,-0.0006970186893102852
2022-12-14,MNQ.v.0,11931.5,11836.25,11862.75,-0.007972863118683459,0.0022363822139979694,-1.0,-0.0022363822139979694
2022-12-15,MNQ.v.0,11685.75,11490.0,11460.5,-0.016914817209960763,-0.002570751508380377,-1.0,0.002570751508380377
2022-12-16,MNQ.v.0,11429.0,11366.25,11342.0,-0.00554953770738566,-0.002135788466149241,-1.0,0.002135788466149241
2022-12-19,MNQ.v.0,11354.25,11150.75,11188.0,-0.018107783227925126,0.003335015121754433,-1.0,-0.003335015121754433
2022-12-20,MNQ.v.0,11133.5,11191.5,11175.5,0.005195980335166729,-0.0014306793695287488,1.0,-0.0014306793695287488
2022-12-21,MNQ.v.0,11217.25,11324.75,11336.25,0.00951574827017632,0.001014959709388038,1.0,0.001014959709388038
2022-12-22,MNQ.v.0,11203.0,11041.0,11055.25,-0.014588626252491193,0.0012898117984310922,-1.0,-0.0012898117984310922
2022-12-23,MNQ.v.0,10997.25,11053.5,11079.5,0.005101878349865399,0.0023494340540959097,1.0,0.0023494340540959097
2022-12-27,MNQ.v.0,11052.0,10940.5,10918.75,-0.010162758408874826,-0.0019900048883393965,-1.0,0.0019900048883393965
2022-12-28,MNQ.v.0,10900.5,10772.5,10770.75,-0.011742449936309546,-0.00016246388115530078,-1.0,0.00016246388115530078
2022-12-29,MNQ.v.0,10885.75,11047.25,11032.25,0.014749563550957643,-0.0013587266294682295,1.0,-0.0013587266294682295
2022-12-30,MNQ.v.0,10911.5,10943.0,11023.0,0.0028598575836661136,0.007284016544872509,1.0,0.007284016544872509
2023-01-03,MNQ.v.0,11119.5,10943.5,10942.5,-0.01595465108074425,-9.138261908947127e-05,-1.0,9.138261908947127e-05
2023-01-04,MNQ.v.0,11033.75,10957.25,10996.5,-0.006980235929049302,0.0035757027222885545,-1.0,-0.0035757027222885545
2023-01-05,MNQ.v.0,10922.25,10836.25,10820.25,-0.007881927402342613,-0.0014776166888587335,-1.0,0.0014776166888587335
2023-01-06,MNQ.v.0,10890.5,11133.5,11114.25,0.022045276683446316,-0.0017305125061146023,1.0,-0.0017305125061146023
2023-01-09,MNQ.v.0,11199.5,11216.0,11187.75,0.001405324850119382,-0.002521900572221847,1.0,-0.002521900572221847
2023-01-10,MNQ.v.0,11143.0,11242.5,11285.5,0.008889741597808642,0.003817476226948805,1.0,0.003817476226948805
2023-01-11,MNQ.v.0,11323.75,11442.0,11476.0,0.010366656279235758,0.002967102272781247,1.0,0.002967102272781247
2023-01-12,MNQ.v.0,11490.25,11517.0,11531.25,0.0023036477349646944,0.0012365365540302048,1.0,0.0012365365540302048
2023-01-13,MNQ.v.0,11424.5,11598.25,11607.75,0.015094052516064865,0.000818753816314757,1.0,0.000818753816314757
2023-01-17,MNQ.v.0,11598.5,11627.75,11627.0,0.0024972027099270733,-6.450295103232569e-05,1.0,-6.450295103232569e-05
2023-01-18,MNQ.v.0,11694.75,11517.25,11479.5,-0.01527240532303252,-0.0032830755569918306,-1.0,0.0032830755569918306
2023-01-19,MNQ.v.0,11407.5,11418.5,11360.5,0.0009200237226468259,-0.005092420680588573,1.0,-0.005092420680588573
2023-01-20,MNQ.v.0,11428.25,11656.0,11675.75,0.019775604112216454,0.0016929724274615907,1.0,0.0016929724274615907
2023-01-23,MNQ.v.0,11704.0,11904.25,11931.25,0.016901810802603254,0.0022655292776237266,1.0,0.0022655292776237266
2023-01-24,MNQ.v.0,11860.0,11905.0,11905.5,0.003787086369246809,4.199827807687608e-05,1.0,4.199827807687608e-05
2023-01-25,MNQ.v.0,11712.5,11868.0,11875.0,0.013189054864034691,0.0005896474921294384,1.0,0.0005896474921294384
2023-01-26,MNQ.v.0,12017.75,12078.75,12104.75,0.005042289046003669,0.0021502272224890964,1.0,0.0021502272224890964
2023-01-27,MNQ.v.0,12047.0,12292.25,12223.0,0.0201533162081997,-0.005649559697789564,1.0,-0.005649559697789564
2023-01-30,MNQ.v.0,12082.75,11972.25,11971.0,-0.009208225614735655,-0.00010441356132818194,-1.0,0.00010441356132818194
2023-01-31,MNQ.v.0,11974.25,12076.75,12153.75,0.008544306437796642,0.006355647567842294,1.0,0.006355647567842294
2023-02-01,MNQ.v.0,12143.75,12430.75,12420.25,0.023378718665965192,-0.0008450364673313899,1.0,-0.0008450364673313899
2023-02-02,MNQ.v.0,12681.5,12782.5,12855.0,0.007893692685524397,0.00565579274583544,1.0,0.00565579274583544
2023-02-03,MNQ.v.0,12574.5,12629.75,12623.5,0.004384188261674145,-0.0004949858040141361,1.0,-0.0004949858040141361
2023-02-06,MNQ.v.0,12509.0,12485.5,12513.25,-0.0019204615008677154,0.0022201119174417782,-1.0,-0.0022201119174417782
2023-02-07,MNQ.v.0,12504.0,12748.75,12772.25,0.019423853225676215,0.001841621146649554,1.0,0.001841621146649554
2023-02-08,MNQ.v.0,12713.75,12533.5,12543.5,-0.014279025446005265,0.000797543608092213,-1.0,-0.000797543608092213
2023-02-09,MNQ.v.0,12722.75,12404.75,12427.5,-0.02533241951041619,0.001832295210050815,-1.0,-0.001832295210050815
2023-02-10,MNQ.v.0,12335.0,12311.0,12345.75,-0.001947578315842082,0.0028187026276891873,-1.0,-0.0028187026276891873
2023-02-13,MNQ.v.0,12402.0,12526.5,12544.5,0.009948734175534837,0.0014359222282964142,1.0,0.0014359222282964142
2023-02-14,MNQ.v.0,12473.5,12629.75,12631.0,0.012389362736878648,9.896776627941919e-05,1.0,9.896776627941919e-05
2023-02-15,MNQ.v.0,12553.25,12680.25,12734.0,0.01008578421251504,0.004229916691785155,1.0,0.004229916691785155
2023-02-16,MNQ.v.0,12524.0,12513.5,12481.75,-0.0008786995812414153,-0.002540484058080044,-1.0,0.002540484058080044
2023-02-17,MNQ.v.0,12389.75,12360.5,12391.75,-0.0023636135891560626,0.002525024319284854,-1.0,-0.002525024319284854
2023-02-21,MNQ.v.0,12228.75,12110.25,12098.0,-0.009737535341798467,-0.0010120517629805695,-1.0,0.0010120517629805695
2023-02-22,MNQ.v.0,12120.0,12073.0,12102.75,-0.0038647191417740803,0.0024611451571839196,-1.0,-0.0024611451571839196
2023-02-23,MNQ.v.0,12252.25,12242.25,12206.0,-0.0008369311653391955,-0.0029654495978138047,-1.0,0.0029654495978138047
2023-02-24,MNQ.v.0,11994.0,11976.5,11997.75,-0.0014601283335040748,0.0017727357948637674,-1.0,-0.0017727357948637674
2023-02-27,MNQ.v.0,12131.25,12088.5,12083.75,-0.003571542964744911,-0.00039301265386057054,-1.0,0.00039301265386057054
2023-02-28,MNQ.v.0,12056.0,12091.25,12064.5,0.0029402650854339508,-0.00221479448452343,1.0,-0.00221479448452343
2023-03-01,MNQ.v.0,12052.25,11945.75,11965.25,-0.008896726078045918,0.001631048833007349,-1.0,-0.001631048833007349
2023-03-02,MNQ.v.0,11857.0,12050.5,12066.0,0.016229233569321422,0.0012854271668153324,1.0,0.0012854271668153324
2023-03-03,MNQ.v.0,12134.5,12307.0,12312.25,0.014135884428268448,0.0004264955333392631,1.0,0.0004264955333392631
2023-03-06,MNQ.v.0,12361.0,12318.0,12323.75,-0.0035050433493077605,0.00046668764226258987,-1.0,-0.00046668764226258987
2023-03-07,MNQ.v.0,12324.25,12153.75,12169.5,-0.013910532437058962,0.0012950573793624662,-1.0,-0.0012950573793624662
2023-03-08,MNQ.v.0,12185.25,12169.75,12231.0,-0.0012522968963966132,0.005020348033959825,-1.0,-0.005020348033959825
2023-03-09,MNQ.v.0,12246.25,11997.5,12006.5,-0.02054231081807428,0.0007498750559685985,-1.0,-0.0007498750559685985
2023-03-10,MNQ.v.0,12018.0,11864.25,11841.0,-0.012854777662061008,-0.001961591415841734,-1.0,0.001961591415841734
2023-03-13,MNQ.v.0,11770.75,11967.5,11929.75,0.016577001717055465,-0.003159361968456144,1.0,-0.003159361968456144
2023-03-14,MNQ.v.0,12076.75,12076.5,12200.25,-2.070114787934439e-05,0.010195027906527406,-1.0,-0.010195027906527406
2023-03-15,MNQ.v.0,12211.5,12385.75,12392.25,0.014188671815864102,0.0005246589837035918,1.0,0.0005246589837035918
2023-03-16,MNQ.v.0,12345.25,12728.25,12715.5,0.030532917329582694,-0.0010022108429144896,1.0,-0.0010022108429144896
2023-03-17,MNQ.v.0,12710.0,12661.5,12647.5,-0.003803447390598872,-0.001106325925793173,-1.0,0.001106325925793173
2023-03-20,MNQ.v.0,12623.5,12660.5,12693.0,0.0029662463165713317,0.002563749999122058,1.0,0.002563749999122058
2023-03-21,MNQ.v.0,12775.5,12859.5,12877.0,0.006573004228986732,0.0013599364868635525,1.0,0.0013599364868635525
2023-03-22,MNQ.v.0,12872.5,12951.0,12698.75,0.006060448588290298,-0.01966944181783244,1.0,-0.01966944181783244
2023-03-23,MNQ.v.0,12855.0,12796.75,12847.25,-0.004541608281930588,0.003938548220272337,-1.0,-0.003938548220272337
2023-03-24,MNQ.v.0,12826.75,12882.25,12894.25,0.004336967230453925,0.0009310807027262786,1.0,0.0009310807027262786
2023-03-27,MNQ.v.0,12919.25,12841.25,12799.75,-0.00603633326539954,-0.0032370060635022006,-1.0,0.0032370060635022006
2023-03-28,MNQ.v.0,12776.25,12688.0,12732.75,-0.006931313768656737,0.0035207494842234006,-1.0,-0.0035207494842234006
2023-03-29,MNQ.v.0,12887.25,12980.0,12969.0,0.00719052097825403,-0.0008478169223395593,1.0,-0.0008478169223395593
2023-03-30,MNQ.v.0,13064.75,13080.75,13085.0,0.0011856953005102916,0.0003248521473587304,1.0,0.0003248521473587304
2023-03-31,MNQ.v.0,13092.0,13297.5,13301.25,0.015555890292254702,0.00028196813946866346,1.0,0.00028196813946866346
2023-04-03,MNQ.v.0,13210.25,13244.0,13268.75,0.002570452567273919,0.0018670267844293539,1.0,0.0018670267844293539
2023-04-04,MNQ.v.0,13285.25,13185.5,13223.25,-0.0075556166847932675,0.0028589028796833066,-1.0,-0.0028589028796833066
2023-04-05,MNQ.v.0,13174.0,13055.0,13079.5,-0.009112288302960188,0.001874916847622649,-1.0,-0.001874916847622649
2023-04-06,MNQ.v.0,13012.25,13174.5,13171.5,0.012353968757841777,-0.0002277385571218074,1.0,-0.0002277385571218074
2023-04-10,MNQ.v.0,13043.5,13137.5,13164.25,0.007161781133958891,0.0020340858857824094,1.0,0.0020340858857824094
2023-04-11,MNQ.v.0,13159.5,13124.0,13077.0,-0.002720365407397249,-0.00358765317449001,-1.0,0.00358765317449001
2023-04-12,MNQ.v.0,13156.75,12951.0,12958.5,-0.015742626327261998,0.0005789382434613627,-1.0,-0.0005789382434613627
2023-04-13,MNQ.v.0,13028.0,13219.25,13210.5,0.014573213176316565,-0.0006621326588167249,1.0,-0.0006621326588167249
2023-04-14,MNQ.v.0,13139.25,13159.5,13180.75,0.001445004529408556,0.0016135006015630517,1.0,0.0016135006015630517
2023-04-17,MNQ.v.0,13162.75,13174.25,13189.5,0.0008543195864519549,0.0011568916941543633,1.0,0.0011568916941543633
2023-04-18,MNQ.v.0,13280.25,13172.75,13189.0,-0.008146646070995066,0.001232846989157689,-1.0,-0.001232846989157689
2023-04-19,MNQ.v.0,13085.25,13202.25,13183.5,0.008901627966070498,-0.0014212219213817292,1.0,-0.0014212219213817292
2023-04-20,MNQ.v.0,13051.5,13026.25,13077.5,-0.001955709567841911,0.003926643938128908,-1.0,-0.003926643938128908
2023-04-21,MNQ.v.0,13057.75,13075.5,13088.0,0.0013775424529002774,0.0009555297227878905,1.0,0.0009555297227878905
2023-04-24,MNQ.v.0,13077.5,13049.5,13059.5,-0.0021242197655486727,0.0007660194177476566,-1.0,-0.0007660194177476566
2023-04-25,MNQ.v.0,12988.5,12841.75,12808.75,-0.01132383401877533,-0.0025730506778909165,-1.0,0.0025730506778909165
2023-04-26,MNQ.v.0,12950.0,12891.0,12882.25,-0.004566394684579057,-0.0006789986001901085,-1.0,0.0006789986001901085
2023-04-27,MNQ.v.0,13040.75,13240.25,13231.25,0.015182362323836154,-0.0006799766047844237,1.0,-0.0006799766047844237
2023-04-28,MNQ.v.0,13220.25,13287.0,13323.5,0.005055183829585759,0.0027432797497464554,1.0,0.0027432797497464554
2023-05-01,MNQ.v.0,13301.0,13307.75,13303.5,0.0004885656936161853,-0.00031941378448094207,1.0,-0.00031941378448094207
2023-05-02,MNQ.v.0,13301.0,13201.25,13184.75,-0.0075655742111075544,-0.0012506633935206529,-1.0,0.0012506633935206529
2023-05-03,MNQ.v.0,13199.0,13123.75,13100.25,-0.005717503299803553,-0.0017922518525390668,-1.0,0.0017922518525390668
2023-05-04,MNQ.v.0,13082.75,13062.0,13048.0,-0.0016064567703517254,-0.0010723861617525938,-1.0,0.0010723861617525938
2023-05-05,MNQ.v.0,13139.0,13341.0,13323.75,0.015257093536983946,-0.0012938431754596332,1.0,-0.0012938431754596332
2023-05-08,MNQ.v.0,13301.0,13343.0,13354.5,0.003152682389124533,0.0008615039394149278,1.0,0.0008615039394149278
2023-05-09,MNQ.v.0,13281.0,13263.75,13266.0,-0.0013373896527989443,0.00016962089770128746,-1.0,-0.00016962089770128746
2023-05-10,MNQ.v.0,13366.75,13430.75,13410.75,0.004757959885085133,-0.0014902299574396437,1.0,-0.0014902299574396437
2023-05-11,MNQ.v.0,13427.0,13453.75,13447.0,0.0019902725057998776,-0.0005018447546380553,1.0,-0.0005018447546380553
2023-05-12,MNQ.v.0,13467.75,13359.25,13397.25,-0.008070196349519158,0.002840433206798686,-1.0,-0.002840433206798686
2023-05-15,MNQ.v.0,13416.75,13460.0,13472.0,0.003218397859284058,0.0008911332833891635,1.0,0.0008911332833891635
2023-05-16,MNQ.v.0,13436.25,13536.75,13482.0,0.007451930825194078,-0.004052746699083274,1.0,-0.004052746699083274
2023-05-17,MNQ.v.0,13525.0,13638.5,13644.75,0.008338520331500059,0.00045815656927438434,1.0,0.00045815656927438434
2023-05-18,MNQ.v.0,13653.75,13846.5,13889.5,0.014018283940563054,0.003100665881931187,1.0,0.003100665881931187
2023-05-19,MNQ.v.0,13897.75,13840.0,13858.0,-0.004200134161313371,0.0012997330156659216,-1.0,-0.0012997330156659216
2023-05-22,MNQ.v.0,13848.25,13904.75,13905.25,0.004071637520687494,3.5958288389384114e-05,1.0,3.5958288389384114e-05
2023-05-23,MNQ.v.0,13831.25,13738.75,13725.25,-0.00672841428820789,-0.0009831052350209668,-1.0,0.0009831052350209668
2023-05-24,MNQ.v.0,13642.75,13681.0,13653.5,0.0027997639405851716,-0.002012109918089521,1.0,-0.002012109918089521
2023-05-25,MNQ.v.0,13954.75,14010.75,13977.75,0.003987096403894403,-0.0023581124598966007,1.0,-0.0023581124598966007
2023-05-26,MNQ.v.0,14018.0,14347.0,14333.25,0.023181217640602547,-0.0009588480611896213,1.0,-0.0009588480611896213
2023-05-30,MNQ.v.0,14510.0,14416.25,14397.0,-0.006482024338085059,-0.0013361910137932732,-1.0,0.0013361910137932732
2023-05-31,MNQ.v.0,14330.25,14319.5,14302.0,-0.0007679017463155847,-0.001222857095593307,-1.0,0.001222857095593307
2023-06-01,MNQ.v.0,14298.25,14483.5,14473.5,0.012872918302211,-0.0006906793105316208,1.0,-0.0006906793105316208
2023-06-02,MNQ.v.0,14543.25,14575.25,14579.25,0.0021807637878560157,0.0002744001800819712,1.0,0.0002744001800819712
2023-06-05,MNQ.v.0,14568.5,14591.75,14587.5,0.001594636872235524,-0.00029130289709661673,1.0,-0.00029130289709661673
2023-06-06,MNQ.v.0,14560.75,14590.0,14584.0,0.0019725394685792003,-0.0004113251583323844,1.0,-0.0004113251583323844
2023-06-07,MNQ.v.0,14592.0,14355.5,14331.75,-0.01634028929622204,-0.0016557882283001566,-1.0,0.0016557882283001566
2023-06-08,MNQ.v.0,14337.75,14489.0,14500.0,0.010459312210222957,0.0007589085879434136,1.0,0.0007589085879434136
2023-06-09,MNQ.v.0,14561.75,14565.0,14556.25,0.0002231625576824945,-0.0006009357608838824,1.0,-0.0006009357608838824
2023-06-12,MNQ.v.0,14622.75,14770.0,14802.75,0.010002635069737765,0.0022148777769011073,1.0,0.0022148777769011073
2023-06-13,MNQ.v.0,14913.0,14885.0,14911.25,-0.0018961168855929724,0.0017619671462787108,-1.0,-0.0017619671462787108
2023-06-14,MNQ.v.0,15095.5,15142.0,15203.0,0.0030426322378214947,0.004020437117584001,1.0,0.004020437117584001
2023-06-15,MNQ.v.0,15141.0,15411.75,15377.25,0.017740130737676135,-0.00224106105682345,1.0,-0.00224106105682345
2023-06-16,MNQ.v.0,15471.0,15295.0,15274.5,-0.011457671478502426,-0.0013412063051740167,-1.0,0.0013412063051740167
2023-06-20,MNQ.v.0,15212.5,15252.5,15253.75,0.002576792254387873,8.195042004178566e-05,1.0,8.195042004178566e-05
2023-06-21,MNQ.v.0,15201.75,15096.25,15045.5,-0.006964184196598576,-0.0033674254452283094,-1.0,0.0033674254452283094
2023-06-22,MNQ.v.0,14981.75,15160.25,15213.5,0.011860567504918632,0.0035063207246967556,1.0,0.0035063207246967556
2023-06-23,MNQ.v.0,15043.5,15062.75,15060.25,0.0012622070366381589,-0.00016598612394112624,1.0,-0.00016598612394112624
2023-06-26,MNQ.v.0,15036.0,14921.25,14857.75,-0.0076274455793109005,-0.0042647567914033385,-1.0,0.0042647567914033385
2023-06-27,MNQ.v.0,14917.75,15138.75,15108.75,0.014689388689835076,-0.0019836356615935084,1.0,-0.0019836356615935084
2023-06-28,MNQ.v.0,15029.5,15104.75,15139.5,0.005010878426838279,0.0022979584742073736,1.0,0.0022979584742073736
2023-06-29,MNQ.v.0,15119.0,15079.25,15103.25,-0.002616025466616653,0.001590325854933899,-1.0,-0.001590325854933899
2023-06-30,MNQ.v.0,15251.75,15355.5,15331.0,0.006795746156669409,-0.0015967937174809705,1.0,-0.0015967937174809705
2023-07-05,MNQ.v.0,15294.0,15386.0,15360.0,0.005981161745068949,-0.0016912773172168074,1.0,-0.0016912773172168074
2023-07-06,MNQ.v.0,15196.0,15236.75,15235.75,0.002678037597951281,-6.563294776328108e-05,1.0,-6.563294776328108e-05
2023-07-07,MNQ.v.0,15220.75,15250.75,15183.5,0.001969053685767324,-0.004419370245957105,1.0,-0.004419370245957105
2023-07-10,MNQ.v.0,15168.75,15169.75,15190.25,8.240286766636505e-05,0.0013504613383112105,1.0,0.0013504613383112105
2023-07-11,MNQ.v.0,15202.0,15218.25,15259.0,0.001068367389857537,0.0026741273758922684,1.0,0.0026741273758922684
2023-07-12,MNQ.v.0,15430.5,15442.5,15452.0,0.0007611891112608023,0.0006149962161177694,1.0,0.0006149962161177694
2023-07-13,MNQ.v.0,15576.0,15718.0,15706.0,0.009091189579063257,-0.0007637474913002726,1.0,-0.0007637474913002726
2023-07-14,MNQ.v.0,15721.5,15678.75,15703.0,-0.002738855215271027,0.0015454845460693514,-1.0,-0.0015454845460693514
2023-07-17,MNQ.v.0,15729.75,15868.5,15844.75,0.008797942724674612,-0.0014977969422908753,1.0,-0.0014977969422908753
2023-07-18,MNQ.v.0,15815.0,16008.75,15972.75,0.012176591000532323,-0.0022513024845668196,1.0,-0.0022513024845668196
2023-07-19,MNQ.v.0,16012.75,15981.5,15957.25,-0.0019378336714704716,-0.0015185318561257335,-1.0,0.0015185318561257335
2023-07-20,MNQ.v.0,15833.75,15552.5,15588.0,-0.01792234040866746,0.0022799900694250148,-1.0,-0.0022799900694250148
2023-07-21,MNQ.v.0,15688.0,15551.5,15537.5,-0.0087550676474815,-0.0009006401586635357,-1.0,0.0009006401586635357
2023-07-24,MNQ.v.0,15578.5,15527.75,15563.75,-0.0032952136742917374,0.00231574649586191,-1.0,-0.00231574649586191
2023-07-25,MNQ.v.0,15588.75,15702.0,15667.0,0.007222670857837533,-0.002231503364713813,1.0,-0.002231503364713813
2023-07-26,MNQ.v.0,15619.25,15575.75,15613.5,-0.002821011984787583,0.0024207070342520233,-1.0,-0.0024207070342520233
2023-07-27,MNQ.v.0,15835.25,15571.75,15566.0,-0.01679614735851352,-0.000369326625421568,-1.0,0.000369326625421568
2023-07-28,MNQ.v.0,15738.0,15844.5,15849.5,0.0067442668363978334,0.00031551713519773465,1.0,0.00031551713519773465
2023-07-31,MNQ.v.0,15860.25,15829.25,15863.0,-0.0019564846329898217,0.002129859051240755,-1.0,-0.002129859051240755
2023-08-01,MNQ.v.0,15796.5,15834.25,15816.75,0.0023711302426175653,-0.0011058103556459001,1.0,-0.0011058103556459001
2023-08-02,MNQ.v.0,15667.75,15435.0,15468.0,-0.014966801633318984,0.0021357157909280087,-1.0,-0.0021357157909280087
2023-08-03,MNQ.v.0,15358.25,15440.75,15431.0,0.005357329609347435,-0.0006316454573626397,1.0,-0.0006316454573626397
2023-08-04,MNQ.v.0,15511.75,15378.0,15358.5,-0.008659884645563368,-0.001268849909144986,-1.0,0.001268849909144986
2023-08-07,MNQ.v.0,15433.75,15444.5,15486.25,0.0007124698716137681,0.0026995805375066282,1.0,0.0026995805375066282
2023-08-08,MNQ.v.0,15379.25,15333.0,15350.0,-0.003028134640022951,0.001108105578953898,-1.0,-0.001108105578953898
2023-08-09,MNQ.v.0,15360.75,15249.25,15180.25,-0.007301627519596839,-0.00453508064608091,-1.0,0.00453508064608091
2023-08-10,MNQ.v.0,15301.25,15205.25,15200.75,-0.006293761453543124,-0.0002959942138298595,-1.0,0.0002959942138298595
2023-08-11,MNQ.v.0,15091.5,15116.75,15101.25,0.001655191055854138,-0.0010258787053666679,1.0,-0.0010258787053666679
2023-08-14,MNQ.v.0,15068.0,15224.0,15272.5,0.010299840164053662,0.0031806955479366235,1.0,0.0031806955479366235
2023-08-15,MNQ.v.0,15225.0,15089.0,15105.25,-0.008989380562760923,0.001076363981147589,-1.0,-0.001076363981147589
2023-08-16,MNQ.v.0,15079.75,14966.0,14939.5,-0.007571822534885674,-0.0017722497156766944,-1.0,0.0017722497156766944
2023-08-17,MNQ.v.0,14994.25,14795.0,14772.0,-0.013394406169006678,-0.0015557888618562255,-1.0,0.0015557888618562255
2023-08-18,MNQ.v.0,14632.0,14754.5,14750.25,0.008354153753783008,-0.0002880892079678708,1.0,-0.0002880892079678708
2023-08-21,MNQ.v.0,14808.5,14990.0,14987.0,0.012165293956941998,-0.00020015345164729962,1.0,-0.00020015345164729962
2023-08-22,MNQ.v.0,15091.75,14970.0,14960.25,-0.008100038465739264,-0.0006515147948903088,-1.0,0.0006515147948903088
2023-08-23,MNQ.v.0,15008.75,15227.0,15198.5,0.014469639365711828,-0.0018734290864980555,1.0,-0.0018734290864980555
2023-08-24,MNQ.v.0,15335.25,14922.25,14859.0,-0.027300712313801066,-0.004247645421124828,-1.0,0.004247645421124828
2023-08-25,MNQ.v.0,14897.0,15013.25,14977.75,0.00777329412879491,-0.0023673779853899037,1.0,-0.0023673779853899037
2023-08-28,MNQ.v.0,15098.25,15045.5,15090.75,-0.003499899902690733,0.0030030301717093627,-1.0,-0.0030030301717093627
2023-08-29,MNQ.v.0,15076.75,15426.5,15413.5,0.0229329876848133,-0.0008430610097264446,1.0,-0.0008430610097264446
2023-08-30,MNQ.v.0,15417.0,15494.0,15501.5,0.004965920123161288,0.0004839412267184488,1.0,0.0004839412267184488
2023-08-31,MNQ.v.0,15492.25,15571.0,15532.25,0.005070310975769016,-0.002491702317188052,1.0,-0.002491702317188052
2023-09-01,MNQ.v.0,15633.5,15513.0,15520.0,-0.007737665625912234,0.00045113267287854854,-1.0,-0.00045113267287854854
2023-09-05,MNQ.v.0,15481.5,15551.0,15534.25,0.004479182547239877,-0.001077681641364842,1.0,-0.001077681641364842
2023-09-06,MNQ.v.0,15500.0,15360.75,15398.25,-0.00905702029646144,0.002438311946374319,-1.0,-0.002438311946374319
2023-09-07,MNQ.v.0,15200.5,15285.0,15277.0,0.005527277256504186,-0.0005235259592120295,1.0,-0.0005235259592120295
2023-09-08,MNQ.v.0,15272.75,15264.5,15295.25,-0.0005567017205046457,0.002012451697283203,-1.0,-0.002012451697283203
2023-09-11,MNQ.v.0,15419.75,15492.0,15475.0,0.004658468868087723,-0.0010979430818459398,1.0,-0.0010979430818459398
2023-09-12,MNQ.v.0,15404.75,15298.5,15302.5,-0.006970144659055253,0.00026142936654242383,-1.0,-0.00026142936654242383
2023-09-13,MNQ.v.0,15503.75,15542.25,15554.75,0.0024641066396482772,0.000803936114303234,1.0,0.000803936114303234
2023-09-14,MNQ.v.0,15619.5,15678.5,15672.25,0.0037861587008240875,-0.00039871454959126664,1.0,-0.00039871454959126664
2023-09-15,MNQ.v.0,15610.5,15399.5,15391.25,-0.013624957828951356,-0.0005358752350900068,-1.0,0.0005358752350900068
2023-09-18,MNQ.v.0,15355.75,15405.25,15413.25,0.0032345917916939177,0.0005191686928104271,1.0,0.0005191686928104271
2023-09-19,MNQ.v.0,15355.0,15361.5,15377.25,0.00040695072388419624,0.0010247652476638568,1.0,0.0010247652476638568
2023-09-20,MNQ.v.0,15419.25,15252.25,15152.0,-0.010889695666088687,-0.006594496710204278,-1.0,0.006594496710204278
2023-09-21,MNQ.v.0,14988.5,14895.75,14861.5,-0.006207303031484687,-0.0023019610430600004,-1.0,0.0023019610430600004
2023-09-22,MNQ.v.0,14937.25,14952.0,14867.5,0.0009535361016912125,-0.005667447554650065,1.0,-0.005667447554650065
2023-09-25,MNQ.v.0,14825.25,14891.0,14936.75,0.004425195460056453,0.0030676156181162345,1.0,0.0030676156181162345
2023-09-26,MNQ.v.0,14825.0,14674.75,14709.0,-0.010203651300332952,0.0023312215432839205,-1.0,-0.0023312215432839205
2023-09-27,MNQ.v.0,14753.25,14765.5,14744.25,0.0008130494883581501,-0.0014402022160832008,1.0,-0.0014402022160832008
2023-09-28,MNQ.v.0,14695.25,14909.5,14858.5,0.01449104905030204,-0.0034265016056752753,1.0,-0.0034265016056752753
2023-09-29,MNQ.v.0,15002.0,14877.25,14867.75,-0.00835032505026599,-0.0006387628389990521,-1.0,0.0006387628389990521
2023-10-02,MNQ.v.0,14874.0,14919.0,14988.25,0.0029873312473751214,0.004630992402295176,1.0,0.004630992402295176
2023-10-03,MNQ.v.0,14879.5,14664.5,14720.0,-0.01455481962516738,0.0037775062360543054,-1.0,-0.0037775062360543054
2023-10-04,MNQ.v.0,14753.25,14918.0,14919.25,0.011071622916288824,8.378788264543951e-05,1.0,8.378788264543951e-05
2023-10-05,MNQ.v.0,14909.25,14882.5,14865.75,-0.0017790015433025534,-0.0011261167813307025,-1.0,0.0011261167813307025
2023-10-06,MNQ.v.0,14736.25,15150.25,15113.0,0.027739591056343396,-0.002461732881408858,1.0,-0.002461732881408858
2023-10-09,MNQ.v.0,15012.25,15192.5,15190.5,0.011935350549272854,-0.0001316525690608918,1.0,-0.0001316525690608918
2023-10-10,MNQ.v.0,15200.25,15287.5,15270.25,0.00573997902394574,-0.0011290099455836583,1.0,-0.0011290099455836583
2023-10-11,MNQ.v.0,15325.25,15340.5,15377.0,0.0009457036413292426,0.0023764966015156655,1.0,0.0023764966015156655
2023-10-12,MNQ.v.0,15393.0,15301.75,15314.75,-0.005945659685369126,0.0008492153434431647,-1.0,-0.0008492153434431647
2023-10-13,MNQ.v.0,15342.25,15109.0,15121.5,-0.01533641435034151,0.0008269794222648815,-1.0,-0.0008269794222648815
2023-10-16,MNQ.v.0,15175.75,15332.5,15293.5,0.010243388400302604,-0.002546856989555194,1.0,-0.002546856989555194
2023-10-17,MNQ.v.0,15138.75,15217.75,15240.75,0.005188399532819143,0.0015102519409459316,1.0,0.0015102519409459316
2023-10-18,MNQ.v.0,15130.5,15027.5,15023.75,-0.006830718249682638,-0.00024957364631852767,-1.0,0.00024957364631852767
2023-10-19,MNQ.v.0,15087.75,14896.0,14885.75,-0.012807218929780198,-0.0006883410413905314,-1.0,0.0006883410413905314
2023-10-20,MNQ.v.0,14862.0,14696.75,14661.5,-0.011181238829612014,-0.0024013704453996437,-1.0,0.0024013704453996437
2023-10-23,MNQ.v.0,14602.0,14737.25,14706.25,0.009219796557299086,-0.0021057286976575145,1.0,-0.0021057286976575145
2023-10-24,MNQ.v.0,14778.25,14851.5,14846.5,0.0049275315281542414,-0.0003367230148321081,1.0,-0.0003367230148321081
2023-10-25,MNQ.v.0,14741.5,14488.0,14476.5,-0.017380436825459308,-0.0007940755479489314,-1.0,0.0007940755479489314
2023-10-26,MNQ.v.0,14420.75,14264.5,14194.5,-0.010894208372498765,-0.004919367593214453,-1.0,0.004919367593214453
2023-10-27,MNQ.v.0,14306.75,14256.5,14266.25,-0.0035185108025799767,0.0006836648205212712,-1.0,-0.0006836648205212712
2023-10-30,MNQ.v.0,14365.25,14448.25,14418.75,0.0057092935189121535,-0.0020438570180012668,1.0,-0.0020438570180012668
2023-10-31,MNQ.v.0,14419.25,14486.5,14489.25,0.004653061853484663,0.00018981389667268976,1.0,0.00018981389667268976
2023-11-01,MNQ.v.0,14519.75,14730.75,14742.75,0.01442735405771219,0.0008142908485976262,1.0,0.0008142908485976262
2023-11-02,MNQ.v.0,14920.5,14993.25,14999.25,0.0048639935433834654,0.0004001000303436037,1.0,0.0004001000303436037
2023-11-03,MNQ.v.0,15051.0,15196.25,15174.25,0.009620704009479196,-0.0014487745574205224,1.0,-0.0014487745574205224
2023-11-06,MNQ.v.0,15204.25,15206.5,15233.5,8.22104753050389e-05,0.0017739820683822852,1.0,0.0017739820683822852
2023-11-07,MNQ.v.0,15275.75,15397.25,15374.75,0.007889844498053966,-0.0014623686474541204,1.0,-0.0014623686474541204
2023-11-08,MNQ.v.0,15388.5,15369.5,15384.0,-0.0012191852476991089,0.0009429821694746338,-1.0,-0.0009429821694746338
2023-11-09,MNQ.v.0,15404.0,15256.25,15258.5,-0.009670734784093384,0.00014746966657615737,-1.0,-0.00014746966657615737
2023-11-10,MNQ.v.0,15328.0,15590.25,15597.25,0.016948461841180342,0.0004488978031292922,1.0,0.0004488978031292922
2023-11-13,MNQ.v.0,15529.5,15572.5,15547.75,0.0028132579180074314,-0.0015906045239464156,1.0,-0.0015906045239464156
2023-11-14,MNQ.v.0,15812.25,15909.75,15878.75,0.006162886263620056,-0.001950391482899087,1.0,-0.001950391482899087
2023-11-15,MNQ.v.0,15957.0,15896.25,15890.5,-0.0038143720754706774,-0.0003617859682237172,-1.0,0.0003617859682237172
2023-11-16,MNQ.v.0,15851.0,15875.75,15897.25,0.0015444505300014086,0.001353350535457136,1.0,0.001353350535457136
2023-11-17,MNQ.v.0,15862.5,15908.5,15897.5,0.0028957245376816532,-0.0006916934187618851,1.0,-0.0006916934187618851
2023-11-20,MNQ.v.0,15895.0,16106.0,16088.75,0.013171756724464424,-0.0010716033919027574,1.0,-0.0010716033919027574
2023-11-21,MNQ.v.0,16013.0,15991.75,15988.75,-0.0013435612638372676,-0.00018761432803114853,-1.0,0.00018761432803114853
2023-11-22,MNQ.v.0,16069.75,16056.5,16047.5,-0.0008248706743730568,-0.000560677811847155,-1.0,0.000560677811847155
2023-11-27,MNQ.v.0,15999.0,16038.75,16007.25,0.0024658615694039088,-0.0019659246174409447,1.0,-0.0019659246174409447
2023-11-28,MNQ.v.0,15974.25,16005.5,16047.75,0.001969981875370521,0.0026362396617468017,1.0,0.0026362396617468017
2023-11-29,MNQ.v.0,16147.25,16022.0,16025.75,-0.007802582405778444,0.00023402579071018042,-1.0,-0.00023402579071018042
2023-11-30,MNQ.v.0,16032.5,15883.75,15980.75,-0.00932133800427383,0.006088298867255355,-1.0,-0.006088298867255355
2023-12-01,MNQ.v.0,15933.5,16031.0,16025.0,0.006116131345404303,-0.0003743449008027544,1.0,-0.0003743449008027544
2023-12-04,MNQ.v.0,15862.25,15836.0,15871.25,-0.0016404565408906406,0.0022234671579799024,-1.0,-0.0022234671579799024
2023-12-05,MNQ.v.0,15791.0,15895.25,15912.0,0.006564436878259902,0.001053219096171872,1.0,0.001053219096171872
2023-12-06,MNQ.v.0,16033.75,15827.25,15815.0,-0.012962737613528542,-0.0007742812607827883,-1.0,0.0007742812607827883
2023-12-07,MNQ.v.0,15934.25,16040.5,16035.25,0.0066303077966327565,-0.00032735010385613025,1.0,-0.00032735010385613025
2023-12-08,MNQ.v.0,15956.0,16108.5,16098.5,0.009527668577303779,-0.000620983036069752,1.0,-0.000620983036069752
2023-12-11,MNQ.v.0,16077.5,16217.0,16234.25,0.00865471151309585,0.0010631332614144192,1.0,0.0010631332614144192
2023-12-12,MNQ.v.0,16232.25,16351.0,16365.0,0.007319632173774558,0.0008558504006943793,1.0,0.0008558504006943793
2023-12-13,MNQ.v.0,16398.75,16508.5,16566.5,0.006685430962774142,0.003507184244996949,1.0,0.003507184244996949
2023-12-14,MNQ.v.0,16820.5,16733.75,16755.5,-0.005185682479695932,0.0012989244643018193,-1.0,-0.0012989244643018193
2023-12-15,MNQ.v.0,16787.75,16832.0,16819.75,0.0026323827840661245,-0.0007280453789828277,1.0,-0.0007280453789828277
2023-12-18,MNQ.v.0,16846.5,16970.0,16938.0,0.007304159157071563,-0.0018874607467276921,1.0,-0.0018874607467276921
2023-12-19,MNQ.v.0,16952.5,16997.0,17021.0,0.002606833733216864,0.0014110179306216913,1.0,0.0014110179306216913
2023-12-20,MNQ.v.0,16986.0,16793.25,16764.0,-0.011457117198934979,-0.0017432898945955071,-1.0,0.0017432898945955071
2023-12-21,MNQ.v.0,16922.25,16939.5,16950.75,0.001018848789102848,0.0006639077854677346,1.0,0.0006639077854677346
2023-12-22,MNQ.v.0,16999.25,16990.0,16980.25,-0.0005590043983279536,-0.0005740317052555692,-1.0,0.0005740317052555692
2023-12-26,MNQ.v.0,17009.5,17100.5,17084.0,0.005350310694025188,-0.0009653498680023522,1.0,-0.0009653498680023522
2023-12-27,MNQ.v.0,17092.0,17083.75,17116.75,-0.000497432381400037,0.0019297969469053516,-1.0,-0.0019297969469053516
2023-12-28,MNQ.v.0,17148.75,17100.0,17090.75,-0.002832201373451957,-0.0005410820309983044,-1.0,0.0005410820309983044
2023-12-29,MNQ.v.0,17089.0,17034.5,17019.0,-0.003179606327273472,-0.0009103323341453737,-1.0,0.0009103323341453737
2024-01-02,MNQ.v.0,16862.0,16645.75,16721.0,-0.012937679060904582,0.004510485892501908,-1.0,-0.004510485892501908
2024-01-03,MNQ.v.0,16610.0,16557.75,16540.5,-0.0031204565807289347,-0.0010423512760848565,-1.0,0.0010423512760848565
2024-01-04,MNQ.v.0,16453.25,16485.0,16444.0,0.0019126850205357822,-0.002490207488062446,1.0,-0.002490207488062446
2024-01-05,MNQ.v.0,16449.0,16419.0,16463.75,-0.0018407106383081947,0.002721793501228507,-1.0,-0.002721793501228507
2024-01-08,MNQ.v.0,16512.0,16778.5,16801.5,0.015981115124950516,0.0013698632279139041,1.0,0.0013698632279139041
2024-01-09,MNQ.v.0,16669.0,16826.25,16831.75,0.009374602167670967,0.00032681680723469083,1.0,0.00032681680723469083
2024-01-10,MNQ.v.0,16840.0,16938.75,16941.5,0.005861646790064103,0.00016233646481588377,1.0,0.00016233646481588377
2024-01-11,MNQ.v.0,16984.5,16947.0,16965.25,-0.0022250884111300064,0.0010763073380144908,-1.0,-0.0010763073380144908
2024-01-12,MNQ.v.0,17008.25,16954.0,16972.0,-0.0032094721619687207,0.0010611331538645258,-1.0,-0.0010611331538645258
2024-01-16,MNQ.v.0,16916.5,16929.25,16967.75,0.0007091151131833686,0.0022715884329212697,1.0,0.0022715884329212697
2024-01-17,MNQ.v.0,16825.0,16805.25,16868.75,-0.0012191678460408235,0.003771460192919376,-1.0,-0.003771460192919376
2024-01-18,MNQ.v.0,16996.75,17109.0,17109.0,0.006567879234261972,0.0,1.0,0.0
2024-01-19,MNQ.v.0,17190.5,17430.5,17442.5,0.01383595388187959,0.0006882115375010309,1.0,0.0006882115375010309
2024-01-22,MNQ.v.0,17528.0,17485.25,17460.5,-0.002441933910352908,-0.0014164814970770967,-1.0,0.0014164814970770967
2024-01-23,MNQ.v.0,17487.75,17509.75,17529.25,0.001242954963615527,0.001113045578536069,1.0,0.001113045578536069
2024-01-24,MNQ.v.0,17692.75,17616.75,17624.75,-0.004318988283717526,0.00045401019465211916,-1.0,-0.00045401019465211916
2024-01-25,MNQ.v.0,17722.5,17598.0,17637.75,-0.007049759523666536,0.0022562321995449265,-1.0,-0.0022562321995449265
2024-01-26,MNQ.v.0,17557.75,17539.25,17528.75,-0.0010542212561405057,-0.0005988365640344568,-1.0,0.0005988365640344568
2024-01-29,MNQ.v.0,17548.25,17704.25,17707.75,0.008864614714817599,0.00019767310580582085,1.0,0.00019767310580582085
2024-01-30,MNQ.v.0,17661.25,17599.0,17583.75,-0.0035450973032804204,-0.0008669021583051556,-1.0,0.0008669021583051556
2024-01-31,MNQ.v.0,17399.75,17298.25,17238.25,-0.00583604575886553,-0.0034745883551494335,-1.0,0.0034745883551494335
2024-02-01,MNQ.v.0,17307.25,17438.5,17440.0,0.0075405805485575725,8.601287331302369e-05,1.0,8.601287331302369e-05
2024-02-02,MNQ.v.0,17508.25,17766.25,17729.5,0.01462839165772464,-0.00207067117223986,1.0,-0.00207067117223986
2024-02-05,MNQ.v.0,17722.5,17714.75,17697.25,-0.0004232804296002726,-0.0009883656062688816,-1.0,0.0009883656062688816
2024-02-06,MNQ.v.0,17741.5,17635.75,17661.75,-0.005992611991811781,0.0014731924188573812,-1.0,-0.0014731924188573812
2024-02-07,MNQ.v.0,17773.5,17856.25,17841.25,0.004631002256133188,-0.000840395035104944,1.0,-0.000840395035104944
2024-02-08,MNQ.v.0,17835.5,17870.25,17865.25,0.0019604554534180725,-0.00027983378056148725,1.0,-0.00027983378056148725
2024-02-09,MNQ.v.0,17909.0,18042.0,18039.0,0.007412849910766233,-0.0001662925089057112,1.0,-0.0001662925089057112
2024-02-12,MNQ.v.0,18029.5,17973.75,17963.5,-0.003110854382204929,-0.0005704387663466965,-1.0,0.0005704387663466965
2024-02-13,MNQ.v.0,17628.25,17574.0,17680.25,-0.0030821917887343393,0.006027660307366503,-1.0,-0.006027660307366503
2024-02-14,MNQ.v.0,17788.75,17837.0,17869.5,0.002694700652377823,0.001820397349222058,1.0,0.001820397349222058
2024-02-15,MNQ.v.0,17888.25,17895.75,17914.0,0.0004331514630695198,0.0010192755648965152,1.0,0.0010192755648965152
2024-02-16,MNQ.v.0,17926.75,17788.75,17746.75,-0.007755883761648462,-0.0023638344504506147,-1.0,0.0023638344504506147
2024-02-20,MNQ.v.0,17661.75,17587.0,17612.25,-0.004269722004386302,0.0014346899056702316,-1.0,-0.0014346899056702316
2024-02-21,MNQ.v.0,17495.0,17421.5,17536.75,-0.004238750761628869,0.00659360337240314,-1.0,-0.00659360337240314
2024-02-22,MNQ.v.0,17896.0,18059.0,18044.75,0.009080794699486998,-0.0007893917246811458,1.0,-0.0007893917246811458
2024-02-23,MNQ.v.0,18105.75,17972.5,17986.0,-0.007414576172411012,0.0007508656164342186,-1.0,-0.0007508656164342186
2024-02-26,MNQ.v.0,18017.0,18014.5,17977.25,-0.00015264527349668754,-0.002069919539895095,-1.0,0.002069919539895095
2024-02-27,MNQ.v.0,18018.25,18025.75,18017.5,0.0004161580350816559,-0.00045778336548870995,1.0,-0.00045778336548870995
2024-02-28,MNQ.v.0,17923.5,17925.25,17917.5,8.36855099027282e-05,-0.00043244450388294387,1.0,-0.00043244450388294387
2024-02-29,MNQ.v.0,18030.25,18049.75,18066.75,0.0010947818805362168,0.000941398045519037,1.0,0.000941398045519037
2024-03-01,MNQ.v.0,18096.5,18344.75,18334.75,0.013611252645259269,-0.0005452637166679166,1.0,-0.0005452637166679166
2024-03-04,MNQ.v.0,18330.0,18321.0,18258.25,-0.0004911189425062336,-0.0034309102320723545,-1.0,0.0034309102320723545
2024-03-05,MNQ.v.0,18133.75,17841.75,17931.75,-0.01624763853620812,0.005031668127667288,-1.0,-0.005031668127667288
2024-03-06,MNQ.v.0,18104.0,18019.0,18044.5,-0.004733900459262872,0.0014141724596754969,-1.0,-0.0014141724596754969
2024-03-07,MNQ.v.0,18182.25,18303.75,18308.75,0.006660113419690435,0.00027313076304996806,1.0,0.00027313076304996806
2024-03-08,MNQ.v.0,18318.5,18051.0,18040.0,-0.014738092938308368,-0.0006095702718468115,-1.0,0.0006095702718468115
2024-03-11,MNQ.v.0,17975.75,17959.25,17970.5,-0.0009183248175630857,0.0006262220231225624,-1.0,-0.0006262220231225624
2024-03-12,MNQ.v.0,18064.75,18220.0,18226.75,0.008571087334372158,0.00037040340097127766,1.0,0.00037040340097127766
2024-03-13,MNQ.v.0,18428.25,18314.25,18330.75,-0.00621901860824226,0.0009005321934817069,-1.0,-0.0009005321934817069
2024-03-14,MNQ.v.0,18375.0,18192.0,18278.25,-0.010009108090720134,0.004729891393548156,-1.0,-0.004729891393548156
2024-03-15,MNQ.v.0,18152.25,18088.5,18058.25,-0.0035319637715860628,-0.001673733160619895,-1.0,0.001673733160619895
2024-03-18,MNQ.v.0,18284.5,18279.25,18229.25,-0.00027349305498113025,-0.002739089870078717,-1.0,0.002739089870078717
2024-03-19,MNQ.v.0,18143.5,18232.25,18270.0,0.004893346029843455,0.0020683663860893,1.0,0.0020683663860893
2024-03-20,MNQ.v.0,18318.0,18486.25,18484.5,0.009143029518045942,-9.466943469134866e-05,1.0,-9.466943469134866e-05
2024-03-21,MNQ.v.0,18687.75,18586.75,18558.75,-0.00543271824532272,-0.0015075853227567782,-1.0,0.0015075853227567782
2024-03-22,MNQ.v.0,18537.5,18572.5,18572.25,0.0018862845797738596,-1.3460852476004216e-05,1.0,-1.3460852476004216e-05
2024-03-25,MNQ.v.0,18458.75,18531.5,18509.75,0.0039334740262796436,-0.0011743665507878357,1.0,-0.0011743665507878357
2024-03-26,MNQ.v.0,18568.75,18511.75,18450.5,-0.0030878996495698236,-0.003314195216124288,-1.0,0.003314195216124288
2024-03-27,MNQ.v.0,18566.25,18436.0,18507.0,-0.00702658117003043,0.003843764037349501,-1.0,-0.003843764037349501
2024-03-28,MNQ.v.0,18500.0,18500.0,18462.75,1.3513422206828871e-05,-0.002015543357050695,1.0,-0.002015543357050695
2024-04-01,MNQ.v.0,18500.75,18469.0,18495.0,-0.001731157196702484,0.001406774390642977,-1.0,-0.001406774390642977
2024-04-02,MNQ.v.0,18287.5,18307.0,18330.75,0.0010657340226348988,0.0012964771759557678,1.0,0.0012964771759557678
2024-04-03,MNQ.v.0,18240.75,18333.5,18370.75,0.00507188521023126,0.002029738397524034,1.0,0.002029738397524034
2024-04-04,MNQ.v.0,18541.5,18109.5,18075.75,-0.0235748005554357,-0.001865401498495676,-1.0,0.001865401498495676
2024-04-05,MNQ.v.0,18138.25,18289.5,18293.25,0.008290487399846622,0.00020501465926606166,1.0,0.00020501465926606166
2024-04-08,MNQ.v.0,18330.25,18315.5,18297.25,-0.0008050047165927695,-0.0009969205542593993,-1.0,0.0009969205542593993
2024-04-09,MNQ.v.0,18391.0,18327.5,18362.25,-0.0034178291269452176,0.0018942625878299259,-1.0,-0.0018942625878299259
2024-04-10,MNQ.v.0,18140.0,18182.0,18191.5,0.002298899055644371,0.0005223583221857327,1.0,0.0005223583221857327
2024-04-11,MNQ.v.0,18265.25,18502.25,18481.75,0.01287848681531694,-0.0011085876108308638,1.0,-0.0011085876108308638
2024-04-12,MNQ.v.0,18296.75,18140.0,18181.5,-0.008604003759998362,0.0022851489095486997,-1.0,-0.0022851489095486997
2024-04-15,MNQ.v.0,18335.25,17858.5,17876.0,-0.026345851195277353,0.0009794457120708383,-1.0,-0.0009794457120708383
2024-04-16,MNQ.v.0,17867.75,17944.75,17876.75,0.00428624939811329,-0.0037966071594206477,1.0,-0.0037966071594206477
2024-04-17,MNQ.v.0,17957.25,17655.75,17654.5,-0.016946583541802954,-7.080097141890984e-05,-1.0,7.080097141890984e-05
2024-04-18,MNQ.v.0,17673.0,17562.0,17545.0,-0.006286339090457125,-0.0009684679026253992,-1.0,0.0009684679026253992
2024-04-19,MNQ.v.0,17494.5,17181.5,17182.25,-0.018038771817647205,4.3650649310239965e-05,-1.0,-4.3650649310239965e-05
2024-04-22,MNQ.v.0,17288.5,17389.25,17350.75,0.005810658619702192,-0.002216466077239412,1.0,-0.002216466077239412
2024-04-23,MNQ.v.0,17428.75,17624.25,17608.0,0.011168837974510648,-0.000922450377269701,1.0,-0.000922450377269701
2024-04-24,MNQ.v.0,17731.0,17669.5,17658.25,-0.003474530691422492,-0.0006368931154846685,-1.0,0.0006368931154846685
2024-04-25,MNQ.v.0,17354.0,17598.0,17567.5,0.013962231852071095,-0.001734655139153297,1.0,-0.001734655139153297
2024-04-26,MNQ.v.0,17697.25,17888.0,17839.25,0.010748788004104183,-0.0027290110632904267,1.0,-0.0027290110632904267
2024-04-29,MNQ.v.0,17921.5,17847.5,17905.25,-0.004137667006350776,0.0032305235387262905,-1.0,-0.0032305235387262905
2024-04-30,MNQ.v.0,17836.25,17691.75,17563.5,-0.008106212675871083,-0.007275544250955785,-1.0,0.007275544250955785
2024-05-01,MNQ.v.0,17501.5,17718.0,17431.5,0.012280370403682132,-0.016302157640939598,1.0,-0.016302157640939598
2024-05-02,MNQ.v.0,17582.75,17669.5,17648.25,0.004921681601127223,-0.0012033610614665658,1.0,-0.0012033610614665658
2024-05-03,MNQ.v.0,17958.0,18016.25,18001.5,0.003238430316558588,-0.0008190406577067457,1.0,-0.0008190406577067457
2024-05-06,MNQ.v.0,18074.25,18140.25,18198.0,0.003658734294933191,0.0031784716445701477,1.0,0.0031784716445701477
2024-05-07,MNQ.v.0,18211.25,18200.0,18196.25,-0.000604204733924211,-0.0002060651860161215,-1.0,0.0002060651860161215
2024-05-08,MNQ.v.0,18083.75,18184.0,18183.5,0.005528341588579271,-2.749707843711994e-05,1.0,-2.749707843711994e-05
2024-05-09,MNQ.v.0,18186.75,18208.25,18215.75,0.001181481110096706,0.00041181639062137814,1.0,0.00041181639062137814
2024-05-10,MNQ.v.0,18274.25,18261.0,18254.0,-0.0007253269421121825,-0.0003834040852114982,-1.0,0.0003834040852114982
2024-05-13,MNQ.v.0,18332.25,18287.75,18295.5,-0.0024166968568789127,0.0004236911764776557,-1.0,-0.0004236911764776557
2024-05-14,MNQ.v.0,18274.0,18418.75,18411.25,0.007903455960537042,-0.000407276682252089,1.0,-0.000407276682252089
2024-05-15,MNQ.v.0,18509.25,18694.25,18693.25,0.009945382819887494,-5.3493814790456064e-05,1.0,-5.3493814790456064e-05
2024-05-16,MNQ.v.0,18678.5,18689.75,18650.75,0.0006021154504096186,-0.002088885482582529,1.0,-0.002088885482582529
2024-05-17,MNQ.v.0,18651.0,18630.0,18638.5,-0.0011265793418130533,0.0004561493028903055,-1.0,-0.0004561493028903055
2024-05-20,MNQ.v.0,18643.75,18779.0,18766.5,0.007228254945147715,-0.0006658587826419253,1.0,-0.0006658587826419253
2024-05-21,MNQ.v.0,18686.25,18774.0,18800.5,0.004671658256066453,0.0014105313121236867,1.0,0.0014105313121236867
2024-05-22,MNQ.v.0,18808.0,18741.0,18793.75,-0.0035820138836076994,0.0028107305751596152,-1.0,-0.0028107305751596152
2024-05-23,MNQ.v.0,18981.5,18651.25,18696.5,-0.0175918652355876,0.002423172594946056,-1.0,-0.002423172594946056
2024-05-24,MNQ.v.0,18762.25,18862.75,18874.0,0.005315697775221526,0.0005962357825343476,1.0,0.0005962357825343476
2024-05-28,MNQ.v.0,18920.25,18879.25,18943.0,-0.0021560997512646727,0.003371034794100265,-1.0,-0.003371034794100265
2024-05-29,MNQ.v.0,18765.5,18847.5,18811.0,0.0043867298867867515,-0.0019384739928363696,1.0,-0.0019384739928363696
2024-05-30,MNQ.v.0,18764.75,18635.5,18604.25,-0.006938576891821618,-0.0016783145609334108,-1.0,0.0016783145609334108
2024-05-31,MNQ.v.0,18602.0,18409.5,18598.75,-0.010361527091173085,0.010227538436234383,-1.0,-0.010227538436234383
2024-06-03,MNQ.v.0,18712.75,18588.25,18652.75,-0.006688898487210361,0.0034639276331736345,-1.0,-0.0034639276331736345
2024-06-04,MNQ.v.0,18638.25,18668.75,18701.75,0.0016216908001630017,0.0017660993873534012,1.0,0.0017660993873534012
2024-06-05,MNQ.v.0,18849.0,19032.75,19077.25,0.009701317449286559,0.002335346115175115,1.0,0.002335346115175115
2024-06-06,MNQ.v.0,19103.0,19063.5,19065.75,-0.0020567647932582334,0.00011801963073562312,-1.0,-0.00011801963073562312
2024-06-07,MNQ.v.0,19040.5,19047.25,19040.5,0.0003675698424076733,-0.0003544446742413327,1.0,-0.0003544446742413327
2024-06-10,MNQ.v.0,18988.5,19115.0,19112.5,0.006652913033973133,-0.0001307958931954715,1.0,-0.0001307958931954715
2024-06-11,MNQ.v.0,19058.0,19194.25,19242.5,0.007136818737380473,0.002510619412107127,1.0,0.002510619412107127
2024-06-12,MNQ.v.0,19401.75,19465.75,19491.75,0.00331892864089525,0.0013347881080798827,1.0,0.0013347881080798827
2024-06-13,MNQ.v.0,19636.75,19602.25,19593.0,-0.0017839626531267292,-0.0004719959776619335,-1.0,0.0004719959776619335
2024-06-14,MNQ.v.0,19577.75,19672.0,19687.5,0.004802587591262985,0.000787611671960437,1.0,0.000787611671960437
2024-06-17,MNQ.v.0,19693.75,19988.0,19925.5,0.0148557816546462,-0.0031317750176457623,1.0,-0.0031317750176457623
2024-06-20,MNQ.v.0,20245.5,20030.5,20035.25,-0.010701396957582456,0.00023711025113746866,-1.0,-0.00023711025113746866
2024-06-21,MNQ.v.0,20017.0,19997.25,19975.25,-0.0010246542688646353,-0.0011007568814253648,-1.0,0.0011007568814253648
2024-06-24,MNQ.v.0,19922.0,19831.75,19745.0,-0.004540459959011049,-0.004383894025350209,-1.0,0.004383894025350209
2024-06-25,MNQ.v.0,19830.25,19979.75,19967.25,0.007548248319209272,-0.0006258292441475349,1.0,-0.0006258292441475349
2024-06-26,MNQ.v.0,19929.0,19959.5,20005.0,0.001554313532104119,0.002277021839839894,1.0,0.002277021839839894
2024-06-27,MNQ.v.0,19990.5,20051.5,20047.75,0.0030842062020639107,-0.00018703591767589662,1.0,-0.00018703591767589662
2024-06-28,MNQ.v.0,20070.25,19991.5,19932.5,-0.003968952565380019,-0.0029556178213808334,-1.0,0.0029556178213808334
2024-07-01,MNQ.v.0,19971.0,20007.5,20049.0,0.0018384772085792793,0.0020720739379785098,1.0,0.0020720739379785098
2024-07-02,MNQ.v.0,19982.0,20225.5,20256.25,0.012124676764471945,0.0015192033898829389,1.0,0.0015192033898829389
2024-07-05,MNQ.v.0,20441.5,20622.75,20622.0,0.008839809660400759,-3.6368265055930846e-05,1.0,-3.6368265055930846e-05
2024-07-08,MNQ.v.0,20632.0,20624.5,20666.25,-0.0003757006558356526,0.0020222453807678706,-1.0,-0.0020222453807678706
2024-07-09,MNQ.v.0,20723.0,20664.25,20679.5,-0.002826942384007717,0.0007377173426030417,-1.0,-0.0007377173426030417
2024-07-10,MNQ.v.0,20758.0,20870.0,20893.75,0.005381006546012183,0.0011373500971622104,1.0,0.0011373500971622104
2024-07-11,MNQ.v.0,20894.5,20435.75,20429.5,-0.022200148363949807,-0.0003058833629419854,-1.0,0.0003058833629419854
2024-07-12,MNQ.v.0,20443.25,20675.75,20540.25,0.011308761294112546,-0.006575140147819608,1.0,-0.006575140147819608
2024-07-15,MNQ.v.0,20610.0,20621.0,20593.5,0.0005214554789128372,-0.0013344819944969616,1.0,-0.0013344819944969616
2024-07-16,MNQ.v.0,20649.25,20578.5,20599.75,-0.0034564551812593645,0.0010320983473721872,-1.0,-0.0010320983473721872
2024-07-17,MNQ.v.0,20260.0,20055.5,19992.5,-0.010107672944507406,-0.003146227125869135,-1.0,0.003146227125869135
2024-07-18,MNQ.v.0,20141.5,19824.0,19893.5,-0.015901649335799566,0.0034997203215995126,-1.0,-0.0034997203215995126
2024-07-19,MNQ.v.0,19868.5,19768.25,19712.75,-0.005033154952856442,-0.0028114807911632077,-1.0,0.0028114807911632077
2024-07-22,MNQ.v.0,19955.0,19994.5,19998.0,0.0019649937172458174,0.00017503281910044658,1.0,0.00017503281910044658
2024-07-23,MNQ.v.0,19957.75,19986.5,19924.5,0.0014895390816476377,-0.0031069153803928123,1.0,-0.0031069153803928123
2024-07-24,MNQ.v.0,19640.0,19217.75,19204.75,-0.021759989745980923,-0.0006766868629612254,-1.0,0.0006766868629612254
2024-07-25,MNQ.v.0,19217.25,19215.75,18991.25,-7.805791901548863e-05,-0.011751908485484321,-1.0,0.011751908485484321
2024-07-26,MNQ.v.0,19163.75,19183.25,19175.75,0.0010430928646407572,-0.0003910425243396011,1.0,-0.0003910425243396011
2024-07-29,MNQ.v.0,19284.75,19240.5,19209.0,-0.0022971957071964227,-0.0016385132211031886,-1.0,0.0016385132211031886
2024-07-30,MNQ.v.0,19287.25,18935.5,18939.25,-0.018379383630792334,0.000198021109697402,-1.0,-0.000198021109697402
2024-07-31,MNQ.v.0,19371.0,19436.75,19496.0,0.003414225807965985,0.0030437123368837883,1.0,0.0030437123368837883
2024-08-01,MNQ.v.0,19525.25,18976.5,19028.0,-0.028520302476301263,0.0027102070293381735,-1.0,-0.0027102070293381735
2024-08-02,MNQ.v.0,18651.25,18552.25,18561.25,-0.00526819210882132,0.00048499872964920704,-1.0,-0.00048499872964920704
2024-08-05,MNQ.v.0,17562.5,17982.75,18020.5,0.023674822011036285,0.0020970336752354824,1.0,0.0020970336752354824
2024-08-06,MNQ.v.0,18077.25,18341.25,18171.25,0.014539270511280922,-0.009311946781142038,1.0,-0.009311946781142038
2024-08-07,MNQ.v.0,18453.5,18090.75,17972.25,-0.01983947735330148,-0.006571856278955208,-1.0,0.006571856278955208
2024-08-08,MNQ.v.0,18225.25,18442.5,18519.0,0.011890454665458702,0.004139448303548305,1.0,0.004139448303548305
2024-08-09,MNQ.v.0,18451.0,18607.75,18610.0,0.008432720159229166,0.00012091004978764075,1.0,0.00012091004978764075
2024-08-12,MNQ.v.0,18641.25,18621.75,18644.5,-0.0011137427600634974,0.0012209440352129914,-1.0,-0.0012209440352129914
2024-08-13,MNQ.v.0,18821.75,19059.75,19101.25,0.012591898595131674,0.0021749962715873613,1.0,0.0021749962715873613
2024-08-14,MNQ.v.0,19137.0,19059.0,19108.0,-0.004057968994545138,0.002567664575209634,-1.0,-0.002567664575209634
2024-08-15,MNQ.v.0,19352.25,19581.5,19588.0,0.011776551166864043,0.00033189088753582673,1.0,0.00033189088753582673
2024-08-16,MNQ.v.0,19503.25,19602.5,19603.75,0.005075990773918045,6.37653435574478e-05,1.0,6.37653435574478e-05
2024-08-19,MNQ.v.0,19604.75,19784.75,19860.25,0.009101646405143732,0.003808807732288432,1.0,0.003808807732288432
2024-08-20,MNQ.v.0,19817.75,19824.75,19811.75,0.00034054575939737396,-0.000655961069526397,1.0,-0.000655961069526397
2024-08-21,MNQ.v.0,19842.0,19871.5,19906.0,0.0014856411762176377,0.001734649419943297,1.0,0.001734649419943297
2024-08-22,MNQ.v.0,19998.0,19582.25,19584.75,-0.02100872487659571,0.0001276584881861388,-1.0,-0.0001276584881861388
2024-08-23,MNQ.v.0,19755.75,19800.0,19789.0,0.002224723143318779,-0.0005557099337229326,1.0,-0.0005557099337229326
2024-08-26,MNQ.v.0,19763.25,19587.0,19593.25,-0.008996363043137697,0.00031903829368169295,-1.0,-0.00031903829368169295
2024-08-27,MNQ.v.0,19523.5,19649.0,19651.25,0.00640757824433552,0.00011450308852788803,1.0,0.00011450308852788803
2024-08-28,MNQ.v.0,19625.5,19455.5,19421.5,-0.008725634614410348,-0.0017491066012411047,-1.0,0.0017491066012411047
2024-08-29,MNQ.v.0,19497.5,19404.25,19393.25,-0.00479413798108787,-0.0005670468609959869,-1.0,0.0005670468609959869
2024-08-30,MNQ.v.0,19559.25,19563.25,19610.25,0.0002044859103552563,0.0023995825010351157,1.0,0.0023995825010351157
2024-09-03,MNQ.v.0,19477.75,19035.5,19012.0,-0.022953998301823965,-0.0012352981398694692,-1.0,0.0012352981398694692
2024-09-04,MNQ.v.0,18878.0,18965.75,18957.25,0.004663860954561277,-0.0004482767788593366,1.0,-0.0004482767788593366
2024-09-05,MNQ.v.0,18886.5,18962.75,18975.5,0.004055514511641948,0.0006721448922927946,1.0,0.0006721448922927946
2024-09-06,MNQ.v.0,18929.75,18511.75,18458.25,-0.022356103213999175,-0.0028942405921448585,-1.0,0.0028942405921448585
2024-09-09,MNQ.v.0,18628.75,18645.25,18688.75,0.0008719273499185934,0.0023303165846203185,1.0,0.0023303165846203185
2024-09-10,MNQ.v.0,18758.5,18858.5,18855.25,0.005330014146905162,-0.00017235093344183765,1.0,-0.00017235093344183765
2024-09-11,MNQ.v.0,18902.75,19199.5,19255.25,0.015576822901362931,0.002899513795219167,1.0,0.002899513795219167
2024-09-12,MNQ.v.0,19259.5,19447.0,19451.75,0.009688371029725555,0.00024422378732524467,1.0,0.00024422378732524467
2024-09-13,MNQ.v.0,19409.25,19529.25,19527.25,0.006125180465397119,-0.00010241573114586194,1.0,-0.00010241573114586194
2024-09-16,MNQ.v.0,19434.75,19419.25,19438.0,-0.0008236066714420598,0.0009650709432733106,-1.0,-0.0009650709432733106
2024-09-17,MNQ.v.0,19561.25,19416.0,19445.0,-0.007414472881260811,0.0014924991834103084,-1.0,-0.0014924991834103084
2024-09-18,MNQ.v.0,19731.0,19743.5,19583.75,0.0006333202658834297,-0.00812418252764726,1.0,-0.00812418252764726
2024-09-19,MNQ.v.0,20052.5,20107.5,20081.75,0.0027514786315553964,-0.0012814373755983856,1.0,-0.0012814373755983856
2024-09-20,MNQ.v.0,20035.0,20037.0,20033.0,9.982032350068525e-05,-0.0001996506120931925,1.0,-0.0001996506120931925
2024-09-23,MNQ.v.0,20076.5,20075.0,20076.5,-8.717038702940582e-05,7.471700936187126e-05,-1.0,-7.471700936187126e-05
2024-09-24,MNQ.v.0,20135.25,20151.75,20171.0,0.0008191228397535072,0.0009547960623922418,1.0,0.0009547960623922418
2024-09-25,MNQ.v.0,20140.75,20181.75,20194.75,0.00202121726208549,0.0006439389471208633,1.0,0.0006439389471208633
2024-09-26,MNQ.v.0,20503.25,20345.5,20341.5,-0.007723652949550452,-0.0001966230006089111,-1.0,0.0001966230006089111
2024-09-27,MNQ.v.0,20377.0,20240.75,20223.0,-0.006745969399534651,-0.0008773285292896972,-1.0,0.0008773285292896972
2024-09-30,MNQ.v.0,20179.0,20153.75,20270.25,-0.001239679825536352,0.005763918589819168,-1.0,-0.005763918589819168
2024-10-01,MNQ.v.0,20252.0,20038.25,19978.5,-0.01061060705338044,-0.0029862517272244817,-1.0,0.0029862517272244817
2024-10-02,MNQ.v.0,19943.25,20047.25,20009.75,0.005188776403004785,-0.0018723324739790416,1.0,-0.0018723324739790416
2024-10-03,MNQ.v.0,19912.25,19923.25,19988.0,0.0005397229971422956,0.003244702023004318,1.0,0.003244702023004318
2024-10-04,MNQ.v.0,20227.5,20196.0,20227.25,-0.0015584997031884498,0.0015461402151181428,-1.0,-0.0015461402151181428
2024-10-07,MNQ.v.0,20137.0,19996.0,19999.0,-0.007039167923601371,0.00015001875262531,-1.0,-0.00015001875262531
2024-10-08,MNQ.v.0,20103.25,20288.25,20300.0,0.009172729524889628,0.0005789853136431385,1.0,0.0005789853136431385
2024-10-09,MNQ.v.0,20282.75,20432.5,20458.5,0.007343763816191248,0.0012716736447547887,1.0,0.0012716736447547887
2024-10-10,MNQ.v.0,20359.75,20415.25,20429.5,0.002710012142993415,0.0006977641228389485,1.0,0.0006977641228389485
2024-10-11,MNQ.v.0,20340.5,20481.25,20449.0,0.006908067254221873,-0.0015758519273101686,1.0,-0.0015758519273101686
2024-10-14,MNQ.v.0,20551.0,20638.0,20621.5,0.004248661995060516,-0.0007998158426348302,1.0,-0.0007998158426348302
2024-10-15,MNQ.v.0,20631.75,20294.75,20343.75,-0.01649355671297236,0.002411507498853793,-1.0,-0.002411507498853793
2024-10-16,MNQ.v.0,20353.25,20349.0,20346.5,-0.000233405198624858,-0.00012286370744404312,-1.0,0.00012286370744404312
2024-10-17,MNQ.v.0,20573.0,20381.0,20364.0,-0.009376442187851143,-0.0008344582641529006,-1.0,0.0008344582641529006
2024-10-18,MNQ.v.0,20466.0,20490.75,20482.5,0.0011963914359061423,-0.0004027017681776302,1.0,-0.0004027017681776302
2024-10-21,MNQ.v.0,20427.75,20478.5,20520.5,0.002493492546387122,0.0020488311759789004,1.0,0.0020488311759789004
2024-10-22,MNQ.v.0,20402.75,20546.25,20540.25,0.0070209144485648654,-0.00029206673932563886,1.0,-0.00029206673932563886
2024-10-23,MNQ.v.0,20434.75,20185.5,20218.5,-0.012272358161431782,0.0016335019967283263,-1.0,-0.0016335019967283263
2024-10-24,MNQ.v.0,20372.5,20389.75,20380.0,0.000858632374126057,-0.0004782958044075933,1.0,-0.0004782958044075933
2024-10-25,MNQ.v.0,20491.0,20514.0,20495.0,0.0011218145305237313,-0.000926625928918328,1.0,-0.000926625928918328
2024-10-28,MNQ.v.0,20625.25,20528.0,20500.0,-0.004738424048201357,-0.0013649217289181167,-1.0,0.0013649217289181167
2024-10-29,MNQ.v.0,20511.0,20742.0,20695.25,0.011199302567775855,-0.002256424827200175,1.0,-0.002256424827200175
2024-10-30,MNQ.v.0,20661.75,20571.0,20536.0,-0.004377542110832523,-0.0017028734014978278,-1.0,0.0017028734014978278
2024-10-31,MNQ.v.0,20365.75,20081.0,20012.5,-0.01409292358961346,-0.0034170160574896503,-1.0,0.0034170160574896503
2024-11-01,MNQ.v.0,20068.5,20156.75,20146.75,0.004400201006475881,-0.0004962348284991828,1.0,-0.0004962348284991828
2024-11-04,MNQ.v.0,20120.25,20118.0,20085.75,-9.940728415056991e-05,-0.001604328298592765,-1.0,0.001604328298592765
2024-11-05,MNQ.v.0,20152.25,20330.75,20341.25,0.008818573563529877,0.0005163257392442202,1.0,0.0005163257392442202
2024-11-06,MNQ.v.0,20684.75,20903.5,20893.5,0.01050793548622325,-0.00047850325098948426,1.0,-0.00047850325098948426
2024-11-07,MNQ.v.0,21006.25,21231.0,21221.75,0.010654140435478332,-0.0004357786078114521,1.0,-0.0004357786078114521
2024-11-08,MNQ.v.0,21186.25,21221.0,21234.0,0.0015917468357099231,0.0006124131624687969,1.0,0.0006124131624687969
2024-11-11,MNQ.v.0,21282.75,21193.0,21220.0,-0.004249539946938636,0.0012731947114000446,-1.0,-0.0012731947114000446
2024-11-12,MNQ.v.0,21214.5,21185.5,21185.25,-0.0013679247416089827,-1.1800593569958813e-05,-1.0,1.1800593569958813e-05
2024-11-13,MNQ.v.0,21158.75,21180.5,21159.0,0.001062824852054406,-0.0010156001770452675,1.0,-0.0010156001770452675
2024-11-14,MNQ.v.0,21137.5,21023.5,21008.75,-0.005419746074795434,-0.0007018420667685484,-1.0,0.0007018420667685484
2024-11-15,MNQ.v.0,20758.5,20480.75,20491.75,-0.013494794223905732,0.0005369455251344823,-1.0,-0.0005369455251344823
2024-11-18,MNQ.v.0,20557.0,20649.25,20631.25,0.004477483591342017,-0.0008720825155117466,1.0,-0.0008720825155117466
2024-11-19,MNQ.v.0,20522.0,20751.5,20765.25,0.011133099029893293,0.0006623832791698741,1.0,0.0006623832791698741
2024-11-20,MNQ.v.0,20753.0,20655.25,20752.0,-0.004733393690795433,0.004673103191733346,-1.0,-0.004673103191733346
2024-11-21,MNQ.v.0,20875.25,20869.0,20823.5,-0.0002874630210599324,-0.002182647625511172,-1.0,0.002182647625511172
2024-11-22,MNQ.v.0,20790.5,20823.25,20847.5,0.001598010637015165,0.0011638860705642622,1.0,0.0011638860705642622
2024-11-25,MNQ.v.0,21016.0,20857.75,20878.0,-0.007558470564850354,0.0009703911677183569,-1.0,-0.0009703911677183569
2024-11-26,MNQ.v.0,20938.75,20956.5,20989.5,0.0008473514807548424,0.0015734519052264448,1.0,0.0015734519052264448
2024-11-27,MNQ.v.0,20936.25,20799.0,20816.75,-0.006565177945672428,0.0008530424695632597,-1.0,-0.0008530424695632597
2024-12-02,MNQ.v.0,21042.75,21236.25,21217.0,0.009141771970810814,-0.0009068799830080349,1.0,-0.0009068799830080349
2024-12-03,MNQ.v.0,21158.0,21255.25,21279.0,0.0045976008462235585,0.0011167472081094582,1.0,0.0011167472081094582
2024-12-04,MNQ.v.0,21418.0,21521.0,21537.25,0.004809129129861754,0.0007547915101744121,1.0,0.0007547915101744121
2024-12-05,MNQ.v.0,21535.25,21472.25,21475.25,-0.0029530097958350696,0.0001397054545610142,-1.0,-0.0001397054545610142
2024-12-06,MNQ.v.0,21491.0,21648.25,21658.25,0.00730192514051304,0.0004618244456484442,1.0,0.0004618244456484442
2024-12-09,MNQ.v.0,21615.0,21445.75,21485.75,-0.007861027575075813,0.001863434148567834,-1.0,-0.001863434148567834
2024-12-10,MNQ.v.0,21532.75,21371.75,21408.0,-0.007516773244762386,0.001694727466903884,-1.0,-0.001694727466903884
2024-12-11,MNQ.v.0,21590.25,21815.75,21791.5,0.010390362103747488,-0.001112200494172438,1.0,-0.001112200494172438
2024-12-12,MNQ.v.0,21693.75,21653.75,21643.25,-0.0018570964279336002,-0.00048502206646372715,-1.0,0.00048502206646372715
2024-12-13,MNQ.v.0,21795.0,21811.0,21797.5,0.0007338439993594808,-0.0006191453698824001,1.0,-0.0006191453698824001
2024-12-16,MNQ.v.0,21899.5,22145.25,22111.5,0.011170510068826463,-0.001525191368207611,1.0,-0.001525191368207611
2024-12-17,MNQ.v.0,22033.5,21971.75,22015.75,-0.0028292419124712168,0.002000569010514914,-1.0,-0.002000569010514914
2024-12-18,MNQ.v.0,21980.75,21439.75,21211.75,-0.02488541349616616,-0.010691402263058833,-1.0,0.010691402263058833
2024-12-19,MNQ.v.0,21677.0,21489.25,21376.75,-0.008710614312362693,-0.005248927275357355,-1.0,0.005248927275357355
2024-12-20,MNQ.v.0,21211.25,21652.0,21567.5,0.0205430348082353,-0.003910276966134687,1.0,-0.003910276966134687
2024-12-23,MNQ.v.0,21619.25,21707.25,21755.75,0.004062184621874486,0.0022317842823080204,1.0,0.0022317842823080204
2024-12-26,MNQ.v.0,21961.5,22047.75,22007.25,0.0039082964606892145,-0.001838611345325546,1.0,-0.001838611345325546
2024-12-27,MNQ.v.0,21845.75,21649.25,21703.0,-0.009024035119718986,0.0024796880227316116,-1.0,-0.0024796880227316116
2024-12-30,MNQ.v.0,21408.5,21468.5,21412.0,0.0027637695794155218,-0.0026352319910808476,1.0,-0.0026352319910808476
2024-12-31,MNQ.v.0,21456.0,21308.75,21220.75,-0.006886540056325177,-0.004138309906665329,-1.0,0.004138309906665329
2025-01-02,MNQ.v.0,21348.0,21156.0,21169.5,-0.009022688359149923,0.0006379133363008607,-1.0,-0.0006379133363008607
2025-01-03,MNQ.v.0,21293.75,21522.25,21508.25,0.010685297122833042,-0.0006507012697495808,1.0,-0.0006507012697495808
2025-01-06,MNQ.v.0,21732.75,21727.0,21750.0,-0.00025310630599915853,0.001058030781589109,-1.0,-0.001058030781589109
2025-01-07,MNQ.v.0,21791.75,21327.75,21359.5,-0.021569304484730864,0.0014875638910833017,-1.0,-0.0014875638910833017
2025-01-08,MNQ.v.0,21355.75,21348.25,21360.25,-0.00033954466216611475,0.0005619490413284812,-1.0,-0.0005619490413284812
2025-01-10,MNQ.v.0,21193.25,21010.75,21016.0,-0.008624726187244388,0.0002498408764564833,-1.0,-0.0002498408764564833
2025-01-13,MNQ.v.0,20765.75,20883.75,20948.0,0.00569029146442119,0.003071831827390181,1.0,0.003071831827390181
2025-01-14,MNQ.v.0,21071.25,20835.25,20923.75,-0.011287286350029702,0.004238613592186949,-1.0,-0.004238613592186949
2025-01-15,MNQ.v.0,21252.25,21439.75,21396.0,0.008795564084374836,-0.0020426870178528304,1.0,-0.0020426870178528304
2025-01-16,MNQ.v.0,21495.0,21331.25,21248.0,-0.00763549644952127,-0.003910360378856812,-1.0,0.003910360378856812
2025-01-17,MNQ.v.0,21647.0,21601.0,21600.25,-0.002138840408179288,-3.472121756087464e-05,-1.0,3.472121756087464e-05
2025-01-21,MNQ.v.0,21710.75,21743.0,21714.5,0.0014728390479331378,-0.0013116264895985808,1.0,-0.0013116264895985808
2025-01-22,MNQ.v.0,21914.25,22015.5,21997.25,0.004598284886639892,-0.0008293051920612772,1.0,-0.0008293051920612772
2025-01-23,MNQ.v.0,21889.0,21970.0,22042.0,0.0036936588655012074,0.0032718378728313915,1.0,0.0032718378728313915
2025-01-24,MNQ.v.0,22044.25,21864.75,21908.5,-0.008187479904334634,0.0019989383729952094,-1.0,-0.0019989383729952094
2025-01-27,MNQ.v.0,21123.75,21177.25,21258.5,0.0025176871865485286,0.0038293231195655614,1.0,0.0038293231195655614
2025-01-28,MNQ.v.0,21302.5,21616.25,21576.0,0.01464404041705408,-0.001863760820566022,1.0,-0.001863760820566022
2025-01-29,MNQ.v.0,21599.75,21585.25,21530.0,-0.0007294410836651203,-0.0025628996813080113,-1.0,0.0025628996813080113
2025-01-30,MNQ.v.0,21650.0,21690.5,21624.25,0.0018689222223296084,-0.0030590065352475155,1.0,-0.0030590065352475155
2025-01-31,MNQ.v.0,21774.25,21558.75,21580.25,-0.009981101617178743,0.0009967779401534617,-1.0,-0.0009967779401534617
2025-02-03,MNQ.v.0,21215.5,21457.75,21406.75,0.011365489607966796,-0.0023795926263204432,1.0,-0.0023795926263204432
2025-02-04,MNQ.v.0,21421.75,21629.75,21668.0,0.009651362626456056,0.0017668359187462536,1.0,0.0017668359187462536
2025-02-05,MNQ.v.0,21550.5,21743.5,21761.5,0.008938839272041452,0.0008274911401958925,1.0,0.0008274911401958925
2025-02-06,MNQ.v.0,21776.75,21790.5,21871.0,0.0006082620534477143,0.003687463381504351,1.0,0.003687463381504351
2025-02-07,MNQ.v.0,21885.5,21575.0,21588.25,-0.014277492692656008,0.0006139482275406592,-1.0,-0.0006139482275406592
2025-02-10,MNQ.v.0,21764.5,21862.75,21843.0,0.004504073307261156,-0.000903771304431156,1.0,-0.000903771304431156
2025-02-11,MNQ.v.0,21706.25,21810.75,21790.25,0.004802730007501217,-0.0009403454742135718,1.0,-0.0009403454742135718
2025-02-12,MNQ.v.0,21550.5,21815.25,21801.75,0.012221708185335214,-0.0006190247119742799,1.0,-0.0006190247119742799
2025-02-13,MNQ.v.0,21869.25,22084.5,22109.0,0.009794464443608734,0.0011087604516467119,1.0,0.0011087604516467119
2025-02-14,MNQ.v.0,22108.5,22185.25,22194.5,0.003476772364848683,0.0004168567931971721,1.0,0.0004168567931971721
2025-02-18,MNQ.v.0,22257.75,22169.75,22238.75,-0.003950238943320546,0.003107515701982768,-1.0,-0.003107515701982768
2025-02-19,MNQ.v.0,22207.5,22219.0,22246.75,0.0005289606047695034,0.0012481518293340184,1.0,0.0012481518293340184
2025-02-20,MNQ.v.0,22210.0,22102.25,22145.25,-0.004885846997274781,0.001943613245336655,-1.0,-0.001943613245336655
2025-02-21,MNQ.v.0,22186.5,21702.0,21682.5,-0.022091093341339324,-0.0008989386215421815,-1.0,0.0008989386215421815
2025-02-24,MNQ.v.0,21753.0,21522.75,21421.75,-0.010664395326014356,-0.004703754204670561,-1.0,0.004703754204670561
2025-02-25,MNQ.v.0,21391.25,21226.5,21150.25,-0.007708003647217561,-0.003598675325001964,-1.0,0.003598675325001964
2025-02-26,MNQ.v.0,21238.5,21148.0,21192.0,-0.004258412658830382,0.0020784135965648573,-1.0,-0.0020784135965648573
2025-02-27,MNQ.v.0,21340.5,20688.75,20608.5,-0.0310166015045811,-0.003886462222637649,-1.0,0.003886462222637649
2025-02-28,MNQ.v.0,20590.75,20766.75,20920.25,0.008487126892996771,0.007364439453787143,1.0,0.007364439453787143
2025-03-03,MNQ.v.0,21055.75,20380.75,20473.25,-0.032558321416624764,0.004528328098357318,-1.0,-0.004528328098357318
2025-03-04,MNQ.v.0,20342.5,20671.75,20397.25,0.01604364641249686,-0.013367946032074913,1.0,-0.013367946032074913
2025-03-05,MNQ.v.0,20421.25,20690.25,20658.0,0.013074466398870345,-0.001559921231957331,1.0,-0.001559921231957331
2025-03-06,MNQ.v.0,20311.0,20105.75,20094.0,-0.010169201733886751,-0.0005845807665278982,-1.0,0.0005845807665278982
2025-03-07,MNQ.v.0,20037.25,20225.75,20224.75,0.009351143266362747,-4.944314657191846e-05,1.0,-4.944314657191846e-05
2025-03-10,MNQ.v.0,19881.75,19434.0,19463.25,-0.022778116105942908,0.0015039626458626938,-1.0,-0.0015039626458626938
2025-03-11,MNQ.v.0,19420.0,19551.5,19392.75,0.0067741201260059355,-0.008152724949179556,1.0,-0.008152724949179556
2025-03-12,MNQ.v.0,19696.5,19619.0,19609.25,-0.003942470546340551,-0.0004970907547886282,-1.0,0.0004970907547886282
2025-03-13,MNQ.v.0,19573.75,19260.75,19252.0,-0.016094077263589475,-0.0004543949809117257,-1.0,0.0004543949809117257
2025-03-14,MNQ.v.0,19465.0,19668.75,19705.25,0.010387679409133597,0.0018540158711508816,1.0,0.0018540158711508816
2025-03-17,MNQ.v.0,19702.75,19917.25,19832.5,0.010853074059438313,-0.004264184223512574,1.0,-0.004264184223512574
2025-03-18,MNQ.v.0,19692.0,19504.75,19501.75,-0.009618525252662517,-0.00015382051739660154,-1.0,0.00015382051739660154
2025-03-19,MNQ.v.0,19585.0,19751.5,19749.25,0.008528755042605933,-0.0001139218876822699,1.0,-0.0001139218876822699
2025-03-20,MNQ.v.0,19786.5,19833.0,19881.5,0.0023473300446035837,0.0024424340787619794,1.0,0.0024424340787619794
2025-03-21,MNQ.v.0,19657.75,19840.75,19952.75,0.009266240966733319,0.005629074886117568,1.0,0.005629074886117568
2025-03-24,MNQ.v.0,20256.25,20370.75,20366.0,0.005624387930582763,-0.00023320466269534482,1.0,-0.00023320466269534482
2025-03-25,MNQ.v.0,20401.5,20437.5,20488.25,0.0017997176730703873,0.0024801024300451636,1.0,0.0024801024300451636
2025-03-26,MNQ.v.0,20439.25,20065.25,20112.5,-0.01848006818413243,0.002352049170637046,-1.0,-0.002352049170637046
2025-03-27,MNQ.v.0,20028.75,20109.75,19995.25,0.004060893993392615,-0.005710026734831013,1.0,-0.005710026734831013
2025-03-28,MNQ.v.0,19911.0,19459.25,19461.5,-0.02296265485587883,0.00011561956038907398,-1.0,-0.00011561956038907398
2025-03-31,MNQ.v.0,19166.75,19366.0,19450.25,0.010329034931835958,0.004340972262947867,1.0,0.004340972262947867
2025-04-01,MNQ.v.0,19380.5,19475.0,19603.25,0.0048898594447790555,0.00656377706018265,1.0,0.00656377706018265
2025-04-02,MNQ.v.0,19328.0,19693.5,19746.5,0.018746504771043206,0.0026876283926526344,1.0,0.0026876283926526344
2025-04-03,MNQ.v.0,18923.75,18726.5,18686.25,-0.010491464094496878,-0.002151673722395943,-1.0,0.002151673722395943
2025-04-04,MNQ.v.0,18153.0,17744.5,17535.75,-0.02273205020983433,-0.011833954473107748,-1.0,0.011833954473107748
2025-04-07,MNQ.v.0,16928.0,17432.25,17560.25,0.029467606606482923,0.007315886027167709,1.0,0.007315886027167709
2025-04-08,MNQ.v.0,18149.0,17269.75,17239.25,-0.049659046690344176,-0.0017676552749546547,-1.0,0.0017676552749546547
2025-04-09,MNQ.v.0,17207.75,19149.0,19272.0,0.10690368663540283,0.0064027703705403114,1.0,0.0064027703705403114
2025-04-10,MNQ.v.0,18791.0,18385.5,18483.25,-0.021788526365452664,0.0053026060846343955,-1.0,-0.0053026060846343955
2025-04-11,MNQ.v.0,18415.0,18829.5,18808.75,0.022245961920377238,-0.0011026018532849775,1.0,-0.0011026018532849775
2025-04-14,MNQ.v.0,19232.75,19039.75,18941.0,-0.010085656071657961,-0.005200014350311361,-1.0,0.005200014350311361
2025-04-15,MNQ.v.0,18987.0,18963.0,18959.75,-0.0013043737891588669,-0.00017140107233551847,-1.0,0.00017140107233551847
2025-04-16,MNQ.v.0,18584.75,18136.0,18387.5,-0.0244975792155078,0.013772172722328016,-1.0,-0.013772172722328016
2025-04-17,MNQ.v.0,18498.5,18374.75,18373.0,-0.006725813871625694,-9.524392657085915e-05,-1.0,9.524392657085915e-05
2025-04-21,MNQ.v.0,18128.75,17777.75,17922.25,-0.019537338072839514,0.008095282304361422,-1.0,-0.008095282304361422
2025-04-22,MNQ.v.0,18152.25,18272.5,18379.75,0.006630040552715129,0.00585231772160398,1.0,0.00585231772160398
2025-04-23,MNQ.v.0,18949.0,18774.5,18788.0,-0.009224962037279013,0.0007188020276212799,-1.0,-0.0007188020276212799
2025-04-24,MNQ.v.0,18875.5,19239.5,19319.25,0.019113666539689086,0.004136550781193385,1.0,0.004136550781193385
2025-04-25,MNQ.v.0,19302.25,19487.25,19530.0,0.00955156495713056,0.0021913393233511727,1.0,0.0021913393233511727
2025-04-28,MNQ.v.0,19548.25,19507.0,19524.0,-0.002125208839821021,0.0008711025121054065,-1.0,-0.0008711025121054065
2025-04-29,MNQ.v.0,19427.25,19649.25,19645.0,0.011349726773307318,-0.0002163166375015441,1.0,-0.0002163166375015441
2025-04-30,MNQ.v.0,19301.25,19479.0,19642.5,0.009141432543253813,0.008358623873380136,1.0,0.008358623873380136
2025-05-01,MNQ.v.0,19971.5,20017.0,19877.5,0.0022631657706401577,-0.006993473715067453,1.0,-0.006993473715067453
2025-05-02,MNQ.v.0,20091.25,20221.5,20185.5,0.006486723767993609,-0.001781869949522631,1.0,-0.001781869949522631
2025-05-05,MNQ.v.0,20010.25,20113.25,20065.5,0.005134159594905219,-0.0023768794440106457,1.0,-0.0023768794440106457
2025-05-06,MNQ.v.0,19795.75,19947.75,19875.75,0.007674151994070486,-0.0036159593431494314,1.0,-0.0036159593431494314
2025-05-07,MNQ.v.0,19899.75,19773.75,19950.0,-0.006364511410946506,0.008873842805220262,-1.0,-0.008873842805220262
2025-05-08,MNQ.v.0,20162.5,20320.75,20152.75,0.007830390646478851,-0.008301775970532435,1.0,-0.008301775970532435
2025-05-09,MNQ.v.0,20227.0,20157.25,20136.5,-0.0034667229648358685,-0.0010299364955730222,-1.0,0.0010299364955730222
2025-05-12,MNQ.v.0,20918.75,20883.75,20949.75,-0.0016505996140409821,0.0031553685328705866,-1.0,-0.0031553685328705866
2025-05-13,MNQ.v.0,21004.25,21320.75,21270.5,0.014967704313326084,-0.0023596406921889187,1.0,-0.0023596406921889187
2025-05-14,MNQ.v.0,21314.75,21355.25,21396.75,0.0019217029384494676,0.0019414302505137827,1.0,0.0019414302505137827
2025-05-15,MNQ.v.0,21302.75,21320.0,21419.25,0.0008446045524199353,0.0046444511033519745,1.0,0.0046444511033519745
2025-05-16,MNQ.v.0,21467.5,21495.75,21505.25,0.00132670774868734,0.00044185019671904907,1.0,0.00044185019671904907
2025-05-19,MNQ.v.0,21202.25,21458.75,21523.0,0.012013529154090777,0.0029896431790401336,1.0,0.0029896431790401336
2025-05-20,MNQ.v.0,21412.25,21378.25,21447.25,-0.001624221110872567,0.0032223819783319843,-1.0,-0.0032223819783319843
2025-05-21,MNQ.v.0,21279.0,21096.75,21148.75,-0.008613520942363926,0.002461801908465005,-1.0,-0.002461801908465005
2025-05-22,MNQ.v.0,21171.0,21325.0,21183.75,0.0072126020841846656,-0.0066457150522983436,1.0,-0.0066457150522983436
2025-05-23,MNQ.v.0,20849.5,21014.0,20978.75,0.007870811884582704,-0.0016788616263316229,1.0,-0.0016788616263316229
2025-05-27,MNQ.v.0,21259.5,21436.5,21465.75,0.008291222314889374,0.0013635650592716826,1.0,0.0013635650592716826
2025-05-28,MNQ.v.0,21504.75,21458.0,21372.75,-0.0021646541515812686,-0.003980790090180342,-1.0,0.003980790090180342
2025-05-29,MNQ.v.0,21674.25,21370.25,21411.75,-0.014101755347734553,0.001940068861516811,-1.0,-0.001940068861516811
2025-05-30,MNQ.v.0,21382.75,21387.75,21369.5,0.0002104278707787175,-0.0008536564492934213,1.0,-0.0008536564492934213
2025-06-02,MNQ.v.0,21288.0,21531.5,21533.25,0.01137344550161546,8.127296691432647e-05,1.0,8.127296691432647e-05
2025-06-03,MNQ.v.0,21546.25,21712.75,21704.0,0.007709372025170863,-0.00040307024908426857,1.0,-0.00040307024908426857
2025-06-04,MNQ.v.0,21726.0,21784.5,21757.5,0.00268900772227224,-0.0012401820522996094,1.0,-0.0012401820522996094
2025-06-05,MNQ.v.0,21812.25,21575.5,21587.5,-0.0109365016094213,0.0005560318008096181,-1.0,-0.0005560318008096181
2025-06-06,MNQ.v.0,21797.5,21808.25,21789.5,0.0005159810921415057,-0.0008601361839081286,1.0,-0.0008601361839081286
2025-06-09,MNQ.v.0,21798.0,21856.5,21818.5,0.002691575852261381,-0.001740126369263482,1.0,-0.001740126369263482
2025-06-10,MNQ.v.0,21836.5,21967.5,21964.75,0.005992587147476814,-0.0001251927685739368,1.0,-0.0001251927685739368
2025-06-11,MNQ.v.0,22017.0,21850.25,21887.75,-0.00760251910729413,0.0017147564675438131,-1.0,-0.0017147564675438131
2025-06-12,MNQ.v.0,21829.25,21935.5,21936.75,0.004878309238588876,5.6983628618952234e-05,1.0,5.6983628618952234e-05
2025-06-13,MNQ.v.0,21680.0,21633.75,21652.25,-0.0021586936170534033,0.0008547798884821238,-1.0,-0.0008547798884821238
2025-06-16,MNQ.v.0,21793.5,21940.0,21948.5,0.006722483815749451,0.0003873452091675495,1.0,0.0003873452091675495
2025-06-17,MNQ.v.0,21839.5,21762.75,21730.5,-0.0035779034062996965,-0.001482989011421325,-1.0,0.001482989011421325
2025-06-18,MNQ.v.0,21992.5,21921.75,21948.5,-0.003199383347215041,0.001219505396718786,-1.0,-0.001219505396718786
2025-06-20,MNQ.v.0,22074.75,21813.0,21842.75,-0.011905377213592715,0.0013629363648677555,-1.0,-0.0013629363648677555
2025-06-23,MNQ.v.0,21869.25,22055.0,22073.0,0.008480463348338511,0.000815808602171613,1.0,0.000815808602171613
2025-06-24,MNQ.v.0,22286.0,22421.75,22405.25,0.006061641330651391,-0.0007361635061531026,1.0,-0.0007361635061531026
2025-06-25,MNQ.v.0,22499.25,22441.0,22463.0,-0.0026034727656026047,0.0009798682415936707,-1.0,-0.0009798682415936707
2025-06-26,MNQ.v.0,22552.75,22671.25,22673.25,0.0052295649739383535,8.821356509810562e-05,1.0,8.821356509810562e-05
2025-06-27,MNQ.v.0,22707.25,22671.0,22752.0,-0.0015866548057965374,0.003566478914137787,-1.0,-0.003566478914137787
2025-06-30,MNQ.v.0,22872.25,22877.0,22885.75,0.0002185816247132027,0.0003824070933948529,1.0,0.0003824070933948529
2025-07-01,MNQ.v.0,22803.0,22725.75,22693.0,-0.003393463432737433,-0.0014421359317903669,-1.0,0.0014421359317903669
2025-07-02,MNQ.v.0,22654.25,22824.0,22844.75,0.007476094937279464,0.0009087177305220374,1.0,0.0009087177305220374
2025-07-07,MNQ.v.0,22943.25,22847.5,22883.75,-0.004203957906071595,0.0015853495188677407,-1.0,-0.0015853495188677407
2025-07-08,MNQ.v.0,22935.0,22890.25,22891.75,-0.001953072344389765,6.55279367671607e-05,-1.0,-6.55279367671607e-05
2025-07-09,MNQ.v.0,22978.5,23036.5,23051.0,0.0025317707114288477,0.0006292378835226919,1.0,0.0006292378835226919
2025-07-10,MNQ.v.0,23072.25,23029.0,23015.0,-0.0018871613591893853,-0.0006081139966742878,-1.0,0.0006081139966742878
2025-07-11,MNQ.v.0,22915.25,22980.25,22955.25,0.002821644634679297,-0.0010884828713445093,1.0,-0.0010884828713445093
2025-07-14,MNQ.v.0,22942.75,23042.0,23034.5,0.004327504850732498,-0.00032554556297627714,1.0,-0.00032554556297627714
2025-07-15,MNQ.v.0,23200.25,23089.0,23052.0,-0.004828396407596359,-0.0016037800624466225,-1.0,0.0016037800624466225
2025-07-16,MNQ.v.0,23074.5,23071.25,23074.5,-0.00010835057923982117,0.00014085804241444712,-1.0,-0.00014085804241444712
2025-07-17,MNQ.v.0,23100.25,23261.5,23257.75,0.006966940737828309,-0.0001612235798351217,1.0,-0.0001612235798351217
2025-07-18,MNQ.v.0,23300.5,23212.5,23226.75,-0.0037838928900525413,0.0006137050209575214,-1.0,-0.0006137050209575214
2025-07-21,MNQ.v.0,23256.25,23368.75,23344.25,0.004825746630491248,-0.00104895863020892,1.0,-0.00104895863020892
2025-07-22,MNQ.v.0,23346.0,23238.5,23221.0,-0.004593761432442887,-0.0007533443462648014,-1.0,0.0007533443462648014
2025-07-23,MNQ.v.0,23261.5,23293.0,23324.5,0.0013639856264918003,0.001351424027207061,1.0,0.001351424027207061
2025-07-24,MNQ.v.0,23374.0,23415.5,23376.5,0.0017845793610859087,-0.0016669520016613863,1.0,-0.0016669520016613863
2025-07-25,MNQ.v.0,23360.5,23439.25,23422.75,0.0033760715827304043,-0.000704195325929338,1.0,-0.000704195325929338
2025-07-28,MNQ.v.0,23473.0,23462.25,23491.75,-0.0004687333632215571,0.001256549128146673,-1.0,-0.001256549128146673
2025-07-29,MNQ.v.0,23595.5,23458.5,23457.0,-0.005823113321865117,-6.394475175629191e-05,-1.0,6.394475175629191e-05
2025-07-30,MNQ.v.0,23487.25,23394.25,23484.25,-0.003946082506326526,0.0038397180189523933,-1.0,-0.0038397180189523933
2025-07-31,MNQ.v.0,23747.75,23377.75,23354.0,-0.01571376782326207,-0.0010164396601785263,-1.0,0.0010164396601785263
2025-08-01,MNQ.v.0,23088.25,22876.75,22880.75,-0.009191791075073017,0.00017483472699281562,-1.0,-0.00017483472699281562
2025-08-04,MNQ.v.0,23094.25,23266.5,23296.75,0.007430888957112837,0.0012993081134015775,1.0,0.0012993081134015775
2025-08-05,MNQ.v.0,23348.75,23171.5,23133.75,-0.007641952720764147,-0.00163048502548372,-1.0,0.00163048502548372
2025-08-06,MNQ.v.0,23168.75,23430.5,23424.75,0.011234204537286262,-0.00024543674524685644,1.0,-0.00024543674524685644
2025-08-07,MNQ.v.0,23601.0,23396.0,23502.0,-0.008756073710104346,0.004520456330969961,-1.0,-0.004520456330969961
2025-08-08,MNQ.v.0,23541.75,23707.0,23713.75,0.0070054679187830935,0.0002846855035228476,1.0,0.0002846855035228476
2025-08-11,MNQ.v.0,23715.75,23662.25,23638.5,-0.0022584331436455215,-0.0010042124911708592,-1.0,0.0010042124911708592
2025-08-12,MNQ.v.0,23733.0,23923.5,23934.0,0.007984304710845888,0.0004388027025432247,1.0,0.0004388027025432247
2025-08-13,MNQ.v.0,24044.5,23935.75,23943.25,-0.004522678377415463,0.00031328975381048334,-1.0,-0.00031328975381048334
2025-08-14,MNQ.v.0,23858.25,23928.25,23921.5,0.0029296998134752668,-0.00028213313736331967,1.0,-0.00028213313736331967
2025-08-15,MNQ.v.0,23909.25,23807.5,23805.75,-0.004275257211298346,-7.350894974768709e-05,-1.0,7.350894974768709e-05
2025-08-18,MNQ.v.0,23768.75,23791.5,23796.75,0.0009671892344678904,0.00022064270156169747,1.0,0.00022064270156169747
2025-08-19,MNQ.v.0,23762.5,23459.5,23470.25,-0.012843834409710351,0.0004581315770070834,-1.0,-0.0004581315770070834
2025-08-20,MNQ.v.0,23425.75,23319.75,23324.75,-0.004535203674560199,0.00021438754919235052,-1.0,-0.00021438754919235052
2025-08-21,MNQ.v.0,23260.25,23236.75,23218.0,-0.0010000592266308141,-0.0008072371939651213,-1.0,0.0008072371939651213
2025-08-22,MNQ.v.0,23264.75,23575.5,23565.0,0.013258093433715729,-0.0004454768266625384,1.0,-0.0004454768266625384
2025-08-25,MNQ.v.0,23496.0,23552.5,23495.5,0.0024123925724715166,-0.0024230584887032555,1.0,-0.0024230584887032555
2025-08-26,MNQ.v.0,23470.25,23567.25,23587.0,0.004124374701088871,0.0008376763984108732,1.0,0.0008376763984108732
2025-08-27,MNQ.v.0,23541.5,23597.5,23620.0,0.0023759530895455473,0.0009530365522538805,1.0,0.0009530365522538805
2025-08-28,MNQ.v.0,23640.5,23777.5,23766.25,0.0057889265542072355,-0.000473248332744721,1.0,-0.000473248332744721
2025-08-29,MNQ.v.0,23652.0,23463.0,23473.25,-0.008001655750164958,0.00043676263710646984,-1.0,-0.00043676263710646984
2025-09-02,MNQ.v.0,23100.25,23233.75,23277.25,0.00576252296041813,0.0018705257974840224,1.0,0.0018705257974840224
2025-09-03,MNQ.v.0,23423.5,23353.5,23452.0,-0.0029822211307544443,0.004208913286266816,-1.0,-0.004208913286266816
2025-09-04,MNQ.v.0,23480.25,23628.75,23666.25,0.006304548679570093,0.001585791642184057,1.0,0.001585791642184057
2025-09-05,MNQ.v.0,23874.5,23683.0,23690.5,-0.00805345255852518,0.0003166327192484465,-1.0,-0.0003166327192484465
2025-09-08,MNQ.v.0,23784.25,23770.5,23803.5,-0.0005782808397973904,0.0013873126200341212,-1.0,-0.0013873126200341212
2025-09-09,MNQ.v.0,23835.0,23856.5,23867.25,0.0009016282338155852,0.00045050944998318123,1.0,0.00045050944998318123
2025-09-10,MNQ.v.0,23998.5,23810.5,23873.75,-0.007885667895967834,0.0026528691169354565,-1.0,-0.0026528691169354565
2025-09-11,MNQ.v.0,23977.0,24033.0,24011.75,0.0023224459639337156,-0.0008845920266285794,1.0,-0.0008845920266285794
2025-09-12,MNQ.v.0,24040.5,24124.75,24109.5,0.003488013502072053,-0.0006323307818876861,1.0,-0.0006323307818876861
2025-09-15,MNQ.v.0,24177.75,24273.25,24311.5,0.003962730797843255,0.0015745684768434431,1.0,0.0015745684768434431
2025-09-16,MNQ.v.0,24344.25,24299.5,24286.25,-0.0018501963401934016,-0.0005454274279383967,-1.0,0.0005454274279383967
2025-09-17,MNQ.v.0,24280.75,24285.0,24231.75,0.00028825267605428093,-0.0021951190622745377,1.0,-0.0021951190622745377
2025-09-18,MNQ.v.0,24679.25,24721.25,24698.25,0.001700388057595295,-0.0009308067325894717,1.0,-0.0009308067325894717
2025-09-19,MNQ.v.0,24768.0,24846.0,24860.25,0.0031543383153550784,0.0005733685558813895,1.0,0.0005733685558813895
2025-09-22,MNQ.v.0,24815.25,25017.0,24998.5,0.008097210232619303,-0.0007397707048292019,1.0,-0.0007397707048292019
2025-09-23,MNQ.v.0,25001.0,24802.5,24831.0,-0.007971369526301588,0.0011484180294478175,-1.0,-0.0011484180294478175
2025-09-24,MNQ.v.0,24885.0,24723.5,24739.5,-0.006521115870868734,0.0006469482464894847,-1.0,-0.0006469482464894847
2025-09-25,MNQ.v.0,24576.5,24608.25,24632.0,0.0012808915128461765,0.0009646580527817508,1.0,0.0009646580527817508
2025-09-26,MNQ.v.0,24654.25,24725.5,24725.5,0.002885800330968272,0.0,1.0,0.0
2025-09-29,MNQ.v.0,24851.25,24807.75,24837.25,-0.0017317939466491175,0.001188438049032746,-1.0,-0.001188438049032746
2025-09-30,MNQ.v.0,24820.5,24861.5,24897.75,0.001670608751652052,0.0014570157875334892,1.0,0.0014570157875334892
2025-10-01,MNQ.v.0,24763.5,25023.75,25011.5,0.01045457904989317,-0.0004896548031540245,1.0,-0.0004896548031540245
2025-10-02,MNQ.v.0,25164.75,25121.25,25108.25,-0.0017301042377826806,-0.0005176241169138439,-1.0,0.0005176241169138439
2025-10-03,MNQ.v.0,25133.5,25004.0,24996.75,-0.005155807203710294,-0.0002899956520975501,-1.0,0.0002899956520975501
2025-10-06,MNQ.v.0,25214.25,25223.25,25184.0,0.0003568773272076888,-0.0015573159786551793,1.0,-0.0015573159786551793
2025-10-07,MNQ.v.0,25237.25,25033.25,25045.25,-0.008106149826455012,0.00047924759047007835,-1.0,-0.00047924759047007835
2025-10-08,MNQ.v.0,25080.25,25311.75,25329.5,0.009188030981049904,0.0007010095811965269,1.0,0.0007010095811965269
2025-10-09,MNQ.v.0,25329.0,25265.25,25294.75,-0.002529945611600624,0.0011669305121669031,-1.0,-0.0011669305121669031
2025-10-10,MNQ.v.0,25313.25,24532.0,24402.75,-0.03139035020948884,-0.005282556897270414,-1.0,0.005282556897270414
2025-10-13,MNQ.v.0,24824.75,24914.5,24920.75,0.0036088239129350415,0.0002508264745442967,1.0,0.0002508264745442967
2025-10-14,MNQ.v.0,24638.5,24901.25,24757.0,0.010617782431217837,-0.005809725704708144,1.0,-0.005809725704708144
2025-10-15,MNQ.v.0,25002.25,24943.5,24924.75,-0.0023425310035367687,-0.0007519815066121721,-1.0,0.0007519815066121721
2025-10-16,MNQ.v.0,25045.25,24735.75,24830.75,-0.012434623165201154,0.003833238833698335,-1.0,-0.003833238833698335
2025-10-17,MNQ.v.0,24735.5,25025.75,24988.5,0.011655846275024582,-0.0014895757464177318,1.0,-0.0014895757464177318
2025-10-20,MNQ.v.0,25118.75,25321.75,25299.75,0.008049130996102006,-0.0008691959497480857,1.0,-0.0008691959497480857
2025-10-21,MNQ.v.0,25301.0,25308.5,25291.25,0.00029638704412811176,-0.0006818215769155199,1.0,-0.0006818215769155199
2025-10-22,MNQ.v.0,25265.25,25009.5,25040.75,-0.010194173722981871,0.0012487451735343818,-1.0,-0.0012487451735343818
2025-10-23,MNQ.v.0,25016.25,25274.75,25252.5,0.010280259951084347,-0.0008807129395798473,1.0,-0.0008807129395798473
2025-10-24,MNQ.v.0,25466.5,25561.0,25509.0,0.003703889394365653,-0.002036421302932544,1.0,-0.002036421302932544
2025-10-27,MNQ.v.0,25815.75,25927.0,25961.0,0.004300125966544094,0.0013105151428502637,1.0,0.0013105151428502637
2025-10-28,MNQ.v.0,26051.5,26225.5,26160.25,0.006656871762024542,-0.002491136759283951,1.0,-0.002491136759283951
2025-10-29,MNQ.v.0,26266.0,26193.25,26280.25,-0.0027926722465366483,0.003315962522726225,-1.0,-0.003315962522726225
2025-10-30,MNQ.v.0,26125.75,25927.75,25871.75,-0.0076365212545111555,-0.002162183875012204,-1.0,0.002162183875012204
2025-10-31,MNQ.v.0,26199.25,26085.75,25992.75,-0.004341596185689805,-0.0035715352346141096,-1.0,0.0035715352346141096
2025-11-03,MNQ.v.0,26235.75,26099.75,26110.25,-0.00520682743746382,0.00040222180201345323,-1.0,-0.00040222180201345323
2025-11-04,MNQ.v.0,25741.5,25620.75,25579.5,-0.004711663247054412,-0.001611320605855135,-1.0,0.001611320605855135
2025-11-05,MNQ.v.0,25542.25,25833.5,25741.25,0.01134783276672262,-0.0035773357458625033,1.0,-0.0035773357458625033
2025-11-06,MNQ.v.0,25673.75,25354.25,25259.0,-0.012512840061516322,-0.0037638409881428137,-1.0,0.0037638409881428137
2025-11-07,MNQ.v.0,25110.25,25054.75,25164.0,-0.0021827650035277524,0.00435097139417001,-1.0,-0.00435097139417001
2025-11-10,MNQ.v.0,25539.0,25710.0,25713.0,0.00668304950335492,0.00011667930705734697,1.0,0.00011667930705734697
2025-11-11,MNQ.v.0,25605.25,25659.0,25647.25,0.002106721804455116,-0.00045803387327759845,1.0,-0.00045803387327759845
2025-11-12,MNQ.v.0,25778.5,25602.5,25625.75,-0.006841043587793977,0.0009077023554913376,-1.0,-0.0009077023554913376
2025-11-13,MNQ.v.0,25477.25,25073.0,25100.0,-0.016024240246182844,0.0010762761886405502,-1.0,-0.0010762761886405502
2025-11-14,MNQ.v.0,24722.75,25140.25,25106.0,0.016756219231222225,-0.0013632860284940307,1.0,-0.0013632860284940307
2025-11-17,MNQ.v.0,24997.75,24788.5,24888.0,-0.008395899600055132,0.004005923648399547,-1.0,-0.004005923648399547
2025-11-18,MNQ.v.0,24718.25,24693.75,24585.0,-0.0009916620257330697,-0.0044136743136611225,-1.0,0.0044136743136611225
2025-11-19,MNQ.v.0,24610.75,24772.0,24724.5,0.006540735709193797,-0.001919328218431222,1.0,-0.001919328218431222
2025-11-20,MNQ.v.0,25211.25,24293.25,24137.0,-0.0371226627377621,-0.006452601096869527,-1.0,0.006452601096869527
2025-11-21,MNQ.v.0,24202.75,24388.75,24313.75,0.007655697331816823,-0.0030799264632065805,1.0,-0.0030799264632065805
2025-11-24,MNQ.v.0,24522.25,24936.25,24935.5,0.016731673779804283,-3.0077147886632977e-05,1.0,-3.0077147886632977e-05
2025-11-25,MNQ.v.0,24856.75,25047.75,25079.25,0.007654657700881655,0.0012568078738549244,1.0,0.0012568078738549244
2025-11-26,MNQ.v.0,25222.0,25346.0,25296.0,0.004894433588237082,-0.001974646192756199,1.0,-0.001974646192756199
2025-12-01,MNQ.v.0,25254.75,25401.5,25401.75,0.005784128570890845,9.841890036643839e-06,1.0,9.841890036643839e-06
2025-12-02,MNQ.v.0,25492.25,25633.25,25600.0,0.0055158524606781795,-0.001297985377394807,1.0,-0.001297985377394807
2025-12-03,MNQ.v.0,25495.0,25682.0,25657.25,0.0073080029019630625,-0.0009641746584676498,1.0,-0.0009641746584676498
2025-12-04,MNQ.v.0,25711.75,25563.75,25627.5,-0.005782533019128743,0.0024906613124518304,-1.0,-0.0024906613124518304
2025-12-05,MNQ.v.0,25679.75,25725.5,25726.0,0.0017799743053160386,1.9435779326880637e-05,1.0,1.9435779326880637e-05
2025-12-08,MNQ.v.0,25791.5,25615.25,25668.75,-0.006857103030387337,0.00208642147288871,-1.0,-0.00208642147288871
2025-12-09,MNQ.v.0,25618.75,25696.5,25703.0,0.0030400194900628975,0.00025292074960460377,1.0,0.00025292074960460377
2025-12-10,MNQ.v.0,25647.25,25836.5,25800.25,0.00736154361690428,-0.001404039020854156,1.0,-0.001404039020854156
2025-12-11,MNQ.v.0,25643.0,25678.75,25714.75,0.0014029073654357243,0.0014009556028691987,1.0,0.0014009556028691987
2025-12-12,MNQ.v.0,25559.75,25209.75,25210.25,-0.013788024102897124,1.9833399445392983e-05,-1.0,-1.9833399445392983e-05
2025-12-15,MNQ.v.0,25408.0,25120.5,25084.75,-0.011379839204219694,-0.001424154089159647,-1.0,0.001424154089159647
2025-12-16,MNQ.v.0,24989.25,25133.25,25131.5,0.0057956719749209865,-6.963130228268098e-05,1.0,-6.963130228268098e-05
2025-12-17,MNQ.v.0,25181.25,24728.25,24662.0,-0.018203905932482712,-0.002682717327135564,-1.0,0.002682717327135564
2025-12-18,MNQ.v.0,25279.0,25307.75,25252.0,0.0011267829565356918,-0.0022053124311159386,1.0,-0.0022053124311159386
2025-12-19,MNQ.v.0,25361.75,25582.5,25581.25,0.008666390481425744,-4.8862720197398626e-05,1.0,-4.8862720197398626e-05
2025-12-22,MNQ.v.0,25780.5,25688.5,25688.25,-0.0035749712636031473,-9.732028592807967e-06,-1.0,9.732028592807967e-06
2025-12-23,MNQ.v.0,25644.25,25798.0,25811.25,0.005977594596322301,0.0005134738556023309,1.0,0.0005134738556023309
2025-12-26,MNQ.v.0,25899.25,25873.25,25866.75,-0.0010043943091699464,-0.00025125628272888115,-1.0,0.00025125628272888115
2025-12-29,MNQ.v.0,25707.0,25750.25,25741.25,0.0016810074453882694,-0.0003495722630589311,1.0,-0.0003495722630589311
2025-12-30,MNQ.v.0,25692.5,25704.5,25678.0,0.0004766792087885891,-0.0010314796808079234,1.0,-0.0010314796808079234
2025-12-31,MNQ.v.0,25679.0,25477.75,25455.0,-0.007877827532866928,-0.0008933348979964755,-1.0,0.0008933348979964755
2026-01-02,MNQ.v.0,25686.75,25432.0,25385.25,-0.009957241054469547,-0.0018399269220071826,-1.0,0.0018399269220071826
2026-01-05,MNQ.v.0,25643.0,25600.25,25587.0,-0.0016782784026259843,-0.0005177070577512175,-1.0,0.0005177070577512175
2026-01-06,MNQ.v.0,25636.0,25810.25,25813.25,0.006764400088542063,0.00011622613745207364,1.0,0.00011622613745207364
2026-01-07,MNQ.v.0,25790.5,25860.25,25834.75,0.0027008336722811957,-0.0009865558397618981,1.0,-0.0009865558397618981
2026-01-08,MNQ.v.0,25786.25,25676.0,25682.75,-0.004284700675548958,0.00026285686621525085,-1.0,-0.00026285686621525085
2026-01-09,MNQ.v.0,25714.5,25967.25,25933.0,0.009790720986320963,-0.0013198396914038785,1.0,-0.0013198396914038785
2026-01-12,MNQ.v.0,25745.75,25991.0,25952.0,0.009480759306210177,-0.001501646317253893,1.0,-0.001501646317253893
2026-01-13,MNQ.v.0,25950.25,25827.0,25904.0,-0.0047607871329325945,0.0029769405913521235,-1.0,-0.0029769405913521235
2026-01-14,MNQ.v.0,25740.0,25564.0,25636.75,-0.006851311050513802,0.0028417571601282118,-1.0,-0.0028417571601282118
2026-01-15,MNQ.v.0,25925.0,25719.25,25719.0,-0.00798745623824776,-9.720392898361042e-06,-1.0,9.720392898361042e-06
2026-01-16,MNQ.v.0,25868.25,25711.25,25684.75,-0.006077985354847612,-0.0010312087457515372,-1.0,0.0010312087457515372
2026-01-20,MNQ.v.0,25242.5,25129.5,25142.75,-0.0045164729229859035,0.0005271297905627312,-1.0,-0.0005271297905627312
2026-01-21,MNQ.v.0,25196.5,25486.25,25471.5,0.011443804229252143,-0.0005789109767185601,1.0,-0.0005789109767185601
2026-01-22,MNQ.v.0,25729.75,25609.0,25661.5,-0.004704057760055367,0.002047962019071272,-1.0,-0.002047962019071272
2026-01-23,MNQ.v.0,25607.0,25710.25,25735.0,0.004023993465087513,0.0009621880313333223,1.0,0.0009621880313333223
2026-01-26,MNQ.v.0,25748.5,25881.0,25844.5,0.005123076134232447,-0.0014112964034474961,1.0,-0.0014112964034474961
2026-01-27,MNQ.v.0,25982.75,26096.0,26076.0,0.004349189583640372,-0.0007666948163651357,1.0,-0.0007666948163651357
2026-01-28,MNQ.v.0,26253.25,26174.25,26150.5,-0.003013687846717668,-0.0009077922639288057,-1.0,0.0009077922639288057
2026-01-29,MNQ.v.0,26133.25,25854.0,25992.25,-0.010772131517496616,0.005333088802893058,-1.0,-0.005333088802893058
2026-01-30,MNQ.v.0,25834.25,25596.0,25675.75,-0.009265041655407877,0.003110877405800653,-1.0,-0.003110877405800653
2026-02-02,MNQ.v.0,25542.25,25864.25,25856.25,0.012547094010875559,-0.00030935509377520216,1.0,-0.00030935509377520216
2026-02-03,MNQ.v.0,25934.5,25330.25,25445.25,-0.023564925392710837,0.004529751420940329,-1.0,-0.004529751420940329
2026-02-04,MNQ.v.0,25385.0,25059.5,24998.0,-0.012925403957478746,-0.0024571754859219197,-1.0,0.0024571754859219197
2026-02-05,MNQ.v.0,24771.0,24637.25,24639.25,-0.005373500687588257,8.11745964546187e-05,-1.0,-8.11745964546187e-05
2026-02-06,MNQ.v.0,24760.0,25109.75,25147.0,0.014066593485296954,0.001482388209397821,1.0,0.001482388209397821
2026-02-09,MNQ.v.0,25057.75,25364.25,25338.25,0.01214768491789288,-0.0010255905440157025,1.0,-0.0010255905440157025
2026-02-10,MNQ.v.0,25376.25,25253.25,25219.0,-0.004809339568166293,-0.0013571816297949918,-1.0,0.0013571816297949918
2026-02-11,MNQ.v.0,25418.5,25284.75,25278.25,-0.005265920833679766,-0.00025710499914187305,-1.0,0.00025710499914187305
2026-02-12,MNQ.v.0,25346.75,24804.75,24764.0,-0.021615349600967282,-0.0016441814320540841,-1.0,0.0016441814320540841
2026-02-13,MNQ.v.0,24742.75,24765.5,24802.5,0.0009089440716281991,0.001492898921561134,1.0,0.001492898921561134
2026-02-17,MNQ.v.0,24658.75,24773.5,24776.75,0.004622543342698153,0.00013117996396237201,1.0,0.00013117996396237201
2026-02-18,MNQ.v.0,24808.75,24875.75,24957.5,0.002707069717311505,0.0032809448845428093,1.0,0.0032809448845428093
2026-02-19,MNQ.v.0,24834.0,24787.5,24863.0,-0.0018439314203936893,0.0030412607403065366,-1.0,-0.0030412607403065366
2026-02-20,MNQ.v.0,24715.25,25021.5,25074.25,0.012305001800429219,0.0021059678514029484,1.0,0.0021059678514029484
2026-02-23,MNQ.v.0,24981.25,24707.0,24768.0,-0.011059176568793485,0.002465893114092267,-1.0,-0.002465893114092267
2026-02-24,MNQ.v.0,24804.75,24999.0,25029.75,0.007810657329151832,0.0012292933112401836,1.0,0.0012292933112401836
2026-02-25,MNQ.v.0,25160.25,25367.0,25384.0,0.008173893155382176,0.0006699375632330598,1.0,0.0006699375632330598
2026-02-26,MNQ.v.0,25341.25,25029.0,25083.0,-0.012388361848662781,0.002155173247983412,-1.0,-0.002155173247983412
2026-02-27,MNQ.v.0,24816.0,24978.5,24998.25,0.006536856979178885,0.0007903675620412472,1.0,0.0007903675620412472
2026-03-02,MNQ.v.0,24644.5,24967.25,25022.25,0.013011214207455622,0.002200462984933523,1.0,0.002200462984933523
2026-03-03,MNQ.v.0,24534.75,24782.25,24756.75,0.010047278960130461,-0.0010294920063864627,1.0,-0.0010294920063864627
2026-03-04,MNQ.v.0,24852.75,25151.0,25120.0,0.011929246782960782,-0.0012333155866970894,1.0,-0.0012333155866970894
2026-03-05,MNQ.v.0,24987.75,24954.5,25048.0,-0.0013315381230389284,0.003739817368173515,-1.0,-0.003739817368173515
2026-03-06,MNQ.v.0,24685.25,24652.75,24667.25,-0.001297161627816347,0.0005879967728210975,-1.0,-0.0005879967728210975
2026-03-09,MNQ.v.0,24432.5,24953.5,24992.0,0.021079842219328567,0.0015416807370234608,1.0,0.0015416807370234608
2026-03-10,MNQ.v.0,24991.5,24988.5,24985.75,-0.00014005742377256144,-0.00011005667930088727,-1.0,0.00011005667930088727
2026-03-11,MNQ.v.0,25035.0,24934.75,24984.0,-0.004002406783822248,0.0019732071007292234,-1.0,-0.0019732071007292234
2026-03-12,MNQ.v.0,24775.75,24615.5,24555.75,-0.006489026388669688,-0.002430283119031161,-1.0,0.002430283119031161
2026-03-13,MNQ.v.0,24645.5,24376.75,24397.5,-0.010964518863853946,0.0008508588549017771,-1.0,-0.0008508588549017771
2026-03-16,MNQ.v.0,24655.75,24683.5,24669.5,0.0011248652108029795,-0.000567341412903865,1.0,-0.000567341412903865
2026-03-17,MNQ.v.0,24782.5,24789.25,24791.75,0.00021182059883223964,0.00010084508187088396,1.0,0.00010084508187088396
2026-03-18,MNQ.v.0,24712.25,24504.5,24434.25,-0.008411691798616451,-0.0028709375802075075,-1.0,0.0028709375802075075
2026-03-19,MNQ.v.0,24428.25,24597.25,24574.5,0.006894398605573777,-0.0009253281253270193,1.0,-0.0009253281253270193
2026-03-20,MNQ.v.0,24487.75,24060.25,24114.25,-0.017663845585988845,0.002241850880300954,-1.0,-0.002241850880300954
2026-03-23,MNQ.v.0,24494.5,24473.75,24398.75,-0.0008270581198944885,-0.003069213110662319,-1.0,0.003069213110662319
2026-03-24,MNQ.v.0,24255.5,24266.75,24218.75,0.0004740069128887438,-0.0019799740409478356,1.0,-0.0019799740409478356
2026-03-25,MNQ.v.0,24430.25,24354.0,24372.25,-0.0031157462506819374,0.0007490829215620149,-1.0,-0.0007490829215620149
2026-03-26,MNQ.v.0,24156.0,23842.5,23787.0,-0.013052608552083048,-0.002330489512558884,-1.0,0.002330489512558884
2026-03-27,MNQ.v.0,23654.0,23331.25,23308.75,-0.013770716392150278,-0.0009648371245908004,-1.0,0.0009648371245908004
2026-03-30,MNQ.v.0,23509.0,23037.0,23135.75,-0.020281707539368796,0.004277421230640209,-1.0,-0.004277421230640209
2026-03-31,MNQ.v.0,23381.0,23882.25,23910.0,0.021211778462498068,0.0011612762788339739,1.0,0.0011612762788339739
2026-04-01,MNQ.v.0,24088.5,24233.5,24199.75,0.006001425239287422,-0.001393670896038183,1.0,-0.001393670896038183
2026-04-02,MNQ.v.0,23763.25,24146.75,24221.0,0.016009525821038744,0.0030702299910703433,1.0,0.0030702299910703433
2026-04-06,MNQ.v.0,24265.0,24335.75,24363.5,0.0029114797601802575,0.0011396480645377008,1.0,0.0011396480645377008
2026-04-07,MNQ.v.0,24243.75,24217.25,24369.25,-0.0011143097076503482,0.006256902468168601,-1.0,-0.006256902468168601
2026-04-08,MNQ.v.0,25199.25,24957.5,25079.5,-0.00961982008405888,0.00487640113340133,-1.0,-0.00487640113340133
2026-04-09,MNQ.v.0,25081.0,25222.5,25248.75,0.005635777658258352,0.001040196245066035,1.0,0.001040196245066035
2026-04-10,MNQ.v.0,25315.0,25295.0,25284.0,-0.0008002411029752466,-0.0004349631338471591,-1.0,0.0004349631338471591
2026-04-13,MNQ.v.0,25215.5,25458.5,25538.0,0.009610430261490591,0.0031178635554243907,1.0,0.0031178635554243907
2026-04-14,MNQ.v.0,25656.25,25988.25,26001.0,0.01284768636558279,0.0004904860237688706,1.0,0.0004904860237688706
2026-04-15,MNQ.v.0,26023.0,26336.25,26364.0,0.011965554794697505,0.001053126031270673,1.0,0.001053126031270673
2026-04-16,MNQ.v.0,26439.5,26445.25,26484.0,0.00021745399279223752,0.0014642190064332542,1.0,0.0014642190064332542
2026-04-17,MNQ.v.0,26692.75,26778.25,26827.5,0.003207333791864093,0.001837489965430355,1.0,0.001837489965430355
2026-04-20,MNQ.v.0,26796.25,26727.75,26745.25,-0.0025689544476904342,0.0006545359573906559,-1.0,-0.0006545359573906559
2026-04-21,MNQ.v.0,26808.25,26777.5,26642.0,-0.001166365876532564,-0.005073064727376627,-1.0,0.005073064727376627
2026-04-22,MNQ.v.0,26881.25,27044.5,27080.0,0.006073127773480921,0.0013117905972594636,1.0,0.0013117905972594636
2026-04-23,MNQ.v.0,27015.0,26915.5,26926.25,-0.003699226825410423,0.0003993183781302088,-1.0,-0.0003993183781302088
2026-04-24,MNQ.v.0,27210.25,27423.25,27433.5,0.007797453181795269,0.0003737005972568899,1.0,0.0003737005972568899
2026-04-27,MNQ.v.0,27410.0,27423.25,27444.75,0.0004832834186517674,0.0007836990996723637,1.0,0.0007836990996723637
2026-04-28,MNQ.v.0,27161.25,27187.0,27169.5,0.000956788208817659,-0.0006438972562482924,1.0,-0.0006438972562482924
2026-04-29,MNQ.v.0,27206.75,27310.75,27334.75,0.0038061393503720686,0.0008783889448584836,1.0,0.0008783889448584836
2026-04-30,MNQ.v.0,27486.5,27592.0,27578.25,0.0038127792295005757,-0.0004984570591829157,1.0,-0.0004984570591829157
2026-05-01,MNQ.v.0,27632.5,27896.0,27836.75,0.00948173127188801,-0.002126219227347996,1.0,-0.002126219227347996
2026-05-04,MNQ.v.0,27854.0,27778.5,27779.75,-0.0027322421368729507,4.499781761341562e-05,-1.0,-4.499781761341562e-05
2026-05-05,MNQ.v.0,27988.0,28166.25,28135.0,0.0063397298922082315,-0.001110099800951921,1.0,-0.001110099800951921
2026-05-06,MNQ.v.0,28389.25,28693.75,28710.5,0.010686201877896456,0.0005835805005858115,1.0,0.0005835805005858115
2026-05-07,MNQ.v.0,28750.25,28611.5,28684.5,-0.004846465733005338,0.0025481722807940872,-1.0,-0.0025481722807940872
2026-05-08,MNQ.v.0,28878.0,29262.25,29339.5,0.013226773268001743,0.0026364415651726376,1.0,0.0026364415651726376
2026-05-11,MNQ.v.0,29305.0,29382.0,29429.0,0.002615583372930321,0.0015983407867875257,1.0,0.0015983407867875257
2026-05-12,MNQ.v.0,29212.75,29047.25,29174.25,-0.005681443363480737,0.004362656456123633,-1.0,-0.004362656456123633
2026-05-13,MNQ.v.0,29286.5,29525.75,29475.5,0.008144572120406961,-0.0017033541543501633,1.0,-0.0017033541543501633
2026-05-14,MNQ.v.0,29476.25,29699.25,29686.5,0.007536938619310218,-0.0004293959475431616,1.0,-0.0004293959475431616
2026-05-15,MNQ.v.0,29278.0,29289.75,29231.0,0.00043538577147053784,-0.002007835502350141,1.0,-0.002007835502350141
2026-05-18,MNQ.v.0,29338.5,28922.75,29099.5,-0.014263520313192128,0.006092509226261218,-1.0,-0.006092509226261218
2026-05-19,MNQ.v.0,28850.25,28977.25,28923.75,0.004392380932403837,-0.0018479824260506934,1.0,-0.0018479824260506934
2026-05-20,MNQ.v.0,29073.5,29341.0,29395.25,0.009150228400101889,0.0018472413688800174,1.0,0.0018472413688800174
2026-05-21,MNQ.v.0,29217.0,29427.75,29445.75,0.0071873750761722215,0.0006114805663281857,1.0,0.0006114805663281857
2026-05-22,MNQ.v.0,29580.5,29551.0,29552.75,-0.0010062362121613729,5.921790074262142e-05,-1.0,-5.921790074262142e-05
2026-05-26,MNQ.v.0,29902.25,30052.5,30079.25,0.0050204425355887625,0.000889713063883394,1.0,0.000889713063883394
2026-05-27,MNQ.v.0,30187.5,30027.0,30047.5,-0.005339280382537207,0.0006824859398153923,-1.0,-0.0006824859398153923
2026-05-28,MNQ.v.0,30053.75,30305.75,30306.0,0.00835826750531841,8.24922560399009e-06,1.0,8.24922560399009e-06
2026-05-29,MNQ.v.0,30383.0,30381.75,30397.25,-3.2913683867000126e-05,0.0005100445988260082,-1.0,-0.0005100445988260082
2026-06-01,MNQ.v.0,30343.0,30624.5,30571.25,0.009242657166949561,-0.0017403173730161422,1.0,-0.0017403173730161422
2026-06-02,MNQ.v.0,30556.75,30664.25,30707.25,0.003503717602840724,0.001401302136542316,1.0,0.001401302136542316
2026-06-03,MNQ.v.0,30754.75,30635.0,30635.75,-0.0039013076901239143,2.4481502186233937e-05,-1.0,-2.4481502186233937e-05
2026-06-04,MNQ.v.0,30268.75,30594.5,30485.25,0.010712598441901228,-0.0035772941607096435,1.0,-0.0035772941607096435
2026-06-05,MNQ.v.0,30036.0,29154.5,29016.25,-0.029787387427605918,-0.004753256930511963,-1.0,0.004753256930511963
2026-06-08,MNQ.v.0,29526.25,29437.5,29452.5,-0.00301881901820833,0.0005094243615008585,-1.0,-0.0005094243615008585
2026-06-09,MNQ.v.0,29737.25,28952.75,29116.0,-0.026735277828053485,0.005622660383979764,-1.0,-0.005622660383979764
2026-06-10,MNQ.v.0,28853.0,28546.5,28528.75,-0.010670879437358574,-0.0006219859071047385,-1.0,0.0006219859071047385
2026-06-11,MNQ.v.0,28753.25,29424.0,29457.0,0.023059863529277518,0.0011209049932974582,1.0,0.0011209049932974582
2026-06-12,MNQ.v.0,29495.25,29660.25,29650.5,0.005595389539339031,-0.00032877682672453575,1.0,-0.00032877682672453575
2026-06-15,MNQ.v.0,30332.25,30529.5,30567.0,0.006498303821530738,0.0012275663813515116,1.0,0.0012275663813515116
2026-06-16,MNQ.v.0,30503.75,30129.25,29991.25,-0.0124029529236739,-0.004590788245815883,-1.0,0.004590788245815883
2026-06-17,MNQ.v.0,30527.5,30128.75,29995.25,-0.01315634909027901,-0.0044408295986857835,-1.0,0.0044408295986857835
2026-06-18,MNQ.v.0,30594.25,30688.0,30693.0,0.003067762370033495,0.0001629168638849181,1.0,0.0001629168638849181
2026-06-22,MNQ.v.0,30822.5,30552.25,30654.0,-0.008822975641193498,0.0033248269166208017,-1.0,-0.0033248269166208017
2026-06-23,MNQ.v.0,29719.5,29711.0,29650.75,-0.0002944628388143899,-0.002029927375418327,-1.0,0.002029927375418327
2026-06-24,MNQ.v.0,29711.5,29383.75,29513.75,-0.011066851815440492,0.00441445599944545,-1.0,-0.00441445599944545
2026-06-25,MNQ.v.0,30152.75,29682.5,29749.5,-0.015710060633863526,0.0022546785699049813,-1.0,-0.0022546785699049813
2026-06-26,MNQ.v.0,29361.5,29451.75,29317.5,0.0030605502270669854,-0.004568723729475935,1.0,-0.004568723729475935
2026-06-29,MNQ.v.0,29644.25,30026.0,30046.25,0.01279549552676542,0.0006741881906211088,1.0,0.0006741881906211088
2026-06-30,MNQ.v.0,30046.75,30575.5,30513.5,0.017444532615238605,-0.0020298260337430945,1.0,-0.0020298260337430945
2026-07-01,MNQ.v.0,30236.0,30189.75,30080.75,-0.0015308046331807105,-0.0036170305153069844,-1.0,0.0036170305153069844
2026-07-02,MNQ.v.0,30075.5,29422.25,29538.5,-0.0219427021942401,0.003943306373726333,-1.0,-0.003943306373726333
2026-07-06,MNQ.v.0,29836.0,30036.0,29951.5,0.00667262076476258,-0.002817255457860298,1.0,-0.002817255457860298
2026-07-07,MNQ.v.0,29593.75,29321.5,29395.25,-0.009259207537505938,0.0025120613379652538,-1.0,-0.0025120613379652538
2026-07-08,MNQ.v.0,29201.75,29425.5,29457.25,0.007624510301704322,0.0010784144109112818,1.0,0.0010784144109112818
2026-07-09,MNQ.v.0,29746.25,29931.75,29948.25,0.006208363921872445,0.0005511022183569476,1.0,0.0005511022183569476
2026-07-10,MNQ.v.0,29836.25,30047.0,30037.5,0.007005443443125029,-0.0003162213242738112,1.0,-0.0003162213242738112
2026-07-13,MNQ.v.0,29710.5,29419.75,29467.25,-0.00985129669694712,0.001613259643112656,-1.0,-0.001613259643112656
2026-07-14,MNQ.v.0,29810.75,29797.75,29786.0,-0.00043617941085946963,-0.0003944028414563499,-1.0,0.0003944028414563499
2026-07-15,MNQ.v.0,29955.5,29643.0,29700.75,-0.010495370949730127,0.0019462881341313929,-1.0,-0.0019462881341313929
