,zVIX,zCRED,zMOVE,zDXY,composite_eqw,composite_pca1,state_eqw,state_pca1
2007-04-11,,,,,,,,
2007-04-12,,,,,,,,
2007-04-13,,,,,,,,
2007-04-16,,,,,,,,
2007-04-17,,,,,,,,
2007-04-18,,,,,,,,
2007-04-19,,,,,,,,
2007-04-20,,,,,,,,
2007-04-23,,,,,,,,
2007-04-24,,,,,,,,
2007-04-25,,,,,,,,
2007-04-26,,,,,,,,
2007-04-27,,,,,,,,
2007-04-30,,,,,,,,
2007-05-01,,,,,,,,
2007-05-02,,,,,,,,
2007-05-03,,,,,,,,
2007-05-04,,,,,,,,
2007-05-07,,,,,,,,
2007-05-08,,,,,,,,
2007-05-09,,,,,,,,
2007-05-10,,,,,,,,
2007-05-11,,,,,,,,
2007-05-14,,,,,,,,
2007-05-15,,,,,,,,
2007-05-16,,,,,,,,
2007-05-17,,,,,,,,
2007-05-18,,,,,,,,
2007-05-21,,,,,,,,
2007-05-22,,,,,,,,
2007-05-23,,,,,,,,
2007-05-24,,,,,,,,
2007-05-25,,,,,,,,
2007-05-29,,,,,,,,
2007-05-30,,,,,,,,
2007-05-31,,,,,,,,
2007-06-01,,,,,,,,
2007-06-04,,,,,,,,
2007-06-05,,,,,,,,
2007-06-06,,,,,,,,
2007-06-07,,,,,,,,
2007-06-08,,,,,,,,
2007-06-11,,,,,,,,
2007-06-12,,,,,,,,
2007-06-13,,,,,,,,
2007-06-14,,,,,,,,
2007-06-15,,,,,,,,
2007-06-18,,,,,,,,
2007-06-19,,,,,,,,
2007-06-20,,,,,,,,
2007-06-21,,,,,,,,
2007-06-22,,,,,,,,
2007-06-25,,,,,,,,
2007-06-26,,,,,,,,
2007-06-27,,,,,,,,
2007-06-28,,,,,,,,
2007-06-29,,,,,,,,
2007-07-02,,,,,,,,
2007-07-03,,,,,,,,
2007-07-05,,,,,,,,
2007-07-06,,,,,,,,
2007-07-09,,,,,,,,
2007-07-10,,,,,,,,
2007-07-11,,,,,,,,
2007-07-12,,,,,,,,
2007-07-13,,,,,,,,
2007-07-16,,,,,,,,
2007-07-17,,,,,,,,
2007-07-18,,,,,,,,
2007-07-19,,,,,,,,
2007-07-20,,,,,,,,
2007-07-23,,,,,,,,
2007-07-24,,,,,,,,
2007-07-25,,,,,,,,
2007-07-26,,,,,,,,
2007-07-27,,,,,,,,
2007-07-30,,,,,,,,
2007-07-31,,,,,,,,
2007-08-01,,,,,,,,
2007-08-02,,,,,,,,
2007-08-03,,,,,,,,
2007-08-06,,,,,,,,
2007-08-07,,,,,,,,
2007-08-08,,,,,,,,
2007-08-09,,,,,,,,
2007-08-10,,,,,,,,
2007-08-13,,,,,,,,
2007-08-14,,,,,,,,
2007-08-15,,,,,,,,
2007-08-16,,,,,,,,
2007-08-17,,,,,,,,
2007-08-20,,,,,,,,
2007-08-21,,,,,,,,
2007-08-22,,,,,,,,
2007-08-23,,,,,,,,
2007-08-24,,,,,,,,
2007-08-27,,,,,,,,
2007-08-28,,,,,,,,
2007-08-29,,,,,,,,
2007-08-30,,,,,,,,
2007-08-31,,,,,,,,
2007-09-04,,,,,,,,
2007-09-05,,,,,,,,
2007-09-06,,,,,,,,
2007-09-07,,,,,,,,
2007-09-10,,,,,,,,
2007-09-11,,,,,,,,
2007-09-12,,,,,,,,
2007-09-13,,,,,,,,
2007-09-14,,,,,,,,
2007-09-17,,,,,,,,
2007-09-18,,,,,,,,
2007-09-19,,,,,,,,
2007-09-20,,,,,,,,
2007-09-21,,,,,,,,
2007-09-24,,,,,,,,
2007-09-25,,,,,,,,
2007-09-26,,,,,,,,
2007-09-27,,,,,,,,
2007-09-28,,,,,,,,
2007-10-01,,,,,,,,
2007-10-02,,,,,,,,
2007-10-03,,,,,,,,
2007-10-04,,,,,,,,
2007-10-05,,,,,,,,
2007-10-08,,,,,,,,
2007-10-09,,,,,,,,
2007-10-10,,,,,,,,
2007-10-11,,,,,,,,
2007-10-12,,,,,,,,
2007-10-15,,,,,,,,
2007-10-16,,,,,,,,
2007-10-17,,,,,,,,
2007-10-18,,,,,,,,
2007-10-19,,,,,,,,
2007-10-22,,,,,,,,
2007-10-23,,,,,,,,
2007-10-24,,,,,,,,
2007-10-25,,,,,,,,
2007-10-26,,,,,,,,
2007-10-29,,,,,,,,
2007-10-30,,,,,,,,
2007-10-31,,,,,,,,
2007-11-01,,,,,,,,
2007-11-02,,,,,,,,
2007-11-05,,,,,,,,
2007-11-06,,,,,,,,
2007-11-07,,,,,,,,
2007-11-08,,,,,,,,
2007-11-09,,,,,,,,
2007-11-12,,,,,,,,
2007-11-13,,,,,,,,
2007-11-14,,,,,,,,
2007-11-15,,,,,,,,
2007-11-16,,,,,,,,
2007-11-19,,,,,,,,
2007-11-20,,,,,,,,
2007-11-21,,,,,,,,
2007-11-23,,,,,,,,
2007-11-26,,,,,,,,
2007-11-27,,,,,,,,
2007-11-28,,,,,,,,
2007-11-29,,,,,,,,
2007-11-30,,,,,,,,
2007-12-03,,,,,,,,
2007-12-04,,,,,,,,
2007-12-05,,,,,,,,
2007-12-06,,,,,,,,
2007-12-07,,,,,,,,
2007-12-10,,,,,,,,
2007-12-11,,,,,,,,
2007-12-12,,,,,,,,
2007-12-13,,,,,,,,
2007-12-14,,,,,,,,
2007-12-17,,,,,,,,
2007-12-18,,,,,,,,
2007-12-19,,,,,,,,
2007-12-20,,,,,,,,
2007-12-21,,,,,,,,
2007-12-24,,,,,,,,
2007-12-26,,,,,,,,
2007-12-27,,,,,,,,
2007-12-28,,,,,,,,
2007-12-31,,,,,,,,
2008-01-02,,,,,,,,
2008-01-03,,,,,,,,
2008-01-04,,,,,,,,
2008-01-07,,,,,,,,
2008-01-08,,,,,,,,
2008-01-09,,,,,,,,
2008-01-10,,,,,,,,
2008-01-11,,,,,,,,
2008-01-14,,,,,,,,
2008-01-15,,,,,,,,
2008-01-16,,,,,,,,
2008-01-17,,,,,,,,
2008-01-18,,,,,,,,
2008-01-22,,,,,,,,
2008-01-23,,,,,,,,
2008-01-24,,,,,,,,
2008-01-25,,,,,,,,
2008-01-28,,,,,,,,
2008-01-29,,,,,,,,
2008-01-30,,,,,,,,
2008-01-31,,,,,,,,
2008-02-01,,,,,,,,
2008-02-04,,,,,,,,
2008-02-05,,,,,,,,
2008-02-06,,,,,,,,
2008-02-07,,,,,,,,
2008-02-08,,,,,,,,
2008-02-11,,,,,,,,
2008-02-12,,,,,,,,
2008-02-13,,,,,,,,
2008-02-14,,,,,,,,
2008-02-15,,,,,,,,
2008-02-19,,,,,,,,
2008-02-20,,,,,,,,
2008-02-21,,,,,,,,
2008-02-22,,,,,,,,
2008-02-25,,,,,,,,
2008-02-26,,,,,,,,
2008-02-27,,,,,,,,
2008-02-28,,,,,,,,
2008-02-29,,,,,,,,
2008-03-03,,,,,,,,
2008-03-04,,,,,,,,
2008-03-05,,,,,,,,
2008-03-06,,,,,,,,
2008-03-07,,,,,,,,
2008-03-10,,,,,,,,
2008-03-11,,,,,,,,
2008-03-12,,,,,,,,
2008-03-13,,,,,,,,
2008-03-14,,,,,,,,
2008-03-17,,,,,,,,
2008-03-18,,,,,,,,
2008-03-19,,,,,,,,
2008-03-20,,,,,,,,
2008-03-24,,,,,,,,
2008-03-25,,,,,,,,
2008-03-26,,,,,,,,
2008-03-27,,,,,,,,
2008-03-28,,,,,,,,
2008-03-31,,,,,,,,
2008-04-01,,,,,,,,
2008-04-02,,,,,,,,
2008-04-03,,,,,,,,
2008-04-04,,,,,,,,
2008-04-07,,,,,,,,
2008-04-08,,,,,,,,
2008-04-09,0.3302473128827809,1.3268985256343895,0.5811143608110342,-1.984044851895959,0.06355383685806137,,,
2008-04-10,0.17311073340004698,1.2397058944024695,0.5539974487287675,-1.877690106291738,0.022280992559886525,,,
2008-04-11,0.4521448115281625,1.5029090567887922,0.5981178865443219,-1.9538184123035145,0.1498383356394405,,,
2008-04-14,0.519092337958255,1.2037686734727202,0.5395239942257217,-1.9146925839324271,0.08692310543106746,,,
2008-04-15,0.3209746623098984,1.137955301724233,0.6095199343836071,-1.8559136790968425,0.05313405483022404,,,
2008-04-16,-0.10669266155867277,0.827169634730422,1.0100325537261028,-2.0195419836689212,-0.07225811419276729,,,
2008-04-17,-0.1369083138344752,0.8721578649521863,1.1681548967155364,-1.9208846685400578,-0.004370055176702581,,,
2008-04-18,-0.18236094605431305,0.7969904302389939,1.0037114538843337,-1.8074026962774814,-0.04726543955211676,,,
2008-04-21,-0.111378343692483,0.7450006853084428,0.7463446155214948,-1.8972007169183693,-0.12930843994522867,,,
2008-04-22,-0.040399650039104104,0.6340365253203267,0.5698861875835702,-1.9728913877036138,-0.2023420812097052,,,
2008-04-23,-0.1572087611481829,0.6010649264611923,0.4682493273400669,-1.8139519685379142,-0.22546161897120948,,,
2008-04-24,-0.19529428250654124,0.5485252185696442,0.570383182047323,-1.5926514240603633,-0.16725932648748434,,,
2008-04-25,-0.28528273968301215,0.4135769957453838,0.6206051300534138,-1.510302452456176,-0.1903507665850976,,,
2008-04-28,-0.27507232874079274,0.3789207445798822,0.5931322842952629,-1.5009903697501847,-0.2010024174039581,,,
2008-04-29,-0.15873624743852463,0.5675407577126511,0.4880387354831997,-1.4632589119694193,-0.1416039165530233,,,
2008-04-30,-0.052081175013703546,0.7085232684504525,0.2734929165636286,-1.5630359779150231,-0.15827524197866139,,,
2008-05-01,-0.42189365162961745,0.27475341800413794,0.16020849536985549,-1.333835488632144,-0.330191806721942,,,
2008-05-02,-0.5566192328371797,0.4102244423599555,0.06142031774388206,-1.2642803054633194,-0.3373136945491654,,,
2008-05-05,-0.41556459871599705,0.504540166486869,-0.022857284409017083,-1.3464363106087491,-0.3200795068117236,,,
2008-05-06,-0.5487640300128858,0.525257376865555,0.020799335494011875,-1.3934109730433824,-0.34902957267417534,,,
2008-05-07,-0.2515568638461883,0.5855203426805808,0.1867932210151354,-1.241247739552583,-0.18012275992576376,,,
2008-05-08,-0.3154517678044957,0.7900791030751365,0.2914642613791965,-1.243995856139202,-0.11947606487234114,,,
2008-05-09,-0.31286626232405396,0.7213771656840902,0.33179177476794436,-1.3599776783108113,-0.15491875004570768,,,
2008-05-12,-0.6291017602233338,0.73090768648649,0.24917763027394763,-1.3811972159058483,-0.25755341484218613,,,
2008-05-13,-0.590338699340063,0.5593593537072147,0.32492423728648984,-1.2836653771397968,-0.2474301213715388,,,
2008-05-14,-0.6515853203855237,0.620762164454357,0.5091839203113061,-1.240875188803664,-0.19062860610588117,,,
2008-05-15,-0.9162547324031688,0.7452979855061106,0.4522085198240223,-1.249315562764518,-0.24201594745938848,,,
2008-05-16,-0.87997050909791,0.657073060737863,0.36881951107453814,-1.3870627804175004,-0.3102851794257523,,,
2008-05-19,-0.771394228484019,0.5371653672602116,0.22060924327171838,-1.323702290845212,-0.3343304771993253,,,
2008-05-20,-0.6573525418627861,0.6085141420390535,0.19360300172933761,-1.4964966782926261,-0.33793301909675527,,,
2008-05-21,-0.45707143682199225,0.526241201898913,0.1725255758803601,-1.6161952376154327,-0.34362497416453797,,,
2008-05-22,-0.5624681158534423,0.2189439594148488,0.32046300176100495,-1.5114050586547156,-0.38361655333307604,,,
2008-05-23,-0.2652004349534595,0.5574560571475334,0.3049962480581722,-1.610880832806602,-0.253407240638589,,,
2008-05-27,-0.24690561050400064,0.5422886579624377,0.32523046657297483,-1.4762520704715927,-0.21390963911004518,,,
2008-05-28,-0.3593408530043122,0.17588671639398323,0.48837204760807107,-1.4099943189562847,-0.2762691019896356,,,
2008-05-29,-0.5430013959937466,0.051064546729058254,0.6362842062388514,-1.2727211480514975,-0.28209344776933365,,,
2008-05-30,-0.6032752842740944,0.17713289781398683,0.5929939191933251,-1.3056446070647634,-0.28469826858288644,,,
2008-06-02,-0.20436765343556787,0.6158722549287249,0.6005653637553061,-1.28574752781971,-0.06841939064281166,,,
2008-06-03,-0.1223169182613537,0.715175134356219,0.6648922565258811,-1.1943371318659468,0.015853335188699913,,,
2008-06-04,-0.010331042145704215,0.6472768098658428,0.6393239001209685,-1.1396879108409315,0.034145439250043874,,,
2008-06-05,-0.4440465255315536,0.33357716609946064,0.6946555725759032,-1.2400097178241798,-0.16395587617009239,,,
2008-06-06,0.5435380821607813,0.5832689194875221,0.8665148907635098,-1.4134340027893102,0.14497197240562576,,,
2008-06-09,0.4542499307070205,0.4505367605295702,1.2045060153030303,-1.2799748109351687,0.20732947390111306,,,
2008-06-10,0.46535434178157853,0.24934543925253863,1.157787883937149,-1.0406251658560721,0.20796562477879849,,,
2008-06-11,0.6530449863944287,0.2428507523643265,1.0041111142145613,-1.1717256997444951,0.18207028830720534,,,
2008-06-12,0.49279264343221507,0.015998735681229084,1.1289758343219012,-0.9883542948949056,0.16235322963510995,,,
2008-06-13,0.06687636051069377,-0.30464951457708644,1.2675627777456053,-0.9052392031721688,0.031137605126761003,,,
2008-06-16,0.012277570614770165,0.2757673787656667,0.958425239281814,-1.051161781714791,0.048827101736865,,,
2008-06-17,0.048643084532327956,0.32403797630092546,0.9165905783039462,-1.074983951464164,0.053571921918258936,,,
2008-06-18,0.2732859205814174,0.4161873397297539,0.8600655390327765,-1.090385553993049,0.11478831133772471,,,
2008-06-19,0.13898317272015687,0.4527749205500993,0.7500135010665353,-1.0754476811891553,0.06658097828690901,,,
2008-06-20,0.4006860767052089,0.6011502777428581,0.7779973868219452,-1.1951999423352826,0.14615844973368242,,,
2008-06-23,0.35317036431047055,0.7067020663187628,0.7430169681311152,-1.0806731614095175,0.18055405933770774,,,
2008-06-24,0.3077284922044058,0.8226830488260573,0.6841895468746153,-1.1289830875531948,0.17140450008797092,,,
2008-06-25,0.04608721966560185,0.7364518948496293,0.5324740883155439,-1.2097709374588201,0.026310566342988673,,,
2008-06-26,0.6157682497007971,1.0166522701298222,0.6485740540681653,-1.3253082930355304,0.23892157021581345,,,
2008-06-27,0.5143145104688475,1.070477454405649,0.6109893509576058,-1.3548832750508355,0.21022451019531663,,,
2008-06-30,0.6175514020495839,1.0090766117144296,0.4138119361958496,-1.32141865186522,0.17975532452366083,,,
2008-07-01,0.5547765405942363,1.1107929178475684,0.4884725902726619,-1.3400909724708037,0.20348776906091576,,,
2008-07-02,1.0180784149645397,1.108641822166167,0.6264124730445515,-1.4265007929978193,0.3316579792943597,,,
2008-07-03,0.783761416756072,1.0770878413760636,0.3831315879858602,-1.2267722285467262,0.2543021543928174,,,
2008-07-07,0.9842818075104006,1.1949065498081097,0.3188067925595909,-1.240890226710717,0.314276230791846,,,
2008-07-08,0.44245636259235677,1.4474612821476842,0.19381595621677616,-1.1435495813505603,0.23504600490156424,,,
2008-07-09,0.8684290655410057,1.5702230721270294,0.10836970039625449,-1.2560754757769883,0.3227365905718253,,,
2008-07-10,0.9397916260917026,1.3416565840550148,0.1873692068712879,-1.275351065967608,0.2983665877625994,,,
2008-07-11,1.3255343143500784,1.1318646372473062,0.5071294862343351,-1.3755713163768006,0.3972392803637297,,,
2008-07-14,1.5213047619260254,1.2190085169908351,0.4085070829705665,-1.4179090118016715,0.43272783752143895,,,
2008-07-15,1.525599004983143,1.6959948958327156,0.4077613255960744,-1.4247042333552715,0.5511627482641654,,,
2008-07-16,0.8183753621551407,1.3377717409771752,0.3274640259135305,-1.3668678375817924,0.27918582286601346,,,
2008-07-17,0.797878569581925,1.1315625112308367,0.5107117940636762,-1.3123844247727592,0.28194211252591966,,,
2008-07-18,0.5996306175538425,0.5607800889467712,0.5587625479877151,-1.32028007433118,0.09972329503928717,,,
2008-07-21,0.3935345293637347,0.4357419216122274,0.5606979941667581,-1.3683338109130863,0.005410158557408451,,,
2008-07-22,0.008932218009588933,0.5326264691611621,0.36902874066103264,-1.2390038725168269,-0.08210411117126082,,,
2008-07-23,0.035654918867598126,0.5042882610442122,0.3314411152387601,-1.1376504452864198,-0.06656653753396236,,,
2008-07-24,0.47418149745788235,0.7122556181964933,0.3339612858714204,-1.1014671787871193,0.10473280568466914,,,
2008-07-25,0.36408146264630464,0.4699516577702886,0.32104531431379524,-1.1165176951410727,0.00964018489732893,,,
2008-07-28,0.6357222861993418,0.7674531840980882,0.2988638511638722,-1.1689752831046842,0.13326600958915447,,,
2008-07-29,0.1800182491086698,0.6781655265560457,0.2550206960642054,-0.9878981181047088,0.03132658840605301,,,
2008-07-30,0.010004070403864179,0.8241706652070739,0.6419721904923914,-0.9822617989062851,0.12347128179926112,,,
2008-07-31,0.36857426457248343,0.9574773431047324,0.5755155900514992,-1.0034926583069639,0.22451863485543777,,,
2008-08-01,0.2911741311143256,1.0618388930526137,0.15818966359125608,-0.9494895292245839,0.1404282896334029,,,
2008-08-04,0.4818186106924375,1.281589622550338,0.12371238146839811,-0.936045565442476,0.23776876231717436,,,
2008-08-05,-0.007987378100733937,0.9129654336189851,-0.09155213013638076,-0.8206038773007518,-0.001794487979720344,,,
2008-08-06,-0.19764060805486555,1.172281333518396,-0.028980106421292846,-0.7217310235559443,0.055982398871573275,,,
2008-08-07,-0.005308782941134507,1.465874162646291,0.17427595330152873,-0.6366097375433278,0.24955789886583937,,,
2008-08-08,-0.10773381508889585,1.4356643079678717,-0.12968830326344993,-0.2844816120582805,0.22844014438931137,,,
2008-08-11,-0.2206130043038115,1.3748706414926863,-0.18279339602823427,-0.208311751434489,0.1907881224315379,,,
2008-08-12,-0.0001488686198234689,1.4357003561275097,-0.07261859270348699,-0.2025742056910262,0.29008967227829324,,,
2008-08-13,0.07963858724743036,1.2175921950916513,-0.028484840808454478,-0.18599245376547427,0.27068837194128825,,,
2008-08-14,-0.17490603496213428,1.303315756988952,-0.04419030067163606,-0.06076165926677802,0.2558644405221009,,,
2008-08-15,-0.3346358080734573,1.298340426118413,-0.03466362513609634,0.07807193960775287,0.2517782331291531,,,
2008-08-18,-0.03895252864085468,1.3763428719571704,-0.012501869688266247,0.061611844215989614,0.3466250794610098,,,
2008-08-19,0.02445313686515567,1.2606834071319521,-0.09789382872443891,-0.014876274504251004,0.2930916101921045,,,
2008-08-20,-0.15744346792020544,1.2657864000711838,-0.07874376530046252,0.0179355198997997,0.26188367168757887,,,
2008-08-21,-0.2842477300767476,1.118927085639271,-0.1198710055503187,-0.19005130500199374,0.13118926125255273,,,
2008-08-22,-0.4978387218105467,1.3072073046113857,-0.1069883265953407,-0.02261992785552032,0.16994008208749448,,,
2008-08-25,-0.038579135831840576,1.3337317629479146,-0.11319636655045746,-0.02807508904875714,0.2884702928792149,,,
2008-08-26,-0.14056638757802722,1.5323097852060346,-0.1576362617782478,0.0983825979334097,0.3331224334457923,,,
2008-08-27,-0.2957440871858383,1.4431002774046173,-0.28819675879583345,0.04319961922694181,0.22558976266247185,,,
2008-08-28,-0.36560219487803725,1.3872860059208794,-0.32288311445660367,0.07069856845069812,0.19237481625923414,,,
2008-08-29,-0.1046824862537741,1.2637103104948382,-0.3223775831105137,0.1340752397040796,0.24268137020865752,,,
2008-09-02,0.18187482771579042,1.441341677776394,-0.3410842381723126,0.32178664650062794,0.400979728455125,,,
2008-09-03,0.06175589404115611,1.3957467068450857,-0.22833495340007148,0.3295843584138109,0.3896880014749953,,,
2008-09-04,0.6186259657219021,1.2659558543681426,0.07065640345494073,0.47306401086944677,0.607075558603608,,,
2008-09-05,0.4095667010939644,1.2575439736511627,-0.03878813581013257,0.5609210105533501,0.5473108873720861,,,
2008-09-08,0.3187394572812116,1.3411362800437634,0.10619128577399324,0.7428227917714116,0.627222453717595,,,
2008-09-09,0.9257878395610902,1.3752165540158297,0.3478660449211164,0.6469390355657321,0.823952368515942,,,
2008-09-10,0.7196341234093631,1.525840355885242,0.34409621509615124,0.8121344730549442,0.8504262918614252,,,
2008-09-11,0.6901952096915749,1.2813832599393742,0.4211088803190352,0.8934748851756256,0.8215405587814024,,,
2008-09-12,0.9615622422333929,1.0412740515744525,0.39778165138999866,0.5636098675668101,0.7410569531911635,,,
2008-09-15,2.2455141277264,1.9456082514926898,1.5232710720943148,0.5458944057004217,1.5650719642534565,,,
2008-09-16,1.9324611878570181,0.6492868603226414,1.775380967991177,0.5894711746981074,1.236650047717236,,,
2008-09-17,3.1490663730700614,1.1135241294784297,1.5612672123179634,0.3179123750401326,1.5354425224766468,,,
2008-09-18,2.4663184597561423,-0.8697352350996311,1.6017206001706414,0.29508781758941866,0.8733479106041427,,,
2008-09-19,2.231988610698395,-0.28066096917218497,1.5557995780539253,0.19955120545489116,0.9266696062587566,,,
2008-09-22,2.575653542839963,-0.06135326543761195,1.4151646254407177,-0.22932888900663317,0.9250340034591089,,,
2008-09-23,2.9235511771303786,-0.07736198295187266,1.4538413204013088,-0.1392505567516493,1.0401949894570415,,,
2008-09-24,2.7815052622689302,-0.4501475364919378,1.5838609347938897,-0.04917790702567153,0.9665101883863025,,,
2008-09-25,2.2816253440856493,0.5158843470238805,1.969927143014486,0.007141730003148816,1.1936446410317911,,,
2008-09-26,2.6397523776163734,-0.2500271181366007,2.1849144791705264,-0.004134284343607121,1.1426263635766731,,,
2008-09-29,4.864599098274465,-0.610852596358627,2.704767711541878,0.1425273660563218,1.7752603948785095,,,
2008-09-30,3.386698836072669,1.2573962063944626,2.90261917033709,0.7010431172702916,2.0619393325186284,,,
2008-10-01,3.4077903934151377,0.3304056965757677,2.6259266558158676,0.7024680535493277,1.7666476998390253,,,
2008-10-02,4.315480761155683,0.7021813571087014,2.783828226695062,0.9774213504443651,2.194727923850953,,,
2008-10-03,4.186090754267552,0.8008425313405194,2.6956296024904622,0.9382508140175191,2.155203425529013,,,
2008-10-06,5.219025066272286,1.580665653217997,3.0321000633366375,1.3214397455723574,2.7883076320998192,5.6776167774954756,,
2008-10-07,5.285898645310214,2.6219288565095598,3.1012730401806294,1.117206860507228,3.031576850626908,5.628162453334437,,
2008-10-08,5.662871556621363,3.5777842132938313,3.5870214364559896,1.0970323822965409,3.4811773971669315,6.082529070083157,,
2008-10-09,6.31322863535661,3.4215925879094837,3.8067371455272725,1.1641013016582182,3.676414917612896,6.743331836741451,,
2008-10-10,6.766235477174003,3.68826932452354,4.120344627042132,1.6757175275447498,4.062641739071106,7.72637742980917,,
2008-10-13,4.509336710362254,1.9613434595437533,4.0262352849842635,1.3548534946240602,2.9629422373785825,5.473863977552348,,
2008-10-14,4.406076224094828,1.3170737266288086,3.0467222474083018,1.2045196488104288,2.493597961735592,4.824716021761864,,
2008-10-15,5.999552812185965,2.5558108448508126,2.7471091108102272,1.3933738750772056,3.173961660731053,6.248124098284845,,
2008-10-16,5.54424519606417,3.794214162763329,2.6752401646383333,1.502238306412696,3.3789844574696324,6.060727444003107,,
2008-10-17,5.625457734984607,3.8057002091195393,2.3458711666054923,1.4820252657373216,3.3147635941117404,5.881958582402654,,
2008-10-20,3.506600974725201,3.9722373452552744,1.917977039186412,1.6671741867168106,2.765997386470924,4.08294412389004,,
2008-10-21,3.463315262192387,4.24336243664031,1.940274233206394,1.9045267630314575,2.887869673767637,4.196067579945789,,
2008-10-22,5.170883089764131,4.07133355283697,2.210225046717294,2.2708146810583925,3.430814092594197,5.792454294870843,,
2008-10-23,4.808861959908169,3.7525839464872544,2.8543343998485717,2.2503107986833517,3.4165227762318366,5.6947009534346,,
2008-10-24,5.761198929551355,4.303561166170283,3.0643610200718925,2.523852727149996,3.913243460735882,6.751049519759341,,
2008-10-27,5.6089502966165075,5.092581051230847,2.9649571260960412,2.6309414520045418,4.0743574814869845,6.854652493796766,,
2008-10-28,4.205261512592211,4.5938845202022005,2.753949628862118,2.6311247458685174,3.5460551018812616,5.531169803538323,,
2008-10-29,4.379542188519011,3.945180962539157,2.4128542638282124,2.0883649573520526,3.206485593059608,5.141713874069559,,
2008-10-30,3.642553205260549,3.1915781715149865,2.2011044282551633,1.9396530447166362,2.7437222124368335,4.21223989837121,,
2008-10-31,3.3104784021996325,3.057487468401489,2.1312075166165525,2.209231199578466,2.677101146699035,3.9035662622227703,,
2008-11-03,2.709535223608368,3.1110856477549014,2.053094935217504,2.380576475955707,2.56357307063412,3.5076366593573023,,
2008-11-04,2.150562615065644,2.984208488408562,2.000865965678229,1.953266629663355,2.2722259247039474,2.8429621957210895,,
2008-11-05,2.7418722770930866,3.4701264684155766,2.3383632499157097,1.8974025840728597,2.611941144874308,3.5545321953566598,,
2008-11-06,3.5045719302006533,3.5397213428967973,1.6336449512931552,2.2171189310409996,2.7237642888579012,4.026837751192289,,
2008-11-07,2.7993170768590536,3.1647307433666425,1.3626875791096542,2.206006119579402,2.3831853797286877,3.2110685526768927,,
2008-11-10,3.099454829795864,3.1276230558189404,1.2392761928078369,2.190018632383679,2.41409317770158,3.368175698489931,,
2008-11-11,3.1817906436252463,3.176103845456137,1.2353839013364434,2.4683330956645264,2.515402871520588,3.567635676237803,,
2008-11-12,3.552788438971924,3.379437545612911,1.231528084093788,2.547261034419521,2.677753775774536,3.946900941879342,,
2008-11-13,2.9536227048300665,3.3018054100012346,1.4257082804569496,2.391709164258571,2.518211389886705,3.4783600782874884,,
2008-11-14,3.4426210924949814,3.4573813286104125,1.6153373834577667,2.227812314202371,2.6857880296913828,3.8248894789857553,,
2008-11-17,3.613979792519186,3.773623383886375,1.5817989957297216,2.3230476146541252,2.823112446697352,4.097778371934967,,
2008-11-18,3.4352909557855305,4.053025687619085,1.6516662095101402,2.442657619619101,2.8956601181334642,4.1496674515996945,,
2008-11-19,3.889704910139857,4.4986466130152225,1.6537182332989129,2.4073790779818824,3.112362208608969,4.627681028468043,,
2008-11-20,4.305725523307805,4.698536488534468,2.1119870016194646,2.5476518873153404,3.415975225194269,5.22808477830085,,
2008-11-21,3.607974636674895,4.592743281764162,2.128698800434695,2.577566107706876,3.226745706645157,4.637225303182599,,
2008-11-24,2.963809293820421,4.358221873558393,1.5510308901764285,2.0476619120582766,2.7301809924033797,3.64200725000077,,
2008-11-25,2.6503924000483003,4.183841686674605,1.9499501050115757,1.7751443646888951,2.6398321391058444,3.3519845194349074,,
2008-11-26,2.1862570903797502,3.728069107141081,2.118823213862724,1.927110847180802,2.4900650646410893,2.970446952703834,,
2008-11-28,2.238550367883216,3.67410959262369,2.107219928528876,2.1190970301178957,2.5347442297884193,3.074239987146214,,
2008-12-01,3.138367654909045,4.1325717422403105,2.0772966945751494,2.15265233920739,2.8752221077329736,3.840502281537475,,
2008-12-02,2.704382728437074,4.008003469848904,2.1402967847347365,2.133474515035692,2.746539374514102,3.499098705854955,,
2008-12-03,2.517078406520477,4.007659334473941,2.082432448846579,2.1969842296066067,2.7010386048619006,3.3812592850388854,,
2008-12-04,2.7015323294955094,4.006129916079531,2.1196082669327185,2.043620037670371,2.7177226375445325,3.44568299568495,,
2008-12-05,2.414738622069106,3.845005741642283,2.0944322671837816,2.1897630193555426,2.6359849125626784,3.2428604543537736,,
2008-12-08,2.2944615881294568,3.760522665219488,2.012947071401355,1.8118093376004294,2.4699351655876822,2.8531951572206244,,
2008-12-09,2.3068416184573475,3.849913325050512,2.0304038056893106,1.8677701853858621,2.513732233645758,2.9338857963567166,,
2008-12-10,2.068699771232428,3.812638479165373,2.1128782474470107,1.7744066479633585,2.4421557864520427,2.737065268371088,,
2008-12-11,2.0593592196476616,3.8597918816454997,2.200266238907016,1.3829244374663512,2.3755854444166324,2.5849245761883006,,
2008-12-12,1.9429847189812985,3.7043761386954013,2.169620798822034,1.3340555936820226,2.287759312545189,2.4044623116362303,,
2008-12-15,2.1030556898220207,3.6911508440439813,1.9726680042056433,1.0112106915652057,2.1945213074092127,2.2311796839072002,,
2008-12-16,1.7881267089698294,3.6488128825958093,1.524788630531078,0.6382771950624204,1.9000013542897842,1.6691493761907767,,
2008-12-17,1.605438236247399,3.48549980645279,1.233003673339801,0.22373492085528554,1.6369191592238188,1.1713690691808243,,
2008-12-18,1.4268385595200048,3.109615972530842,1.5084177054016943,0.3544833051572124,1.5998388856524384,1.0406363405063137,,
2008-12-19,1.2559858797554961,2.9881182371050548,1.5293948584667552,0.7822418063538544,1.6389351954202902,1.0940193136156564,,
2008-12-22,1.2267713415734527,2.674589766639449,1.496817668443994,0.7316566295203223,1.5324588515443043,0.8721447143528691,,
2008-12-23,1.2548613625572937,2.5330808221581522,1.4734588384602496,0.7654663687495211,1.5067168479813042,0.8360349737890838,,
2008-12-24,1.1954497803659623,2.7005105161385323,1.4680759299080615,0.7570417009122878,1.530269481831211,0.8664568614884733,,
2008-12-26,1.1350468764202848,2.5009865064908747,1.4561083704880924,0.6806885119214855,1.4432075663301844,0.6941380578327461,,
2008-12-29,1.167807755877078,2.4718027353508933,1.4199286752727256,0.6302919484866822,1.4224577787468449,0.6654980375726318,,
2008-12-30,1.0086062383874714,2.5095075695563502,1.4260768655857738,0.6809179706884685,1.406277161054516,0.5881146716129853,,
2008-12-31,0.8941274730495565,2.4421850016574536,1.3637332705472702,0.7760322976218732,1.3690195107190384,0.5094536346066656,,
2009-01-02,0.8365166460786649,2.3507018718408994,1.206944131241216,0.8990246750066323,1.3232968310418531,0.44032774088197757,,
2009-01-05,0.8273202006588933,1.914872802913012,0.9360934628924972,1.0848247463050518,1.1907778031923635,0.24093351793932744,,
2009-01-06,0.7898939647831551,1.8333227996385053,0.6993588002721113,1.1313520425394026,1.1134819018082935,0.12499581790374759,,
2009-01-07,1.1212180351354777,1.9285721176076607,0.5051988869655443,0.9948651742449791,1.1374635534884154,0.2475280524833157,,
2009-01-08,1.061242190920066,2.1434698057149344,0.4645035370743572,0.8190423751516985,1.122064477215264,0.2039244812432198,,
2009-01-09,1.0765910067053204,2.107111950122989,0.19921911358817965,1.080251296868952,1.1157933418213601,0.2420245657651625,,
2009-01-12,1.2815920516935382,2.263703554218412,0.1277213398559271,1.1619571410055738,1.2087435216933629,0.46575173414763416,,
2009-01-13,1.1012567984943256,2.2630099619397153,-0.21355778224030905,1.4511749584085745,1.1504709841505765,0.3805186402357017,,
2009-01-14,1.5012625517047637,2.3305581012112775,-0.21553958415922295,1.4811124549502392,1.2743483809267644,0.6841470750918248,,
2009-01-15,1.6229304688127646,2.371586980170585,0.01038802982156315,1.4804914265282545,1.3713492263332916,0.85600914077743,,
2009-01-16,1.28241214489086,2.2762382495838005,-0.04778640066706721,1.4217285938795425,1.233148146921784,0.5402455834945025,,
2009-01-20,1.9964521053313231,2.2836770212466764,0.16725780071768617,1.8829582437605104,1.582586292764049,1.3157364877858733,,
2009-01-21,1.2910666445136771,2.2184925698338107,0.49202700157166435,1.7811995010784352,1.4456964292493968,0.8769245732115326,,
2009-01-22,1.34646225078406,2.1939989307732657,0.538430223483179,1.703865692508921,1.4456892743873564,0.8655771779702892,,
2009-01-23,1.3409205293316957,2.2699309942048154,0.5870152143084446,1.7172339457496362,1.478775170898648,0.9189958384586304,,
2009-01-26,1.2294214990980423,2.1447081272314485,0.36158594679577977,1.5075847117079957,1.3108250712083165,0.6096033715637257,,
2009-01-27,0.9920777833726835,2.221206139646122,0.26893848092483674,1.4332304508821956,1.2288632137064592,0.42134693841753973,,
2009-01-28,0.8135259277935115,1.9498215695980945,0.16730808888561394,1.4835182581241233,1.1035434611003359,0.1735675982428483,,
2009-01-29,1.0143781311417843,2.0656499611714927,0.41726140989514454,1.6180269778020786,1.278829120002625,0.4998245003604034,,
2009-01-30,1.162510189426493,2.077561621529925,0.7570227998177057,1.7759863766742783,1.4432702468621004,0.7914881011842908,,
2009-02-02,1.2057508779753023,2.2687735990119613,0.7669890819704219,1.7838856269366112,1.5063497964735744,0.9142932131164769,,
2009-02-03,1.0353237050253759,2.206618007607981,0.7160695569746787,1.5439795579363957,1.3754977068861078,0.6353900470725432,,
2009-02-04,1.086711171222894,2.203876623478227,0.9696241877730035,1.6858899865463162,1.4865254922551103,0.8213795226868973,,
2009-02-05,1.07598693463008,2.18532895912426,0.9946169161894708,1.7603616709230905,1.5040736202167255,0.8404935971468368,,
2009-02-06,1.0490077368814033,2.0429582170292506,1.1815616198731131,1.5921725259075055,1.4664250249228181,0.7304005586002662,,
2009-02-09,1.0649819612134437,1.9774650848100115,0.9106769479213327,1.4596042114681596,1.3531820513532369,0.5563552030122245,,
2009-02-10,1.268280051441356,2.0723508107960744,0.9561921659041409,1.684722324772885,1.495386338228614,0.8627157151003311,,
2009-02-11,1.1195403681796736,2.1125599211883315,0.6092375041887578,1.6710453840433641,1.3780957944000316,0.6670240513923225,,
2009-02-12,0.8940705510683744,2.1355265561597383,0.472816454456926,1.836904873926988,1.3348296089030067,0.5645284482916583,,
2009-02-13,1.006516731116805,2.0185080592657805,0.6462563741600819,1.714306271056689,1.346396858899839,0.5750944725013145,,
2009-02-17,1.3930550632743077,2.2846163876379166,0.7470093814033049,2.0502731920182913,1.6187385060834552,1.1539689085726317,,
2009-02-18,1.3751625684417708,2.2785902865319976,0.6553008628792616,2.134191286403215,1.610811251064061,1.1541921811349014,,
2009-02-19,1.2776008881381766,2.148446908365787,0.7154137438717995,1.995834699148442,1.5343240598810512,0.9785096780224833,,
2009-02-20,1.4240596075058818,2.226896942277629,0.7957611560736507,1.7758284947855068,1.555636550160667,1.0068767738024114,,
2009-02-23,1.6432374386852788,2.3999659304116627,0.6109073705609828,1.9331148531535316,1.646806398202864,1.2521566685603187,,
2009-02-24,1.156615503118614,2.2339330306914387,0.5419853511898902,1.8466959171202026,1.4448074505300363,0.79510491836539,,
2009-02-25,1.098434543935641,2.144469115797531,0.7658642372498401,2.0611468234862773,1.5174786801173223,0.8993569578177969,,
2009-02-26,1.095211441232231,2.2468250809086667,0.7350903591565122,2.0106350793188756,1.5219404901540714,0.9079829203870884,,
2009-02-27,1.2066559387384475,2.300951450069869,0.815613553143102,2.0607845419841895,1.596001370983902,1.045159984297174,,
2009-03-02,1.6272828304332503,2.5028304692663603,0.7551590853058598,2.2502766974095842,1.7838872706037638,1.4894345486968354,,
2009-03-03,1.505760725524936,2.4084404754510813,0.7743653106418417,2.2296476636990055,1.729553543829216,1.3631712036881762,,
2009-03-04,1.274602126051831,2.390110546612519,0.8048875908366505,2.1452171230281283,1.6537043466322823,1.1710912887980287,,
2009-03-05,1.4461142357164591,2.7297282864929984,0.710288792289074,2.2457344145820346,1.7829664322701415,1.4608174074408835,,
2009-03-06,1.3852477457397523,2.7582242205012815,0.6409096197446755,2.104322449384068,1.7221760088424443,1.324355257237663,,
2009-03-09,1.404471677814117,2.5683067835831332,0.6695769184467856,2.198344006255476,1.710174846524878,1.3085439629895497,,
2009-03-10,1.0448566635101635,2.2869818225388223,0.5067545904856852,2.168288878331863,1.5017204887166336,0.8840442132928908,,
2009-03-11,0.9916780672349703,2.150412908443061,0.3600471328405443,1.932721968318255,1.3587150192092077,0.6158010789370049,,
2009-03-12,0.8267228437849089,1.9994829316626115,0.3436364502716784,1.8792187207008002,1.2622652366049998,0.4075206879070181,,
2009-03-13,0.9044560498407619,2.045176699827808,0.2860708451780277,1.8222781093676177,1.2644954260535537,0.4236032192267281,,
2009-03-16,0.9953247726815585,2.0003637847544096,0.2193648991703858,1.7137525075582227,1.232201491041144,0.381540111398287,,
2009-03-17,0.7960510237300308,2.013739787754472,0.2603776872458576,1.7026803642184505,1.1932122157372027,0.267793660958256,,
2009-03-18,0.7450243010094844,1.990114364987851,0.2646810773670943,1.20864660255991,1.052116586481085,-0.04173032050080716,,
2009-03-19,0.9869530331880629,2.065984462034318,-0.13285568486299945,0.8973769944162133,0.9543647011938988,-0.14269247660086937,,
2009-03-20,1.1332250035985787,1.9901325592902546,-0.16949432164411676,1.0447145598971106,0.9996444502854567,-0.01725380193090975,,
2009-03-23,0.9521868824733254,1.8426000920206973,-0.2843467344400969,0.9564855987618732,0.8667314597039497,-0.2826501984807745,,
2009-03-24,0.9302113271733448,1.7395006632647978,-0.2771276885123778,1.0448455685103113,0.859357467609019,-0.29397913253580354,,
2009-03-25,0.8827996308119083,1.6499330164953925,-0.2998730865907915,1.0321483900750819,0.8162519876978978,-0.37907983355036867,,
2009-03-26,0.7542270247734719,1.5600981724173462,-0.24879179855092556,1.1054834035995202,0.7927542005598531,-0.4466978107500813,,
2009-03-27,0.7987535172959491,1.6635917308335162,-0.30856176028232374,1.2998857816414522,0.8634173173721484,-0.28025329617622374,,
2009-03-30,1.0998172884898287,2.0297105658579873,-0.3313324553562555,1.455223400570618,1.0633546998905445,0.15639663881367244,,
2009-03-31,1.0033821273210908,1.9624463386564261,-0.32171140310938284,1.3588364522101335,1.000738378769567,0.015055890093457425,,
2009-04-01,0.8763999371303229,1.9786364220358803,-0.43015759040540175,1.3695711463157525,0.9486124787691385,-0.08531380746869155,,
2009-04-02,0.8587168330963914,1.6927524634191184,-0.4504966530840582,1.1465905558064828,0.8118907998094836,-0.354985486876444,,
2009-04-03,0.6998030827351999,1.5239644025797603,-0.26445515982536516,1.0854906907637503,0.7612007540633363,-0.5082291032402163,,
2009-04-06,0.7815728596504946,1.5410109723801697,-0.18988630357548508,1.1666249706240974,0.8248306247698192,-0.3818631992509985,,
2009-04-07,0.7439573699961368,1.6253694110971035,-0.29193264163368926,1.3139908556816122,0.8478462487852908,-0.31850609702959404,neutral,
2009-04-08,0.6390253951239615,1.6054612425891033,-0.2637107777395209,1.325015903556475,0.8264479408825047,-0.3796776887614937,neutral,
2009-04-09,0.4816127954325989,1.4277552759882615,-0.26343189315344734,1.4108302285928196,0.7641916017150581,-0.514972699080575,neutral,
2009-04-13,0.5674608231072433,1.5067625588614064,-0.34004011626355113,1.1675986736843775,0.725445484847369,-0.5752961559440316,neutral,
2009-04-14,0.55726279620082,1.5640121812245205,-0.5424809145797787,1.164880719165361,0.6859186955027307,-0.6192150001402822,neutral,
2009-04-15,0.45511173060770677,1.5528636915660434,-0.5907621672187944,1.2536435760606932,0.6677142077539122,-0.6564024754962791,neutral,
2009-04-16,0.4288514234187599,1.4556474734052194,-0.510637262340126,1.2816307841914911,0.6638731046688361,-0.6781302535914415,neutral,
2009-04-17,0.30300904808384294,1.2648490403348018,-0.3511506041227968,1.4338549592005236,0.662640610874093,-0.7149857092872319,neutral,
2009-04-20,0.6579243623817597,1.5188052572760873,-0.3671350358207059,1.5661450527704548,0.8439349091518988,-0.3035880511501884,neutral,
2009-04-21,0.5186713469860912,1.4489329261543578,-0.3503447899706135,1.5484851227783243,0.7914361514870399,-0.4286745471273916,neutral,
2009-04-22,0.5831836854117487,1.3861353932594438,-0.24687783979660613,1.4628953700895613,0.796334152241037,-0.4300127853828316,neutral,
2009-04-23,0.5179077584526304,1.384251677169938,-0.2466233878532864,1.320205117036793,0.7439352912015187,-0.5486268176986436,neutral,
2009-04-24,0.4948405946084449,1.273201539078946,-0.11490857069557998,1.1495015089048344,0.7006587679741614,-0.664656053442733,neutral,
2009-04-27,0.5962622073926971,1.3243862559428217,-0.11479591598721686,1.351179543595655,0.7892580227359892,-0.464579913202583,neutral,
2009-04-28,0.5703040774745128,1.2770392390325016,-0.18995122403878198,1.2362024747855278,0.72339864181344,-0.5876016254559274,neutral,
2009-04-29,0.4422140103821943,1.16198906881797,-0.23449074167099399,1.0909228873061327,0.6151588062088258,-0.8134946124801287,neutral,
2009-04-30,0.4703369020695228,1.0896706808975047,-0.1517795196455952,1.1174953276045148,0.6314308477314867,-0.7888038729187159,neutral,
2009-05-01,0.3879130490553941,1.1452243746385713,-0.03369045725880873,1.10271183962831,0.6505397015158667,-0.7866888489269981,neutral,
2009-05-04,0.33489924545660976,1.1821516677966775,-0.06671374973833175,0.9807630289161167,0.6077750481077681,-0.8703765445101606,neutral,
2009-05-05,0.2545609915088169,1.1351050886743501,-0.12337004088860717,1.0181149540567054,0.5711027483378164,-0.9416562449168301,neutral,
2009-05-06,0.1920313131775386,1.1010456121047858,-0.12798166731316354,0.9418685582749017,0.5267409540610156,-1.0390448114602915,neutral,
2009-05-07,0.2596493069831243,1.1561343259146626,-0.035511803978090443,0.9690624009074431,0.5873335574567848,-0.9268220507549183,neutral,
2009-05-08,0.16409413138459195,1.0588628388770776,-0.002295976389263648,0.6761158748961431,0.4741942171921373,-1.1768560205327687,neutral,
2009-05-11,0.22020307553615243,1.1250663132546688,-0.13989198004814588,0.7061892071058488,0.47789165396213096,-1.1251962243081184,neutral,
2009-05-12,0.14649281910441278,1.1132179946352738,-0.10176391412819451,0.6286534769525249,0.44665009414100426,-1.2063553065099486,neutral,
2009-05-13,0.2735305202264398,1.2037070845254538,-0.10404364878947615,0.6671499874454055,0.5100859858519557,-1.06367166553756,neutral,
2009-05-14,0.11637271068842824,1.3057079669640979,-0.16817732679740738,0.6206792939342503,0.46864566119734224,-1.162230975959381,neutral,
2009-05-15,0.23678958448721044,1.4138224951051475,-0.19658752411991123,0.7731738585341531,0.5567996035016499,-0.9643798927665632,neutral,
2009-05-18,0.03801642853366824,1.2291313198317682,-0.20116208202024188,0.6994860012587395,0.44136791690098354,-1.2035182455725264,neutral,
2009-05-19,-0.0613880879849786,1.2050604141114964,-0.18665322574863516,0.5554000920320533,0.378104798102484,-1.3486831937354509,neutral,
2009-05-20,-0.04544410973716347,1.1292564036602273,-0.18885983219152672,0.34914468467747245,0.3110242866022524,-1.4810590026031567,on,
2009-05-21,0.11499300357593494,1.1489090050532056,-0.016602624205945087,0.25938598891146125,0.37667134333366414,-1.35974538094347,neutral,
2009-05-22,0.20345434355380382,1.0219991903943273,0.3996053627482374,0.13426623490602466,0.4398312829005983,-1.2920694853380965,neutral,
2009-05-26,0.06404643972043317,1.038232606394798,0.3728492098896932,0.1695503104959983,0.4111696416252307,-1.3423591974691214,neutral,
2009-05-27,0.1846107375554102,0.9631057486982919,0.7961361098507915,0.21108640927502156,0.5387347513448788,-1.1404860051522931,neutral,
2009-05-28,0.13655786075491888,0.9633561880859478,0.8834385308470691,0.23174801237190407,0.55377514801496,-1.1324541253747706,neutral,
2009-05-29,-0.05456619634031949,1.0211289866796793,0.8317385585661229,0.23152177706624488,0.5074557814929319,-1.2461406900748577,neutral,
2009-06-01,0.02334471561030209,0.8554530738958973,1.4253923689035286,-0.03211228798174101,0.5680194676069968,-1.2155601621950858,neutral,
2009-06-02,-0.005205834521254745,0.9409266671772014,1.2688477936340659,-0.19320354735533082,0.5028412697336704,-1.3111254570726616,neutral,
2009-06-03,0.0916083765319211,1.0296549440803078,0.7644375916462839,0.03736318336075471,0.4807660239048168,-1.2507889770932554,neutral,
2009-06-04,0.032966355110451886,0.9657305640645532,0.9091551676827504,0.018462116867079385,0.48157855093120866,-1.2815465722001764,neutral,
2009-06-05,-0.006138493629550618,0.8926264365371529,1.2514925829444452,0.28281212974456954,0.6051981638991543,-1.0947766730216923,neutral,
2009-06-08,0.004343206623028916,0.8587692483689628,1.2390131113227165,0.3329228049063638,0.6087620928052679,-1.0818605578706573,neutral,
2009-06-09,-0.10051719077706114,0.9053076355613467,1.0525237029632457,0.09721190993863589,0.4886315144215418,-1.2923304238740103,neutral,
2009-06-10,-0.08713079692648923,0.8681137749354548,1.1244406636640665,0.2107171039869467,0.5290351864149947,-1.2197613913217724,neutral,
2009-06-11,-0.11156147051801653,0.8768375128570077,0.9623037733897748,0.016810877865646983,0.4360976733986032,-1.3826161474937233,neutral,
2009-06-12,-0.10865500074511225,0.8944113423696035,0.9630039668259248,0.17063938843602125,0.4798499242216094,-1.293455761782732,neutral,
2009-06-15,0.07806670073088624,1.0204727832997136,0.8347805320243333,0.38137353029726545,0.5786733865880497,-1.046554619726524,neutral,
2009-06-16,0.20930446170886471,1.0929729934973136,0.8502178499089601,0.290230713510038,0.6106815046562941,-0.9520663176575651,neutral,
2009-06-17,0.12898924490141508,1.1483478547465449,0.9181721568070197,0.17587146955920505,0.5928451815035463,-1.015696997207651,neutral,
2009-06-18,0.02264868797853106,0.961372962559995,1.327053910562534,0.26874108598774094,0.6449541617722002,-0.9951520885560703,neutral,
2009-06-19,-0.12100847972706334,1.01400334908909,1.2046341863307248,0.19441666092022192,0.5730114291532434,-1.1408829114369143,neutral,
2009-06-22,0.10320636326230424,1.154621822109792,0.9850345808022005,0.30436717562830207,0.6368074854506497,-0.9427622119742881,neutral,
2009-06-23,0.06149662868364091,1.2039946413832583,0.9809054332779539,0.10480843028085174,0.5878012834064262,-1.0355922799925725,neutral,
2009-06-24,-0.046577205659230694,1.1473502294938602,0.7834557281869934,0.2574787349860145,0.5354268717519094,-1.1163351073355765,neutral,
2009-06-25,-0.2366099650617763,1.1312193441541216,0.6891433548933388,0.22325959361667733,0.4517530819005903,-1.2948346228169318,neutral,
2009-06-26,-0.26679294598343367,1.1350658429410432,0.6404144031430972,0.11252988491628999,0.40530429625424913,-1.3845087710067,neutral,
2009-06-29,-0.30758323003350585,1.0215803181647536,0.625253224534543,0.10391863980158013,0.36079223811684275,-1.4729712290518673,on,
2009-06-30,-0.23645693944986892,0.9786253907313961,0.7226136478904808,0.1655724113553986,0.40758862763185166,-1.36562488135612,neutral,
2009-07-01,-0.24545072347633434,0.9841640990046335,0.7000878938325987,0.058866634007290176,0.374416975842047,-1.4301798581774885,on,
2009-07-02,-0.12247030599062216,1.128105938926029,0.3995887277272712,0.16973053792412254,0.3937387246467001,-1.32012761849573,neutral,
2009-07-06,-0.04778810932073885,1.2667348085798191,0.37518426147183154,0.2336154656448704,0.4569366065939455,-1.18199891867277,neutral,
2009-07-07,0.08376209301988805,1.3438658621628565,0.1466401809676732,0.2697169756524722,0.4609962779507225,-1.1128988045779307,neutral,
2009-07-08,0.11570362195283736,1.3644985802190157,0.09601962984315485,0.3015305745306948,0.4694381016364257,-1.0641338816135724,neutral,
2009-07-09,0.007361379863952768,1.2511389310998413,0.09593428746079562,0.10650632148642167,0.3652352299777528,-1.2865671886371002,on,
2009-07-10,-0.046813128009786764,1.3409466856816121,0.08139817665628066,0.1856645142956005,0.3902990621559266,-1.2450206889704105,on,
2009-07-13,-0.24008245729786445,1.315405313091513,0.1271273384544898,0.16405730186414227,0.3416268740280702,-1.3805059495007304,on,
2009-07-14,-0.331940928752879,1.2639251108011664,0.3007089156912884,0.17463829649632864,0.3518328485589761,-1.4051883821817015,on,
2009-07-15,-0.2694701069288129,1.0091847146399182,0.4645554518563871,-0.010206724825968093,0.2985158336853811,-1.504552610407263,on,
2009-07-16,-0.3028204036680426,1.0390301039031544,0.3940222632641655,-0.03169218650916447,0.2746349442475282,-1.5456514806480623,on,
2009-07-17,-0.37980140083431896,1.004480763799845,0.5724563293048661,-0.003697494153865649,0.29835954952913163,-1.5423937235553664,on,
2009-07-20,-0.3751275744745514,0.9222179373596475,0.4122063290087234,-0.09843511148080966,0.21521539510325247,-1.6752360486407973,on,
2009-07-21,-0.41272821540038,0.9966388592551946,0.2713946978306194,-0.09403940250827927,0.19031648479428867,-1.7075058879362073,on,
2009-07-22,-0.44098649400763534,0.9627898889059869,0.2832559840112781,-0.1414091901961443,0.16591254717837134,-1.7381515312042806,on,
2009-07-23,-0.44340012839727516,0.8630724779459931,0.3533039989966349,-0.12185498781557383,0.16278034018244475,-1.7540691558311283,on,
2009-07-24,-0.4673498206139817,0.8355955133599942,0.2631816223212662,-0.13255171840648589,0.1247188991651982,-1.816138874115395,on,
2009-07-27,-0.3813657520086824,0.7999188450138626,0.250795833135202,-0.15838477185158512,0.12774103857219926,-1.7925374106932783,on,
2009-07-28,-0.32849805409246063,0.8218621329769192,0.18007553968157228,-0.11063132732614281,0.14070207280997202,-1.7455958905281541,on,
2009-07-29,-0.2850045479288189,0.844696636604006,0.16531884661373836,0.0584268697975304,0.19585945127161394,-1.6012253673207504,on,
2009-07-30,-0.2998656899715931,0.8201688136967267,0.15299848115126274,-0.015336706858351321,0.16449122450451129,-1.6630547844784767,on,
2009-07-31,-0.2621018281316464,0.79360802461123,0.13824217326534918,-0.2192890991953199,0.11261481763740322,-1.7566021893953876,on,
2009-08-03,-0.2878337250909257,0.7285345062313481,0.2015362743400985,-0.37324861262091047,0.06724711071490261,-1.8607094818364414,on,
2009-08-04,-0.33593880351186567,0.7027244192996817,0.1989161305553728,-0.34464226781280966,0.05526486963259479,-1.8910937280896405,on,
2009-08-05,-0.334897682574899,0.7310589897720793,0.30622383414901216,-0.3986685598421652,0.07592914537600681,-1.8439613170917675,on,
2009-08-06,-0.27890484348261274,0.7743389388717263,0.36216065536968745,-0.2786006874017068,0.14474851583927356,-1.709554696908211,on,
2009-08-07,-0.3444997790488786,0.7122079746807449,0.5012212546679974,-0.08232024565184061,0.19665230116200577,-1.6407077102357346,on,
2009-08-10,-0.3275176196961173,0.699142042955051,0.39545808839583696,-0.01902722553170401,0.18701382153076665,-1.6370647117972548,on,
2009-08-11,-0.25473573143056816,0.7626288780477012,0.4146645966518966,-0.03646718269950411,0.22152264014238138,-1.562051233824466,on,
2009-08-12,-0.29367509571529293,0.7082766286893118,0.35542832252838846,-0.12160361847712162,0.16210655925632145,-1.650684303314007,on,
2009-08-13,-0.34711939554944543,0.8972392877363157,0.3133875920881872,-0.1870655693339121,0.16911047873528634,-1.6444236533787566,on,
2009-08-14,-0.37875101706049147,0.9359261557999152,0.2860910721299449,-0.09940941272239492,0.18596419953674342,-1.6126757127242364,on,
2009-08-17,-0.11521532582149147,1.1509793117433422,0.27354524161760585,-0.011754656061238884,0.32438864286955443,-1.2982358939829182,neutral,
2009-08-18,-0.2395476227992948,0.9880422883897045,0.08885042572342305,-0.08843315500757686,0.18722798407656396,-1.5519818469746185,on,
2009-08-19,-0.23350978063340055,0.9793346743721733,0.07154462745739763,-0.1914224336802526,0.15648677187897944,-1.5866852421105548,on,
2009-08-20,-0.31856650376519774,1.0419583689406424,-0.029525103483636444,-0.21100793458972217,0.12071470677552153,-1.6557632993337943,on,
2009-08-21,-0.3241073790988004,0.890346789565427,-0.019637321132421,-0.28549249037026847,0.06527739974098429,-1.763181277835915,on,
2009-08-24,-0.3143214057084692,0.975015935530685,-0.049234303014764697,-0.23468605681297908,0.094193542498618,-1.7017021151393428,on,
2009-08-25,-0.3301014526722679,0.9887399650693781,-0.07389157260813374,-0.24107856329653998,0.0859170941231091,-1.7167532991081547,on,
2009-08-26,-0.32760458201195974,1.0094715197989295,-0.1875329009983116,-0.14840394385054223,0.08648252323452897,-1.6724875893403761,on,
2009-08-27,-0.34705182605177337,1.012088678917213,-0.18984550560059113,-0.2914863050268464,0.04592626055950051,-1.7554331876671365,on,
2009-08-28,-0.34087417256216435,1.010223696922671,-0.09807916597484138,-0.21185125799492874,0.08985477509768414,-1.6841130677466647,on,
2009-08-31,-0.24899206238846344,1.0473716621048956,-0.058351091683572345,-0.25580141315121946,0.12105677372041011,-1.6147353002328577,on,
2009-09-01,-0.018539373361967433,1.1131070075014375,0.0483367955400321,-0.12527886698883903,0.2544063906726658,-1.3326476139585743,on,
2009-09-02,-0.036871048617219085,1.1781099190002342,0.11282917566196644,-0.20916548141231325,0.2612256411581671,-1.3148926870405158,on,
2009-09-03,-0.16904441945694737,1.1376946997765969,0.025793568290149338,-0.191289753084655,0.20078852388128596,-1.4406440204366497,on,
2009-09-04,-0.30413663959258724,1.079087033163707,-0.13582439761387938,-0.26196399767135986,0.09429049957147013,-1.6437752653762594,on,
2009-09-08,-0.2773870308370985,0.9400815170787469,-0.24517947824808559,-0.44336054358148586,-0.0064613838969807685,-1.81340421822842,on,
2009-09-09,-0.3728218562357613,1.0143499377883576,-0.4590458462921394,-0.493892920827759,-0.07785267139182551,-1.9355746472459887,on,
2009-09-10,-0.429178942963656,0.9401274281608991,-0.38885480487648016,-0.5532488607846648,-0.10778879511597547,-1.9915477887249047,on,
2009-09-11,-0.38454983298556394,0.9348351261878859,-0.45578272869241937,-0.5992357915262214,-0.12618330675407974,-2.007973003759578,on,
2009-09-14,-0.405575839540116,0.8811587469037117,-0.41044373921006644,-0.5786014734752749,-0.12836557633043644,-2.022047186339247,on,
2009-09-15,-0.4376593797603207,0.8156094635674406,-0.33268042384685786,-0.6134955274236347,-0.14205646686584317,-2.06583980115873,on,
2009-09-16,-0.41729944310533035,0.7328168486521823,-0.22995893011617552,-0.6794403199109352,-0.14847046112006468,-2.08966675273805,on,
2009-09-17,-0.4198577031550661,0.758616822260051,-0.2772645876595468,-0.6897423759594824,-0.15706196112851106,-2.0725981540235225,on,
2009-09-18,-0.3994939074121597,0.7278043340470922,-0.2870305330305607,-0.6355708569206454,-0.1485727408290684,-2.0496251333679685,on,
2009-09-21,-0.3887603852643077,0.742004991738742,-0.3618878028831928,-0.5569973593649983,-0.14141013894343918,-2.0215517321307144,on,
2009-09-22,-0.46095840234700713,0.7709310390215383,-0.37157839738566734,-0.703282147720788,-0.19122197710798106,-2.1314807051702633,on,
2009-09-23,-0.43013358058578927,0.7482351859978089,-0.5241369577852247,-0.7180150456347244,-0.23101259950198239,-2.177517490250808,on,
2009-09-24,-0.32147443542514764,0.7450610830908013,-0.5762550607025321,-0.5278269502463888,-0.1701238408208168,-2.0038700182971185,on,
2009-09-25,-0.27221317420547153,0.8042334972293306,-0.5530606110066595,-0.5473473480182632,-0.14209690900026592,-1.9459968844639588,on,
2009-09-28,-0.3261899921397937,0.7577179084142485,-0.572562086017628,-0.4932455434553836,-0.15856992829963923,-1.9831324870582971,on,
2009-09-29,-0.3028638221072656,0.7332322043197133,-0.4388271417813522,-0.4771308122937075,-0.12139739296565301,-1.927310444944166,on,
2009-09-30,-0.27136371045088803,0.7271222557217336,-0.4736011909244335,-0.5816195849137014,-0.1498655576418223,-1.9714789085966788,on,
2009-10-01,-0.07313316229774534,0.8961776326873556,-0.503320200601544,-0.46034288798524997,-0.035154654549295936,-1.6893167499438422,on,
2009-10-02,-0.0425295802947163,0.8375071115581875,-0.6235931339239426,-0.5023827582907903,-0.08274959023781542,-1.7556409414756824,on,
2009-10-05,-0.17968193665539106,0.7689108551930807,-0.6757564343083828,-0.5824141938322481,-0.16723542740073535,-1.934722393078365,on,on
2009-10-06,-0.2645889350241754,0.779286673524567,-0.6372073163445402,-0.6489271484627451,-0.1928591815767234,-2.0065641707263913,on,on
2009-10-07,-0.34051454899326505,0.7701708365435668,-0.6893948937953209,-0.6146155802652741,-0.21858854662757332,-2.0618241697787028,on,on
2009-10-08,-0.37756523251166724,0.6671593408568653,-0.7717313801055079,-0.7303974630047942,-0.303133683691276,-2.1944654788341458,on,on
2009-10-09,-0.45645494823379595,0.5568264104163554,-0.4455233790760098,-0.6264594154782542,-0.24290283309292615,-2.137545598134668,on,on
2009-10-12,-0.46424616227796267,0.5883374030300744,-0.4451019921745452,-0.6930165487166211,-0.2535068250347636,-2.160810354363167,on,on
2009-10-13,-0.4652981648771456,0.6063506043882032,-0.5355905069773026,-0.7258377338497606,-0.2800939503290014,-2.1995514472879836,on,on
2009-10-14,-0.4745869799986187,0.5294707228481533,-0.42639901027045846,-0.821389071531522,-0.29822608473811146,-2.2508579750716304,on,on
2009-10-15,-0.5595338554343176,0.5292902525969495,-0.36531167428184613,-0.8360059920912047,-0.30789031730260474,-2.2663651041506094,on,on
2009-10-16,-0.5806919783769223,0.5365052070263893,-0.3751096684507857,-0.807975633593728,-0.3068180183487617,-2.2667909084459814,on,on
2009-10-19,-0.5755848880865003,0.5782859107316148,-0.4431440390054384,-0.8271229478391735,-0.31689149104987435,-2.2766631961423025,on,on
2009-10-20,-0.6192471154324931,0.6170391089264409,-0.5896549410489019,-0.812568374487221,-0.3511078305105438,-2.330301418359459,on,on
2009-10-21,-0.5194973415730018,0.5647834152317592,-0.5130060148898444,-0.9461777501887646,-0.3534744228549629,-2.327039707716782,on,on
2009-10-22,-0.6338906105503145,0.5491866755381929,-0.5302526975664509,-0.917852138843961,-0.3832021928556334,-2.3735814321728634,on,on
2009-10-23,-0.5144799267625038,0.5153831384370754,-0.47389905736550697,-0.8312284637433638,-0.3260560773585748,-2.248102570269312,on,on
2009-10-26,-0.3605537851925784,0.47273538853228647,-0.34393204334673466,-0.6975994882187924,-0.23233748205645474,-2.0557937292719135,on,on
2009-10-27,-0.3210969121609047,0.6164191888438302,-0.4554522407659406,-0.6788113172712972,-0.20973532033857806,-1.9931290219960678,on,on
2009-10-28,-0.08878833871655045,0.700948216147229,-0.47536675720573013,-0.612818001862976,-0.11900622040950688,-1.7749424678353627,on,on
2009-10-29,-0.326209535941442,0.5900701907201163,-0.3909551754541382,-0.7269197993021241,-0.213503579994397,-1.9855515371154897,on,on
2009-10-30,0.12148624557825155,0.7486144721803433,-0.4695320754405167,-0.6405303833664817,-0.05999043526210089,-1.6013098507410404,on,on
2009-11-02,0.05267637575019231,0.6995321323761889,-0.46399573363336577,-0.6420864943786453,-0.08846842997140744,-1.668059383854096,on,on
2009-11-03,-0.020667613098250173,0.6397942820843796,-0.455914883842399,-0.6188564414757924,-0.11391116408301549,-1.7296674172404267,on,on
2009-11-04,-0.10308651988442376,0.6598543007876577,-0.3993777108278564,-0.7872328924774946,-0.15746070560052927,-1.8382389901377376,on,on
2009-11-05,-0.27631400368761727,0.6578080353111886,-0.488349685887526,-0.7637154417358369,-0.2176427739999479,-1.95239632080051,on,on
2009-11-06,-0.36998190852212887,0.6720593299387417,-0.6844540889488294,-0.7447499121712476,-0.28178164492586605,-2.0659914526797567,on,on
2009-11-09,-0.44845238988080316,0.6418503794680677,-0.8138681502439139,-0.9220030214841404,-0.38561829553519744,-2.262721212800091,on,on
2009-11-10,-0.4715391784547465,0.6384137634011521,-0.9200255105585743,-0.9229547095899576,-0.41902640880053155,-2.316473301739021,on,on
2009-11-11,-0.4559304652633182,0.6648029567644068,-0.9187296601382602,-0.8900820781821019,-0.39998481170481837,-2.277674233579872,on,on
2009-11-12,-0.3644315304980816,0.6539734918853948,-0.7514881061779028,-0.7896143644252571,-0.3128901273039617,-2.0914701218561125,on,on
2009-11-13,-0.43095527594810573,0.6958187128350221,-0.878301367526425,-0.8495668931462411,-0.3657512059464374,-2.1899369193825535,on,on
2009-11-16,-0.4662834346325403,0.6955509638533811,-0.9971271970128864,-0.9432246814483272,-0.42777108731009317,-2.3005357720259583,on,on
2009-11-17,-0.5023481622635705,0.7097604805216015,-1.0288024069935262,-0.8380674753942722,-0.4148643910324419,-2.277509007894769,on,on
2009-11-18,-0.561203713456025,0.7026080834139652,-1.0807893953339667,-0.8798796660606117,-0.45481617285915954,-2.358131223612382,on,on
2009-11-19,-0.48453824173208393,0.6943020386769871,-1.1351386394513194,-0.8538638841249164,-0.4448096816578332,-2.295549332695151,on,on
2009-11-20,-0.5175953363508129,0.6546353250674593,-1.1229778326674658,-0.769175971603752,-0.43877845388864284,-2.2894498658293787,on,on
2009-11-23,-0.5955745135706252,0.6630247391617075,-1.1108656966926336,-0.8970320249438402,-0.48511187401134787,-2.3952555129629776,on,on
2009-11-24,-0.6475538392511198,0.6908320628466653,-1.2109483051161753,-0.900331131160107,-0.5170003031701842,-2.4539984937120822,on,on
2009-11-25,-0.6461008841072913,0.7177630216908983,-1.2316280579313936,-1.0797826730638058,-0.5599371483528981,-2.535980069313712,on,on
2009-11-27,-0.3119614079450898,0.7747568636156246,-1.0739375965520581,-0.9131855103095402,-0.38108191279776593,-2.1310764207886574,on,on
2009-11-30,-0.3376741749520618,0.7883386291744346,-1.1435291770387432,-0.9390408030319596,-0.4079763814620825,-2.179583811649944,on,on
2009-12-01,-0.5353092228268679,0.7275603683048187,-1.1059048144424477,-1.0551658509844632,-0.49220487998724005,-2.379788248299902,on,on
2009-12-02,-0.5959428082696249,0.7192734833414438,-1.088790457707117,-0.9834969121885307,-0.4872391737059572,-2.382156325235748,on,on
2009-12-03,-0.49286283441811596,0.7049048253309259,-0.9596682144174208,-0.9910886579531747,-0.4346787203644464,-2.2780749298101783,on,on
2009-12-04,-0.5849964401864736,0.6325131538801064,-0.9022357588325822,-0.7003562753830567,-0.3887688301305015,-2.184799536416733,on,on
2009-12-07,-0.5193402560525358,0.6165425322678169,-1.0411630145692246,-0.7312473704657173,-0.4188020272049152,-2.214725162298286,on,on
2009-12-08,-0.39703493968614156,0.6429733543124748,-1.1337755404321885,-0.6082151266115883,-0.3740130631043609,-2.096521642442647,on,on
2009-12-09,-0.47565959792691115,0.5917396523989713,-1.032557235194357,-0.6687306208670902,-0.3963019503973468,-2.163454295403492,on,on
2009-12-10,-0.5013063835544326,0.554878405224898,-1.0080574850773099,-0.6680142384688372,-0.4056249254689204,-2.1873771759820593,on,on
2009-12-11,-0.5568608870489868,0.5071566011723608,-0.9275890862939272,-0.5471875622621769,-0.38112023360818253,-2.13491341553076,on,on
2009-12-14,-0.5901005006356569,0.4842163854312303,-0.9441507933823673,-0.5965520571186222,-0.41164674142635405,-2.1970315767114688,on,on
2009-12-15,-0.5634005935511157,0.42837418260911464,-0.8536368932178612,-0.45754647215198824,-0.3615524440779626,-2.1031783046663186,on,on
2009-12-16,-0.6358515101321983,0.4416610920469566,-0.9137314078333673,-0.44805629835672367,-0.3889945310688332,-2.1623107024199886,on,on
2009-12-17,-0.4837406685067853,0.4845598065740153,-0.9583808996390665,-0.2908657176215427,-0.3121068697983448,-1.9837004941884064,on,on
2009-12-18,-0.5471567045174938,0.4748404074875095,-0.9264430602278554,-0.26106985513670095,-0.3149573030986352,-1.9830414062153876,on,on
2009-12-21,-0.638215534974324,0.4042578596726643,-0.7007306112341256,-0.21079548205082985,-0.28637094214665376,-1.9651238630204275,on,on
2009-12-22,-0.7106836432646063,0.34633611552655774,-0.5697627798308621,-0.16280491798970367,-0.2742288063896536,-1.9659994980071545,on,on
2009-12-23,-0.6968130850647993,0.3530116674307413,-0.7045874594344488,-0.24245471682560019,-0.32271089847352674,-2.043004095749304,on,on
2009-12-24,-0.714543761267095,0.27591749903870694,-0.6373891143824492,-0.25595277339827616,-0.33299203750227835,-2.070253725708796,on,on
2009-12-28,-0.6783127783059507,0.2780574900485305,-0.5549245596943932,-0.3036792982558375,-0.31471478655191276,-2.01717024318122,on,on
2009-12-29,-0.6714252867336978,0.37652932756014107,-0.5364889019463239,-0.25776363989504325,-0.272287125253731,-1.9397608013958287,on,on
2009-12-30,-0.6745738848483237,0.3481969332093616,-0.6511539681065915,-0.2392811127796334,-0.30420300813129675,-1.9887623089784863,on,on
2009-12-31,-0.5411373501955238,0.3201753557309053,-0.5711145111141908,-0.25053289664197165,-0.2606523505551952,-1.8891666539557184,on,on
2010-01-04,-0.6672488440891439,0.2964571093062712,-0.5987443530355525,-0.32585586659154353,-0.3238479886024922,-2.0288954453505186,on,on
2010-01-05,-0.7198320364155623,0.29651135089891784,-0.6980907361042035,-0.3049866134049394,-0.35659950875644686,-2.0705543470504564,on,on
2010-01-06,-0.733718049870159,0.24524174136294907,-0.5845500241894757,-0.3345333073359194,-0.35188991000815123,-2.0736563806106663,on,on
2010-01-07,-0.7406303019038553,0.21919503416668387,-0.6481054881911513,-0.23796533836013828,-0.35187652357211524,-2.067769043678326,on,on
2010-01-08,-0.8116714883783535,0.22483625381971084,-0.8551973192537051,-0.33873775495193204,-0.44519257719106997,-2.238343576101509,on,on
2010-01-11,-0.8555259247107972,0.24264109184560254,-0.9387468924019606,-0.44635509475456275,-0.4994967050054295,-2.3421553640916057,on,on
2010-01-12,-0.8003544218381237,0.3075644108639119,-0.9451706467623846,-0.45745448907435343,-0.4738537867027375,-2.2630436725575764,on,on
2010-01-13,-0.8303412956564166,0.24797770396751595,-0.8720851531187787,-0.4800358141275123,-0.4836211397337979,-2.292178982314459,on,on
2010-01-14,-0.8463500007608394,0.270871298496878,-0.9838296005698903,-0.507199624948135,-0.5166269819454967,-2.3479405850424424,on,on
2010-01-15,-0.8236540461899904,0.3044579166840643,-1.015776681629759,-0.37101815447703124,-0.4764977414031791,-2.2656555967880023,on,on
2010-01-19,-0.8481980956350934,0.3079530021709075,-1.0630089122114381,-0.3292767237559373,-0.48313268235789036,-2.278401621700588,on,on
2010-01-20,-0.762029197329076,0.31506858872130744,-1.051143115440006,-0.13547924224882962,-0.40839574157415104,-2.1023566628616916,on,on
2010-01-21,-0.4831049810806104,0.4831776206070841,-1.070070720325824,-0.13999197370250563,-0.302497513625464,-1.8536888475586382,on,on
2010-01-22,-0.09183962999950636,0.5550924521398494,-1.0479390276532443,-0.1491205389540526,-0.18345168611673848,-1.560842646029421,on,neutral
2010-01-25,-0.23924028263161407,0.5402337148216242,-1.0515036474410189,-0.1697928150715933,-0.23007575758065052,-1.67518903281047,on,on
2010-01-26,-0.3058474077531087,0.5042981015567926,-1.0319977335107162,-0.11421383542548137,-0.23694021878312843,-1.7012686564594537,on,on
2010-01-27,-0.4151668422032412,0.4678909235771119,-1.0945401573019826,-0.05632343560273637,-0.2745348778827121,-1.7723368129329176,on,on
2010-01-28,-0.3689555291900158,0.4932129091681445,-1.0518551822659215,-0.005374973807398304,-0.23324319402379776,-1.6902775813682118,on,on
2010-01-29,-0.29942136405218184,0.5963049426393184,-1.0912738710643164,0.12430388067479264,-0.16752160295059676,-1.553249171184751,on,neutral
2010-02-01,-0.4572081247926716,0.5429481114076997,-1.1151959252944639,0.0732356607188197,-0.239055069490154,-1.7136642697355808,on,on
2010-02-02,-0.5432514249637367,0.5436530080407422,-1.1543932756755904,0.0198502285437303,-0.2835353660137136,-1.8099120188336781,on,on
2010-02-03,-0.5334090803576063,0.4874665065110811,-0.9912209612236758,0.10337534967431672,-0.23344704634897104,-1.71315971278821,on,on
2010-02-04,-0.18365107061084324,0.6153771472041527,-0.9667920386468206,0.2310123267891389,-0.07601340881609307,-1.3579837401356036,on,neutral
2010-02-05,-0.18117704817701435,0.6399643098245533,-1.011581321018776,0.35165422704801386,-0.0502849580808058,-1.3069890993842217,on,neutral
2010-02-08,-0.14981084801756073,0.6868709937746826,-1.0383165798265659,0.3188334904659123,-0.04560573590088292,-1.2911752210777978,on,neutral
2010-02-09,-0.1895560883245501,0.647702100559358,-1.0342483882166276,0.21623183736852974,-0.08996763465332248,-1.3807690010297389,on,neutral
2010-02-10,-0.23633419046990847,0.6983489252430408,-0.9789813202698621,0.2556478721232493,-0.0653296783433701,-1.3391913218967963,on,neutral
2010-02-11,-0.3488213918174782,0.6821041430863526,-1.0032541110295257,0.2461403323558882,-0.10595775685119077,-1.434131744066047,on,neutral
2010-02-12,-0.4448252369582222,0.6970308970602724,-1.0581831026027912,0.32287675235609525,-0.12077517253616143,-1.4767109805200682,on,neutral
2010-02-16,-0.4820427728676497,0.6435463614142776,-1.095020321668308,0.17802085210474303,-0.1888739702542343,-1.6064794184617988,on,neutral
2010-02-17,-0.5231527171640822,0.5436489212010095,-1.0831123876794648,0.3366012804941965,-0.18150372578708523,-1.6003724758644324,on,neutral
2010-02-18,-0.6081168325693886,0.450879218834153,-1.0482117848322583,0.3410129418736355,-0.2161091141734646,-1.6717306308732365,on,neutral
2010-02-19,-0.6553606701679867,0.4215664981509937,-1.1055441904644587,0.3968247439686782,-0.23562840462819337,-1.713310975904056,on,on
2010-02-22,-0.6609867816265635,0.4148556251793917,-1.193364624404712,0.36611645090848677,-0.2683448324858493,-1.7692486550517375,on,on
2010-02-23,-0.5481317039179989,0.5032740609487757,-1.12744892265204,0.44535929191795315,-0.18173681842582756,-1.5930094825764878,on,neutral
2010-02-24,-0.6339927260555865,0.5072061615517854,-1.1435808634174778,0.4449915158977648,-0.2063439780058785,-1.6541258000588388,on,neutral
2010-02-25,-0.646730221945664,0.4961264979866388,-1.167323186479911,0.43057564299098855,-0.2218378168619869,-1.674761632644471,on,neutral
2010-02-26,-0.693229935128511,0.494640006277223,-1.1909771589343943,0.3294697403390669,-0.26502433686165383,-1.7611868228435597,on,on
2010-03-01,-0.7113825739365135,0.5283447783552501,-1.234968268850574,0.399559094238353,-0.25461174254837116,-1.7441182308214729,on,on
2010-03-02,-0.726367078019775,0.4880210755696387,-1.2583555262353439,0.3663968006143276,-0.2825761820177881,-1.796507496975251,on,on
2010-03-03,-0.7436892887008808,0.49725322908332004,-1.243374330712729,0.23934382408529606,-0.3126166415612484,-1.8550527088098394,on,on
2010-03-04,-0.7515498896520224,0.4938128974335193,-1.3126121276562035,0.3754175112588534,-0.2987329021539633,-1.8193324255564594,on,on
2010-03-05,-0.8529885887253192,0.42738163037296667,-1.2388065649196716,0.344571576033375,-0.3299604868096623,-1.8992995709578109,on,on
2010-03-08,-0.8228824575516822,0.4398003117131371,-1.2697930409483025,0.3443088529539053,-0.3271415834582356,-1.886766521940817,on,on
2010-03-09,-0.811715052639359,0.3906923513959345,-1.300642641604917,0.38169631671207166,-0.33499225653406745,-1.8974260814169082,on,on
2010-03-10,-0.759642944150831,0.3960178589543322,-1.3084445806052418,0.34843585483421463,-0.3309084527418815,-1.8788783123999815,on,on
2010-03-11,-0.7989803652384826,0.4006175099788644,-1.3136682979811403,0.3175426664390247,-0.34862212170043344,-1.9088250811486618,on,on
2010-03-12,-0.8358864939613063,0.417501569930721,-1.2908990861377183,0.20177909357136128,-0.3768762291492356,-1.9670786030801242,on,on
2010-03-15,-0.8018489228488499,0.4259427031270734,-1.265691517912153,0.3007254075876971,-0.3352180825115581,-1.8868656173665328,on,on
2010-03-16,-0.8253778700846417,0.43688165087512554,-1.2736297882721417,0.18246672685915485,-0.3699148201556257,-1.9528162814297954,on,on
2010-03-17,-0.8858886916110883,0.4703904443073364,-1.3424813636235813,0.15635249401047938,-0.4004067792292134,-2.017619607201879,on,on
2010-03-18,-0.9076685152397581,0.438173445319649,-1.2942619009236849,0.29335051998914835,-0.3676016127136614,-1.9549822214422246,on,on
2010-03-19,-0.8789771518060286,0.4770055440954467,-1.2031098195046157,0.41138612089693566,-0.2984238265795655,-1.8291065663526658,on,on
2010-03-22,-0.8858098400918959,0.44733615766374346,-1.2239670253550508,0.39449967513080575,-0.3169852581630994,-1.863004814259748,on,on
2010-03-23,-0.9257294927881303,0.4419314503114448,-1.2193775984123925,0.4533790553314195,-0.3124491463894146,-1.864180234041473,on,on
2010-03-24,-0.8299852630412,0.3775022750854137,-0.9255442373595891,0.6756040296985149,-0.17560579890421518,-1.6101891964175366,on,neutral
2010-03-25,-0.76201147259551,0.32117035201292177,-0.9396278589425464,0.7412510490581069,-0.15980448261675698,-1.5598633426397106,on,neutral
2010-03-26,-0.8109060237697063,0.3526252608261568,-0.9917632667412103,0.6362518437752199,-0.203448046477385,-1.6451327702259266,on,neutral
2010-03-29,-0.8242100330447198,0.33268530647099936,-0.9980654240608137,0.5598026873972147,-0.23244686580932986,-1.6983488861354215,on,neutral
2010-03-30,-0.8595854185741115,0.34733529826136395,-1.0195838887754396,0.5854001443044667,-0.23660846619593012,-1.713226866062501,on,neutral
2010-03-31,-0.822284193693643,0.3812381248452965,-1.0410432932385039,0.4899623185483101,-0.24803176088463508,-1.7234373007654056,on,on
2010-04-01,-0.8308406057800164,0.4521894989826774,-0.9253598932857127,0.4206990088806914,-0.22082799780059004,-1.6679862853869905,on,neutral
2010-04-05,-0.8654378292593251,0.36970028406287503,-0.9166000321462413,0.49401745099341104,-0.2295800315873201,-1.6931142694750387,on,neutral
2010-04-06,-0.9268091066257738,0.33070803910039026,-0.9535757873484787,0.5649085050586135,-0.2461920874538122,-1.7368970963837218,on,on
2010-04-07,-0.8948728670639019,0.3641213118185699,-0.8609261550522418,0.5763027693759237,-0.2038437352304125,-1.6565068123410929,on,neutral
2010-04-08,-0.904862651622719,0.32986962183618806,-0.9082078528159044,0.5971998017483926,-0.22150027021351065,-1.6897637903175369,on,neutral
2010-04-09,-0.9306275326930786,0.3220043085684627,-0.9198162620006286,0.49195765779777617,-0.2591204570818671,-1.7500866527168804,on,on
2010-04-12,-0.9737075004621781,0.3465710389953791,-0.9593483000999976,0.365339707990443,-0.30528626339408843,-1.8375062575573544,on,on
2010-04-13,-0.9234897735175085,0.3546847617818247,-0.9962423614821992,0.353152627267639,-0.302973686487561,-1.821466794034869,on,on
2010-04-14,-0.9705458589797237,0.3207865130620326,-1.0304986410090033,0.27658506365268837,-0.35091823081850154,-1.9146139568990515,on,on
2010-04-15,-0.9456103406241347,0.31110653434867674,-1.064658632135749,0.3455846325926297,-0.3383944514546443,-1.888181258095807,on,on
2010-04-16,-0.7492444372398629,0.40981602717383625,-1.0885598101898952,0.42649382570995403,-0.250373598636492,-1.6784994565940359,on,neutral
2010-04-19,-0.8291209837798927,0.4036529534378778,-1.1022327174434963,0.46915145313605594,-0.2646373236623638,-1.7225473948460786,on,neutral
2010-04-20,-0.9554779597245007,0.32258555929717053,-1.2021441522647398,0.48072403002726555,-0.3385781306662011,-1.881175909513666,on,on
2010-04-21,-0.9076456908120237,0.35430920943375116,-1.159635109347739,0.5066322043173415,-0.30158484660216756,-1.8061135768527545,on,on
2010-04-22,-0.8947048761210135,0.36033061449556175,-1.152786622905399,0.6042595833295435,-0.2707253253003268,-1.7514809160600444,on,on
2010-04-23,-0.8817923619222529,0.29646816533796955,-1.0216671657624383,0.5510927146601768,-0.2639746619216362,-1.7276482861380411,on,neutral
2010-04-26,-0.8135360574580844,0.30074846943286115,-1.076120398041986,0.5817394909189316,-0.2517921237870694,-1.6914543291203288,on,neutral
2010-04-27,-0.38988449561016914,0.4272484745232036,-0.9249139818212345,0.7416196014621269,-0.03648260036151829,-1.2218806889026879,neutral,neutral
2010-04-28,-0.5266783807646296,0.436456438556263,-0.966944828015426,0.7959298554938996,-0.06530922868247324,-1.3047757810709986,neutral,neutral
2010-04-29,-0.7354571701586867,0.395130750880284,-1.064690005970323,0.7040940631610647,-0.17523059052191528,-1.542124019033895,on,neutral
2010-04-30,-0.4485256181052203,0.4029723999520202,-1.0074037982699924,0.6722673680466599,-0.09517241209413316,-1.3285992153501074,neutral,neutral
2010-05-03,-0.5957363615706979,0.43457827953105005,-1.0542938820490588,0.7674900403528953,-0.11199048093395286,-1.394357166465746,neutral,neutral
2010-05-04,-0.3054911031980494,0.5423915285106269,-0.9234537250409228,1.0134644842171052,0.08172779612218997,-0.9961342690765856,neutral,neutral
2010-05-05,-0.2202696950536171,0.6297149100811976,-0.7420854682188774,1.1988473710321548,0.21655177946021448,-0.7460132730596374,neutral,neutral
2010-05-06,0.407118830858385,0.7071900469839772,-0.21009399793343297,1.390629203743686,0.5737110209131538,0.01617520862252725,neutral,off
2010-05-07,1.0544100449610456,0.7372490982626952,-0.31427018393500344,1.2828866749824797,0.6900689085678042,0.37427517750425954,off,off
2010-05-10,0.09048225585507798,0.6235948392579709,-0.5227605129109233,1.2114226288508878,0.3506848027632533,-0.4388866657252834,neutral,off
2010-05-11,0.04903593248802551,0.6434112651522111,-0.7157869521940432,1.28354200937638,0.3150505637056434,-0.5130583557996677,neutral,neutral
2010-05-12,-0.17399479349752983,0.5263376714716248,-0.8067234773718162,1.3672755441656854,0.22822373619199104,-0.720578914237012,neutral,neutral
2010-05-13,-0.08143849045896279,0.6112300452947773,-0.9000406045975577,1.4553565107223663,0.27127686524015576,-0.6260963398006949,neutral,neutral
2010-05-14,0.28223401661132436,0.6617746933309362,-0.636748484717302,1.6643019974605424,0.4928905556713752,-0.16129896018630263,neutral,off
2010-05-17,0.2501270465808472,0.6886013185026006,-0.7177050516069822,1.68643258118204,0.4768639736646264,-0.19724240597595477,neutral,off
2010-05-18,0.46626797065530823,0.7365631926113487,-0.7017210931778138,1.9075633222368213,0.6021683480814161,0.06380267371084158,off,off
2010-05-19,0.6072147155013329,0.7944398827833792,-0.6781098078043052,1.7196791543211505,0.6108059862003894,0.11909580917348428,off,off
2010-05-20,1.4415895651107213,1.0451563769072258,-0.3509287745568688,1.521260344642424,0.9142693780258755,0.8523885358696572,off,off
2010-05-21,0.9856766545294862,0.8507056692675794,-0.4068497040911463,1.4707228207992373,0.7250638601262891,0.4153051241222964,off,off
2010-05-24,0.8425220799588969,0.8596262532329106,-0.4474192615829581,1.6663465106570392,0.7302688955664722,0.3844983306852855,off,off
2010-05-25,0.545555588377311,0.8259763181941631,-0.303947723281987,1.7968187597268994,0.7161007357540966,0.28652212386190523,off,off
2010-05-26,0.5778501721484594,0.9396749687774195,-0.3753479878261628,1.8720490895031736,0.7535565606507224,0.3582001139053415,off,off
2010-05-27,0.1505889032987416,0.7675748860114027,-0.33413527571242946,1.6456898886755653,0.55742960056832,-0.07677043730086863,neutral,off
2010-05-28,0.3416500469260804,0.739513218912559,-0.318538252600192,1.712343078518089,0.6187420229391342,0.07109569608916955,off,off
2010-06-01,0.6190130739682038,0.8057270918231598,-0.3644295701443135,1.745643197867344,0.7014884483785986,0.2790563013230711,off,off
2010-06-02,0.18865178466727026,0.7902065000349615,-0.49487710377245026,1.7763420522984519,0.5650808083070583,-0.05947712244174208,neutral,off
2010-06-03,0.13164843095996193,0.7565963691461702,-0.5175632424429738,1.853565461583424,0.5560617548116455,-0.09156095537950826,neutral,off
2010-06-04,0.6140248582047694,0.862194048412072,-0.46328501920844567,2.1026591576781564,0.778898261271638,0.4012010926788732,off,off
2010-06-07,0.700839013348227,0.9612930461041411,-0.47063114459715905,2.1350465631804174,0.8316368695089066,0.5138890318159625,off,off
2010-06-08,0.4700908995457327,0.9461228978550437,-0.40350766753826595,2.125304835989556,0.7845027414630167,0.37873328876696616,off,off
2010-06-09,0.47213841728680606,0.9289834279383934,-0.45716696464040574,2.0045106739295173,0.7371163886285778,0.30032421557463324,off,off
2010-06-10,0.21807994568913444,0.7985111227827543,-0.5416365653176153,1.8293163548189508,0.5760677144933061,-0.035158895080328656,neutral,off
2010-06-11,0.07491907153781494,0.8182585562888125,-0.4743461931593006,1.9029447771349146,0.5804440529505603,-0.0626074668654224,neutral,off
2010-06-14,0.057988034754930834,0.7883325695330977,-0.5511584523738055,1.6665833505866734,0.49043637562522413,-0.2159566573065439,neutral,off
2010-06-15,-0.16006802431690967,0.6875183941200833,-0.63562588542714,1.540290407056974,0.35802872285825194,-0.49442378881726345,neutral,neutral
2010-06-16,-0.15594107429570003,0.6889073846333841,-0.7277201830440938,1.5601372529738644,0.34134584506686366,-0.5232926345572033,neutral,neutral
2010-06-17,-0.2259148209261792,0.6801079733199917,-0.7476202882099022,1.466870644277513,0.29336087711535586,-0.6201254508380967,neutral,neutral
2010-06-18,-0.31441189083888094,0.6388102485806373,-0.767493083718406,1.4663065159027542,0.25580294748152616,-0.7066061463140569,neutral,neutral
2010-06-21,-0.2392112798833921,0.6284496196440438,-0.9366520796820629,1.5164178197152203,0.24225101994845227,-0.7147990724191025,neutral,neutral
2010-06-22,-0.06396679997211951,0.7392441631424163,-0.9844643881191764,1.5547349564419823,0.3113869828732757,-0.553609556732885,neutral,neutral
2010-06-23,-0.07523051542991069,0.7833005325593025,-1.001280089847446,1.466387247888335,0.2932942937925702,-0.5839482463293151,neutral,neutral
2010-06-24,0.15344747933396485,0.8089388100707575,-0.9948945818754218,1.4612389353586497,0.35718266072198757,-0.41917628118988437,neutral,neutral
2010-06-25,0.055538465472937865,0.7817612077711369,-1.0116873793314376,1.3619381070945595,0.29688760025179917,-0.5437869609834403,neutral,neutral
2010-06-28,0.09352118575018517,0.8107559090989855,-1.0232923034014558,1.437606901623115,0.3296479232677075,-0.48000009790299464,neutral,neutral
2010-06-29,0.5085931354249358,0.8970626266401482,-0.8778701165650942,1.5220466440821607,0.5124580723955376,-0.06669470748639761,neutral,off
2010-06-30,0.5413824651475118,0.945627010176252,-0.8794896486668975,1.5166546065090762,0.5310436082914856,-0.02576649278484,neutral,off
2010-07-01,0.4049122717209046,0.9412924917049148,-0.7729326772690246,1.2157381618470087,0.44725256200095087,-0.1915657480296316,neutral,off
2010-07-02,0.1825781221695346,0.9122413235249343,-0.9164364405533608,1.1474093116778732,0.3314480792047453,-0.4432366836109141,neutral,neutral
2010-07-06,0.1443474397186715,0.877663126843986,-1.0596091716264644,1.0655353952128905,0.2569841975372709,-0.5790570423580488,neutral,neutral
2010-07-07,-0.08376903374237325,0.7734064973826777,-0.9629697758886578,1.0045194584584025,0.1827967865525123,-0.7599048739463716,neutral,neutral
2010-07-08,-0.17546880362787437,0.7072491166457074,-0.9824375096467743,1.0032866344961529,0.1381573594668029,-0.8599858510297674,neutral,neutral
2010-07-09,-0.23466396486492666,0.7167791227765175,-0.9915600063480395,1.0318714757838756,0.1306066568368567,-0.8878373713877171,neutral,neutral
2010-07-12,-0.2792192549555658,0.734655973563341,-1.0650292642318968,1.0878959327600248,0.11957584678397581,-0.9196077644606527,neutral,neutral
2010-07-13,-0.2684634019876267,0.667828067027044,-1.1125504527390382,0.9580440352915925,0.06121456189799293,-1.0120745685115153,neutral,neutral
2010-07-14,-0.24143438467040076,0.7167054842273489,-1.1444882173679964,0.9087566827177495,0.059884891226675285,-1.0055217523093263,neutral,neutral
2010-07-15,-0.22092314939006746,0.7184145040718669,-1.166034842370679,0.7080848694308772,0.009885345435499404,-1.0796445041375105,neutral,neutral
2010-07-16,-0.13034539407919388,0.7897997980746398,-1.0846299199351965,0.6913655084777833,0.06654749813450819,-0.9575421444402485,neutral,neutral
2010-07-19,-0.15309226096438736,0.75671197149125,-1.1294973967073625,0.6953418575656379,0.042366042846284535,-1.0059467019430164,neutral,neutral
2010-07-20,-0.3193967487237872,0.6922207821465157,-1.1459419343860793,0.7498622195235006,-0.005813920359962532,-1.127175721161464,neutral,neutral
2010-07-21,-0.17962774913711213,0.7405755262890031,-1.1520525092619371,0.8962046565563336,0.07627498111157188,-0.9575722306136529,neutral,neutral
2010-07-22,-0.2619944762213966,0.6460117459712784,-1.1401536262759977,0.7136822833623024,-0.010613518290953361,-1.1213063030762196,neutral,neutral
2010-07-23,-0.3565990213157821,0.6152885025282295,-1.1360033182413454,0.6808410316955154,-0.04911820133334566,-1.2092977867357528,neutral,neutral
2010-07-26,-0.4168419734922934,0.6190924542008631,-1.175544819829809,0.5951216267101308,-0.09454317810277715,-1.2988989099126274,on,neutral
2010-07-27,-0.3789308605402598,0.5996151615018124,-1.1789983192932407,0.6153521616891864,-0.08574046416062545,-1.2702678218903505,on,neutral
2010-07-28,-0.2919361896113396,0.6523996308342507,-1.1978477140506505,0.6148426271708484,-0.05563541141422276,-1.1970219717350803,neutral,neutral
2010-07-29,-0.3015710292962937,0.626843440264132,-1.2063660310811972,0.489941861904402,-0.09778793955223926,-1.267258171063092,on,neutral
2010-07-30,-0.35298089226052654,0.6936195177233447,-1.1455627143551268,0.4665288221606645,-0.08459881668291103,-1.253286282182557,on,neutral
2010-08-02,-0.4748478585232211,0.6510308347607794,-1.1593751972077282,0.3278104524351546,-0.16384544213375382,-1.413836933066051,on,neutral
2010-08-03,-0.4236705004454422,0.6733924501876634,-1.0679360821324113,0.24912519141036074,-0.14227223524495736,-1.3507056302098936,on,neutral
2010-08-04,-0.45782255599944965,0.6491997471875908,-0.9433562555476672,0.3159336408098412,-0.10901135588742122,-1.3025724147416315,on,neutral
2010-08-05,-0.466519039538043,0.66987338598716,-0.991075808027305,0.2995540011704917,-0.12204186510192408,-1.3268439593016126,on,neutral
2010-08-06,-0.49573550091544255,0.7245542039248661,-1.0823140511963183,0.20457879367376475,-0.1622291386282825,-1.399347099639647,on,neutral
2010-08-09,-0.462514571465411,0.7707171245707388,-1.0963128228478458,0.27384402909605016,-0.12856656016161694,-1.3359599257657608,on,neutral
2010-08-10,-0.4432804839718392,0.7614600282875644,-1.1769696756384458,0.29449862661978116,-0.14107287617573488,-1.3467845507126794,on,neutral
2010-08-11,-0.19463125090176353,0.8802436193421256,-1.185561026409586,0.6392338791123644,0.03482130528578514,-0.9990648008333997,neutral,neutral
2010-08-12,-0.16653362009592348,0.8785939228901853,-1.050525178879335,0.7197173078065165,0.09531310793036082,-0.8891211280081144,neutral,neutral
2010-08-13,-0.12444030237969662,0.8733195856826003,-0.9748255828513192,0.7908350329930655,0.1412221833611625,-0.8019039734221127,neutral,neutral
2010-08-16,-0.13589964722596656,0.9604146957059069,-0.7555450828155955,0.6928198103300097,0.19044744399858862,-0.7086723641047021,neutral,neutral
2010-08-17,-0.28171891281854883,0.9105788963684376,-0.8036333846863983,0.6227109246933061,0.11198438088919913,-0.8719579050761362,neutral,neutral
2010-08-18,-0.26009713102620424,0.9021809188290838,-0.8901617054844501,0.6198827338499063,0.09295120404208396,-0.9016772024831459,neutral,neutral
2010-08-19,-0.10726798066103072,0.9295804572481011,-0.7993331322946542,0.6727030022762069,0.1739205866421558,-0.7259457245083184,neutral,neutral
2010-08-20,-0.18564770685590237,0.9230263127861025,-0.7420366946364882,0.8135721175684024,0.20222850721552857,-0.7014657405990194,neutral,neutral
2010-08-23,-0.17148980056854438,0.9413798514853207,-0.6822405753179902,0.8266908166183796,0.22858507305429143,-0.651594718010799,neutral,neutral
2010-08-24,-0.02258344367149757,1.0085133212891018,-0.627650230685704,0.8328306229282882,0.29777756746504713,-0.4906467048935521,neutral,neutral
2010-08-25,-0.08543591609911137,1.0363342866152754,-0.5473776852712602,0.8575171098207179,0.31525944876640544,-0.4741673564870926,neutral,neutral
2010-08-26,-0.029932060239611688,1.0552961718931004,-0.4517087586086141,0.7800860018271336,0.3384353387180021,-0.4144438857076602,neutral,off
2010-08-27,-0.2717240382051269,0.9736937814380141,-0.32774136663227554,0.7770304679576078,0.28781471113955487,-0.5573553795310826,neutral,neutral
2010-08-30,-0.042870102262732065,1.0144961489825848,-0.3146412528698981,0.832010774182205,0.3722488920080399,-0.3593397931854978,neutral,off
2010-08-31,-0.13901803866867427,1.0464971949499626,-0.4691632479578191,0.8404726542059834,0.31969714063236315,-0.473319135922061,neutral,neutral
2010-09-01,-0.31810469492616955,0.9116230904551975,-0.3037140581849956,0.6817241771776877,0.24288212863043002,-0.6384378754446237,neutral,neutral
2010-09-02,-0.3759886857362525,0.8847496195174337,-0.48162895209065426,0.6672022639097425,0.17358356140006734,-0.7757606669482415,neutral,neutral
2010-09-03,-0.5318012713080247,0.7876672738880365,-0.6852293085308877,0.8153672528480519,0.096500986724294,-0.9601500727723866,neutral,neutral
2010-09-07,-0.32461116287791014,0.86798284105783,-0.6097648691030784,0.7495052196216272,0.17077800717461716,-0.7761819445000929,neutral,neutral
2010-09-08,-0.3701093941629928,0.8470167462025694,-0.539527450567492,0.6953496205706123,0.15818238051067424,-0.7994581366677449,neutral,neutral
2010-09-09,-0.406447116757839,0.7617212273425943,-0.4357283051603959,0.7133586184521555,0.15822610596912873,-0.8079828632810759,neutral,neutral
2010-09-10,-0.4743757618001789,0.7436205819600592,-0.3733535331572229,0.7197143101513286,0.1539013992884965,-0.8306795322130074,neutral,neutral
2010-09-13,-0.538937724716047,0.707373950661233,-0.41968735644613786,0.5352074871251522,0.0709890891560501,-0.9809047283584802,neutral,neutral
2010-09-14,-0.5094039251885465,0.7521175952965564,-0.4996536713254015,0.3414748773416525,0.02113371903106523,-1.050602302771875,neutral,neutral
2010-09-15,-0.46406488442665444,0.7448417546374068,-0.4915243090144253,0.43681261218160794,0.05651629334448374,-0.9771954977661941,neutral,neutral
2010-09-16,-0.49539934053853607,0.6993258167832266,-0.46267194313099,0.3782194671739602,0.029868500071915174,-1.0274869912956452,neutral,neutral
2010-09-17,-0.4708725302579566,0.7120912543077593,-0.4675330685898915,0.41529829474053676,0.04724598755011199,-0.9936188520186289,neutral,neutral
2010-09-20,-0.5130689653279938,0.7085463951099498,-0.4672054706710563,0.40101306709436274,0.0323212565513156,-1.0286652381340597,neutral,neutral
2010-09-21,-0.4417861264369873,0.7937309891565085,-0.6484647642162433,0.19055731484547994,-0.026490646662810535,-1.1044826424626886,neutral,neutral
2010-09-22,-0.42812824324877774,0.824506154307307,-0.8243229225105474,0.047884222878766876,-0.09501519714331282,-1.207148903363618,on,neutral
2010-09-23,-0.31425737495113854,0.8540317205342407,-0.852060350850312,0.08994855785745147,-0.05558436185243959,-1.1145576917952784,on,neutral
2010-09-24,-0.4945374853086252,0.7965058979621813,-0.9808931240875077,-0.055170132576936495,-0.18352371100272202,-1.374399234008908,on,neutral
2010-09-27,-0.4248106481561884,0.827659941422872,-0.9279278160469208,-0.06684476726497256,-0.14798082251130243,-1.2938585055605378,on,neutral
2010-09-28,-0.41950657624328297,0.8297260173916005,-0.9554706805549468,-0.1441048024365439,-0.1723390104607933,-1.330913343305924,on,neutral
2010-09-29,-0.36483875059179327,0.7983243010057134,-0.9284910783326105,-0.2190174244214317,-0.1785057380850305,-1.3145435980817486,on,neutral
2010-09-30,-0.32693016756584875,0.7773392904699121,-0.9404757256212735,-0.21185235097768357,-0.1754797384237234,-1.3014145601249656,on,neutral
2010-10-01,-0.42723305851558174,0.7447432611927939,-0.9031474916173339,-0.35952561223635243,-0.23629072529411854,-1.4213257632581344,on,neutral
2010-10-04,-0.34063621640217995,0.7910631595091968,-0.6374604135659323,-0.2747991804548167,-0.11545816272843304,-1.18901709566446,on,neutral
2010-10-05,-0.4888072055989934,0.7760673277626561,-0.831708871969242,-0.4390061975913896,-0.24586373684924223,-1.445444606579272,on,neutral
2010-10-06,-0.5111058842850756,0.8430997091985658,-0.7997504159222713,-0.5232694943254057,-0.2477565213335467,-1.4369538474970496,on,neutral
2010-10-07,-0.5048680904576092,0.8213423845705498,-0.8665317719832456,-0.5228918590101604,-0.26823733422011636,-1.4730758644682946,on,neutral
2010-10-08,-0.5758455688508716,0.7807368742753275,-1.0655954016508877,-0.5389694315489997,-0.3499183819438579,-1.6362320049122854,on,neutral
2010-10-11,-0.7223035725101904,0.7686280723662766,-1.064309096749674,-0.5103562640764356,-0.3820852152425058,-1.7283017857890657,on,on
2010-10-12,-0.7242013038555676,0.7622807090462663,-1.1097359897343189,-0.5288144507071192,-0.40011775881268485,-1.760205286095081,on,on
2010-10-13,-0.7118227355573572,0.7257337802995845,-1.0304968439119755,-0.596681484608371,-0.4033168209445298,-1.745289897815675,on,on
2010-10-14,-0.6431769438375287,0.6943908174128015,-0.9436511758965295,-0.69508702012831,-0.3968810806123917,-1.71040213508181,on,on
2010-10-15,-0.7140904108087118,0.6102461725541358,-0.8517759941159057,-0.6026804100022138,-0.3895751605931739,-1.718370966222283,on,on
2010-10-18,-0.7084415050925382,0.6869156729513417,-0.8145886550575285,-0.6281297455911882,-0.3660610581974783,-1.6727583982206116,on,on
2010-10-19,-0.5783560651676857,0.6882221147737443,-0.8372077102439898,-0.3330237088449723,-0.26509134237072585,-1.484730499693815,on,neutral
2010-10-20,-0.648584143685633,0.6751804907374156,-0.8753788040860553,-0.5709960621607056,-0.3549446297987446,-1.6323160080429457,on,neutral
2010-10-21,-0.6918193717593621,0.6641723630943013,-0.8095516992617464,-0.5116025803132619,-0.33720032206001727,-1.6133667379738106,on,neutral
2010-10-22,-0.7324823392612646,0.6326260249630212,-0.7360175226657975,-0.4994411368820342,-0.33382874346151875,-1.6161163660408417,on,neutral
2010-10-25,-0.6417797409330063,0.6292074225351054,-0.7899867696804734,-0.5864403751828617,-0.34724986581530903,-1.6147330313361552,on,neutral
2010-10-26,-0.6101123666175507,0.5636701328972149,-0.6045901028719062,-0.4419348431540337,-0.2732417949365689,-1.4828545869019596,on,neutral
2010-10-27,-0.5683599455285833,0.5491131560359228,-0.5390605528713085,-0.3376570303526493,-0.22399109317915455,-1.3800819233491064,on,neutral
2010-10-28,-0.5536112761457647,0.5816134391243888,-0.5699197242697933,-0.5360455158240184,-0.2694907692787969,-1.4449557441728924,on,neutral
2010-10-29,-0.5262236113008731,0.5955524077627258,-0.5408458811432997,-0.5451209488490024,-0.25415950838261236,-1.4104796070992236,on,neutral
2010-11-01,-0.47269784613640436,0.6359673033579771,-0.5691223522431224,-0.5376291876195424,-0.23587052066027298,-1.3669260186573107,on,neutral
2010-11-02,-0.4943227065723099,0.6331922633542367,-0.5791309943106778,-0.6744944092178323,-0.2786889616866458,-1.4389471033589056,on,neutral
2010-11-03,-0.6636827676955412,0.5701961846394938,-0.9748911535345831,-0.7307479724978867,-0.44978142727212933,-1.773052059505386,on,on
2010-11-04,-0.7509622170252738,0.5364184710889885,-0.999887987738973,-0.8721257558550625,-0.5216393723825802,-1.9115036471162963,on,on
2010-11-05,-0.7722669633364798,0.5160094710744452,-1.009201008333462,-0.7126858065681108,-0.49453607679090184,-1.8786054951570956,on,on
2010-11-08,-0.7690516694672949,0.5488179959989589,-0.9872355232692616,-0.5984080539963074,-0.45146931268347623,-1.8083687270364128,on,on
2010-11-09,-0.7016326575527749,0.504225769084859,-0.780294796755001,-0.500797477492939,-0.369624790678964,-1.650830086864641,on,on
2010-11-10,-0.7526065621223901,0.5621506015488534,-0.7483146759625581,-0.4554031582502321,-0.3485434486965817,-1.613811409950712,on,neutral
2010-11-11,-0.737587363780246,0.5578383108185895,-0.7476714732360112,-0.3151273091341613,-0.3106369588329573,-1.5520163214182177,on,neutral
2010-11-12,-0.5703651589946187,0.525282616185489,-0.5878702548170641,-0.3481689777819651,-0.24528044385203973,-1.3938512976644026,on,neutral
2010-11-15,-0.6046395352730497,0.43729849406620075,-0.42555718695637074,-0.24345636095555104,-0.20908864727969267,-1.3411104223524106,on,neutral
2010-11-16,-0.4027152629025682,0.5940338006885765,-0.5062623187292945,-0.07933897973085413,-0.09857069016853509,-1.1115080733675178,neutral,neutral
2010-11-17,-0.47191245005755666,0.545381273518819,-0.654845707768724,-0.11020632412679295,-0.17289580210856365,-1.2494647702137816,on,neutral
2010-11-18,-0.726579443518282,0.430905827864132,-0.5628595142444324,-0.21958118494800918,-0.26952857871164787,-1.4694259796231242,on,neutral
2010-11-19,-0.7861123893954898,0.46715434916480697,-0.6696471280906723,-0.2480181497366594,-0.3091558295145036,-1.5530747033408792,on,neutral
2010-11-22,-0.7574594359783606,0.5867935665731931,-0.7710888788815028,-0.20500844133156987,-0.28669079740456005,-1.5111676866449826,on,neutral
2010-11-23,-0.5652479792003189,0.7221374423836638,-0.7651872976505794,0.033391693700695044,-0.14372653519163484,-1.2293183891910038,on,neutral
2010-11-24,-0.6555794804120769,0.5871577356738967,-0.49765845210214776,0.07867334647283174,-0.12185171259187405,-1.198650006167733,on,neutral
2010-11-26,-0.4293964388405249,0.6330753323202717,-0.5025561866187545,0.19551460851532204,-0.02584067115592141,-0.9851677040802228,neutral,neutral
2010-11-29,-0.4876932198652308,0.6174505196932216,-0.5126900681995255,0.30995439252211504,-0.018244593962354894,-0.9921630449847271,neutral,neutral
2010-11-30,-0.31665344278369906,0.5808920745301162,-0.4730343684121562,0.39571727444025,0.04673038444362773,-0.843404195955676,neutral,neutral
2010-12-01,-0.5017031307108459,0.4972627226347443,-0.2577318816153603,0.2784293317461764,0.004064260513678614,-0.9493429074246735,neutral,neutral
2010-12-02,-0.6687778441890455,0.470360861235373,-0.2785700282060983,0.1802771289855331,-0.07417747054355942,-1.1128342407348755,neutral,neutral
2010-12-03,-0.7855290112985849,0.42627677454286295,-0.45162228060951737,-0.039837794557282175,-0.21267807798063038,-1.3736757776701904,on,neutral
2010-12-06,-0.7839913568362393,0.4986689588018547,-0.5694558210823041,0.00564709148387035,-0.2122827819082046,-1.3775305529051238,on,neutral
2010-12-07,-0.7858568845017672,0.3577569062641793,-0.24862741474166225,0.07507222470393675,-0.15041379206882835,-1.2671758454886237,on,neutral
2010-12-08,-0.8064254684086789,0.3258764017290619,-0.20380436780406205,0.10856598766923951,-0.14394686170360987,-1.261712104616055,on,neutral
2010-12-09,-0.8473723045392397,0.3700727996114585,-0.2852072155269058,0.12528283495502668,-0.1593059713749151,-1.2916179870690072,on,neutral
2010-12-10,-0.8159720417521893,0.32003492236508135,-0.2376852882449973,0.12521425419698656,-0.15210203835877967,-1.2710652064471692,on,neutral
2010-12-13,-0.8203437226407546,0.4055734529152649,-0.24807913659086797,-0.06439047210445595,-0.1818099696052034,-1.312437303206119,on,neutral
2010-12-14,-0.81450083355453,0.2968415257225334,-0.037238654917916884,-0.04275037941918105,-0.14941208554227361,-1.2516851643299178,on,neutral
2010-12-15,-0.7856910646424514,0.27362612366675154,0.1419772190699426,0.1710290676019645,-0.04976466357594819,-1.0793492205056971,neutral,neutral
2010-12-16,-0.8318204452608283,0.28492933914084323,0.07598454002846235,0.15171059094390418,-0.07979899378690464,-1.1354890410293135,neutral,neutral
2010-12-17,-0.9400039781370225,0.3600245496779933,-0.019026386718303947,0.19730765172376938,-0.10042454086339092,-1.2007487986838645,neutral,neutral
2010-12-20,-0.9135245643283398,0.3358871748643572,-0.18793946647324183,0.2597357042956506,-0.12646028791039346,-1.2477559889738041,on,neutral
2010-12-21,-0.9058186245068232,0.3357503908799994,-0.41227356571748786,0.28124664017686496,-0.17527378979186164,-1.3375166307680517,on,neutral
2010-12-22,-0.9934552253622471,0.2999259967765957,-0.3539048109973319,0.28349261654402724,-0.19098535575973902,-1.3844804126559145,on,neutral
2010-12-23,-0.9055847870813192,0.29443628002951966,-0.343121178255495,0.22792396019446193,-0.18158643127820814,-1.3360565790774255,on,neutral
2010-12-27,-0.8025304210410362,0.30574335030399485,-0.3614247107589064,0.19646432813351383,-0.16543686334060848,-1.282182015864313,on,neutral
2010-12-28,-0.8146033729310207,0.24430103865069916,-0.2527480297074262,0.19394367203447513,-0.15727667298831816,-1.2688756759636537,on,neutral
2010-12-29,-0.8343264477761659,0.28574445751453414,-0.2234896621308124,0.05872173025694876,-0.17833748053387388,-1.3010553401046467,on,neutral
2010-12-30,-0.8131263881364172,0.27914770552646,-0.2233649391031356,-0.008906598807045165,-0.1915625551300345,-1.3151894167138625,on,neutral
2010-12-31,-0.7928086719722794,0.2861337484026466,-0.24708615813769724,-0.12725560888154624,-0.22025417264721908,-1.3451378501367786,on,neutral
2011-01-03,-0.8040568447755598,0.3166283409855571,-0.36622765511436367,-0.103021087545642,-0.2391693116125021,-1.3844031063676019,on,neutral
2011-01-04,-0.8229626471037116,0.2842668083475866,-0.4482071493269181,-0.028008650417538698,-0.2537279096251454,-1.4208767340070414,on,neutral
2011-01-05,-0.8529250955357303,0.1851682816610915,-0.09240996067503085,0.17038109765192333,-0.14744641922443658,-1.248167163732589,on,neutral
2011-01-06,-0.819742632937273,0.18777667059338968,-0.17996722545812857,0.298562430955201,-0.12834268921170272,-1.2166455194767993,neutral,neutral
2011-01-07,-0.8411934414124225,0.27686992974715385,-0.3232886587617668,0.3516584692624686,-0.13398842529114172,-1.2285824405389456,neutral,neutral
2011-01-10,-0.8063142694588983,0.30174792155015223,-0.455940559097669,0.3199582651850596,-0.16013716045533888,-1.266410527003763,on,neutral
2011-01-11,-0.8610685416512791,0.25860163014014226,-0.5141168287251826,0.31250200822534613,-0.20102043300274333,-1.3518463783393917,on,neutral
2011-01-12,-0.915733954258465,0.23115855560760554,-0.5669419644974655,0.1134793627164593,-0.28450950010796644,-1.499465841529448,on,neutral
2011-01-13,-0.9020505691408444,0.27628585608153344,-0.6170704372216151,-0.09039290234664099,-0.33330701315689176,-1.569253866283384,on,neutral
2011-01-14,-0.9805368465673032,0.21194159927074172,-0.6166226970577059,-0.09762750550255372,-0.3707113624642053,-1.6433485936218712,on,on
2011-01-18,-0.9445481769350818,0.20738416833961051,-0.584246648633695,-0.14615361262511462,-0.36689106746357025,-1.6245538520950307,on,on
2011-01-19,-0.8207221287055337,0.2307483627201268,-0.6956184191237176,-0.22383568372459461,-0.3773569672084298,-1.6106298598006132,on,on
2011-01-20,-0.7619476486478166,0.2069661849954291,-0.5779392303439452,-0.1799508412704216,-0.3282178838166886,-1.5117901779644067,on,neutral
2011-01-21,-0.7203234204700358,0.18075201683285383,-0.6441184903618494,-0.3282267070321006,-0.377979150257783,-1.5810786642209895,on,neutral
2011-01-24,-0.7897983213761468,0.17091759116145186,-0.6862636730642855,-0.3669680926714874,-0.4180281239876169,-1.6546595905344248,on,on
2011-01-25,-0.794254533066214,0.2055177557120051,-0.691065333145089,-0.3789229760055991,-0.41468127162622426,-1.6487404927211917,on,on
2011-01-26,-0.8747464115494481,0.1275588555311368,-0.6958628813952106,-0.4030500823940979,-0.4615251299519049,-1.7490469264414916,on,on
2011-01-27,-0.9158054691299026,0.13106114758600687,-0.6979906704697509,-0.44422288530901904,-0.4817394693306664,-1.7913741160093806,on,on
2011-01-28,-0.5824332718674124,0.20497472959400612,-0.774773768653933,-0.3464504943571739,-0.37467070132112834,-1.532714359398664,on,neutral
2011-01-31,-0.6256486945303421,0.1224857032822174,-0.6167685792784068,-0.44135206926197734,-0.3903209099471272,-1.550928797438492,on,neutral
2011-02-01,-0.7877232466059781,0.11434999041527981,-0.5896412728510056,-0.6044987286949496,-0.4668783144341634,-1.7119314326474608,on,on
2011-02-02,-0.8152885215296831,0.08318001029023774,-0.44772945604933745,-0.5821126909479305,-0.4404876645591783,-1.671523911403063,on,on
2011-02-03,-0.8667673335070242,0.05833696626418746,-0.4527931509962147,-0.4377010555474627,-0.42473114344662855,-1.6656931295048287,on,on
2011-02-04,-0.9309936558523547,-0.018446843774049947,-0.37768284677585734,-0.3666061414943496,-0.4234323719741529,-1.6826746228500553,on,on
2011-02-07,-0.9001538784239773,-0.025992549718240415,-0.47638172975969395,-0.36883497219562966,-0.44284078252438536,-1.700152370706421,on,on
2011-02-08,-0.9395212682614876,-0.07515758806237725,-0.48142871493779354,-0.37595169419668634,-0.4680148163645862,-1.7537226671152453,on,on
2011-02-09,-0.9334748516668345,0.05026937356400541,-0.5319551420014336,-0.46376677886237555,-0.4697318497416596,-1.7487913043533767,on,on
2011-02-10,-0.913750161306143,-0.012120808949970157,-0.4994868888560421,-0.3142369818038106,-0.43489871022899146,-1.693091588545886,on,on
2011-02-11,-0.947113597664112,0.018907805007206287,-0.5875156812728528,-0.26265244981168884,-0.4445934809353619,-1.722142742613815,on,on
2011-02-14,-0.9239402452573494,0.01775417141314606,-0.6299549404161112,-0.22576935970455733,-0.44047759349121796,-1.7011389843326605,on,on
2011-02-15,-0.8871137409662019,0.0609937406629668,-0.6536094451510589,-0.2354493798100414,-0.42879470631608385,-1.6711773666453071,on,on
2011-02-16,-0.8563384601967551,0.045139542755465716,-0.6316955801456959,-0.32112534331892306,-0.44100496022647706,-1.679797706426817,on,on
2011-02-17,-0.8667070883836306,0.04067871283083743,-0.6607236718568392,-0.37489915480202624,-0.4654128005529146,-1.7220151806190742,on,on
2011-02-18,-0.8796292101193027,0.024547337586440038,-0.6629179533142876,-0.45809462443134663,-0.49402361256962424,-1.7700756625606886,on,on
2011-02-22,-0.5044456709592287,0.1383300325903369,-0.581974703424599,-0.4308152164230205,-0.3447263895541278,-1.4089702698060154,on,neutral
2011-02-23,-0.39008439559696545,0.11584473866951461,-0.5976737510889003,-0.5189403771317039,-0.3477134462870137,-1.3825032096071905,on,neutral
2011-02-24,-0.45933864228434096,0.11932613123198568,-0.5918916047714738,-0.6045585788252728,-0.3841156736622755,-1.4567709914164,on,neutral
2011-02-25,-0.6392368333832559,0.13619129950000322,-0.6934912364041231,-0.5500929368194913,-0.43665742677671676,-1.5953727613091837,on,neutral
2011-02-28,-0.7134296102566065,0.11217602126811495,-0.7627682092713088,-0.645563204633034,-0.5023962507232085,-1.7230516116169643,on,on
2011-03-01,-0.4845442518795037,0.1519300118712906,-0.5741647687703816,-0.6057693688509198,-0.37813709440737864,-1.441796723656557,on,neutral
2011-03-02,-0.5108655963449392,0.08777916024304713,-0.5979584985719378,-0.6987761197468617,-0.4299552636051729,-1.5342125341235597,on,neutral
2011-03-03,-0.6909426357383014,0.006259427864474965,-0.4954026662950069,-0.7449650376320998,-0.4812627279502333,-1.6628769506693475,on,on
2011-03-04,-0.650901653649279,0.06720976730478335,-0.6510446824270878,-0.7640513077615593,-0.49969696913328565,-1.68582278522651,on,on
2011-03-07,-0.5128982653958434,0.038951589928710575,-0.6505743520966409,-0.7388395876824326,-0.46584015381155164,-1.5965620960864242,on,neutral
2011-03-08,-0.584806230901963,0.034468241502796676,-0.7415593800930252,-0.664440332041979,-0.4890844253835427,-1.6500407992513564,on,on
2011-03-09,-0.5500001591274427,0.11762285897072478,-0.7490477671987776,-0.6836477944822078,-0.46626821545942587,-1.5994920465644564,on,neutral
2011-03-10,-0.40677115862591107,0.2133106425616959,-0.659653233376139,-0.5452439305880618,-0.349589420007104,-1.3676752727884338,on,neutral
2011-03-11,-0.5615115493306206,0.20601475647324685,-0.726470947744032,-0.6680546667094536,-0.4375056018277148,-1.5508639636214536,on,neutral
2011-03-14,-0.4707065615991484,0.2588159273401583,-0.7501405452670167,-0.7734970962124257,-0.4338820689346081,-1.5164714434973734,on,neutral
2011-03-15,-0.1955042078350269,0.31059652582550223,-0.6472133895993694,-0.7778001816050543,-0.32748031330348704,-1.2555658205902267,on,neutral
2011-03-16,0.24266946135683062,0.43343607674655354,-0.4042280365536841,-0.6909170646132895,-0.10475989076589737,-0.7646028581909272,neutral,off
2011-03-17,-0.01887411705895385,0.3181497558287596,-0.4012950990740062,-0.8481546246758779,-0.2375435212450196,-1.049922740360275,on,neutral
2011-03-18,-0.18546145704472214,0.27634268504941256,-0.492769230366427,-0.9262852534928698,-0.3320433139636516,-1.250988969730873,on,neutral
2011-03-21,-0.5160705853883304,0.18049779171602637,-0.6192627192790667,-1.0042731819325048,-0.4897771737209689,-1.6019417790321917,on,neutral
2011-03-22,-0.5502859659074059,0.19367209691059792,-0.7186650792290451,-0.995869729877979,-0.5177871695259579,-1.6537559566309334,on,on
2011-03-23,-0.6397611652340095,0.19932236418601948,-0.7235159699018783,-0.9061624406951577,-0.5175293029112565,-1.6788735481516446,on,on
2011-03-24,-0.7403850077819704,0.15611166615724847,-0.766148670961474,-0.9373761738193916,-0.5719495466013969,-1.7967273698454196,on,on
2011-03-25,-0.7475874763362566,0.13739925585426582,-0.673748739972665,-0.7984455834119193,-0.5205956359666437,-1.7156365608472883,on,on
2011-03-28,-0.6147678072473355,0.1377574426222294,-0.6651567427794918,-0.8199871561345834,-0.4905385658847953,-1.6312893230853784,on,neutral
2011-03-29,-0.7250118928451968,0.08114684146647909,-0.718706019858237,-0.7897045582251556,-0.5380689073655276,-1.7328741732685686,on,on
2011-03-30,-0.7633697606509529,0.10084219876620913,-0.7776008469454195,-0.8211340684149235,-0.5653156193112716,-1.7878864418810747,on,on
2011-03-31,-0.7601733203201695,0.07274338050389713,-0.7418502875866575,-0.8845919274878755,-0.5784680387227012,-1.806780556456564,on,on
2011-04-01,-0.7889849579056682,0.15773708007536494,-0.8331676836588492,-0.8912079161945112,-0.5889058694209159,-1.83068388783862,on,on
2011-04-04,-0.7796973025109109,0.1180276079403706,-0.8892196643777088,-0.8706733770407166,-0.6053906839972414,-1.8600198233851999,on,on
2011-04-05,-0.8007060771510259,0.135075009142014,-0.8965365839634926,-0.8773176409914963,-0.6098713232410002,-1.8608998819868534,on,on
2011-04-06,-0.8303417584821101,0.07855378706305423,-0.7713820291075602,-0.9678497054278995,-0.6227549264886288,-1.884983743123377,on,on
2011-04-07,-0.8114709150124321,0.0527366381687853,-0.7951095187629997,-0.9471816873940404,-0.6252563707501717,-1.8869860527443532,on,on
2011-04-08,-0.7450091240485077,0.04687376634540702,-0.8025805443089415,-1.07458786609551,-0.643825942026888,-1.8978020894731005,on,on
2011-04-11,-0.8552675785756014,0.058109100425312275,-0.8749571511508726,-1.0759093226814418,-0.6870062379956509,-1.9989295933809001,on,on
2011-04-12,-0.8112394876145377,0.12796840772188064,-0.8904225780774779,-1.1265514569228692,-0.6750612787232511,-1.9533525294579193,on,on
2011-04-13,-0.8252989026535915,0.09611442848641648,-0.9247980216608103,-1.0932327715963812,-0.6868038168560917,-1.9798042390799955,on,on
2011-04-14,-0.8809149876337972,0.11216399056447951,-0.9699336161439356,-1.1660113391245304,-0.7261739880844459,-2.057708916101624,on,on
2011-04-15,-0.9624236944963525,0.1532954063783431,-0.9879383810248162,-1.1276829300624145,-0.7311873998013101,-2.0861730331388797,on,on
2011-04-18,-0.8194530765924399,0.20388846439456113,-0.951815139485832,-0.9612472074860362,-0.6321567397924367,-1.887670240331213,on,on
2011-04-19,-0.9166825231799374,0.1893980789025595,-1.021246802479844,-1.0762205703304144,-0.7061879542719091,-2.022821434829869,on,on
2011-04-20,-0.9816908983569859,0.15440722546893718,-1.0959368413191628,-1.2377222322430153,-0.7902356866125567,-2.178196034860214,on,on
2011-04-21,-1.0136592693945303,0.13896358945524798,-1.116380366787788,-1.327299217260325,-0.8295938159968488,-2.2504457761974885,on,on
2011-04-25,-0.9190968679430024,0.16072883793795967,-1.1638012216369253,-1.327963714892624,-0.8125332416336479,-2.199424640839702,on,on
2011-04-26,-0.9312623139557663,0.18542223970601945,-0.9867692275906911,-1.3630683467975335,-0.7739194121594929,-2.130453740953061,on,on
2011-04-27,-0.9538047199056204,0.1652623702309012,-1.0425889237515653,-1.4398350575900354,-0.8177415827540799,-2.1987156885712493,on,on
2011-04-28,-1.0161585368957284,0.1927490527272363,-1.106393431475346,-1.5359242941031623,-0.8664318024367501,-2.293646956668341,on,on
2011-04-29,-1.0038878011834307,0.187750778842736,-1.105191392125696,-1.5800308537240668,-0.8753398170476143,-2.304617897263416,on,on
2011-05-02,-0.8954661382156923,0.2414152559434348,-1.1175030673030695,-1.5724333873886684,-0.8359968342409989,-2.2110378616536517,on,on
2011-05-03,-0.833142449496236,0.2343201429905894,-1.013600928531278,-1.5232127446240151,-0.7839089949152349,-2.1072425556140493,on,on
2011-05-04,-0.7995107709100642,0.25266342323251556,-1.0098975800131624,-1.547690616681974,-0.7761088860931713,-2.0755829131058903,on,on
2011-05-05,-0.7017427290963583,0.3308690777228413,-0.922416063458232,-1.261078140197091,-0.63859196375721,-1.8224565225081246,on,on
2011-05-06,-0.6838824287278695,0.2778745264565064,-0.9026625300503347,-1.1002325402614872,-0.6022257431457962,-1.762114103158038,on,on
2011-05-09,-0.7909897896632865,0.27454495612209157,-0.9478267970333462,-1.1235557250923698,-0.6469568389167277,-1.8636295095550963,on,on
2011-05-10,-0.8988213706338924,0.20951972900440663,-1.0091289258496772,-1.154171056592744,-0.7131504060179767,-2.003900927176911,on,on
2011-05-11,-0.8077919652870899,0.24220405981512688,-0.9243383232691427,-0.9764574688438711,-0.6165959243962442,-1.809945633294412,on,on
2011-05-12,-0.8869894429502859,0.2073428379056561,-0.9586564698598691,-0.9975915669805541,-0.6589736604712633,-1.9016950920532336,on,on
2011-05-13,-0.7959535565544188,0.28127954690327717,-0.952359058684919,-0.8691686364953152,-0.584050426207844,-1.7539800901297464,on,on
2011-05-16,-0.6937315684704046,0.29086226898358264,-1.000147612055976,-0.9395283699624694,-0.5856363203763169,-1.7319716508103589,on,on
2011-05-17,-0.7531673880660117,0.2867567539641293,-1.0586538463042978,-0.9558345141481399,-0.62022474863858,-1.805606459123048,on,on
2011-05-18,-0.8672523636659063,0.24794773497188308,-1.0629764964709651,-0.9377910944646288,-0.6550180549074043,-1.88225465939576,on,on
2011-05-19,-0.9281843830535461,0.27018893332389515,-1.010530302776117,-1.0227439600890802,-0.672817428148712,-1.922726628293921,on,on
2011-05-20,-0.7614336712245928,0.27042123043327343,-1.009546940254145,-0.9457428507378618,-0.6115755579458315,-1.7818484808154715,on,on
2011-05-23,-0.687850550834037,0.3133286390273024,-1.057218389855858,-0.7805745711832632,-0.553078718211464,-1.6690350627582422,on,neutral
2011-05-24,-0.7264845582469177,0.3431672823639725,-1.0912737853977736,-0.8339403823831252,-0.577132860915961,-1.7174672406273246,on,on
2011-05-25,-0.79116102353886,0.32240838087613455,-1.114443072212091,-0.8209938619107178,-0.6010473941963836,-1.7640435337432923,on,on
2011-05-26,-0.87575167094498,0.37604349255479114,-1.1537646941147495,-0.9135683956857609,-0.6417603170476748,-1.849977915608748,on,on
2011-05-27,-0.8845743044235169,0.3554866683366406,-1.1632788471573405,-1.0599436693813753,-0.688077538156398,-1.9283641191218388,on,on
2011-05-31,-0.9299027723252602,0.3262374682588777,-1.2267660779150187,-1.1348775702183551,-0.741327238049939,-2.0300383436491782,on,on
2011-06-01,-0.6811904557659472,0.46184615641412274,-1.1875087946493226,-1.1238300308696658,-0.6326707812177033,-1.7832747532170892,on,on
2011-06-02,-0.6989883970522417,0.3745894681340927,-1.0862696045202813,-1.2083929403816713,-0.6547653684550254,-1.8134920994579078,on,on
2011-06-03,-0.7106773126992851,0.4376094774616539,-1.104034891989161,-1.3416882293259402,-0.6796977391381831,-1.8544588586355641,on,on
2011-06-06,-0.6631528021306752,0.4446435173395343,-1.1055657319878063,-1.2982816994724447,-0.655589179062848,-1.803283059956044,on,on
2011-06-07,-0.6992749182626516,0.4875626957280875,-1.16646004502344,-1.4018384611422277,-0.6950026821750579,-1.8766865953465253,on,on
2011-06-08,-0.6360589025550879,0.5423880148107522,-1.057221157966052,-1.2995826028378545,-0.6126186621370606,-1.7199618975394957,on,on
2011-06-09,-0.7245111092929541,0.5076084207247292,-1.0615535014538917,-1.2343311633346816,-0.6281968383391996,-1.7606823583295221,on,on
2011-06-10,-0.6289875635751642,0.5623254696366388,-1.0388936960947914,-1.0860889711044899,-0.5479111902844517,-1.6028574618984466,on,neutral
2011-06-13,-0.5631763921167874,0.6116237702375655,-1.0837383476911928,-1.1534580248282944,-0.5471872485996773,-1.585190034456732,on,neutral
2011-06-14,-0.6805677427410877,0.5171087302274027,-0.9180135120791971,-1.1961999685738571,-0.5694181232916848,-1.6476314319984504,on,neutral
2011-06-15,-0.4131118614248254,0.6161321985069725,-0.8254248407971643,-0.8841984435174268,-0.376650736808111,-1.2592547197689412,on,neutral
2011-06-16,-0.28978082117581694,0.7770877328641681,-0.7707578068534611,-0.8467427919547049,-0.2825484217799537,-1.0586118662820727,on,neutral
2011-06-17,-0.3664972930651677,0.6699621410777725,-0.8404024621610175,-1.0320405400878563,-0.39224453855906727,-1.2643819394689044,on,neutral
2011-06-20,-0.5288104636445967,0.6009083304564247,-0.9153502986140264,-1.0212475562307144,-0.4661249970082282,-1.4307151521536643,on,neutral
2011-06-21,-0.6272352237730666,0.5295804843602274,-0.957767548759835,-1.1401195012035226,-0.5488854473440492,-1.594959125984908,on,neutral
2011-06-22,-0.656539053345114,0.6168967593058386,-1.0082106940647442,-1.0801918906041257,-0.5320112196770364,-1.5726599545208624,on,neutral
2011-06-23,-0.5887782585579123,0.5885885225026548,-0.8830198283860892,-0.9151995805073825,-0.4496022862371823,-1.4096484957141011,on,neutral
2011-06-24,-0.43008632347151043,0.6423964271405651,-0.8498614079850645,-0.8605729975387894,-0.3745310754636998,-1.2446129122987377,on,neutral
2011-06-27,-0.4771018756173393,0.6113726782667407,-0.8761926294990752,-0.9283928108752344,-0.4175786594312271,-1.329014811875178,on,neutral
2011-06-28,-0.5984948308956606,0.498726806013667,-0.7241178165844897,-1.008331816889496,-0.4580544145889948,-1.4234269908546897,on,neutral
2011-06-29,-0.7644312217831477,0.3728810402153292,-0.7830773900005666,-1.0978923098768019,-0.5681299703612968,-1.6517223667468228,on,neutral
2011-06-30,-0.829512440615355,0.31785653346012643,-0.7365173370642938,-1.1921295347656222,-0.6100756947462862,-1.729058666681074,on,on
2011-07-01,-0.8857527417172213,0.2891019061353488,-0.6927081743155592,-1.1785556786877387,-0.6169786721462927,-1.7532904180879845,on,on
2011-07-05,-0.8683809259540525,0.31240564233513096,-0.6868173216802306,-1.0941211455450117,-0.5842284377110409,-1.6938991337355636,on,on
2011-07-06,-0.8431541688908013,0.3295303669372224,-0.7323497219698701,-0.9878586881009781,-0.5584580530061067,-1.6462882585940486,on,neutral
2011-07-07,-0.8766300329633944,0.29093513191653486,-0.693929622891831,-1.0260736157150576,-0.576424534913437,-1.6840046915292617,on,on
2011-07-08,-0.8759065779169055,0.38653027974602344,-0.8179795046001891,-0.9712925999453442,-0.5696621006791038,-1.6640907288370417,on,neutral
2011-07-11,-0.6614402578350639,0.5231962313575587,-0.7469496508313824,-0.7722687643022768,-0.4143656104027911,-1.348490294941286,on,neutral
2011-07-12,-0.531271647934293,0.5595779734329119,-0.694948914100891,-0.8157432108107188,-0.3705964498532477,-1.2422079877214558,on,neutral
2011-07-13,-0.5274470042327376,0.5056207379985681,-0.7540671670971307,-0.9619292955859087,-0.4344556822293022,-1.351348932072661,on,neutral
2011-07-14,-0.4490574263581638,0.44695857606287864,-0.7264227605502958,-0.9512814797990508,-0.41995077266115793,-1.3100301036631603,on,neutral
2011-07-15,-0.5602577443972006,0.47342714308771716,-0.6906743515406777,-0.9798008227220604,-0.43932644389305536,-1.3590171162009343,on,neutral
2011-07-18,-0.43526068949144425,0.451304149371324,-0.7118884010106401,-0.8932655432856947,-0.3972776211041138,-1.261281997022699,on,neutral
2011-07-19,-0.587822097539576,0.4546857264362624,-0.7330824136566996,-0.9561497397750789,-0.455592131133773,-1.3945374224184794,on,neutral
2011-07-20,-0.5979957024526594,0.42102744600421194,-0.8328922586764466,-1.0605139551362308,-0.5175936175652812,-1.5046283862528018,on,neutral
2011-07-21,-0.7320273032700352,0.3545313939882769,-0.7264683974659889,-1.2477812007059008,-0.587936376863412,-1.651917423264074,on,neutral
2011-07-22,-0.735021711329585,0.3830210239473492,-0.8534478843686665,-1.2023075305714102,-0.6019390255805781,-1.671456856057096,on,neutral
2011-07-25,-0.5736649950177063,0.388939352007319,-0.7849469886216351,-1.235164497208344,-0.5512092822100916,-1.5471931581116147,on,neutral
2011-07-26,-0.4959328046179494,0.4130689855018984,-0.8386277925230884,-1.3778366519463732,-0.5748320658963781,-1.5697555057743733,on,neutral
2011-07-27,-0.2537025519105397,0.4642263913883351,-0.7212727121670685,-1.2246168394705608,-0.43384142803995845,-1.2728257993039769,on,neutral
2011-07-28,-0.1866754065167397,0.4703796718517527,-0.7913476429924158,-1.1914617198534834,-0.42477627437772153,-1.2441418018245614,on,neutral
2011-07-29,-0.053595913652099474,0.5524155195654356,-0.7500302765156714,-1.2682537393957685,-0.37986610249952596,-1.1293099005818181,on,neutral
2011-08-01,-0.19367193255920678,0.5834949095810364,-0.8553907114170558,-1.1788721163960378,-0.41110996269781597,-1.2155650932544413,on,neutral
2011-08-02,-0.09396764436513838,0.7944350800755264,-0.7732412117484958,-1.1165594505348169,-0.29733330664323115,-0.9929911521925301,on,off
2011-08-03,-0.21827482561105963,0.7959046334801192,-0.8161342724612378,-1.2301013995568792,-0.36715146603726434,-1.1398358987174322,on,neutral
2011-08-04,0.5123388984975676,1.1557149129854016,-0.6660767966302542,-0.9651351961109086,0.009210454685451647,-0.32613880043070076,neutral,off
2011-08-05,0.5420407742579646,1.0431535301653816,-0.401927095090888,-1.0912067293007282,0.023015120007932488,-0.2896554639952025,neutral,off
2011-08-08,1.951054109312145,1.369878395754171,0.06351181359408664,-1.0437450541329651,0.5851748161318593,0.9968747899155308,off,off
2011-08-09,0.8088901022284191,1.165450550142886,-0.2114383964174007,-1.0866732248045503,0.16905725778733854,0.025201822429225973,neutral,off
2011-08-10,1.5063194382057457,1.4125223253334915,-0.45094356626256443,-1.0782710371751296,0.34740679002538577,0.4832242654927909,off,off
2011-08-11,1.1532466269439128,1.0383612581685946,-0.20555405060948623,-1.0674470925133468,0.22965168549741855,0.20137441813899642,neutral,off
2011-08-12,0.9197076426591103,1.1932280573678942,-0.17275309802329278,-1.0834834973779255,0.2141747761564466,0.1279350960843474,neutral,off
2011-08-15,0.5235013585039476,1.0531916416960032,-0.4262149023305901,-1.2701933173310462,-0.029928804865421377,-0.3838501442718957,neutral,off
2011-08-16,0.6095597958209696,1.1494175895253644,-0.6386583084614529,-1.227244220988473,-0.026731286025897916,-0.36204932663237016,neutral,off
2011-08-17,0.49722712926414875,1.0682800613633354,-0.7527653386562143,-1.308696337900792,-0.12398862148238055,-0.5567557745527171,neutral,off
2011-08-18,1.4738882001093216,1.1986754785204377,-0.5558630462078731,-1.168219987191008,0.23712016130771957,0.2814987762473634,neutral,off
2011-08-19,1.505170741246595,1.2694011396019271,-0.4109008451408873,-1.2278696009272039,0.2839503586951077,0.3737102733702923,off,off
2011-08-22,1.4493486892972969,1.2211712551862919,-0.30420024061274237,-1.206989566251952,0.28983253440472356,0.37256050328873,off,off
2011-08-23,0.9049219364621114,1.0362423794403939,-0.2685383501174509,-1.2543417073374146,0.1045710646119099,-0.06687883492320101,neutral,off
2011-08-24,0.8716206966706632,0.9631078676821628,-0.2602094610303892,-1.2188029553665813,0.08892903698896387,-0.10259261484844612,neutral,off
2011-08-25,1.2104630789727822,1.0953516407759734,-0.20813716503302568,-1.1517154375329102,0.2364905292957049,0.22779226521054297,neutral,off
2011-08-26,0.8423726105583168,1.00034454408194,-0.37761561105382135,-1.2648783811512612,0.050055790608793616,-0.1768116082535624,neutral,off
2011-08-29,0.5503503115150122,0.932028787215066,-0.4731746414339022,-1.2852835575850725,-0.06901977507222412,-0.4480005361558362,neutral,off
2011-08-30,0.6037523962719964,0.9651896205080976,-0.44007329712597326,-1.2302486633158665,-0.025344985915436435,-0.3604780235111521,neutral,off
2011-08-31,0.4914892745474188,0.8675758381023767,-0.4754263049203412,-1.1826569761480503,-0.07475454210464902,-0.47282805176022713,neutral,off
2011-09-01,0.5088425591726353,0.9078679931117681,-0.4505162400285919,-1.0962709042003393,-0.03251914798613195,-0.3958879066624498,neutral,off
2011-09-02,0.6936820364600251,1.0140046772067417,-0.43383443635932567,-1.0295225165461963,0.06108244019031123,-0.1920559648388806,neutral,off
2011-09-06,0.9646836246716622,1.1854812645173853,-0.33219106049182917,-0.7439059321150808,0.2685169741455343,0.2265527919900754,off,off
2011-09-07,0.6447631043687986,1.1559199771753161,-0.4005756231889609,-0.85535158867112,0.1361889674210085,-0.07138279717454105,neutral,off
2011-09-08,0.7272522149604836,1.116012661631023,-0.4332817932797308,-0.6647955892057944,0.18629687352649538,0.029859724201196702,neutral,off
2011-09-09,1.0970448243984612,1.2122309551324157,-0.39738047960189066,-0.43294239593156375,0.3697382259993556,0.4263198691185477,off,off
2011-09-12,1.1021302520607288,1.2354112251129867,-0.43834850683032667,-0.34009065904861746,0.3897755778236929,0.4601240849657924,off,off
2011-09-13,0.9529919088406099,1.1593153319556029,-0.484793094465172,-0.5008477540979928,0.281666598058262,0.24072763902002414,off,off
2011-09-14,0.7485162852815025,1.0897777455906295,-0.5092449958184587,-0.5200789775410114,0.20224251437816546,0.05808466065239615,neutral,off
2011-09-15,0.5159724594955097,0.9896332176849242,-0.4897258491521372,-0.6637065962778012,0.08804330793762391,-0.18928307990741447,neutral,off
2011-09-16,0.4282918612534272,0.994399359093465,-0.4812095386866392,-0.5803241391939796,0.09028938561656835,-0.2048496924389129,neutral,off
2011-09-19,0.5825909912343121,1.0618408908291623,-0.42595418048631933,-0.3822519704201628,0.20905643278924807,0.033771701846592644,neutral,off
2011-09-20,0.5937244464123345,1.0494416724963878,-0.4174779483009898,-0.46997538661649363,0.18892819599780972,0.002164944093778959,neutral,off
2011-09-21,0.9872153325396772,1.1546689699850474,-0.5988506581413249,-0.3939872558684728,0.2872615971287317,0.2548386021118526,off,off
2011-09-22,1.3418825955430291,1.3026331607628248,-0.32050407816569737,-0.13957798043768208,0.5461084244256185,0.7830317212681216,off,off
2011-09-23,1.3313994078501152,1.2165124796248437,-0.2900543988114849,-0.15907768888675983,0.5246949499441785,0.7429455199247699,off,off
2011-09-26,1.133204478752168,1.161385816905799,-0.21001632769150017,-0.14432630133543856,0.48506191665775705,0.6300598540479888,off,off
2011-09-27,1.0165487587906634,1.118084883513864,-0.21267542133129522,-0.35230061318862066,0.3924144019461529,0.44615892369720556,off,off
2011-09-28,1.3126931663498624,1.1868096738399547,-0.32838878146476147,-0.2688811565348653,0.4755582255475475,0.6522024177262048,off,off
2011-09-29,1.1137508837801982,1.1933809645544338,-0.4027016531096739,-0.2516072264462202,0.4132057421946845,0.5003037331373759,off,off
2011-09-30,1.4755084354886936,1.4290814802390763,-0.39697630819874635,-0.09709874875087833,0.6026287146945362,0.9082786068853685,off,off
2011-10-03,1.6923854339315223,1.5821889407820002,-0.25599043575932806,0.12360389615363393,0.7855469587769572,1.2711882430166737,off,off
2011-10-04,1.2825608653334266,1.5273878179980414,-0.16472975776126628,0.16034094986013384,0.701389968857584,1.0369364833533223,off,off
2011-10-05,1.0162696774898192,1.4511030303719077,-0.16741817123504416,-0.009049588909541585,0.5727262369292853,0.7574064081302305,off,off
2011-10-06,0.8798078474894719,1.2672799210746988,-0.17287097997609152,-0.10233687608815556,0.46796997812498087,0.5445445031671997,off,off
2011-10-07,0.8729574081018437,1.2493435910032094,-0.23639660764221565,-0.055625472627278294,0.45756972970888976,0.5232841306642688,off,off
2011-10-10,0.5921857195255458,1.0626811859217333,-0.23628681175084254,-0.3307886957871513,0.2719478494773213,0.13853039523141625,neutral,off
2011-10-11,0.5777335177097405,1.194085477092298,-0.22510647595740213,-0.3355421274310238,0.3027925978534031,0.1912309903523707,off,off
2011-10-12,0.4363319416051703,0.9858205548205737,-0.18346968513780856,-0.48043365527237514,0.1895622890038901,-0.03651916364595867,neutral,off
2011-10-13,0.3867085125939363,1.0343383147009029,-0.22493710451653973,-0.4801741992701646,0.17898388087703368,-0.0653396428507084,neutral,off
2011-10-14,0.16941960398893857,0.9595227637633311,-0.1583245044731242,-0.5709289661447905,0.09992222428358874,-0.2484433436601623,neutral,off
2011-10-17,0.6239669767788073,1.0082660304127873,-0.18043277932365373,-0.44264411397449877,0.25228902847336054,0.11268971175090364,neutral,off
2011-10-18,0.4620243121021763,0.9893593974791425,-0.20531353705076735,-0.44487470466674284,0.2002988669659522,-0.013011451882388642,neutral,off
2011-10-19,0.7161120073730978,1.0451073842082301,-0.2745867996531002,-0.4495660317301598,0.259266640049517,0.14411119116257942,neutral,off
2011-10-20,0.7456633686365279,0.9804089056290938,-0.24947594810173068,-0.48381718969655385,0.24819478411683424,0.13102881631009605,neutral,off
2011-10-21,0.4394818463281579,0.8940918773593822,-0.20492896874800656,-0.648635624919519,0.12000228250500364,-0.15595534770533984,neutral,off
2011-10-24,0.2571412873150014,0.6787737234782538,-0.31318047048376996,-0.7172282559118964,-0.02362342890060279,-0.44805172494251244,neutral,off
2011-10-25,0.5187930713530154,0.904890545589507,-0.3547156927713927,-0.6600698492304239,0.10222451873517643,-0.17102516253494562,neutral,off
2011-10-26,0.3097354318422855,0.8551665777636419,-0.2683582964014051,-0.6719842409022789,0.05613986807556087,-0.2955438049766817,neutral,off
2011-10-27,-0.0798760226782677,0.7075336343879483,-0.18757233396958822,-0.999401332877492,-0.13982901378434992,-0.7164379937189741,neutral,off
2011-10-28,-0.1621964086830478,0.7754513236091699,-0.20696626801996348,-0.9443218502262242,-0.13450830083001636,-0.7248506221746179,neutral,off
2011-10-31,0.3189222684047408,0.8900827236219302,-0.21244023362827175,-0.6772989280759687,0.07981645758060762,-0.24924911335728403,neutral,off
2011-11-01,0.7449052969021714,1.1361285156836847,0.03273963736846104,-0.407966597658244,0.37645171307401826,0.3607145694709405,off,off
2011-11-02,0.564554419432695,1.0789669462099283,-0.08151246652134458,-0.4694663140031216,0.2731356462795393,0.141060755288412,neutral,off
2011-11-03,0.3656645584259297,0.9876622704717328,-0.1567381424580092,-0.5531601874704049,0.16085712474231212,-0.09789670417188145,neutral,off
2011-11-04,0.3353303545369569,1.0160355987623377,-0.22917078934383972,-0.49357681139317333,0.15715458814057037,-0.1120763274409823,neutral,off
2011-11-07,0.30766368842822917,1.0092871701339468,-0.237435287823101,-0.48096013019507816,0.1496388601359992,-0.13158469387468502,neutral,off
2011-11-08,0.09713634297942836,0.9260302420150867,-0.2568623226379483,-0.5523698299474208,0.0534836081022865,-0.3443929600283987,neutral,off
2011-11-09,0.867699577687993,1.1077491683465952,-0.08364099368839331,-0.24054978534375981,0.4128144917506088,0.44604466580740976,off,off
2011-11-10,0.5696936651809255,1.0484216275931293,-0.03053241924483317,-0.3121741387275182,0.3188521837004259,0.2195176088613543,off,off
2011-11-11,0.3233263476367648,0.9021794570877967,-0.030519254967809963,-0.4852250525616007,0.17744037429878773,-0.07898394115456614,neutral,off
2011-11-14,0.42003636372672126,0.9664136506139932,-0.04728030134956591,-0.3315138863882947,0.2519139566507134,0.06959476894658087,neutral,off
2011-11-15,0.4278241900222323,0.9818093954810989,-0.17311894359652072,-0.2521145371816265,0.246100026181296,0.05881125942527801,neutral,off
2011-11-16,0.631215439031928,1.0451080778510582,-0.2429905341180723,-0.18263028188267832,0.3126756752205589,0.21734312284543592,off,off
2011-11-17,0.7197517559802031,1.0147016709455645,-0.08612963858835797,-0.15032938441076135,0.3744986009816621,0.3447734782150549,off,off
2011-11-18,0.49603510576429477,1.0361477234523884,-0.1392992852209252,-0.2172117526047583,0.2939179478477499,0.1573086779073749,off,off
2011-11-21,0.5767438545657684,1.1051061636975796,-0.20367280633851462,-0.14765740726149504,0.33262995116583455,0.24020210331271918,off,off
2011-11-22,0.49274735133571246,1.1527575206460217,-0.31287984448779993,-0.16496405511893786,0.29191524309374917,0.1510542932796612,off,off
2011-11-23,0.6714365983818711,1.275656477129634,-0.2818942065691615,0.026276115140214634,0.42286874602063956,0.41662497171466073,off,off
2011-11-25,0.7146475575193441,1.2366613133968865,-0.349074018296594,0.1777742787285496,0.4450022828370465,0.46090823636168265,off,off
2011-11-28,0.5057712461515935,1.0281493265979544,-0.33487884979618077,0.09818350573063674,0.324306307171001,0.20440535267395554,off,off
2011-11-29,0.37271812894218626,0.9422652085363085,-0.32630001357810384,0.02605077051976622,0.25368352360503926,0.05154397402361106,neutral,off
2011-11-30,0.11931417277625693,0.8201241151215404,-0.421605759566409,-0.12566335234376552,0.09804229399690569,-0.27428625006412866,neutral,off
2011-12-01,0.0844719207476226,0.8273439246271497,-0.3905001315063604,-0.14302444605539513,0.09457281695325417,-0.2870877224541662,neutral,off
2011-12-02,0.0942526668878698,0.8545002191814444,-0.4521178627919221,-0.06580400190450476,0.10770775534322183,-0.26353505024564877,neutral,off
2011-12-05,0.12278258888119906,0.8715372782576059,-0.5811525500718983,-0.07075521522984532,0.08560302545926535,-0.29701932479693244,neutral,off
2011-12-06,0.14863217868561868,0.7739451239853969,-0.6089283938313753,-0.09563588670123084,0.05450325553460235,-0.34544272175104734,neutral,off
2011-12-07,0.19681940297393177,0.8667587489879387,-0.5720256806448981,-0.10307111764801957,0.09712033841723822,-0.25908194104975135,neutral,off
2011-12-08,0.36835313404042225,0.8970505493733392,-0.5520174031743974,-0.020751568099056174,0.17315867803507695,-0.09052431313625145,neutral,off
2011-12-09,-0.008294476251737825,0.7736054508025644,-0.41385317875549266,-0.06564032549609328,0.07145436757481015,-0.34777748769316785,neutral,off
2011-12-12,-0.07181160986933141,0.8272204745652124,-0.5290414829711028,0.16895049457128566,0.09882946907401596,-0.3176257044247046,neutral,off
2011-12-13,-0.09505182977443893,0.8974214785778534,-0.6835698753204477,0.3386175617760685,0.11435433381475882,-0.2974362384109488,neutral,off
2011-12-14,-0.03860056603074846,0.9302593835254175,-0.6437331290049202,0.4083706037161842,0.16407407305148325,-0.19889167101007277,neutral,off
2011-12-15,-0.12189221492112433,0.9103009543318558,-0.7700542794803679,0.3357335862083474,0.08852201153467774,-0.34890390604254773,neutral,off
2011-12-16,-0.19532327697434457,0.9183347938613481,-0.7075840812196922,0.3380752396697276,0.08837566883425972,-0.36408497190072253,neutral,off
2011-12-19,-0.13875830687589413,0.9644195193672169,-0.7578358237041609,0.3379163726830925,0.10143544036756358,-0.32914765894167664,neutral,off
2011-12-20,-0.29116297596031654,0.8350866606999559,-0.6249172335870748,0.2452290119052427,0.04105886576445181,-0.46429394613320507,neutral,off
2011-12-21,-0.45160931340062904,0.7644460301838601,-0.6386431895094743,0.28014466263383914,-0.011415452523101013,-0.5916905931319077,neutral,neutral
2011-12-22,-0.4756078963792408,0.7777432385510081,-0.6833681118212706,0.25499026467987734,-0.031560626242406464,-0.6318523197457002,neutral,neutral
2011-12-23,-0.5139581448470636,0.700563656001196,-0.5701575917916114,0.2774109516916965,-0.026535282236445634,-0.6314398431205452,neutral,neutral
2011-12-27,-0.40773526278863514,0.7238161492340384,-0.5529152508159914,0.22218048332392765,-0.003663470261665122,-0.5675211398206111,neutral,off
2011-12-28,-0.26290794624455416,0.7888041704950175,-0.544147360768559,0.3974773050411662,0.09480654213076764,-0.36415017378519166,neutral,off
2011-12-29,-0.3409758498886417,0.7237415985583948,-0.5720765221109827,0.39477935796176006,0.051367146130132615,-0.45772738685159364,neutral,off
2011-12-30,-0.2733901210694209,0.7598925195043196,-0.656449926420096,0.3168594762175492,0.036727987058087955,-0.46799382191911804,neutral,off
2012-01-03,-0.3119403535114973,0.7191715314108942,-0.6673508192420378,0.17623879930909292,-0.02097021050838699,-0.5752210361591996,neutral,neutral
2012-01-04,-0.3792731528522261,0.743344135223019,-0.7177796772199628,0.2966189719039584,-0.014272430736302882,-0.5801273135801824,neutral,neutral
2012-01-05,-0.44568781351890796,0.7433306835963835,-0.7455691892005362,0.5098476527770833,0.015480333413505687,-0.544074626106109,neutral,off
2012-01-06,-0.5219796516320212,0.8126969334469193,-0.9201951728925494,0.5848932579325864,-0.011146158286266222,-0.60916306655135,neutral,neutral
2012-01-09,-0.4820836560024105,0.7838894110527823,-1.0070213806240955,0.5368553184142959,-0.042090076789856934,-0.655162045376944,neutral,neutral
2012-01-10,-0.5160634637002725,0.7767773312270522,-0.9609989417553033,0.4737650540693105,-0.05663000503980327,-0.6862790688821785,neutral,neutral
2012-01-11,-0.4833553565294955,0.7845387181939111,-1.0167015120432343,0.6117244944218464,-0.025948413989243108,-0.6286607014111079,neutral,neutral
2012-01-12,-0.5353812125505025,0.8200150525117857,-1.046897120917983,0.46559479230225476,-0.07416712216361124,-0.7192383400804596,neutral,neutral
2012-01-13,-0.495427154602383,0.8660060668197109,-0.9866959415129986,0.631299016834634,0.0037954968847408455,-0.5763957858867265,neutral,neutral
2012-01-17,-0.3788251915862731,0.8755487173403175,-1.087520757873533,0.5680652560476497,-0.005682994017959769,-0.5679039980057257,neutral,off
2012-01-18,-0.49683689723916163,0.827458638846315,-1.1034704969402978,0.42183975299442,-0.08775225058468111,-0.7344688719115816,neutral,neutral
2012-01-19,-0.5886240653243577,0.8098897309584049,-0.9613190105589994,0.32347311933623396,-0.10414505639717957,-0.7794119031643795,neutral,neutral
2012-01-20,-0.7317897150312624,0.7841598363252273,-0.8306600268584844,0.3258435794780841,-0.11311158152160884,-0.822005062743858,neutral,neutral
2012-01-23,-0.6961240914439291,0.7343301993937739,-0.7961831980409055,0.19218568682346338,-0.14144785081689934,-0.8613693357162764,neutral,neutral
2012-01-24,-0.6740290284524936,0.7441615171996716,-0.9142865878152254,0.23494476045480667,-0.15230233465331017,-0.8778013408921822,neutral,neutral
2012-01-25,-0.7278032602754283,0.6902829797881458,-1.0519768216172742,0.1617295033288768,-0.23194189969391998,-1.0293017069794783,on,neutral
2012-01-26,-0.7038616327777015,0.7438097133537904,-1.0736491508745074,0.12130673686350904,-0.22809858335872735,-1.0162587974375124,on,neutral
2012-01-27,-0.7070406109979914,0.794127747502657,-1.0868111580611568,-0.007431861517944682,-0.25178897076860896,-1.051252983896122,on,neutral
2012-01-30,-0.6279904893149124,0.8125249965573538,-1.1705112862811753,0.05820445745913794,-0.231943080394899,-1.0019275104288272,on,neutral
2012-01-31,-0.6240141568902287,0.8158640871579876,-1.177833804132478,0.08848350413779414,-0.22437509243173123,-0.9885591106172681,on,neutral
2012-02-01,-0.7041181506867101,0.8584493669081236,-1.159748011817586,-0.002503964842046726,-0.2519801901095548,-1.0512586046320405,on,neutral
2012-02-02,-0.7552210029686147,0.871649055549956,-1.2291488905071113,0.010135118934349081,-0.27564642974785525,-1.1045784420596059,on,neutral
2012-02-03,-0.8343024093090843,0.8281827596752449,-1.044538353081439,0.002545765842566639,-0.2620280592181779,-1.0914867076504224,on,neutral
2012-02-06,-0.7740381805269226,0.8509313139090183,-1.1677560426860745,0.04048626428292843,-0.2625941612552626,-1.0818962965901706,on,neutral
2012-02-07,-0.7834795699360828,0.8119725789336545,-0.9691778948973638,-0.09111939118152154,-0.2579510692703284,-1.070444483103975,on,neutral
2012-02-08,-0.7368234633109324,0.8129171216151323,-0.9768715971340018,-0.07336066066986026,-0.24353464987491555,-1.0357412861933448,on,neutral
2012-02-09,-0.6938272037280785,0.7763457800249923,-0.8575726429505368,-0.0935919290326447,-0.21716149892156691,-0.9786853722682362,on,neutral
2012-02-10,-0.4978684049963168,0.8529885860611567,-0.9275208859259406,0.04579949409897059,-0.13165030269053254,-0.7861621542285544,neutral,neutral
2012-02-13,-0.6560898208232049,0.8579625117469102,-0.9804343090815043,0.0026910332955908133,-0.19396764621555204,-0.9288025334681594,neutral,neutral
2012-02-14,-0.6104206480799413,0.864990514990916,-0.974004653923335,0.16497638243129462,-0.13861460114526644,-0.825904895485529,neutral,neutral
2012-02-15,-0.465107573482915,0.8824947334964927,-1.040953229412643,0.18773630404480696,-0.10895744133856457,-0.7441865476758948,neutral,neutral
2012-02-16,-0.6388942834738077,0.8232489798911682,-0.941304168010464,0.1039124019396133,-0.16325926741337257,-0.8736046015004932,neutral,neutral
2012-02-17,-0.7690419385598282,0.8105763393201146,-0.9010663115788571,0.10133222223302232,-0.18954992214638708,-0.9434267459080572,neutral,neutral
2012-02-21,-0.7313798091046793,0.756344651481735,-0.9624979960045944,0.02763582734826816,-0.2274743315698176,-1.0012867679436739,on,neutral
2012-02-22,-0.7309228907893636,0.7859281665967482,-0.9532759679296581,0.07081859463010266,-0.2068630243730427,-0.9657869455561586,neutral,neutral
2012-02-23,-0.8564979400084055,0.7630594525574804,-0.9694714713346118,-0.0308862486746303,-0.27344905186504176,-1.1071883570694834,on,neutral
2012-02-24,-0.8096514419092484,0.7397265111615963,-1.0223333753142891,-0.14784680790637256,-0.3100262784920785,-1.1592149650259562,on,neutral
2012-02-27,-0.7292939771945949,0.7738309952943431,-1.08638946900778,-0.09436392987247628,-0.28405409519512703,-1.0938950572698396,on,neutral
2012-02-28,-0.7497061669242471,0.7852339897585793,-1.1108215429557433,-0.16812800166247346,-0.3108554304459712,-1.1435547805957849,on,neutral
2012-02-29,-0.7065849265526265,0.781045972505145,-1.053389945549823,-0.05094334555827683,-0.2574680612888953,-1.0430284185048369,on,neutral
2012-03-01,-0.8123340008821334,0.7639486124158977,-1.0101669183582318,-0.038188834847893385,-0.2741852854180902,-1.0948460021781221,on,neutral
2012-03-02,-0.8090656648564872,0.8082615198109674,-1.0488423793370583,0.11980496380736776,-0.2324603901438026,-1.025462933807979,on,neutral
2012-03-05,-0.7395364872421528,0.845484902929356,-1.0761635187639267,0.09936320926638993,-0.2177129734525834,-0.9800471247620987,on,neutral
2012-03-06,-0.48297720243553216,0.9618312654139791,-1.0526571785450138,0.23702224027013327,-0.08419521882410838,-0.6934378560296937,neutral,neutral
2012-03-07,-0.6462652795450322,0.9295542936150234,-1.071507642178293,0.19865718230990348,-0.14739036144959958,-0.838790588870414,neutral,neutral
2012-03-08,-0.747650376511431,0.8540172082365096,-1.0282670841775468,0.058215565258645095,-0.21592117179845574,-0.9766788696392232,on,neutral
2012-03-09,-0.8234981117320568,0.8373839349862613,-1.1233132758240885,0.28285292444181265,-0.20664363203201783,-0.9846092444753032,neutral,neutral
2012-03-12,-0.9564862474201826,0.8171921743839913,-1.2153348252450797,0.23931554470894126,-0.27882833839308246,-1.1371803784012475,on,neutral
2012-03-13,-1.0320451158900217,0.7166379786443009,-1.1041794694647236,0.3209657573236033,-0.27465521234671025,-1.1473241695936485,on,neutral
2012-03-14,-0.9848683722551568,0.6208416093566866,-0.6546989340805046,0.41537570786146927,-0.1508374972793764,-0.915898361238347,neutral,neutral
2012-03-15,-0.9740975068433882,0.6329158605025018,-0.8321201813843232,0.3103700807794287,-0.21573293673644522,-1.0272022091936357,neutral,neutral
2012-03-16,-1.0596185126207178,0.6843847226290137,-0.7892220830373257,0.21560568263091826,-0.23721254759952787,-1.0794536326877375,on,neutral
2012-03-19,-1.0069509815285036,0.6319155611122643,-0.5797883679136712,0.13108117690627571,-0.20593565285590867,-1.0036864790529716,neutral,neutral
2012-03-20,-0.9570914991595509,0.6331725471992121,-0.5512327248260748,0.16686240218569554,-0.17707231865017953,-0.9428930920893837,neutral,neutral
2012-03-21,-0.9972312010127867,0.7110030818611733,-0.6583005416816146,0.17703639086873801,-0.19187306749112248,-0.9791941203223158,neutral,neutral
2012-03-22,-0.9564693401332273,0.669373593631182,-0.7257327805504643,0.20514089217503348,-0.201921908719369,-0.9902842153834147,neutral,neutral
2012-03-23,-1.0238610493620492,0.6980809611851122,-0.7507213005945543,0.1025509172811299,-0.24348761787259038,-1.074832940602264,on,neutral
2012-03-26,-1.0738808965736417,0.6584367720062314,-0.7672089554870912,-0.002600529477205765,-0.2963134023829268,-1.1714007520293306,on,neutral
2012-03-27,-0.952167520677508,0.7181540093536258,-0.9052041371479587,0.02561260080098907,-0.2784012619177129,-1.1164896661480017,on,neutral
2012-03-28,-0.9623436103324445,0.7317470177524921,-0.9977941121093854,0.05639199395868438,-0.2929996776826634,-1.1468100193198336,on,neutral
2012-03-29,-0.9606964575564921,0.752352861955332,-1.0591541723040527,0.06150210943538501,-0.301498914617457,-1.1624603251674965,on,neutral
2012-03-30,-0.9581439294829397,0.7475029319791662,-0.9622041202232042,-0.0027171913146785617,-0.29389057726041407,-1.1448528951189676,on,neutral
2012-04-02,-0.9446942802134967,0.7815479959094993,-1.0462250900969887,-0.030973250618164586,-0.3100861562547877,-1.1661083518140123,on,neutral
2012-04-03,-0.9421664004810434,0.6937942048002578,-0.7995186288727373,0.13864848974169913,-0.22731058370295598,-1.0220807817467703,on,neutral
2012-04-04,-0.8705870926590668,0.7496114862837656,-0.790517471910184,0.2105730842227259,-0.1752299985156898,-0.9170952747723843,neutral,neutral
2012-04-05,-0.8463505979468574,0.7902885875952137,-0.8154526935501332,0.29020573277207135,-0.14532724278242637,-0.8622681515337551,neutral,neutral
2012-04-09,-0.6539556470290875,0.9056218802033894,-1.0269328292305222,0.20261435320435606,-0.14316306071296606,-0.8168143477515222,neutral,neutral
2012-04-10,-0.5098774729095101,0.9477415601544837,-1.0571833000383908,0.2437071905375259,-0.09390300556397282,-0.6974661715038412,neutral,neutral
2012-04-11,-0.5432886466202853,0.8768840802364198,-1.0223850738130296,0.21528481335949493,-0.11837620670935003,-0.7464006602466441,neutral,neutral
2012-04-12,-0.7996138818186637,0.7918209202388397,-1.1006788113117723,0.08641535196565779,-0.2555141052314846,-1.0403268599207174,on,neutral
2012-04-13,-0.5852352356775501,0.8707501019802381,-1.1251427337208681,0.24097694138267203,-0.14966273150887704,-0.8132542743661958,neutral,neutral
2012-04-16,-0.5849248128683184,0.8546860497431872,-1.115661008521526,0.1558190657962827,-0.17252017646259363,-0.8502353052190357,neutral,neutral
2012-04-17,-0.6838708662637591,0.8239212394950467,-1.0864256872506861,0.13512688803347342,-0.2028121064964813,-0.9206203962528452,neutral,neutral
2012-04-18,-0.6670815900962412,0.8249679901424254,-1.1250334602004048,0.15054954726969158,-0.20414937822113227,-0.9205843721943803,neutral,neutral
2012-04-19,-0.6922077985729285,0.8500303750914662,-1.1325007996558472,0.1582302949838311,-0.20411198203836958,-0.9263276926732584,neutral,neutral
2012-04-20,-0.7756201262225353,0.8314425660853805,-1.1540710146440394,0.0600660372955131,-0.25954563437142025,-1.0388092696509403,on,neutral
2012-04-23,-0.6357136994128401,0.853561718248928,-1.1671272560693757,0.12202503265602128,-0.20681355114431663,-0.9180721316009154,neutral,neutral
2012-04-24,-0.714662034281501,0.8117715629925196,-1.1378160977412306,0.07030438443774557,-0.2426005461481166,-0.9923145815400416,on,neutral
2012-04-25,-0.8309111019433991,0.7555999270225184,-1.1734810918912646,0.01599872487937056,-0.30819838548319367,-1.1317877307247475,on,neutral
2012-04-26,-0.8832251780258084,0.7649198925648952,-1.3247304214124764,-0.009864137500946743,-0.3632249610935841,-1.2418632522438935,on,neutral
2012-04-27,-0.8753162515165538,0.7834849483416133,-1.3543144097889683,-0.0641829246685962,-0.37758215940812623,-1.2638536402868197,on,neutral
2012-04-30,-0.799041165702481,0.7571446605610689,-1.3866307093672832,-0.04086715889520663,-0.3673485933509754,-1.2307981850870413,on,neutral
2012-05-01,-0.8486789483334868,0.7525127115311377,-1.2695161769303498,-0.022730021733397915,-0.3471031088665242,-1.2000463740494913,on,neutral
2012-05-02,-0.8225740590432176,0.7462723485715858,-1.3217485684395531,0.04720148075441707,-0.33771219953919196,-1.1816499720030573,on,neutral
2012-05-03,-0.760011693523592,0.7584920739323904,-1.3710185547139195,0.07050088001922443,-0.32550932357147416,-1.1484299666858968,on,neutral
2012-05-04,-0.6135562175014933,0.7890847923062361,-1.5242562461673286,0.13526698138921128,-0.3033651724933436,-1.0831328004100917,on,neutral
2012-05-07,-0.6333065565969116,0.789253605856573,-1.5532093520382366,0.16891773436152582,-0.3070861421042623,-1.095900854197042,on,neutral
2012-05-08,-0.6229180071974169,0.8157954820661877,-1.523039439032966,0.20256883475183776,-0.28189828235308934,-1.0469921817734364,on,neutral
2012-05-09,-0.5285186480194133,0.8333452148949135,-1.4929776875994407,0.2932955380316326,-0.22371389567307698,-0.9270320993934631,neutral,neutral
2012-05-10,-0.6424391122540193,0.8232678754706928,-1.521986500747223,0.30095734899525967,-0.26005009713382243,-1.016799109036282,on,neutral
2012-05-11,-0.5452367419866335,0.8273614134058364,-1.4105583244939137,0.34496575249840933,-0.19586697514407542,-0.8819872794171213,neutral,neutral
2012-05-14,-0.3639747270225701,0.9030133971520778,-1.16187533079416,0.4279204069596152,-0.04872906342625927,-0.5813787971959029,neutral,off
2012-05-15,-0.35466983855257506,0.9380633760816808,-1.2338136835151647,0.5887705314298318,-0.015412403639056799,-0.5270687048363158,neutral,off
2012-05-16,-0.3270709208716987,1.0392193418822837,-1.2522523599348394,0.6274307563268581,0.021831704350650932,-0.457529623825251,neutral,off
2012-05-17,-0.12376047634664115,1.1013361218980509,-1.1499723987433992,0.6296883898875776,0.11432290917389704,-0.24806034781945602,neutral,off
2012-05-18,-0.06786147819111941,1.0625852701618472,-1.1489369104076432,0.605957017451804,0.11293597475372213,-0.23727662399738597,neutral,off
2012-05-21,-0.3508447408323268,0.9715840123314018,-1.1899942804823407,0.5510400355842161,-0.0045537433497624125,-0.5045081745930197,neutral,off
2012-05-22,-0.3076336713448873,0.9455312320904351,-1.1411862489245153,0.7041810479456797,0.05022308994167807,-0.4032306588320913,neutral,off
2012-05-23,-0.3212504871847497,0.9787209855751453,-1.058803601555681,0.8129858407675811,0.10291318440057393,-0.3161774179658442,neutral,off
2012-05-24,-0.39353747142871315,0.9774579558424132,-1.0747705678122699,0.8644703082679454,0.09340505621734388,-0.3512913103982544,neutral,off
2012-05-25,-0.3731870742987908,1.032332835091217,-1.127179358003564,0.8924904717741281,0.10611421864074758,-0.3269219004138026,neutral,off
2012-05-29,-0.439987739517264,0.9384789842461763,-1.1907001669569282,0.9022735375509486,0.05251615383073319,-0.43777984153801025,neutral,off
2012-05-30,-0.15438466094581654,0.9905188978912483,-1.0746069415094461,1.049851239322071,0.2028446336895141,-0.11405647745970493,neutral,off
2012-05-31,-0.16166862133150411,1.1616955360020693,-1.034446575756111,1.0567992405547488,0.25559489486730075,-0.022154213764182806,off,off
2012-06-01,0.07719814002618614,1.3291444002657866,-0.8596824926512838,1.016943759601999,0.39090095181067197,0.2741712918498239,off,off
2012-06-04,0.02755150378060912,1.2477111279379516,-0.6935109236490371,0.9277509334022026,0.3773756603679316,0.2474366214015113,off,off
2012-06-05,-0.10482145640911737,1.1652178071551675,-0.7464597442732286,0.9920909984333026,0.32650690122653103,0.12488377089124539,off,off
2012-06-06,-0.3364897502471335,1.0328971019593596,-0.658961489575691,0.8665175263131915,0.22599084711243161,-0.09531625429303142,off,off
2012-06-07,-0.37681345301357566,1.0157591796009364,-0.8158783558394593,0.7957059335443865,0.15469332607307199,-0.2303220242389526,neutral,off
2012-06-08,-0.42172767724425714,1.0135750703149404,-0.7058130592070672,0.9148696261129073,0.20022598999413088,-0.1625206770288682,neutral,off
2012-06-11,-0.20709889974659312,1.0750082348498784,-0.691359446193775,0.9142254536563431,0.2726938356414633,0.012313966861999204,off,off
2012-06-12,-0.34235941736124864,0.9771944609419471,-0.6347604763340079,0.8875685236002199,0.2219107727117276,-0.10410795598180955,off,off
2012-06-13,-0.14142842796171928,1.0404235622809357,-0.6119300482929868,0.7932898646280275,0.2700887376635643,0.029489121374025984,off,off
2012-06-14,-0.38000686465683997,0.9551277762065709,-0.5497437959801768,0.7537550595495001,0.19478304377976355,-0.15198663201761775,neutral,off
2012-06-15,-0.4323701716409073,0.9772155937543895,-0.4397600132870909,0.6725974402277182,0.19442071226352736,-0.1578809979662538,neutral,off
2012-06-18,-0.6893265794421242,0.9689960603481684,-0.7124841386753611,0.7633625275544169,0.08263696744627502,-0.4213573047332034,neutral,off
2012-06-19,-0.6834082829767281,0.8897616055024379,-0.7402100281159455,0.6144487657084052,0.020148015029542388,-0.52421996692504,neutral,off
2012-06-20,-0.7881148885681687,0.8549135625001799,-0.9367171551182424,0.6453883281039593,-0.056132538270567967,-0.6865423127658785,neutral,neutral
2012-06-21,-0.52575833037659,0.9508544937341856,-0.9782412967955012,0.8612850494880537,0.07703497901253703,-0.40531114603667884,neutral,off
2012-06-22,-0.707213577633097,0.875585826945652,-1.008452924319292,0.8346626183354598,-0.0013545141678192596,-0.582561666943229,neutral,off
2012-06-25,-0.4973836785616896,0.9157056542662977,-1.0723652253292328,0.8966526479185264,0.06065234957347543,-0.43179189350134595,neutral,off
2012-06-26,-0.558061932252998,0.9393906724059989,-1.1192914136284362,0.8725894172448715,0.033656685942359044,-0.4926803756787338,neutral,off
2012-06-27,-0.5827085856671331,0.8930905841424225,-1.1436362574520733,0.9215117888227488,0.0220643824614912,-0.5207636115002753,neutral,off
2012-06-28,-0.5584048426454534,0.9087065794519635,-1.1426346608506406,0.9495268302220441,0.039298476544478406,-0.486355519005835,neutral,off
2012-06-29,-0.8009967967745396,0.811630830893473,-1.0573070981386619,0.6830001218170595,-0.09091823555066722,-0.7544493277579738,neutral,neutral
2012-07-02,-0.826353159222713,0.876376659870382,-1.1014341421670428,0.7399820142932388,-0.07785715680653374,-0.7407521982187832,neutral,neutral
2012-07-03,-0.8387550130710105,0.8482435928926666,-1.078025670541502,0.7160780194984181,-0.08811476780535696,-0.759839379367645,neutral,neutral
2012-07-05,-0.7606303359975548,0.8718190212381044,-1.108059102325236,0.9842503493339937,-0.003155016937673172,-0.6056228532216295,neutral,neutral
2012-07-06,-0.7971284738020309,0.9093365478568622,-1.233561413997505,1.108632604311891,-0.003180183907695644,-0.622837795402473,neutral,neutral
2012-07-09,-0.7153268784805922,0.9121191162096728,-1.3278676191281902,1.0738212793509885,-0.0143135255120303,-0.6252463409009302,neutral,neutral
2012-07-10,-0.6465240219111309,0.9523343251098166,-1.3292899304107155,1.125064438178134,0.02539620274152604,-0.5427020597711483,neutral,off
2012-07-11,-0.7173611685316504,0.9368312423006699,-1.3138712075620027,1.178812461345633,0.02110283188816242,-0.5679619949275135,neutral,off
2012-07-12,-0.6818168455784634,1.0071805399585234,-1.3237435593498654,1.1985880145061851,0.050052037384094916,-0.511280181608611,neutral,off
2012-07-13,-0.828467953493069,0.9795652980397287,-1.3251763997996973,1.1063340024453967,-0.016936263201910218,-0.6570168347444534,neutral,neutral
2012-07-16,-0.7937274697506097,1.0434028897714216,-1.3378214734502125,1.0507078888911572,-0.009359541134560834,-0.6337066398324497,neutral,neutral
2012-07-17,-0.8515051710549267,0.9964505877746903,-1.2971740133070857,1.0342482841659717,-0.029495078105337635,-0.6799366823250481,neutral,neutral
2012-07-18,-0.8805483422765736,1.0087775960199648,-1.3603203825722772,1.0126045179555951,-0.05487165271832273,-0.7316612346110493,neutral,neutral
2012-07-19,-0.9456250053899061,1.0005235727933623,-1.3784724422259518,0.998810850829675,-0.0811907559982051,-0.7929625985290025,neutral,neutral
2012-07-20,-0.8691119315450909,1.05282607322397,-1.3741726701835266,1.1465205097416216,-0.010984504690756514,-0.6599684367579901,neutral,neutral
2012-07-23,-0.6511113985471341,1.0364951515683716,-1.3642871706389035,1.2080100573466008,0.057276659932233714,-0.49442828632478564,neutral,off
2012-07-24,-0.4795097144456907,1.1107303151268741,-1.3264439444948746,1.2849759974660562,0.14743816341309127,-0.3007521402754146,neutral,off
2012-07-25,-0.5839276939358701,1.1484115802376318,-1.31947810428834,1.1561937404092364,0.10029988060566455,-0.400109288203324,neutral,off
2012-07-26,-0.75125251113835,1.0637761795441654,-1.3321109888729967,0.9703790713412404,-0.012302062281485227,-0.6265588424206447,neutral,neutral
2012-07-27,-0.827673960710079,0.9593404115462112,-1.1321380593233672,0.9436394025940736,-0.014208051473290323,-0.6394203702868859,neutral,neutral
2012-07-30,-0.7039708685738661,0.9838561961674405,-1.1675391866617828,0.9638030731339992,0.019037303516447668,-0.5556185854768585,neutral,off
2012-07-31,-0.6201918551781735,1.0564454811376647,-1.1273508219391828,0.9240513553067126,0.058238539831755226,-0.46492660380428547,neutral,off
2012-08-01,-0.6170911953406105,1.0148643656281764,-1.0061115916559649,1.0327703253420657,0.10610797599341668,-0.38208924120297183,neutral,off
2012-08-02,-0.7456143716177556,1.0598709041932735,-1.136828644374092,1.102261793109122,0.06992242032763699,-0.4819412042318473,neutral,off
2012-08-03,-0.9240591897711012,0.995210125615218,-1.0659389138918072,0.8540195460880303,-0.03519210798991501,-0.6909422993961564,neutral,neutral
2012-08-06,-0.8946926049541367,1.013803816548298,-1.1266182218449234,0.8248201553535269,-0.045671713724308755,-0.7031404029171847,neutral,neutral
2012-08-07,-0.8903861534420934,0.9811396817695834,-1.0082110931441657,0.8086757848137285,-0.027195445000736784,-0.665181991570797,neutral,neutral
2012-08-08,-0.9518926886193827,0.9462122091834738,-0.9710938606615638,0.8550722711882371,-0.03042551722730888,-0.6858504556231007,neutral,neutral
2012-08-09,-0.9549262613870506,0.9379097050680022,-1.0123499265718239,0.9196520020097673,-0.02742862022027623,-0.6855664200150902,neutral,neutral
2012-08-10,-1.0042966154723925,0.9736559524669007,-1.1122682040837344,0.8955760758358449,-0.061833197813345286,-0.7589473238242327,neutral,neutral
2012-08-13,-1.0999209151726546,0.9471535395970062,-1.1924230867539272,0.8663163918737982,-0.11971851761394436,-0.8829055901212862,neutral,neutral
2012-08-14,-0.9924616557452682,0.886937381955015,-1.1717872223611492,0.876178133596007,-0.1002833406388488,-0.8244883364281951,neutral,neutral
2012-08-15,-1.0121196268758876,0.887381223912025,-1.0281966824876516,0.9199051426288057,-0.0582574857056771,-0.7529420709097616,neutral,neutral
2012-08-16,-1.042867265680523,0.8206404942465128,-0.9127743018834086,0.8436976304387364,-0.0728258607196706,-0.7769601766727487,neutral,neutral
2012-08-17,-1.1198876216515978,0.8335647797495647,-0.9988427951904482,0.905718813865948,-0.09486170580663333,-0.839336365661312,neutral,neutral
2012-08-20,-1.066151580703105,0.8487330630981844,-1.1043448637002695,0.8686175152486001,-0.1132864665141475,-0.8609594995342045,neutral,neutral
2012-08-21,-0.9726615537752383,0.8432577854427655,-1.1090303453601478,0.7246560472628572,-0.12844451660744083,-0.8585028904919894,neutral,neutral
2012-08-22,-0.9636237858721257,0.9087789822475753,-1.197545647637703,0.6146993545887582,-0.1594227741683738,-0.9076446049373877,neutral,neutral
2012-08-23,-0.8841670123484509,0.9177224610281873,-1.232789696550621,0.5804690431222329,-0.15469130118716293,-0.8794343224383451,neutral,neutral
2012-08-24,-0.9558778751016934,0.8838123588081888,-1.2065073339149206,0.6402060192127612,-0.159591707748916,-0.9067809778548863,neutral,neutral
2012-08-27,-0.8467603479846678,0.9030796405504192,-1.2082097332194977,0.6581468757607554,-0.12343589122324772,-0.8198150285165285,neutral,neutral
2012-08-28,-0.8332464714907725,0.9249815078376659,-1.2629586261549146,0.5820860287943113,-0.1472843902534275,-0.8560530995660464,neutral,neutral
2012-08-29,-0.7798747693319997,0.8899072135926119,-1.2450063163436695,0.6288068285385374,-0.12654176088612998,-0.8096290080474805,neutral,neutral
2012-08-30,-0.7079984802921336,0.896900567878463,-1.157314164113332,0.6624391589483246,-0.07649322939466952,-0.7031606643834942,neutral,neutral
2012-08-31,-0.7410047720819418,0.9385552662229734,-1.1367822332608677,0.5497464105145781,-0.09737133215131452,-0.7398892462462164,neutral,neutral
2012-09-04,-0.6932639035714332,0.9376976512381932,-1.180480173804687,0.5677780216170051,-0.0920671011302305,-0.7223635201759339,neutral,neutral
2012-09-05,-0.715160676673831,0.9400691190741384,-1.1403788522092841,0.5465894996314238,-0.09222022754438824,-0.7249289591561836,neutral,neutral
2012-09-06,-0.9133634834256973,0.837869687312152,-1.069655596341914,0.5044924060042062,-0.1601642466128133,-0.8837874984506506,neutral,neutral
2012-09-07,-1.0259429750707039,0.8408831826719521,-1.1413657473060108,0.28713765017451764,-0.2598219723825612,-1.07137171392551,on,neutral
2012-09-10,-0.8488812445212013,0.855624372299528,-1.1459845594296219,0.315811368818193,-0.20585751570827554,-0.9384143016101995,on,neutral
2012-09-11,-0.8362820000025251,0.7957943670311002,-1.153384224545134,0.18478658684816432,-0.2522713176670986,-1.008946952807271,on,neutral
2012-09-12,-0.8923824897633231,0.7452459860819948,-1.0966176533866165,0.15328827827758923,-0.2726164696975889,-1.0532492791883938,on,neutral
2012-09-13,-1.0542064435810667,0.7339676474940946,-1.2212335557797824,0.027473273010702164,-0.3784997697140131,-1.2724662406386944,on,neutral
2012-09-14,-1.0107118523516088,0.6742408296628197,-1.139267323511665,-0.07999694079840458,-0.3889338217497147,-1.2669682688922994,on,neutral
2012-09-17,-1.0025439874352287,0.7169435447652719,-1.2470371379863272,-0.038016210611569325,-0.39266344781696333,-1.2784103582216593,on,neutral
2012-09-18,-1.0398565529688586,0.7431663703096578,-1.37404820782409,0.024945923803711103,-0.41144811666989495,-1.328589444965095,on,neutral
2012-09-19,-1.0669037698147832,0.7721856425718928,-1.4366517800152956,-0.02491647424525272,-0.43907159537585966,-1.3824885443721788,on,neutral
2012-09-20,-1.0484470505152956,0.8104540385009931,-1.373813725248916,0.06696144165735891,-0.3862113239014649,-1.2891843974862078,on,neutral
2012-09-21,-1.0559972577231593,0.8419851278476507,-1.3751562298419695,0.04593073480869405,-0.385809406227196,-1.2849534878973776,on,neutral
2012-09-24,-1.0394154428450852,0.8690277102151321,-1.432130979016063,0.09581945601177726,-0.3766748139085597,-1.2706439891457384,on,neutral
2012-09-25,-0.9198696795062705,0.97631533991037,-1.4277661813284566,0.10366889129707452,-0.31691290740682065,-1.1393694496230122,on,neutral
2012-09-26,-0.791175458742266,1.0517801634632542,-1.4011779316666662,0.1929994701588594,-0.23689343919670466,-0.9747042524651366,on,neutral
2012-09-27,-0.9735618352988076,0.9401461203542752,-1.3279753029294021,0.10352716137866069,-0.31446596412381844,-1.143375159414087,on,neutral
2012-09-28,-0.8902733388783068,1.0078638194609457,-1.3435962710724347,0.20607367339020055,-0.2549830292748988,-1.0246183688790762,on,neutral
2012-10-01,-0.834925831448685,1.0700543157066595,-1.3719528800813088,0.17442022174753072,-0.24060104351895092,-0.9861272008688026,on,neutral
2012-10-02,-0.8910468652019748,1.0480791276873442,-1.3427577599926916,0.15329715156743953,-0.25810708648497066,-1.0270255118480778,on,neutral
2012-10-03,-0.9164650331333458,1.029350936104552,-1.3747087250843213,0.21380305995137844,-0.2620049405404341,-1.0447962740946426,on,neutral
2012-10-04,-0.9975525116600593,0.9793142916407832,-1.3566262227115375,0.050409507732986795,-0.33111373374945674,-1.1728570636691924,on,neutral
2012-10-05,-1.0172566706904322,0.9686174029264265,-1.3385917740624327,0.04775565645351646,-0.3348688463432305,-1.17999290822027,on,neutral
2012-10-08,-0.944102638493717,1.0074187262934662,-1.3372453659304664,0.10045976987718253,-0.29336737706338367,-1.0941477787180633,on,neutral
2012-10-09,-0.8264655476380952,1.0445430439991101,-1.3664013803673554,0.2085349088712128,-0.23494724378378196,-0.9733357465745635,on,neutral
2012-10-10,-0.8333948189827639,1.0844428303207825,-1.3566771671978206,0.20054366664202591,-0.226271372304444,-0.9590707381296872,on,neutral
2012-10-11,-0.8979008422397423,1.0626528351460363,-1.3054129714185942,0.1635270922714435,-0.2442834715602142,-1.0007706827020912,on,neutral
2012-10-12,-0.8462327628367636,1.0561159453276994,-1.3041448103539937,0.13971088701063902,-0.23863768521310472,-0.9746074673763032,on,neutral
2012-10-15,-0.9265250484775677,1.041338688817514,-1.2585598709208303,0.15286147649315118,-0.24772118852193317,-1.007892826669258,on,neutral
2012-10-16,-0.9305515304473668,0.9986555595787825,-1.2075364076651034,0.055069552711024775,-0.27109070645566574,-1.0406779983332313,on,neutral
2012-10-17,-0.943862371592199,0.9568357826481427,-1.0984451366462662,-0.03744009661815671,-0.2807279555521198,-1.049460794554926,on,neutral
2012-10-18,-0.946938568427447,0.9430367968487927,-1.0892662750239661,0.05509637516386081,-0.25951791785968986,-1.0187644524274937,on,neutral
2012-10-19,-0.7576849791132596,1.0092885642693212,-1.1022632278564368,0.12647432676794085,-0.18104632898310857,-0.8402305651629972,neutral,neutral
2012-10-22,-0.7981510728163302,0.9833753530996395,-1.0653823058950125,0.12907423095413914,-0.187770948664391,-0.8597361618892307,neutral,neutral
2012-10-23,-0.5922374275324829,1.0361470114571099,-1.0894964833972414,0.21635234635379733,-0.10730863827970427,-0.6786295576119907,neutral,neutral
2012-10-24,-0.638448946165804,1.0175852561241372,-1.138492435334491,0.21362382047790268,-0.1364330762245638,-0.742094443180373,neutral,neutral
2012-10-25,-0.6576602557746029,0.9730825803656158,-0.9713971393012338,0.23207966940134692,-0.10597378632721849,-0.6868726808948393,neutral,neutral
2012-10-26,-0.6861622224548091,1.0433754367390404,-0.9734934486228359,0.23993859691744543,-0.09408540935528978,-0.6714344650069192,neutral,neutral
2012-10-31,-0.6122955613184516,1.0610811645894733,-1.0163041383038236,0.20010156614297694,-0.09185424222245625,-0.6496998041015125,neutral,off
2012-11-01,-0.7897407846494756,1.0228012987416315,-0.9997805917546991,0.23448727705193342,-0.13305820015265246,-0.7642689399343101,neutral,neutral
2012-11-02,-0.7055245916836989,1.0166474456208878,-0.9907593578604939,0.37757389077272624,-0.07551565328764466,-0.6534026511905623,neutral,off
2012-11-05,-0.6278802859108101,1.0364837940502785,-1.092257763238268,0.41985414774824303,-0.06595002683763915,-0.6261950386242928,neutral,off
2012-11-06,-0.7057852982810444,0.9738102498289515,-1.0722992832804294,0.38253927171672275,-0.10543376500394991,-0.7073348861428456,neutral,neutral
2012-11-07,-0.5657069466542507,1.0512561077832638,-1.3040133294225147,0.4221882803770804,-0.09906897197910529,-0.6774564113852121,neutral,neutral
2012-11-08,-0.6204080745577882,1.0726241044717624,-1.3525611961199973,0.42997442037157596,-0.11759268645861179,-0.7254846223823221,neutral,neutral
2012-11-09,-0.6089215689470212,1.0648762704798338,-1.3512039512195333,0.49351375991148294,-0.10043387244380944,-0.6970691825256001,neutral,neutral
2012-11-12,-0.7884834766385367,1.0624859595386718,-1.3498507848508612,0.49595243470846334,-0.14497396681056568,-0.8168182193644611,neutral,neutral
2012-11-13,-0.7908262061053277,1.0878976440362866,-1.3982490512901133,0.5063591734473011,-0.14870460997796334,-0.8257619303570501,neutral,neutral
2012-11-14,-0.6719930959518291,1.1596780560549513,-1.4094946025311836,0.5008187617905049,-0.10524772015938913,-0.7228953028144058,neutral,neutral
2012-11-15,-0.665121374289627,1.144044660856399,-1.4422476017625492,0.5059138106718413,-0.11435262613098399,-0.7389326869658374,neutral,neutral
2012-11-16,-0.8121118962899153,1.118763082789978,-1.4577908536484767,0.553540003817922,-0.149399915832623,-0.838291719819105,neutral,neutral
2012-11-19,-0.9207239093703101,1.0265520782662956,-1.4639072407003817,0.4495795697987472,-0.22712487550141225,-0.9915996519431391,on,neutral
2012-11-20,-0.9350404969595986,0.9944178674777667,-1.4898609544742514,0.4733275618402983,-0.23928900552894622,-1.0176170069554944,on,neutral
2012-11-21,-0.9129778217874642,1.0040936231563176,-1.4826566326019595,0.4651414903637567,-0.23159983521733735,-0.9981911307019647,on,neutral
2012-11-23,-0.9282390749842806,0.9746175414510999,-1.4809857878687958,0.26798050604670487,-0.29165670383881787,-1.0922021985217174,on,neutral
2012-11-26,-0.8940606139024486,0.9878411773244082,-1.4793205803271996,0.2838548766828811,-0.2754212850555897,-1.0570335582920611,on,neutral
2012-11-27,-0.8543240826907154,0.9832532368391265,-1.5382223495252374,0.323700060634134,-0.27139828368567304,-1.0463298520174469,on,neutral
2012-11-28,-0.8920456126060576,0.9788662214869971,-1.5198941910162538,0.3075868838444738,-0.2813716745727102,-1.0685080159297211,on,neutral
2012-11-29,-0.9334546971071175,0.9421682334815217,-1.5346267478974938,0.2701554636244712,-0.3139394369746546,-1.1326898020039,on,neutral
2012-11-30,-0.85728529188958,0.9259834205930814,-1.5300703853289765,0.25672416609899906,-0.30116202263161906,-1.0911320279073473,on,neutral
2012-12-03,-0.7849221345116743,0.908177760735991,-1.549705867984423,0.1846159204077387,-0.31045858033809187,-1.0859084839907511,on,neutral
2012-12-04,-0.739682651550608,0.9164574734130025,-1.5291850593450225,0.12051622453838134,-0.30797350323606165,-1.0653540575012377,on,neutral
2012-12-05,-0.8008830292373194,0.9201465024843788,-1.5109273350683063,0.15516953677530881,-0.30912358126148454,-1.0807226898628175,on,neutral
2012-12-06,-0.7892213276194011,0.9000349269840988,-1.4817523079981516,0.28593652886158966,-0.2712505449429661,-1.0198568556008414,on,neutral
2012-12-07,-0.8522523244307584,0.8908587941050198,-1.4800955555815543,0.3285561080912171,-0.2782332444540189,-1.0498290462789517,on,neutral
2012-12-10,-0.8377341444684773,0.8907306445810036,-1.5072307877601028,0.3043873905685267,-0.28746172426976246,-1.0621183049578153,on,neutral
2012-12-11,-0.8820506940793088,0.8442008791852658,-1.5233189462953345,0.23211780849973776,-0.33226273817241,-1.1456513546085219,on,neutral
2012-12-12,-0.8460219394403636,0.7837403876577839,-1.466771462284337,0.18658728722994164,-0.33561643170924377,-1.1332821636912551,on,neutral
2012-12-13,-0.7885486093674072,0.802803896370154,-1.4651586161757533,0.1972169192770356,-0.3134216024739927,-1.0819754331844127,on,neutral
2012-12-14,-0.7470029797167914,0.8171740536184164,-1.4854474407586766,0.1088657585349473,-0.3266026520805261,-1.0897582155336052,on,neutral
2012-12-17,-0.8082551817075969,0.7462116654612013,-1.3661266864681512,0.1007994305312134,-0.3318426930458333,-1.1055515600668437,on,neutral
2012-12-18,-0.8797245533448356,0.7155547664068013,-1.2033052335658156,0.0445466009802442,-0.33073210488090143,-1.1072246399352332,on,neutral
2012-12-19,-0.7119294613458774,0.764826100274978,-1.3445639493920543,0.01507318146321503,-0.31914853224993467,-1.0497129706692245,on,neutral
2012-12-20,-0.6825813826674577,0.7391359537068678,-1.4362266034778643,0.01774742136559476,-0.3404811527682149,-1.0848331985316984,on,neutral
2012-12-21,-0.6663406158852997,0.7847963063168457,-1.4100984389981206,0.11421532252428626,-0.29435685651057203,-1.0071033548268509,on,neutral
2012-12-24,-0.6660063944807575,0.8139761078367518,-1.4195648661415958,0.11953569638489134,-0.28801486410017757,-0.9972511735393778,on,neutral
2012-12-26,-0.5122758851272056,0.8277643145210452,-1.429005262202446,0.11413122301814597,-0.24984640244761513,-0.8947063004610667,on,neutral
2012-12-27,-0.5129872420129827,0.8389596405161142,-1.4138457075944946,0.11409112623869741,-0.24344554571316646,-0.8800691569420734,on,neutral
2012-12-28,-0.20855216293850706,0.8869777115404132,-1.3659708218863418,0.1301513320606421,-0.1393484853059484,-0.6259829434345525,neutral,off
2012-12-31,-0.6485297881162831,0.791607703150997,-1.2909214296704905,0.15426399832431503,-0.2483948790778654,-0.9163501634445392,on,neutral
2013-01-02,-0.9608440834406325,0.7204943114729647,-1.2433334697917164,0.17569205293128687,-0.3269977972070243,-1.1251555461060345,on,neutral
2013-01-03,-0.9714342744571426,0.6962636322237868,-1.1767400797837768,0.3314220596843431,-0.28012216558319736,-1.053950083053947,on,neutral
2013-01-04,-1.0390896336206867,0.6844740812093285,-1.2167027377964372,0.35010217787798437,-0.3053040280824527,-1.1144305103555188,on,neutral
2013-01-07,-1.0420857106975427,0.6922500626282861,-1.272949495677137,0.2854641285960325,-0.3343302537875903,-1.1639425613446217,on,neutral
2013-01-08,-1.057240345892318,0.7085379572117214,-1.3072512510071503,0.3095531816330301,-0.3366001145136792,-1.175514516114433,on,neutral
2013-01-09,-1.0386925462962966,0.6855958748052379,-1.3687307809004579,0.3659108104598936,-0.3389791604829057,-1.1828476128126233,on,neutral
2013-01-10,-1.0678847447447264,0.6731447908560407,-1.3155951530334102,0.14517061831514394,-0.39129112215173795,-1.2604860111049843,on,neutral
2013-01-11,-1.0792580069601123,0.6729912507918743,-1.2871089080168545,0.09667658034160133,-0.3991747709608728,-1.267740522587743,on,neutral
2013-01-14,-1.0634876588059612,0.6665232200955258,-1.378549524200695,0.07779758767918238,-0.42442909380798705,-1.3116625979075718,on,neutral
2013-01-15,-1.0599019963411709,0.6556881772024926,-1.4506838084622762,0.1558713343962116,-0.42475657330118577,-1.321608463863064,on,neutral
2013-01-16,-1.0712874266478591,0.6725009956144573,-1.446414816395596,0.16120559620527708,-0.42099891280593027,-1.3181719400967347,on,neutral
2013-01-17,-1.0564680294908722,0.6180967119223517,-1.3442142271457418,0.12072470062100217,-0.415465211023315,-1.2951659681192542,on,neutral
2013-01-18,-1.159501149354122,0.6139595240206509,-1.3714814847656824,0.2285148399055327,-0.42212706754840523,-1.337446330629463,on,neutral
2013-01-22,-1.1613734198275854,0.6072350307201054,-1.205844876587369,0.1798926834140864,-0.3950226455701906,-1.2769070141242975,on,neutral
2013-01-23,-1.157633924601338,0.6313573922136656,-1.4302562259442735,0.19331559774159945,-0.4408042901475866,-1.3703715918329726,on,on
2013-01-24,-1.1352071944526063,0.5942262116671517,-1.382564921629487,0.20134190272060118,-0.43055100042358513,-1.344504033088584,on,neutral
2013-01-25,-1.115624138408186,0.550546683393525,-1.0849229443293693,0.1472839292760265,-0.37567911751700095,-1.2217800670190575,on,neutral
2013-01-28,-1.0512083360171,0.5471729983076545,-1.152080682554146,0.1553329719492114,-0.37519576207859506,-1.2059268099709677,on,neutral
2013-01-29,-1.0747540956483608,0.5411625901301597,-1.1864981783402408,0.09585176904381897,-0.4060594787036558,-1.2623189090779467,on,neutral
2013-01-30,-0.979555575394367,0.5804363419541019,-1.076807419588466,0.02015870800835698,-0.36394198625509355,-1.1540591259074038,on,neutral
2013-01-31,-0.982639550833892,0.6193405498051634,-1.0977576218554264,0.0012302736235801348,-0.36495658731514374,-1.1568132934747126,on,neutral
2013-02-01,-1.1109706209428147,0.5815554285495236,-1.1132379513089392,-0.020402764031799133,-0.41576397693350736,-1.2744504005301176,on,neutral
2013-02-04,-0.9446871766628765,0.6580149391431799,-1.1640163005993005,0.09321296039046073,-0.3393688944321341,-1.1110387569425622,on,neutral
2013-02-05,-1.032882638170597,0.6143306730892168,-1.1168943819590487,0.07694451025092884,-0.364625459197375,-1.1712280104672785,on,neutral
2013-02-06,-1.061129982652052,0.6557484602405891,-1.1703736145651267,0.13917412377392055,-0.35914525330066727,-1.1774813415324041,on,neutral
2013-02-07,-1.0519510685750135,0.6784147195533137,-1.2481915476896006,0.2663816474584119,-0.3388365623132221,-1.1556023694691107,on,neutral
2013-02-08,-1.0960547459549406,0.697918774194163,-1.2036614222240365,0.28253397424475096,-0.32981585493501575,-1.1494003585972596,on,neutral
2013-02-11,-1.1027102077623427,0.693579329474486,-1.2433834293502157,0.29868458288391303,-0.3384574311885398,-1.1662450297417724,on,neutral
2013-02-12,-1.1299096465377159,0.6482569027572821,-1.247737153986871,0.24437448281514315,-0.37125385373804043,-1.2247924523875806,on,neutral
2013-02-13,-1.0972731994965406,0.6087946488398318,-1.1950906746724688,0.2388635925286419,-0.36117640820013386,-1.195152555950173,on,neutral
2013-02-14,-1.1263463725851925,0.6410433532896276,-1.2646563722772126,0.33911279638979047,-0.3527116487957468,-1.2006443497743053,on,neutral
2013-02-15,-1.144161081647039,0.6353904461219082,-1.2635425789621895,0.3715346000694588,-0.35019465360446533,-1.2031345415826404,on,neutral
2013-02-19,-1.1572749254075492,0.6227285273730755,-1.2814160324748942,0.34154580523657974,-0.3686041563181971,-1.2333878082794825,on,neutral
2013-02-20,-0.9349995988386615,0.6492712302209186,-1.2938273251377435,0.5096760840159356,-0.2674699024348877,-1.0197550113112666,on,neutral
2013-02-21,-0.8839545973953935,0.6542299487940652,-1.2438617803314371,0.6098852042265179,-0.21592530617656186,-0.9234791894088141,neutral,neutral
2013-02-22,-0.9815272323861869,0.6357332222355652,-1.2726061824769839,0.6150328111353582,-0.25084184537306187,-1.0096187422917786,on,neutral
2013-02-25,-0.5303936068677853,0.7267061989603764,-1.233541592548878,0.6663317855988289,-0.09272430371436452,-0.6295256049139372,neutral,off
2013-02-26,-0.7283881202749528,0.6640442424320229,-1.2866798315321195,0.7203164108907909,-0.15767682462106464,-0.7955399227913319,neutral,neutral
2013-02-27,-0.9280790698887159,0.6430438508076649,-1.2744221492230703,0.6466173326643379,-0.22821000890994586,-0.9587193277203188,neutral,neutral
2013-02-28,-0.8545795662571519,0.6504448707185627,-1.3418047446048256,0.7495314276738018,-0.19910200311740325,-0.9038201427964422,neutral,neutral
2013-03-01,-0.8681060972916067,0.6763078726222607,-1.3643595539026108,0.8387758869798878,-0.17934547289801728,-0.8824189485041567,neutral,neutral
2013-03-04,-0.9938094420636375,0.6672925009844127,-1.3928102050806237,0.813847372354818,-0.22636994345125763,-0.9939377284980316,neutral,neutral
2013-03-05,-1.0426881548279383,0.6294131693275473,-1.3210989817330878,0.7780706063291196,-0.2390758402260898,-1.0185537036623449,on,neutral
2013-03-06,-1.037283100562524,0.6058098964661488,-1.3198801193513476,0.8781866883720436,-0.2182916587689198,-0.989697787256608,neutral,neutral
2013-03-07,-1.08048817318699,0.5567918529660608,-1.2104857641543996,0.774404215348042,-0.23994446725682164,-1.020620663158846,on,neutral
2013-03-08,-1.1236238766983762,0.508156251386419,-1.274385152128983,0.942478341940652,-0.23684360887507208,-1.0441480178719407,neutral,neutral
2013-03-11,-1.2190015478217826,0.5214687509917525,-1.355168574266512,0.906556020812784,-0.28653633757093955,-1.1557347141793117,on,neutral
2013-03-12,-1.15166511951283,0.5464064123090924,-1.390897020629678,0.9087205546425633,-0.2718587932977131,-1.116568200906286,on,neutral
2013-03-13,-1.1918646263852803,0.5344646743057027,-1.3652203623249692,0.9924090137449846,-0.25755282516489053,-1.1073682563630993,on,neutral
2013-03-14,-1.240389843151288,0.49912643432213893,-1.326104242871877,0.9156577241206686,-0.28792748189508943,-1.1616761202272603,on,neutral
2013-03-15,-1.2393365113920995,0.5138950033088253,-1.3302805913892277,0.8199595306900568,-0.30894064219561135,-1.189554083820725,on,neutral
2013-03-18,-1.045960748333969,0.5365648658962825,-1.329049006755007,0.936392502965086,-0.22551309655690185,-1.0087556816932233,neutral,neutral
2013-03-19,-0.9490391536837621,0.5710061304975315,-1.3278208371339237,1.0173446463871216,-0.17212730348325822,-0.9004311050013497,neutral,neutral
2013-03-20,-1.1090594065281678,0.5067051662831085,-1.3265960667720795,0.959577157819863,-0.24234328729931895,-1.0547488249589794,on,neutral
2013-03-25,-1.0083257216307264,0.5592767894575376,-1.2749330189267407,0.9834260705316704,-0.18513897014206482,-0.9305213488361153,neutral,neutral
2013-03-26,-1.0982195106749737,0.5473508480624557,-1.3161582516589014,0.9854975737215012,-0.2203823351374796,-1.0163954221400842,neutral,neutral
2013-03-27,-1.0619348925380487,0.6006169856474359,-1.3149601745809463,1.0745392051143225,-0.17543471908930913,-0.9387710882433705,neutral,neutral
2013-03-28,-1.103193140626166,0.575834717920089,-1.2814185882895388,1.0139803976806536,-0.1986991533287405,-0.9809374441078316,neutral,neutral
2013-04-01,-1.0202273619115847,0.5640920401537105,-1.309937148468274,0.9426307474869747,-0.20586043068479334,-0.9678136915580424,neutral,neutral
2013-04-02,-1.0942182233560327,0.570647669185317,-1.31414274400252,0.9991184730505278,-0.209648706280677,-0.9984296371162598,neutral,neutral
2013-04-03,-0.9599232469660982,0.6116221271966993,-1.2617703513012806,0.9386562334016181,-0.16785380941726533,-0.8841768483215754,neutral,neutral
2013-04-04,-0.9891878657613404,0.6690632352863526,-1.287617609406455,0.9271959439110408,-0.17013657399260054,-0.8968421875816911,neutral,neutral
2013-04-05,-0.9857373728738618,0.6902207971809009,-1.343023656718842,0.8776872397590721,-0.19021324816318272,-0.9296516852075783,neutral,neutral
2013-04-08,-1.0532452013738212,0.688323554267631,-1.3390833885683826,0.9451430947921763,-0.18971548522059908,-0.9518371390521265,neutral,neutral
2013-04-09,-1.0851801472255436,0.6656636167946135,-1.3970384250934307,0.8249100751245794,-0.24791122009994535,-1.052216278343629,on,neutral
2013-04-10,-1.1291974904243538,0.6057955426074068,-1.3633961864100446,0.8842804144795452,-0.25062942993686155,-1.070426141229528,on,neutral
2013-04-11,-1.1395454753032161,0.612318699521053,-1.3970628038103448,0.8076062334302623,-0.2791708365405614,-1.1172153174412092,on,neutral
2013-04-12,-1.1554744029302617,0.6595080809835883,-1.3822587905348682,0.8234853509702889,-0.2636849403778132,-1.0950180133126124,on,neutral
2013-04-15,-0.668279506310861,0.7272227555566524,-1.4024268101874504,0.8529529527916,-0.12263265203751472,-0.7358675097311058,neutral,neutral
2013-04-16,-0.9770243199311722,0.638249668892636,-1.4117975627979542,0.6701623196654783,-0.27010247354275296,-1.0481149243825298,on,neutral
2013-04-17,-0.7383024254785414,0.6684687684909987,-1.4077175384253597,0.9174823857979517,-0.14001720240373766,-0.7893444318416539,neutral,neutral
2013-04-18,-0.6398478865352262,0.6935586732007006,-1.4251241199791096,0.8869939578862802,-0.12110484385683873,-0.7307713320163223,neutral,neutral
2013-04-19,-0.8814981399196111,0.713667339331807,-1.4237003521107137,0.9300085598988881,-0.1653806481999074,-0.8713156353723325,neutral,neutral
2013-04-22,-0.9351543579287034,0.6929770755213944,-1.441058280480884,0.9212738849193688,-0.19049041949220605,-0.9280894914180939,neutral,neutral
2013-04-23,-1.0195643081293568,0.6662390943850752,-1.4556873003870079,1.0159509387671826,-0.19826539384102676,-0.9729492688994212,neutral,neutral
2013-04-24,-1.0067400451579354,0.6518407047553283,-1.4595544884784597,0.9880630782252263,-0.2065976876639601,-0.9813482123070378,neutral,neutral
2013-04-25,-1.0051395998715278,0.617690961970297,-1.468769738283707,0.9357188906719093,-0.23012487137825713,-1.0163606407531895,neutral,neutral
2013-04-26,-1.0054094295451184,0.6650731502734839,-1.445819561691599,0.8643833774212354,-0.2304431158854995,-1.0083844110162317,neutral,neutral
2013-04-29,-0.9954068522574193,0.6462964464831716,-1.4604172141343597,0.77405597782826,-0.25886791052008684,-1.0462334573169874,on,neutral
2013-04-30,-1.012499812661728,0.5961542307944642,-1.4696214158915069,0.6592871078329485,-0.3066699724814555,-1.120841367616166,on,neutral
2013-05-01,-0.9212371325339911,0.6807744554852759,-1.4734494475775668,0.6344625361751555,-0.2698623971127816,-1.033459222525924,on,neutral
2013-05-02,-1.0047365130434092,0.6149978842574498,-1.4719185303075069,0.7894381874147515,-0.2680547429196787,-1.066440916449716,on,neutral
2013-05-03,-1.07317871078652,0.5008654140731488,-1.4703923759195556,0.7590533487189811,-0.3209130809784865,-1.1685851805996463,on,neutral
2013-05-06,-1.0901632164935755,0.49243926539403515,-1.4557768096785766,0.8185989182704752,-0.3087254606269105,-1.1569854201164995,on,neutral
2013-05-07,-1.0735108441145114,0.49209429903903573,-1.4542918383865266,0.8127034311461029,-0.30575123807897486,-1.1469356639956452,on,neutral
2013-05-08,-1.088626718715596,0.4644804053877055,-1.452811402957489,0.7032566753203651,-0.34342526024125364,-1.203389583564825,on,neutral
2013-05-09,-1.043971650759201,0.472270738929692,-1.467885635675175,0.9454639221394552,-0.27353065634130724,-1.0990140946021771,on,neutral
2013-05-10,-1.0936706359004813,0.4720489302014692,-1.2942272493167908,1.0402391546462288,-0.2189024500923935,-1.0138570137968959,neutral,neutral
2013-05-13,-1.0966207590498693,0.48762411173794284,-1.2613358198246942,1.0722232116842554,-0.19952731386309136,-0.9823969904909592,neutral,neutral
2013-05-14,-1.0752987083717276,0.4485422564756483,-1.2274441896322992,1.155905577717158,-0.1745737659528051,-0.9400490923085245,neutral,neutral
2013-05-15,-1.0708097631635103,0.4838972098559854,-1.2264417853965912,1.225822429199282,-0.14688297737620853,-0.8993436952645817,neutral,neutral
2013-05-16,-1.0457941514735851,0.5062047608489489,-1.2254418335362283,1.208488289654401,-0.1391357336266159,-0.8780472974374995,neutral,neutral
2013-05-17,-1.1029457456998562,0.4608913186020634,-1.1294670871743087,1.3463180402202062,-0.10630086851297382,-0.844034580027012,neutral,neutral
2013-05-20,-1.0489570132001194,0.4375199787165364,-1.1499743847754147,1.2172109876585757,-0.13605010790010547,-0.8683819157680345,neutral,neutral
2013-05-21,-1.0155762976451117,0.4568741761609989,-1.1677789973847739,1.2298338576328125,-0.12416181530901854,-0.8425984460260241,neutral,neutral
2013-05-22,-0.9729060060454291,0.438452353615261,-1.0174985579055724,1.3349054635130595,-0.05426168670567022,-0.7111636241477145,neutral,off
2013-05-23,-0.9489559460704715,0.47746534849951033,-0.9421182219973917,1.2113349291695972,-0.05056847259968894,-0.6794309048474574,neutral,off
2013-05-24,-0.9558386405204872,0.4901250589353609,-1.024256643568079,1.1831705476027625,-0.07669991938761073,-0.7300363233375257,neutral,off
2013-05-28,-0.9095031802339911,0.4273807026351949,-0.7460361224079259,1.3018733223145462,0.018428680576956014,-0.5451162895386784,neutral,off
2013-05-29,-0.8762874226866836,0.46513102639686665,-0.5934744306420258,1.1648299784096936,0.04004978786946273,-0.4720978097330126,neutral,off
2013-05-30,-0.9037973688834904,0.45706173958561735,-0.6946963631469126,0.9926594916910921,-0.03719312518842341,-0.6002004984460495,neutral,off
2013-05-31,-0.7379698638884584,0.5442934619393139,-0.6249179098155734,1.0926232673383076,0.06850723889339744,-0.3834424250935997,neutral,off
2013-06-03,-0.7394695886993867,0.5476381464582774,-0.6460097095008153,0.9015147311649829,0.015918394855764573,-0.45346624822766296,neutral,off
2013-06-04,-0.7400342761668239,0.506413367850564,-0.54951425191745,0.925462637159022,0.03558186923132803,-0.41425853212093056,neutral,off
2013-06-05,-0.6247234200801605,0.581579684794791,-0.5278994626081492,0.8705114893908579,0.0748670728743348,-0.3103495207997454,neutral,off
2013-06-06,-0.7057608295257359,0.5444205327569422,-0.4982711920060012,0.5843340743663601,-0.01881935360210868,-0.456026958478163,neutral,off
2013-06-07,-0.8446891931062627,0.4963173890573764,-0.5836466854073376,0.6303536264756753,-0.07541621574513713,-0.6001541638828926,neutral,off
2013-06-10,-0.8161816868595005,0.48530703470701186,-0.49780018585835456,0.6191803786638831,-0.05237361483674005,-0.5437683780678259,neutral,off
2013-06-11,-0.6633501336912458,0.5301686572878916,-0.5618121379152683,0.45824145348486217,-0.05918804020844008,-0.5036454856063591,neutral,off
2013-06-12,-0.5208805427159096,0.4858504705450887,-0.5722782587227172,0.43082313476061657,-0.04412129903323038,-0.43859041534323484,neutral,off
2013-06-13,-0.7245982504940642,0.4780789845231038,-0.5586510089701423,0.3380141383956742,-0.11678903413635713,-0.6033140445508978,neutral,off
2013-06-14,-0.6550139126987402,0.4582464238726337,-0.6628197218237181,0.35152048537221553,-0.12701668131940225,-0.6128926507321737,neutral,off
2013-06-17,-0.687463562255395,0.44387485858646736,-0.6625132537872924,0.3241289183277401,-0.14549325978211997,-0.6476056089056348,neutral,off
2013-06-18,-0.7049197558204945,0.3967436463556116,-0.5952585922090983,0.3376513246624352,-0.1414458442528865,-0.6406527984685163,neutral,off
2013-06-19,-0.7017732296942254,0.4047794248967616,-0.4369489045096157,0.5584847757399727,-0.043864483391776704,-0.48527996914554744,neutral,off
2013-06-20,-0.3409467015369721,0.36225739485031494,-0.19290649011797056,0.6700961557794586,0.12462508974370771,-0.09670711572182245,off,off
2013-06-21,-0.4897605617667583,0.34373074593363806,0.013596055844282038,0.8007317675627664,0.16707450189348205,-0.06002019121101926,off,off
2013-06-24,-0.37619891977145664,0.4058099873921532,0.20936830047115826,0.8303194647005142,0.26732470819809223,0.15328412625440005,off,off
2013-06-25,-0.5297558252882838,0.290225341034281,0.1395494192534075,0.8707932383747606,0.19270304334354132,-0.022930280206503895,off,off
2013-06-26,-0.6476323968018998,0.2826341995151714,0.008009497605740334,0.9712395149092654,0.15356270380706932,-0.14243332924023383,off,off
2013-06-27,-0.6801455379851847,0.32732068345011717,-0.16379564286229908,0.9597266694141579,0.11077654300419779,-0.237283739021955,neutral,off
2013-06-28,-0.6798278114349002,0.39297608512737103,-0.09124059172347997,1.0300587487180137,0.16299160767175114,-0.15069108272963955,off,off
2013-07-01,-0.7254537411060028,0.3851262890319546,-0.05091954800586094,0.9775564699754593,0.14657736747388755,-0.18088274144229943,off,off
2013-07-02,-0.7185364018099951,0.4511342562473837,-0.050903266188837455,1.1296835539610997,0.2028445355524127,-0.10107842710126874,off,off
2013-07-03,-0.7406979528106603,0.39577640601252706,0.1641386777433852,1.0443264976002866,0.21588590713638464,-0.0563380584794268,off,off
2013-07-05,-0.8631980205727008,0.3741936526888696,0.3952926616166722,1.3680500013213786,0.31858457376355487,0.06985931891781394,off,off
2013-07-08,-0.8730351387181953,0.31498900720422496,0.1235369906094833,1.306857633415864,0.21808712312784423,-0.11926969263830267,off,off
2013-07-09,-0.9128760100832134,0.31846370582564343,-0.09979230382902943,1.4092398948945364,0.17875882170198426,-0.2270741944707747,off,off
2013-07-10,-0.9254747760469555,0.24468702321139252,-0.11321558084000054,1.260851055983051,0.11671193057687188,-0.31964771490887195,neutral,off
2013-07-11,-0.9436876267788903,0.2362570715001085,-0.26123060219672095,0.9083902237274386,-0.015067733437016062,-0.5211607949754606,neutral,off
2013-07-12,-0.9590661456247072,0.2163717767943433,-0.23421619149709288,0.9732666281560257,-0.000910983042857777,-0.5059484247491319,neutral,off
2013-07-15,-0.963171578775239,0.23990238117463092,-0.37149647771436906,0.9862909972900071,-0.027118669506242477,-0.5648788724789445,neutral,off
2013-07-16,-0.9034872654919319,0.25053064706268574,-0.40907697501629,0.8194246111032416,-0.06065224558557361,-0.5902669109407443,neutral,off
2013-07-17,-0.9630041309218419,0.21203061813524535,-0.573282430622009,0.8953151672834386,-0.1072351940312917,-0.707174228181346,neutral,neutral
2013-07-18,-0.9633542519603209,0.11854357316144584,-0.6942954929705499,0.924788483406598,-0.15357942209070674,-0.798942170384901,neutral,neutral
2013-07-19,-1.078136457017043,0.18517310622063335,-0.7343903905904909,0.8588210443999242,-0.1921331742467441,-0.8907099064383013,neutral,neutral
2013-07-22,-1.1008437701277956,0.20148859375107042,-0.822963088141973,0.7601901978771249,-0.24053201666039328,-0.9752860577010318,on,neutral
2013-07-23,-1.065377502050558,0.21107299892147444,-0.782101107569918,0.7025377752431304,-0.23346695886396776,-0.9426631928399813,on,neutral
2013-07-24,-1.01589409115679,0.24987877734543132,-0.6172614895048761,0.7813099004437364,-0.1504917257181246,-0.7841533272702983,neutral,neutral
2013-07-25,-1.0349361268222554,0.2610303591417107,-0.5522721570731406,0.6908860008894246,-0.15882298096606517,-0.7874071563878717,neutral,neutral
2013-07-26,-1.0577033506217457,0.26758580072253074,-0.5790179546760178,0.5950546804356918,-0.19352020603488523,-0.8435540735034077,neutral,neutral
2013-07-29,-0.9941676308144173,0.2728883540808595,-0.5356075631103464,0.6057190032688341,-0.16279195914376757,-0.7723629343387136,neutral,neutral
2013-07-30,-0.9935446318374959,0.26047677133598873,-0.5326915874452054,0.6518675645856334,-0.15347297084026976,-0.7597209591122908,neutral,neutral
2013-07-31,-0.9872958901610562,0.22986953942494126,-0.5513705616976416,0.5478113782636883,-0.19024638354251708,-0.80981257833205,neutral,neutral
2013-08-01,-1.0345095097387875,0.26599640413661974,-0.3135415060722416,0.7906418023493138,-0.0728532023312739,-0.6311471639832923,neutral,off
2013-08-02,-1.1238495735360878,0.25336279774175846,-0.8049130305146481,0.6728040252105969,-0.25064894527459514,-0.9842824680159088,on,neutral
2013-08-05,-1.136174623196537,0.2676144546277544,-0.8179955815990287,0.6642997293105855,-0.2555640052143065,-0.9960591869322992,on,neutral
2013-08-06,-1.052861203208453,0.2847894966941225,-0.669041574744546,0.5874924483981101,-0.2124052082151916,-0.8776135724463773,neutral,neutral
2013-08-07,-1.0277886133827805,0.3425050787759033,-0.7443671855337324,0.5025159875963633,-0.23178368313606154,-0.9006377106720888,neutral,neutral
2013-08-08,-1.0505631812758778,0.3415397728018989,-0.7440041976934311,0.42576550000460545,-0.2568155265407011,-0.9400331844058454,on,neutral
2013-08-09,-0.9861190438811058,0.3402465185084334,-0.7436417404664266,0.45842410999299743,-0.23277253896152542,-0.8861245788804971,neutral,neutral
2013-08-12,-1.041761487487275,0.34386160981890496,-0.7784059413986468,0.512959090398083,-0.24083668216723347,-0.9237891881968969,on,neutral
2013-08-13,-1.0879519164828684,0.26676942320070784,-0.5726136281078896,0.6221881141915578,-0.19290200179962305,-0.8473555799013636,neutral,neutral
2013-08-14,-1.018779396089573,0.2697987529146055,-0.5940036560437062,0.613707741491276,-0.18231913943184944,-0.8120304212158591,neutral,neutral
2013-08-15,-0.8596803858898531,0.24857399784682688,-0.43690587086542926,0.4574380569788645,-0.14764355048239775,-0.6793910004792226,neutral,off
2013-08-16,-0.8929720662836225,0.23123143000242552,-0.2203165954146081,0.49285761593528404,-0.09729990394013026,-0.588495420404107,neutral,off
2013-08-19,-0.8240084698056882,0.24382857639641736,-0.09033913653469902,0.48445139741487914,-0.046516908132272675,-0.4722538580551298,neutral,off
2013-08-20,-0.8413979708521266,0.21027681587417563,-0.19318478966039454,0.3966114450728683,-0.1069236248913693,-0.5759165162049447,neutral,off
2013-08-21,-0.744323868476849,0.18425625614846353,-0.10917349717871906,0.5088013677886495,-0.04010993542961375,-0.443180788591725,neutral,off
2013-08-22,-0.8546749395709543,0.17525551962053873,-0.12268346227066287,0.5551861759244743,-0.06172917657415103,-0.5155551828871149,neutral,off
2013-08-23,-0.9273920187047121,0.20290690237301018,-0.08199882406125651,0.5138461937988154,-0.07315943664853575,-0.5458653833968667,neutral,off
2013-08-26,-0.8320927526641605,0.2239804057634745,-0.19039473234683335,0.521870347493414,-0.06915918293852633,-0.5241756322182862,neutral,off
2013-08-27,-0.6645988143416208,0.3403601703463292,-0.21473508426766832,0.4668176148756635,-0.018039028346824124,-0.38819916978277197,neutral,off
2013-08-28,-0.6905863160746841,0.3017389620589543,-0.21466522138373564,0.5352131003181291,-0.017074868770334095,-0.40143864837700405,neutral,off
2013-08-29,-0.6602236676467449,0.2682210041401969,-0.10879035763940335,0.6803881502041143,0.04489878226454072,-0.2966635451709556,neutral,off
2013-08-30,-0.6411467795519207,0.27763749307992,0.018794443393362933,0.7184857113827301,0.09344271707602309,-0.20318219127642154,neutral,off
2013-09-03,-0.678437128627719,0.3141131016497813,0.0812265694464178,0.792224738784879,0.1272818203133398,-0.15936266638612526,off,off
2013-09-04,-0.7467041129017692,0.2334604215730892,0.08120120483142453,0.7396910858606778,0.07691214984085558,-0.25575440742246947,neutral,off
2013-09-05,-0.7566774715200519,0.19866587475461986,0.2332890561045885,0.8655633689646098,0.13521020707594156,-0.16174018843414584,off,off
2013-09-06,-0.7487920934833052,0.17804425443210736,0.07290339111634875,0.7333688690370999,0.05888110527556269,-0.2866034366430431,neutral,off
2013-09-09,-0.7691035369101791,0.1787692897409041,-0.057583805575891656,0.6341945161220188,-0.003430884155786962,-0.39667934914606207,neutral,off
2013-09-10,-0.8720952343717159,0.09137846680602005,-0.02765842918398552,0.6421563533269308,-0.041554710855687654,-0.48662768580893834,neutral,off
2013-09-11,-0.938337271181886,0.12849491054003429,-0.130997697301061,0.5594823817131227,-0.09533941905744753,-0.59362237418222,neutral,off
2013-09-12,-0.8936262070207883,0.13383418752032908,-0.17448390954210322,0.5510142126222882,-0.09581542910506857,-0.5852385368206915,neutral,off
2013-09-13,-0.9053467997170253,0.14918765705430093,-0.17987102116575115,0.5398010093920317,-0.09905728860911095,-0.5929870303341777,neutral,off
2013-09-16,-0.8841617025676108,0.10156948451624644,-0.22608849677634746,0.48461755595240513,-0.13101578971882666,-0.6386244042034597,neutral,off
2013-09-17,-0.8695766580667448,0.09506733126080928,-0.3267572317507472,0.4624387935129835,-0.15970694126092483,-0.6891273871545776,neutral,neutral
2013-09-18,-0.9574605286925819,0.15057826528676752,-0.5472263333340917,0.20650227843214114,-0.28690157957694123,-0.9139682258980818,on,neutral
2013-09-19,-0.9973091506297311,0.11242152325801834,-0.6123697940772205,0.23945024044261756,-0.31445179525157896,-0.980507922105194,on,neutral
2013-09-20,-1.00045582428123,0.13534505122208987,-0.6829285172714915,0.261387956024165,-0.3216628335766167,-1.0021399605235797,on,neutral
2013-09-23,-0.8879890330481659,0.20169515868997392,-0.7479956595768914,0.26405317693674146,-0.2925590892495855,-0.9289322174941355,on,neutral
2013-09-24,-0.9091218122147552,0.25334278157213824,-0.7612578768710835,0.29425430199567504,-0.28069565137950636,-0.9193156549531849,on,neutral
2013-09-25,-0.9151919510089196,0.30571228382315624,-0.7472654159352345,0.23080975055710284,-0.2814838331409738,-0.9105354695224764,on,neutral
2013-09-26,-0.9099746116687504,0.28477412944612035,-0.6842310019205178,0.28307955210533187,-0.25658798300945396,-0.8680454142071401,on,neutral
2013-09-27,-0.7778236857352603,0.2879245979692284,-0.6730199026290223,0.21408972197763365,-0.23720731710435516,-0.790850617240408,on,neutral
2013-09-30,-0.6702162043608849,0.29475459288410827,-0.6127428306048001,0.20023880742705194,-0.1969914086636312,-0.687499707461275,neutral,neutral
2013-10-01,-0.76963570180066,0.25433427977071266,-0.4161314747094091,0.16708379359249856,-0.19108727578671444,-0.683454283911091,neutral,off
2013-10-02,-0.6695301901183908,0.28230989392890393,-0.5578321701186173,0.10634614906667507,-0.20967657931035727,-0.6903682260553369,neutral,neutral
2013-10-03,-0.5685328771302353,0.28084137363440026,-0.6094439652836046,0.07596119692978746,-0.20529356796241302,-0.6566980151048591,neutral,off
2013-10-04,-0.655846072887759,0.2510435230863967,-0.5491557425540919,0.17254233477884373,-0.1953539893941526,-0.6697600187702585,neutral,off
2013-10-07,-0.4041600648283296,0.29887432754156523,-0.6089823678654894,0.12279192722857403,-0.14786904448091995,-0.5214725151493305,neutral,off
2013-10-08,-0.31641536560773387,0.30162181844153296,-0.5868888192214715,0.1558932088040232,-0.11144728939591232,-0.4386840447551325,neutral,off
2013-10-09,-0.3860326627541608,0.2688318937142246,-0.5948387480354635,0.24148338573591724,-0.11763903283487062,-0.4768754527225976,neutral,off
2013-10-10,-0.6798986073013397,0.2340438261501069,-0.6137091116198002,0.2552203069313689,-0.201085896459916,-0.6994241403690558,neutral,neutral
2013-10-11,-0.7512082123812961,0.22820479902006136,-0.6953884432963575,0.2385538267161031,-0.24495950748537226,-0.7973814250385373,on,neutral
2013-10-14,-0.7178665710161509,0.17738095676421095,-0.695073811260755,0.21082878185283116,-0.25618266091496594,-0.8040728239292307,on,neutral
2013-10-15,-0.4733825132746979,0.1828674012372181,-0.7302742428210959,0.27160621739001994,-0.1872957843671389,-0.632803396584252,neutral,off
2013-10-16,-0.8456208446145698,0.20592990711007758,-0.800967890858101,0.27704923485674215,-0.29090239837646276,-0.9112129371789567,on,neutral
2013-10-17,-0.9611173040692215,0.23337357165812447,-0.88526226149414,0.04174008155487866,-0.39281647808758957,-1.0927025631481786,on,neutral
2013-10-18,-1.0020239746179105,0.22524485592258295,-0.8192083041364546,0.038958577343143785,-0.3892572113721596,-1.091739913151108,on,neutral
2013-10-21,-0.9901039483870782,0.221207491018244,-0.8461179400255465,0.05002311264587991,-0.3912478211871252,-1.0955162629945092,on,neutral
2013-10-22,-0.9734858955528526,0.2550457499203758,-1.0751851267046661,-0.07186746802810366,-0.46637318509131165,-1.222369067124157,on,neutral
2013-10-23,-0.9644274012746886,0.24269664721788234,-1.1045272572349336,-0.06630293215635552,-0.47314023586202386,-1.230480547134189,on,neutral
2013-10-24,-0.9845982280067491,0.22763185022107885,-1.0737390013506907,-0.08568346123517233,-0.4790972100928833,-1.241006957354109,on,neutral
2013-10-25,-0.9943777923652568,0.22306848873458338,-1.1265674413488078,-0.08843025626951036,-0.4965767503122479,-1.2772235091749116,on,on
2013-10-28,-0.9730426224130408,0.2358672358132937,-1.1978785739624962,-0.06899080803801548,-0.5010111921500647,-1.287332899547561,on,on
2013-10-29,-0.9630430085162631,0.23341024576042788,-1.188805111962824,0.0364440265887063,-0.47049846203248824,-1.2451793074482398,on,neutral
2013-10-30,-0.9398580735397667,0.2561384513521554,-1.1387998248773763,0.06973260211476154,-0.4381967112375565,-1.1799927128931587,on,neutral
2013-10-31,-0.9298956577559588,0.2348591928144387,-1.1079804863152858,0.19461717645170412,-0.40209994370127544,-1.1290333449716692,on,neutral
2013-11-01,-0.9736779858047563,0.2407725459373916,-0.8915434130645481,0.34170569363559233,-0.32068578982408014,-1.0029996286464662,on,neutral
2013-11-04,-1.0060974196900254,0.2245728513025516,-1.0382396358283497,0.29160340513728683,-0.38204019976963416,-1.1214680022729433,on,neutral
2013-11-05,-0.9734360600592662,0.20686313749326327,-0.9177197808668072,0.3359519304692734,-0.33708519324088415,-1.0321573954272387,on,neutral
2013-11-06,-1.0294222085875087,0.1872022588715428,-0.9581716060051807,0.2719328359047845,-0.38211467995409054,-1.1154222408144514,on,neutral
2013-11-07,-0.9118909530508382,0.20230540823568158,-0.9740016256096364,0.3663412182154796,-0.32931148805232835,-1.0077856105524643,on,neutral
2013-11-08,-1.0066043779684768,0.11191403821754785,-0.8805764006176894,0.47463095830041646,-0.32515894551705044,-1.0316491930979643,on,neutral
2013-11-11,-1.0408711101385577,0.13528311448226663,-0.8801053467858101,0.44108962178822103,-0.33615093016347003,-1.055165905370458,on,neutral
2013-11-12,-1.0128826851946409,0.15878903586333495,-0.8878297483975793,0.46874396452141287,-0.3182948583018681,-1.0215543705986196,on,neutral
2013-11-13,-1.0405430169776533,0.14218671136860891,-0.9911474030159819,0.3962436383468932,-0.3733150175695332,-1.1187747793079685,on,neutral
2013-11-14,-1.0540292829064104,0.1704922047262428,-1.0970641929098914,0.4100196339692713,-0.39264540928019687,-1.16556742964579,on,neutral
2013-11-15,-1.0703251213538096,0.15368984670421953,-1.088145987499051,0.37090715320325296,-0.40846852723634697,-1.1910688660486288,on,neutral
2013-11-18,-0.9838678634203661,0.23544982366253137,-1.1939071631266907,0.36799785579239025,-0.3935818367730338,-1.1511880234428857,on,neutral
2013-11-19,-0.9559509945222288,0.20136576034534104,-1.0838461858237372,0.3316680129743887,-0.37669085175655903,-1.1015211131356766,on,neutral
2013-11-20,-0.9544594160202763,0.16422911274451227,-0.9684684247029112,0.4457649645158542,-0.3282334408657053,-1.02074508206192,on,neutral
2013-11-21,-1.0236667286447523,0.14733238268095142,-0.9160220758111554,0.4288888612808534,-0.34086689012352567,-1.054090592685186,on,neutral
2013-11-22,-1.0607393328336325,0.17800962141165397,-0.9592110586860698,0.3339813024812807,-0.3769898669066919,-1.1166585897103025,on,neutral
2013-11-25,-1.0101118552006747,0.1807035724770158,-1.0050818924754101,0.3924109413768554,-0.3605198084555534,-1.0864965295189657,on,neutral
2013-11-26,-1.0076159586718374,0.19464437079727218,-0.9990157966013143,0.30583562697371786,-0.3765379393755404,-1.1014702276997448,on,neutral
2013-11-27,-0.9909851657608205,0.20367542268590344,-0.9301486183235941,0.3419944799875634,-0.34386597035273697,-1.0374299295291818,on,neutral
2013-11-29,-0.9225288508913675,0.182946483826151,-0.9241678610864945,0.3251414109627934,-0.3346522042972294,-1.0009635075047658,on,neutral
2013-12-02,-0.8720522235663543,0.14421672702910662,-0.784348175113279,0.3892194922222376,-0.28074104485707224,-0.892862502914452,on,neutral
2013-12-03,-0.841421293539081,0.18343877670233938,-0.8112906053456906,0.3081360898137025,-0.2902842580921825,-0.8926721434734541,on,neutral
2013-12-04,-0.8268473244800857,0.17598044944321978,-0.7097867508485209,0.3108260587973853,-0.2624568917720004,-0.8335941981218302,on,neutral
2013-12-05,-0.79059315506552,0.1597656004503256,-0.7012692356774091,0.21017623305021418,-0.2804801393105973,-0.838162336689722,on,neutral
2013-12-06,-0.911879919121114,0.15199508982550217,-0.8895467096718872,0.2101108278446076,-0.35983017778072285,-1.020479266967769,on,neutral
2013-12-09,-0.9396757951372051,0.12773407744463477,-0.9273322602761418,0.1709201851605914,-0.39208844820203015,-1.08065288558947,on,neutral
2013-12-10,-0.8995364687834629,0.17287480815663633,-0.8530256908850513,0.1261405839078141,-0.36338669190101597,-1.00934438867196,on,neutral
2013-12-11,-0.7566073496111048,0.17511393761101843,-0.8525871984971566,0.10373103169848429,-0.3325873946996896,-0.9161618423121841,on,neutral
2013-12-12,-0.7449307461975901,0.17687942336247484,-0.7892715179393631,0.190411349284176,-0.2917278728725756,-0.8466473077306738,on,neutral
2013-12-13,-0.7238247961644242,0.1891768311419391,-0.7943594436963349,0.19315125057673166,-0.2839640395355221,-0.8286186108392889,on,neutral
2013-12-16,-0.6980125006931754,0.18831151429033735,-0.8678029405960982,0.15390939214263255,-0.3058986337140759,-0.859893146756608,on,neutral
2013-12-17,-0.6807115192784324,0.22024818363231136,-0.9056323662201717,0.1510624513317151,-0.3037583126336444,-0.8543434112720342,on,neutral
2013-12-18,-0.907935189905725,0.2009920616440862,-1.0008404318408053,0.16501943730032706,-0.38569103070052924,-1.0633978937362611,on,neutral
2013-12-19,-0.8744048421305265,0.19633171971941576,-0.9264244039560928,0.3106264144588972,-0.32346777797707654,-0.9588913641603358,on,neutral
2013-12-20,-0.9079332906985181,0.24068064301390726,-0.9368518200961751,0.29651785733691954,-0.3268966526109666,-0.9725456447398819,on,neutral
2013-12-23,-0.9782438983595108,0.21473460445206755,-0.96640977792928,0.25998741491035937,-0.36748291423159096,-1.0577994040895693,on,neutral
2013-12-24,-1.030537266773926,0.21774144981538043,-0.9221042157218108,0.2823327269952203,-0.363141826421284,-1.0636115209409576,on,neutral
2013-12-26,-1.044066581660041,0.22137817002327972,-0.9489463756960409,0.2682232262090398,-0.3758528902809406,-1.0891248398471634,on,neutral
2013-12-27,-1.0311517711117801,0.21273003953946423,-0.9757596504733437,0.24289282081674085,-0.38782214030722967,-1.101656185573121,on,neutral
2013-12-30,-0.9266931200005591,0.23625401969753912,-0.8849478741490208,0.1333916916203126,-0.36049882070793204,-1.0056278434878436,on,neutral
2013-12-31,-0.9110798075512567,0.20060602760189106,-0.7641221412237419,0.1445784124382514,-0.332504377183714,-0.9456284078261988,on,neutral
2014-01-02,-0.8624365392834482,0.20282386714384457,-0.7665009876480178,0.3101682145714074,-0.2789863613040535,-0.8638413019247971,on,neutral
2014-01-03,-0.9063712720397864,0.2229839088461433,-0.7852964528635189,0.35499652449958374,-0.27842182288939454,-0.8819544978057736,on,neutral
2014-01-06,-0.9257133171985682,0.22326761969948145,-0.8615424301171482,0.3155572021748372,-0.3121077313603494,-0.942481041255163,on,neutral
2014-01-07,-0.9846915473759603,0.21442460171665917,-0.754368623468885,0.36602482775962797,-0.2896526853421396,-0.9179997666299862,on,neutral
2014-01-08,-0.9888413979321742,0.17357345187731446,-0.7129601253560339,0.42491339471024864,-0.27582866917516125,-0.9001489339864451,on,neutral
2014-01-09,-0.9863776842559975,0.1821883430544012,-0.7564475929536844,0.41633413209920367,-0.2860757005140192,-0.9192804588374176,on,neutral
2014-01-10,-1.0566140055967923,0.20909871814394757,-1.0982576170218608,0.3177896680861574,-0.40699580909713706,-1.1580069343479062,on,neutral
2014-01-13,-0.9483279331648585,0.24237805942940546,-1.1604766811360883,0.2755015237283558,-0.3977312577857964,-1.1098933156463588,on,neutral
2014-01-14,-1.0422143525869798,0.19244920784481323,-1.085808010963605,0.3035450812468705,-0.40800701861472527,-1.1501100607051795,on,neutral
2014-01-15,-1.041576181511489,0.17252245849806927,-1.1070007005440208,0.4131835394073357,-0.3907177210375262,-1.1369915349929223,on,neutral
2014-01-16,-1.01733791673449,0.2036205320080169,-1.1062780612870058,0.3848985402549069,-0.383774226439643,-1.114837687138738,on,neutral
2014-01-17,-1.025227482196236,0.21381280694287375,-1.1192340657564213,0.4861084946698854,-0.3611350615849745,-1.0930275624694987,on,neutral
2014-01-21,-0.9840163669386707,0.18378950556800208,-1.1403765703086988,0.44088254231036383,-0.3749302223422508,-1.0982838364872574,on,neutral
2014-01-22,-0.9862815449379604,0.17315088774950496,-1.1122590962534142,0.4604420036793958,-0.36623693744061847,-1.0844954864245413,on,neutral
2014-01-23,-0.8979026829494721,0.23042295856036227,-1.0650368605793203,0.2546332514927106,-0.3694708333689299,-1.0346915540542658,on,neutral
2014-01-24,-0.48465107673559704,0.29688368696461065,-1.0288163724362098,0.26018903103082086,-0.23909868279409385,-0.7009047870423512,neutral,off
2014-01-27,-0.5525137650312867,0.2790848006570876,-1.0090513882188568,0.27138317277668533,-0.25277429495409265,-0.7421370362691998,on,neutral
2014-01-28,-0.7054016856818904,0.28405027638856806,-1.0002507683112587,0.29103457243634073,-0.28264190129206007,-0.8328093762870277,on,neutral
2014-01-29,-0.5585888961712835,0.3395420186116663,-0.9996665338748625,0.2740214919881262,-0.2361729798615884,-0.7122964324642949,neutral,off
2014-01-30,-0.5640477488363068,0.32609055975627443,-0.9990833221757892,0.43754667168195804,-0.1998734598934659,-0.6742730587868455,neutral,off
2014-01-31,-0.45791435388938423,0.3630492107875879,-0.993030715543786,0.48817930735458653,-0.14992913782274891,-0.5674664700305222,neutral,off
2014-02-03,-0.17110534514448075,0.4887309052847402,-0.9924558767211757,0.41463217981934675,-0.06504953419039239,-0.33658151824131305,neutral,off
2014-02-04,-0.3915462494305348,0.4225410957640293,-0.9344378950662379,0.4455410531709942,-0.1144754988904373,-0.47723684480994355,neutral,off
2014-02-05,-0.3119072510439682,0.38711119774113023,-0.933928319320689,0.41997385190162306,-0.10968763018047598,-0.4445234789759126,neutral,off
2014-02-06,-0.5693115023285693,0.3369221519876237,-0.9224765712063241,0.380292199325049,-0.19364343055555516,-0.6493947779913374,neutral,off
2014-02-07,-0.7527508004044675,0.31522150745296507,-0.9903746862080866,0.32366764267905734,-0.2760590841201329,-0.8360952002061858,on,neutral
2014-02-10,-0.7552481951479716,0.3127616759946499,-1.0554562014701747,0.31791106383124335,-0.29500791419806327,-0.8735120409091355,on,neutral
2014-02-11,-0.8259120826522578,0.27038471432613587,-1.0766896166872633,0.30650320559009575,-0.33142844485582235,-0.9522539447669597,on,neutral
2014-02-12,-0.8453917205982865,0.25434617096409623,-1.0896896404489536,0.320542890147685,-0.3400480749838647,-0.975121268530451,on,neutral
2014-02-13,-0.8601209530069239,0.26843840953783044,-1.1683010383803316,0.21014725413738544,-0.38745908192800993,-1.0508881008001598,on,neutral
2014-02-14,-0.9136594487733597,0.2716775213531473,-1.1893721437815246,0.16482008820655172,-0.41663349574879627,-1.1101989830143266,on,neutral
2014-02-18,-0.8847663247041168,0.279214383179074,-1.224075945429564,0.1308155420235883,-0.4247030862327546,-1.114402952140631,on,neutral
2014-02-19,-0.7299322825556345,0.2952466424207346,-1.187659507227121,0.17606457693740346,-0.3615701426061544,-0.965915614209034,on,neutral
2014-02-20,-0.7968657708346252,0.24601878241882766,-1.1485684246187038,0.20998848369831036,-0.37235673233404776,-1.003642600615187,on,neutral
2014-02-21,-0.8069095943207779,0.24799641323146404,-1.1559965174217075,0.19576380218817513,-0.3797864740807116,-1.017582520342478,on,neutral
2014-02-24,-0.8491573504583004,0.22863924944538547,-1.182540890560648,0.18720674734207507,-0.40396306105787194,-1.070966699274655,on,neutral
2014-02-25,-0.901789971994381,0.25891912036697856,-1.198114026299592,0.17014935279676657,-0.41770888128255695,-1.1071316581797723,on,neutral
2014-02-26,-0.8368898780766639,0.2763294019331743,-1.1699537414462189,0.24379519236123592,-0.37167975630711814,-1.0162618022247438,on,neutral
2014-02-27,-0.8658540748628689,0.2740549594159359,-1.1609592342760606,0.20969742761079518,-0.3857652305280496,-1.0424296745692079,on,neutral
2014-02-28,-0.8692075839812486,0.2554041200560575,-1.1710982771609466,0.06499441522716404,-0.42997683146474347,-1.0993289522894276,on,neutral
2014-03-03,-0.6792048770699818,0.31675275217214477,-1.1675667889844379,0.14724601499071038,-0.3456932247228911,-0.916526037462613,on,neutral
2014-03-04,-0.8590329278478103,0.2155715738105579,-1.0192914258066181,0.17274282970375532,-0.3725024875350288,-1.0014468780295112,on,neutral
2014-03-05,-0.8785091309181424,0.22999132637081235,-1.084244364033983,0.15849844835521057,-0.3935659300565256,-1.0425458877608718,on,neutral
2014-03-06,-0.8477258509007722,0.21268573701783283,-1.0781035116727853,0.03636175358041051,-0.4191954679938285,-1.0605115439979833,on,neutral
2014-03-07,-0.8567875409784393,0.21489286562489276,-1.153892997013223,0.047712097489959054,-0.43701889371920266,-1.101073459146382,on,neutral
2014-03-10,-0.8478271633273119,0.1960078419322933,-1.221371370944974,0.05622086530584083,-0.4542424567585379,-1.1348322555757673,on,neutral
2014-03-11,-0.7905124783704776,0.211921244078154,-1.2256832554211758,0.06188724452013232,-0.43559681129834177,-1.089020256926077,on,neutral
2014-03-12,-0.8214404683963438,0.23263940779940376,-1.2359918423687202,0.016389170444477782,-0.4521009331302956,-1.1162172014507687,on,neutral
2014-03-13,-0.655047613773392,0.302298133400584,-1.170150286140206,0.019228480829763046,-0.37591782142081276,-0.9372439715053854,on,neutral
2014-03-14,-0.5029570420995022,0.29803792483483726,-1.0230769783836342,-0.031973146220896906,-0.31499231046729903,-0.7739949851020786,on,neutral
2014-03-17,-0.7096724096741692,0.26781730741674215,-1.050861997268083,-0.04619002640224928,-0.38472678148193984,-0.9477704855991889,on,neutral
2014-03-18,-0.8156577557885534,0.26904703358031806,-1.1209100642767948,-0.04048385064088217,-0.4270011592814781,-1.0543442543987722,on,neutral
2014-03-19,-0.7583235828370302,0.24497853928699354,-0.9457982853667495,0.12463245974501046,-0.33362771729294394,-0.8860029032506652,on,neutral
2014-03-20,-0.8149341070723014,0.22195703497888894,-1.076290319145075,0.18723972061066604,-0.37050691765695537,-0.9834240086304255,on,neutral
2014-03-21,-0.7689803927365967,0.2680896682023909,-1.075626033908602,0.15870284926568598,-0.35445347729428045,-0.9397230816122186,on,neutral
2014-03-24,-0.7600857301655354,0.2857319699103665,-1.132262784908297,0.10737401292749699,-0.3748106330589922,-0.9694528711617512,on,neutral
2014-03-25,-0.8613387288970029,0.2667296054247726,-1.1413462339859035,0.11019343827467001,-0.40644047979586595,-1.0512644066625154,on,neutral
2014-03-26,-0.7745011598238821,0.30771753275013664,-1.1553265833889648,0.12156441347588347,-0.3751364492467067,-0.9745438099744554,on,neutral
2014-03-27,-0.803588309500074,0.3272369171652288,-1.1109137880107804,0.15859696502016968,-0.357167053831364,-0.9530780528292447,on,neutral
2014-03-28,-0.8231562399581974,0.29934144552756736,-1.0420108577992753,0.17851591184934845,-0.34682743509513925,-0.9378309828335448,on,neutral
2014-03-31,-0.8731023488990478,0.28153362068736526,-1.0441194570784695,0.1556389934978106,-0.3700122979480854,-0.9875118026869912,on,neutral
2014-04-01,-0.9467470223903003,0.25274512776218655,-1.0516813100724118,0.14988696534596124,-0.39894905983864104,-1.0561501144236416,on,neutral
2014-04-02,-0.9471857124691538,0.24911709103204419,-0.9201053979905672,0.1898072476768561,-0.3570916929377052,-0.9766220159411672,on,neutral
2014-04-03,-0.9200800017243801,0.2656581686553944,-0.9496343657455006,0.26113399176796354,-0.3357305517616307,-0.9455734782597948,on,neutral
2014-04-04,-0.8635524378095136,0.28377801044247497,-1.1237117832578694,0.24677364891313577,-0.36417814042794305,-0.9914635855950023,on,neutral
2014-04-07,-0.7101551688041371,0.33464960592522763,-1.1229892662803442,0.1895633702271929,-0.3272328647330152,-0.8797061549601881,on,neutral
2014-04-08,-0.7744726964218758,0.33800912045347453,-1.201349427082362,0.055195413036287916,-0.3956543975036188,-1.0006807756751819,on,neutral
2014-04-09,-0.8758042561284347,0.3295904436884598,-1.2332319346439036,-0.022000128240635228,-0.45036146883112843,-1.1091959552596857,on,neutral
2014-04-10,-0.6786252814416566,0.37697601619738846,-1.213269043979538,-0.050589217320806394,-0.39137688163615314,-0.9508081051181175,on,neutral
2014-04-11,-0.5699580986474626,0.43211361169505547,-1.1251933559867877,-0.030553746399550788,-0.32339789733468643,-0.8016468246992093,on,neutral
2014-04-14,-0.6572314578075721,0.4038410893495714,-1.1081155781954968,0.049564271053734676,-0.3279854188999407,-0.842555388485943,on,neutral
2014-04-15,-0.7045165566666538,0.41554081559923445,-1.1074164286874382,0.06958261517117187,-0.33170238864592144,-0.8640952018617383,on,neutral
2014-04-16,-0.8402197728662609,0.4142002693830841,-1.1394244868457732,0.07528704619755795,-0.37253923603284805,-0.9700861240046682,on,neutral
2014-04-17,-0.9177961399950402,0.36239201548066996,-1.097804455087168,0.07812963793352351,-0.39376973541700366,-1.0238304626549264,on,neutral
2014-04-21,-0.9277788272122535,0.3775809039291832,-1.170696291566728,0.11247634588871971,-0.40210446724026966,-1.0515776946363204,on,neutral
2014-04-22,-0.9329970281741131,0.3712547050902825,-1.1617384215162985,0.10098613134057349,-0.40562365331488887,-1.056589126779256,on,neutral
2014-04-23,-0.9248958429502397,0.3923566468583158,-1.174589166279448,0.08662745747344758,-0.4051252262244811,-1.0525491671446343,on,neutral
2014-04-24,-0.9196560206933385,0.3917504303103353,-1.1411113494155345,0.0694038671615136,-0.39990326815925603,-1.0337068592838836,on,neutral
2014-04-25,-0.8487892589184833,0.39329339635477395,-1.1403703477006861,0.06078009645139212,-0.38377152845325085,-0.986254235823604,on,neutral
2014-04-28,-0.8569393196912221,0.38220227886491126,-1.1042213503752822,0.034949852011080106,-0.38600213479762824,-0.9855266765982137,on,neutral
2014-04-29,-0.8812558154538098,0.3672797610281895,-1.081740489904689,0.07223673486239975,-0.38086995236697735,-0.98669236888483,on,neutral
2014-04-30,-0.9093563029578166,0.40100434718738703,-1.108315886381281,-0.01961883161119234,-0.4090716684407257,-1.0311095353953903,on,neutral
2014-05-01,-0.9241110399514749,0.4769482981960362,-1.1092548815000023,-0.008130395702935273,-0.39113700473959406,-1.0026286475470032,on,neutral
2014-05-02,-0.9559767086931531,0.47420417841738705,-1.2049522767340897,-0.011000194401749902,-0.4244312503529014,-1.0753846657371944,on,neutral
2014-05-05,-0.9193080812206761,0.4504796185578151,-1.204121751677805,-0.01961359397691296,-0.4231409520793947,-1.062319779000542,on,neutral
2014-05-06,-0.8703033150740662,0.46684394695114867,-1.1107352124937686,-0.12016531217988208,-0.40858997319914203,-1.0023161465556265,on,neutral
2014-05-07,-0.9079380275404897,0.4519325632925454,-1.148150121494137,-0.09713969038266457,-0.42532381903118643,-1.0472377625107272,on,neutral
2014-05-08,-0.9046182436956329,0.4569906024463668,-1.1474031257233221,-0.036744229732329076,-0.40794374917622933,-1.0219648953896925,on,neutral
2014-05-09,-0.9526907054778284,0.43383617506098776,-1.1793167417670825,0.0984144384556435,-0.39993920843206987,-1.0431356470024717,on,neutral
2014-05-12,-1.0178404108945434,0.3932605127758825,-1.175805076391354,0.09838658471301706,-0.4254995974492494,-1.1036974602908105,on,neutral
2014-05-13,-1.0267749117690814,0.41709838187028414,-1.1777412102259694,0.16740738398911198,-0.40500258903391373,-1.0810921366707267,on,neutral
2014-05-14,-1.022378263980442,0.46671210763943355,-1.1769539926402286,0.14721454028973663,-0.39635140217287507,-1.0620439864502127,on,neutral
2014-05-15,-0.926636594851883,0.49688268804499813,-1.187049571951056,0.1270221647210794,-0.37244532850921536,-0.9907019939468256,on,neutral
2014-05-16,-0.9956233396816112,0.46111479950722917,-1.104643669096396,0.1385040165148962,-0.3751620481889705,-1.0083202733990821,on,neutral
2014-05-19,-0.9969722326314416,0.4340252449174638,-1.117559121449983,0.12406260785841557,-0.38911087532638633,-1.0315550982400843,on,neutral
2014-05-20,-0.9450296793164619,0.44809988946876983,-1.06789478009728,0.13843333675374322,-0.35659780829780724,-0.9602925198133189,on,neutral
2014-05-21,-1.0444485409346524,0.42837004053802613,-1.091737249191691,0.1556839730073422,-0.38803294414524375,-1.044613671758955,on,neutral
2014-05-22,-1.0324209326028142,0.4161279708835896,-1.1155476769568122,0.19887818831899823,-0.3832406125892596,-1.038463554973221,on,neutral
2014-05-23,-1.095573160395457,0.4247331265422225,-1.1148492995090435,0.2391863509232739,-0.38662574560975105,-1.0666120225657794,on,neutral
2014-05-27,-1.0806308068743222,0.45352930976569655,-1.15222240682312,0.227579477350381,-0.38793610664534117,-1.0662935498665016,on,neutral
2014-05-28,-1.063805346521132,0.5031835301036,-1.1949765459174813,0.2909779146129121,-0.36615511193052525,-1.0373550041545858,on,neutral
2014-05-29,-1.0736382887574356,0.4596662856500551,-1.1615467573972549,0.2678057107358684,-0.37692826244219174,-1.0522760161757285,on,neutral
2014-05-30,-1.0891662889711362,0.4495715147517132,-1.109136830597456,0.23309214653221677,-0.3789098645711656,-1.0472736762645454,on,neutral
2014-06-02,-1.0713822920432572,0.44169909304894994,-1.0703896185159811,0.31097158811228454,-0.34727530734950096,-0.9967341250827274,on,neutral
2014-06-03,-1.0431576743348778,0.38892383726079527,-1.037128175938959,0.2848886876731053,-0.35161833133498405,-0.9902455988295203,on,neutral
2014-06-04,-1.0225768007309413,0.383053198143644,-0.927776139881513,0.3194627000771297,-0.3119592605979201,-0.9129907142371035,on,neutral
2014-06-05,-1.0600436927236139,0.37932748477089556,-0.9218583879024018,0.2326910519247495,-0.3424708859825926,-0.9617591432045935,on,neutral
2014-06-06,-1.1497690145929915,0.3708408662869301,-1.0790862110674808,0.2441831727733436,-0.40345779665004966,-1.1015485882162506,on,neutral
2014-06-09,-1.1090895845989,0.33457533716439175,-1.1328056143023382,0.31348726736295957,-0.3984581485934717,-1.097107902869011,on,neutral
2014-06-10,-1.123618132075272,0.3192864948041629,-1.1429604726085703,0.3625437958993609,-0.3961870784950796,-1.1051615879794672,on,neutral
2014-06-11,-1.0649113478654562,0.32666306338168605,-1.1829945232078944,0.35375453300518567,-0.3918720686716197,-1.0844004073748619,on,neutral
2014-06-12,-0.9729908320337693,0.37021799871592176,-1.1822084922841114,0.29289689446662504,-0.37302110778383346,-1.018893967451397,on,neutral
2014-06-13,-1.0086049347118595,0.35503743708241864,-1.099909703549136,0.29280887995308036,-0.3651670803063742,-1.0049669208912286,on,neutral
2014-06-16,-0.963344496874317,0.3599472470993133,-1.0992373666426092,0.26088366584231093,-0.3604377376438255,-0.9801721346436663,on,neutral
2014-06-17,-1.0189414056584558,0.3297779122723084,-1.0985662613847125,0.307125804299147,-0.37015098761792825,-1.0182682349983827,on,neutral
2014-06-18,-1.1562415303151716,0.3435420305083334,-1.070726759804308,0.29255564661121003,-0.39771765324998404,-1.0969642128036532,on,neutral
2014-06-19,-1.1545447199919119,0.3054625761396511,-1.1760418035706701,0.21715790552616324,-0.45199151047419195,-1.187010900000316,on,neutral
2014-06-20,-1.1319378960127677,0.31674780350245,-1.191564624078964,0.2315826113322295,-0.44379302631426304,-1.1673499562010365,on,neutral
2014-06-23,-1.1188685356750248,0.31688690586131124,-1.1989164118272602,0.1996362135184495,-0.45031545703063103,-1.1709035150257594,on,neutral
2014-06-24,-1.0088570239273613,0.374241319118948,-1.217117736287214,0.21987090567204282,-0.4079656338558961,-1.0740031736013553,on,neutral
2014-06-25,-1.0596299284901103,0.3688833177007499,-1.2108558785976318,0.18791133070637814,-0.4284227896701535,-1.1170408435279051,on,neutral
2014-06-26,-1.0552082133364173,0.4015938603180745,-1.2331068080646161,0.19075878954283826,-0.4239905928850302,-1.110535084625777,on,neutral
2014-06-27,-1.0897629591863056,0.39956730212491537,-1.2308943616884986,0.13558077291872178,-0.4463773114577918,-1.1461422007846953,on,neutral
2014-06-30,-1.059643192868942,0.3985110320087441,-1.2463245960294371,0.06008937331113501,-0.461841845894625,-1.154609958384008,on,neutral
2014-07-01,-1.0989419584868403,0.3695317220866045,-1.2305269608214866,0.07168442530862802,-0.4720631929782736,-1.1828909639495695,on,neutral
2014-07-02,-1.129635073041819,0.32173697644171945,-1.057379255049403,0.11231522319157287,-0.4382405321144824,-1.1247185252100846,on,neutral
2014-07-03,-1.1764367414715409,0.3268892571070471,-1.130029071879683,0.18489355414080783,-0.4486707505258422,-1.171905260807114,on,neutral
2014-07-07,-1.0797067933504492,0.35551166430464826,-1.1795134861469219,0.18774681784305086,-0.428990449337418,-1.1139197929244724,on,neutral
2014-07-08,-1.0173027002536206,0.3952794504738639,-1.1809097508465305,0.17606963508634266,-0.4067158413849861,-1.0576876143483318,on,neutral
2014-07-09,-1.0480920353574072,0.42170185988476305,-1.1747099197685351,0.12079186373877543,-0.42007705787560096,-1.0797259001636996,on,neutral
2014-07-10,-0.9581674791296366,0.447732880487288,-1.16228189103186,0.16146298973533826,-0.37781337498471756,-0.9888263907799933,on,neutral
2014-07-11,-1.0061287190196129,0.4636068054272441,-1.1832278308286237,0.1788686138569339,-0.3867202826410146,-1.0210603970382082,on,neutral
2014-07-14,-1.0302804052542074,0.4432801271702444,-1.1932960890803044,0.1788180883129477,-0.4003695697128299,-1.048568574547584,on,neutral
2014-07-15,-1.016396459188267,0.44872892820750104,-1.203348989917992,0.23696187591626505,-0.38351366124562325,-1.0257504775450543,on,neutral
2014-07-16,-1.1070441647916747,0.49316632691954493,-1.2323601656695704,0.2863705741354764,-0.3899668573515559,-1.0705534851965073,on,neutral
2014-07-17,-0.7699787365904488,0.6141850916200295,-1.1881477329931431,0.27464099760872296,-0.26732509508870983,-0.7663319635658288,neutral,off
2014-07-18,-1.0053534412417653,0.55241226583877,-1.1900751296412018,0.27456032851302214,-0.34211399413279375,-0.9564695279329261,on,neutral
2014-07-21,-0.9335271946884789,0.5713283005947419,-1.2041937345934048,0.2861305278179786,-0.3200655252172908,-0.900170187522814,on,neutral
2014-07-22,-0.9872217325970025,0.5640469626299758,-1.204743445330048,0.3501392335442444,-0.3194447454382076,-0.9230727720893328,on,neutral
2014-07-23,-1.0551106992914208,0.5555077113091726,-1.2147740481034317,0.3587735472198273,-0.33890087221646314,-0.9764185766970197,on,neutral
2014-07-24,-1.0240957125998942,0.49064349402717106,-1.1906598793879597,0.376152426575058,-0.3369899178464062,-0.9656509406545625,on,neutral
2014-07-25,-0.942748396160185,0.5530242162849417,-1.185271365285177,0.42267825801726255,-0.28807932178578943,-0.8671251277944848,on,neutral
2014-07-28,-0.9546186037380703,0.5731162191963063,-1.1939738426944058,0.42254262759624756,-0.28823339990998054,-0.8688958897525152,on,neutral
2014-07-29,-0.8856897512126877,0.598752562904803,-1.200767744863646,0.4749033870765532,-0.2532003865237443,-0.7993909249765768,neutral,neutral
2014-07-30,-0.8805071272513801,0.5935897871420949,-1.1433815665450857,0.5360005957606974,-0.2235745777234184,-0.7518223885731926,neutral,off
2014-07-31,-0.5358836316816986,0.6536756687756103,-1.1272314247964081,0.5474829868747106,-0.11548910020694642,-0.4764037312496317,neutral,off
2014-08-01,-0.5280867515160765,0.7315376579929258,-1.2402349077627675,0.5006025309722755,-0.13404536757841068,-0.5084882636771951,neutral,off
2014-08-04,-0.7096005188421944,0.666796717463953,-1.2382976797590952,0.5091881781371642,-0.19297832575004312,-0.6568978103245252,neutral,off
2014-08-05,-0.5428132160127112,0.6993402145156191,-1.1183667533644348,0.5644768979683495,-0.09934071422329432,-0.4509364096871962,neutral,off
2014-08-06,-0.5902053772448864,0.653014347641396,-1.1117298504639552,0.540919343062409,-0.12700038425125917,-0.5065791588464347,neutral,off
2014-08-07,-0.5623870103176589,0.6745588278687572,-1.0412280674557646,0.5640899813760223,-0.091241567132161,-0.4355744494504562,neutral,off
2014-08-08,-0.6469114114919811,0.6367115934435155,-0.9602483048859973,0.5259190119486926,-0.11113227774644258,-0.47907278597039565,neutral,off
2014-08-11,-0.7932704466550355,0.5883932346159471,-1.0184883776289018,0.5491088438971455,-0.16856418644271118,-0.623310843822118,neutral,off
2014-08-12,-0.8024406805204608,0.5849303037012223,-1.0430990717592927,0.5576807700955481,-0.1757321696207458,-0.6414412467098572,neutral,off
2014-08-13,-0.9191815071006297,0.5749379056026578,-1.0579372087814929,0.5867065174264723,-0.20386857321324814,-0.7261410413431406,neutral,off
2014-08-14,-0.9644162529290037,0.5654106374590747,-1.0654502912951602,0.583569802494963,-0.22022152606753156,-0.7662141114755674,neutral,neutral
2014-08-15,-0.8944189172313985,0.5819249891665977,-1.013413859433238,0.5336599078650895,-0.1980619699082373,-0.6976252139950097,neutral,off
2014-08-18,-0.9730020845705959,0.5240961927831136,-0.9779442723220444,0.5802605332904377,-0.21164740770477228,-0.7441499540821379,neutral,off
2014-08-19,-0.9829625313587305,0.5199526279789,-0.969037032398443,0.6677812673444563,-0.1910664171084543,-0.7244293319884707,neutral,off
2014-08-20,-1.0233747131195108,0.4858134551152966,-0.9468755775150306,0.7757283489723902,-0.17717712163671365,-0.7262449403107403,neutral,off
2014-08-21,-1.0247136317146606,0.5244614696089778,-1.016768116192617,0.7461469138810068,-0.19271834110432323,-0.7545992113700051,neutral,neutral
2014-08-22,-1.0517516123028674,0.5658887556955086,-1.0259546636045778,0.8014072089184824,-0.17760257782336356,-0.7452535368560651,neutral,off
2014-08-25,-1.0292628528157366,0.5596437224108393,-1.0968359727702257,0.8624808114330823,-0.17599357293551018,-0.7511338415491713,neutral,off
2014-08-26,-1.0353551153441136,0.5586011849157826,-1.1164807122133333,0.8913262424108044,-0.175477100057715,-0.7580905878300621,neutral,neutral
2014-08-27,-1.0205006765907334,0.587843134296621,-1.1036297075700416,0.826538725970804,-0.1774371309733375,-0.7462232861565413,neutral,off
2014-08-28,-0.9942407616500522,0.6284913423828424,-1.024500893194512,0.8407938470094172,-0.13736411636307616,-0.6660911474362007,neutral,off
2014-08-29,-1.0003724652535448,0.6282965241662322,-1.0052645935732047,0.9194012262234741,-0.11448482710926083,-0.6392418365621684,neutral,off
2014-09-02,-0.9741341867620473,0.5812498419422762,-0.9814487954666011,0.9891570904916984,-0.09629401244866848,-0.6093850200980024,neutral,off
2014-09-03,-0.9631534098057551,0.6247331450560313,-0.8848527182116576,0.9535277576138173,-0.06743630633689102,-0.5430588900699514,neutral,off
2014-09-04,-0.9360002183765127,0.5818206161977901,-0.884429403100694,1.2309056986421445,-0.0019258266593180084,-0.4676736584833709,neutral,off
2014-09-05,-0.9878881511558247,0.5967443518870181,-1.0085152090368343,1.2125333227416049,-0.04678142139100899,-0.5660246557664773,neutral,off
2014-09-08,-0.9331016633299222,0.5884783482460448,-1.016089201038943,1.3491169165597847,-0.0028988998907589214,-0.49872823057995397,neutral,off
2014-09-09,-0.8526562324942559,0.6099229564384365,-0.9749389892041821,1.362706569977709,0.036258576179426905,-0.40921355157617084,off,off
2014-09-10,-0.9112984905725413,0.5868297108906934,-0.928416104763943,1.3529007969417681,0.025003978123994297,-0.43839230684626385,neutral,off
2014-09-11,-0.9184697134833942,0.5780560513617998,-0.9387810180054948,1.3664805051691025,0.021821456260503302,-0.44880929550811827,neutral,off
2014-09-12,-0.8694510795816094,0.5367171198309918,-0.8625103519882019,1.3479112982009245,0.03816674661552627,-0.3982500380822306,off,off
2014-09-15,-0.7918973078189205,0.5601364033722496,-0.8485710558963384,1.3527365941389304,0.06810115844898029,-0.32603485622829403,off,off
2014-09-16,-0.9239470809460151,0.5348528835909374,-0.8211038647630142,1.2962538320361043,0.021513942479503112,-0.42952681019355643,neutral,off
2014-09-17,-0.9311090941161448,0.46714281221516984,-0.9507095067964987,1.4791583917947517,0.01612065077431951,-0.4813744155715809,neutral,off
2014-09-18,-0.9896942948407087,0.4836531357590482,-0.9583491213267017,1.367061517619069,-0.024332190697323286,-0.5487820479014849,neutral,off
2014-09-19,-0.981552738087092,0.5107530969744678,-1.017423382480975,1.50598763286873,0.004441152318782726,-0.5248694754240901,neutral,off
2014-09-22,-0.8305444288424029,0.5418066710678265,-1.0656013834375895,1.4667828887825138,0.02811093689258698,-0.4422205425737014,neutral,off
2014-09-23,-0.7120295821520484,0.616832830735704,-1.0812369031364286,1.4626391385578483,0.07155137100126885,-0.3377784717732601,off,off
2014-09-24,-0.869916994947444,0.6240291254421783,-1.0562504634100103,1.5750131174333477,0.06821869612951792,-0.4014298813914013,off,off
2014-09-25,-0.6436607607460435,0.7334408105632353,-1.0340004256496154,1.6172181360748317,0.16824944006060202,-0.17506692269359403,off,off
2014-09-26,-0.7187202745497844,0.7159627720863482,-0.8872412022206027,1.74366585914764,0.21341678861590027,-0.12535096751774127,off,off
2014-09-29,-0.610704676587717,0.7340796124183065,-0.946385879429287,1.727257201621782,0.22606156450577114,-0.07755391579170651,off,off
2014-09-30,-0.5790146220776304,0.6780660175962465,-0.8944644023333768,1.8271151016398688,0.257925523706277,-0.02670964199310738,off,off
2014-10-01,-0.540659189349651,0.7487466527337611,-0.8913287065919782,1.8337197430895014,0.2876196249704083,0.03349823981796307,off,off
2014-10-02,-0.5929396298643324,0.7256885417733636,-0.8394498622342708,1.7242373515507872,0.2543841003063869,-0.014902475701102091,off,off
2014-10-03,-0.7463197775205418,0.719751561073038,-0.9392752644301448,2.038434685835915,0.26814780123956655,-0.09195631136560639,off,off
2014-10-06,-0.6591911233840626,0.7129974663943381,-0.9956748514833103,1.75177698722678,0.20247711968843635,-0.1395114553416501,off,off
2014-10-07,-0.4928858881664806,0.794976050195697,-0.8624482907761817,1.7383033101435537,0.29448629534914705,0.07590144565178841,off,off
2014-10-08,-0.6922168807459327,0.7981576456763637,-0.8701758104290059,1.6293286620499394,0.21627340413784113,-0.09382592553356461,off,off
2014-10-09,-0.34347911751821847,0.8694196349147665,-0.8291381894469502,1.6914230057254187,0.34705633341875414,0.21610809357576094,off,off
2014-10-10,-0.10651373643693648,0.9671288043168499,-0.7691643922057404,1.8024889614697286,0.4734849092859754,0.4825939625489114,off,off
2014-10-13,0.2183436415103836,1.0487101488200143,-0.7688406036016676,1.6617206582713626,0.5399834612500233,0.7056280700653946,off,off
2014-10-14,0.04149451292120703,1.0365272322803927,-0.6086157555620482,1.7727498177645198,0.5605389518510178,0.6904730692608596,off,off
2014-10-15,0.37220501257988936,1.0416631040542805,0.11556088083761268,1.57731926914713,0.7766870666547281,1.2429571415599288,off,off
2014-10-16,0.27171096421103386,0.9556941576336797,-0.18825444167085342,1.5325511096618196,0.6429254474589199,0.9680773279593092,off,off
2014-10-17,-0.035343929651204115,0.8584076072278846,-0.3835308881646228,1.5860439451330322,0.5063941836362724,0.6272189838613195,off,off
2014-10-20,-0.36247460601148573,0.7991911334421589,-0.48380620823634934,1.5153189703466607,0.36705732238524613,0.3045974315858407,off,off
2014-10-21,-0.6005665672873268,0.7026145064957234,-0.49178984176695073,1.6178427894266034,0.3070252217170123,0.12169466170196946,off,off
2014-10-22,-0.4290902891246108,0.7568929725757196,-0.5377705390064813,1.7402438502633901,0.38256899867700445,0.2728464666098259,off,off
2014-10-23,-0.5571929464704692,0.7400514172654495,-0.4507155384560695,1.7672006988070899,0.37483590778650017,0.22891191686708928,off,off
2014-10-24,-0.5971987598297536,0.713156214702166,-0.4177158718495306,1.7336204250228056,0.35796550201142185,0.19768328935236013,off,off
2014-10-27,-0.6036862704097623,0.7724238943046928,-0.5264971181193181,1.665609739028505,0.32696256120102934,0.14431179344097889,off,off
2014-10-28,-0.7614269442111166,0.7169123967591498,-0.6050923613372782,1.6380693084445899,0.24711559991383622,-0.03627395549456752,off,off
2014-10-29,-0.6883499875280964,0.7045119846910894,-0.6510567452347475,1.7917226289286188,0.28920697021421604,0.02661986459215171,off,off
2014-10-30,-0.748407206001783,0.7165402837672041,-0.7442707158022964,1.8471899297664394,0.267763072932391,-0.04295292263793854,off,off
2014-10-31,-0.795021606397601,0.7047354811066315,-0.7673326448394431,2.0545142075086162,0.2992238593445509,-0.036541555101634204,off,off
2014-11-03,-0.7276438725481985,0.6763391084588184,-0.8009768122819532,2.17491621750588,0.33065866028363666,0.012983138660001892,off,off
2014-11-04,-0.7120265475647823,0.7271917230593401,-0.7693820643761802,2.077189581755713,0.33074317321852265,0.03559329896015817,off,off
2014-11-05,-0.7807166031530959,0.7086757053568628,-0.6521909084549921,2.205853233678013,0.3704053568566969,0.0749382927315515,off,off
2014-11-06,-0.828285673496666,0.6452329302183746,-0.7552443554390734,2.365233813310428,0.35673417864826573,0.004557515950142754,off,off
2014-11-07,-0.8806090161433027,0.7048122671588395,-0.8228931745282335,2.2556358613377743,0.3142364844562694,-0.07044970428064201,off,off
2014-11-10,-0.9233087582123727,0.6431185541308987,-0.8238910924049245,2.300481415017469,0.2991000296327676,-0.1149000062539981,off,off
2014-11-11,-0.8989113125636164,0.6163929510394934,-0.8235292872237983,2.217008622676041,0.27774024348202986,-0.13198327031303836,off,off
2014-11-12,-0.8889056648589152,0.6517134446124216,-0.8163705563383139,2.29603849794746,0.3106189303406631,-0.08507110076131963,off,off
2014-11-13,-0.8147099044604583,0.685420426035855,-0.8105766995576223,2.249681674079391,0.32745387402429127,-0.028689287616999848,off,off
2014-11-14,-0.8603535286800694,0.7552873382476706,-0.8102259059547786,2.206402445979684,0.3227775873981267,-0.04185882015616016,off,off
2014-11-17,-0.7947941038471985,0.7298475235467932,-0.812595244790125,2.3163924268994083,0.35971265045221945,0.02095660182810788,off,off
2014-11-18,-0.806916088455892,0.760915326553792,-0.7496819204822607,2.2134706924903984,0.3544470025265094,0.03049611812588765,off,off
2014-11-19,-0.7969829346377003,0.7035189280269153,-0.7276123717241733,2.2298685218504772,0.35219803587887977,0.028590302828225944,off,off
2014-11-20,-0.8330719560354087,0.7446097725041361,-0.7490892180118262,2.2094473886805908,0.342973996784373,0.004625176532924935,off,off
2014-11-21,-0.897893384307501,0.7314084150213475,-0.8086471751572665,2.4092320047556437,0.3585249650780559,-0.023061277736493913,off,off
2014-11-24,-0.9243133632804773,0.750162827121855,-0.8790462802937125,2.3598925212666964,0.32667392620359037,-0.08281847525499308,off,off
2014-11-25,-0.9593372023540575,0.7793119254398956,-0.8731986685405274,2.291125330281776,0.30947534620677164,-0.11034450355714198,off,off
2014-11-26,-0.9761133747129311,0.8025549067159388,-0.8700771601235617,2.2002231648207236,0.28914688417504236,-0.13476801620919043,off,off
2014-11-28,-0.8548200522618074,0.9374819559398366,-0.8179701494722857,2.4075601987417197,0.41806298823686583,0.08935008240408748,off,off
2014-12-01,-0.7623794758334171,1.0290045152742695,-0.7985618894253204,2.288307748450921,0.4390927246166132,0.17060682192625354,off,off
2014-12-02,-0.9001617057913222,0.8955528204676455,-0.7982222789852482,2.480717712488619,0.4194716370449235,0.06975887250735413,off,off
2014-12-03,-0.9361781074174224,0.8880083183135128,-0.8387190579110955,2.5628054366136905,0.41897914739967135,0.043185668539479694,off,off
2014-12-04,-0.9443527896479033,0.9124638146288702,-0.8710183036279192,2.4851831708503958,0.39556897305086086,0.010543039139182975,off,off
2014-12-05,-0.9975887697809773,0.8751335999158437,-0.8651758083734801,2.6562129086348465,0.4171454825990582,0.00654389315706172,off,off
2014-12-08,-0.7678637469739353,0.9824056240363401,-0.9192376936262895,2.569967138968827,0.46631783060123555,0.16064985598904563,off,off
2014-12-09,-0.7023139677927108,0.9971270728804661,-0.8161454263848683,2.4676090835123805,0.48656919055381687,0.2380073720954396,off,off
2014-12-10,-0.3527361909443727,1.1178586496800826,-0.7714022511419419,2.3464236398373024,0.5850359618577676,0.5238819810118698,off,off
2014-12-11,-0.20383254870055476,1.1451788938405971,-0.77108389007214,2.4506880633296606,0.6552376295993907,0.6669235896753234,off,off
2014-12-12,-0.10774909473620788,1.3069922902614999,-0.7707659229077767,2.363128799608863,0.6979015180565945,0.7793075757682072,off,off
2014-12-15,-0.1711162605196562,1.3369101252148876,-0.5143267011355379,2.3867913266923284,0.7595646225630055,0.8865459118245929,off,off
2014-12-16,0.1315766809553296,1.3698700784106854,-0.42966422100945406,2.291426322617769,0.8408022152435825,1.1282381646339505,off,off
2014-12-17,-0.26536026057188034,1.157702871030271,-0.6552493677272746,2.563826308080276,0.7002298877028481,0.7262453567162659,off,off
2014-12-18,-0.5180690505631846,1.082078613689646,-0.6890842211001442,2.5891338889251747,0.616014807737873,0.5085688474221818,off,off
2014-12-19,-0.5486591397247557,0.9721980193042062,-0.7016363297006808,2.683022525151967,0.6012312687576842,0.45954168294832237,off,off
2014-12-22,-0.66768203728441,1.0327704744012514,-0.718272071018771,2.7240359648127574,0.592713082727707,0.4057698828854335,off,off
2014-12-23,-0.7106965886275894,0.9104341794356264,-0.7528971540671482,2.797606478033561,0.5611117286936125,0.32593731633979917,off,off
2014-12-24,-0.7517649652569844,0.9252367443215942,-0.7498661194827122,2.766645450032957,0.5475627774037137,0.30177052590201353,off,off
2014-12-26,-0.738961584272304,0.9669984716621257,-1.117695894546439,2.7768789190015903,0.47180497796124327,0.1426136350503464,off,off
2014-12-29,-0.6848109679229779,0.9815004612513508,-0.7407588949680439,2.814280524515283,0.5925527807189029,0.38991733698787345,off,off
2014-12-30,-0.6018265620735505,1.0118766325922317,-0.7459192894896975,2.7534204238058195,0.6043878012087008,0.44089867630793295,off,off
2014-12-31,-0.2860009628017084,1.0476000808534283,-0.748348913436685,2.823415706526044,0.7091664777852698,0.6925218536702631,off,off
2015-01-02,-0.421637725230258,1.084950248688896,-0.7180367460668954,3.036409266798558,0.7454212610475751,0.695551187676313,off,off
2015-01-05,-0.21644532351196552,1.2276627393498822,-0.6768247336934946,3.1095280410592614,0.8609801808009209,0.939803968678212,off,off
2015-01-06,-0.1008222988758793,1.310539623686089,-0.31079047620010586,3.1333866554382896,1.0080783760120984,1.2492962322442351,off,off
2015-01-07,-0.27514934427292864,1.2580769093378248,-0.30251115424520714,3.22957512178482,0.9774978831511273,1.1374133916754823,off,off
2015-01-08,-0.49666019016788193,1.142927477028312,-0.30242651718519625,3.3488160841853047,0.9231642134651347,0.9683097164816394,off,off
2015-01-09,-0.4444695274932769,1.1169807142020494,-0.4280079552473177,3.2234031190970627,0.8669765876396294,0.9111756323781932,off,off
2015-01-12,-0.24674850457849654,1.1498038039918452,-0.3923573482800748,3.224703339396834,0.933850322632527,1.0800064123844355,off,off
2015-01-13,-0.15412591776014622,1.158829281542807,-0.36217828779972616,3.303140688433578,0.9864164411041282,1.1854209521835455,off,off
2015-01-14,-0.06536232491441536,1.2015203550404574,-0.29919834990557603,3.2532987941247598,1.0225646185863064,1.2828309135606917,off,off
2015-01-15,0.022436479993311036,1.3205618975004605,-0.29911500629040105,3.2939994348423705,1.0844707015114352,1.4059331663399544,off,off
2015-01-16,-0.11651234130464817,1.2203869429661418,-0.09936856049399896,3.3289456071796844,1.0833629120867947,1.3999164098701575,off,off
2015-01-20,-0.21878358122954647,1.262975287193773,-0.1540601911480825,3.4582373742565626,1.0870922222681767,1.3580026886668355,off,off
2015-01-21,-0.31911729468229333,1.2009948843619052,-0.21695948241067406,3.407467838729882,1.0180964864997049,1.215660467051695,off,off
2015-01-22,-0.5555605947115173,1.1807913696440298,-0.3044889591699462,3.747020259207903,1.0169405187426173,1.0996497998478987,off,off
2015-01-23,-0.5302711758296781,1.2419309127573543,-0.17299156190834436,3.9305364313295597,1.1173011515872229,1.263944157859527,off,off
2015-01-26,-0.6401855029536324,1.190275483600788,-0.29891440393028357,3.8622904825568543,1.0283665148184316,1.112670787824629,off,off
2015-01-27,-0.47576145008715015,1.205601664430364,-0.27418038900577213,3.645040200230913,1.0251750063920886,1.178482319301177,off,off
2015-01-28,-0.16450019808215996,1.2986151955028604,-0.26862582278701846,3.747852834342842,1.153335502244131,1.4650784299522321,off,off
2015-01-29,-0.32682310591690117,1.2354360525685943,-0.26307192049399714,3.8131821728306305,1.1146807997470818,1.3496060254223445,off,off
2015-01-30,-0.11309227597943335,1.3499623040621367,-0.263000372923278,3.803297574180344,1.1942918073349422,1.541855451409193,off,off
2015-02-02,-0.261972819119894,1.332696425471323,-0.22180384036475398,3.7118812601019764,1.1402002565221627,1.4586337970871956,off,off
2015-02-03,-0.4649932053344889,1.1865355041860128,-0.0955942880560398,3.4689442175301095,1.0237230570813984,1.24540373268041,off,off
2015-02-04,-0.3681228707331027,1.2449807345383717,-0.10654212914385496,3.556524392323888,1.0817100317463255,1.3583015861993881,off,off
2015-02-05,-0.5112014949811152,1.1483107511821191,-0.08730812970987392,3.7238594880589173,1.068415153637512,1.2817170272696887,off,off
2015-02-06,-0.46846291285590247,1.0266616221740503,-0.06807426600603671,3.709873809194636,1.0499995631266867,1.264005307470263,off,off
2015-02-09,-0.34636782627620805,1.0593242393205513,-0.02962380195384846,3.633223781459498,1.0791390981374982,1.385239389485931,off,off
2015-02-10,-0.47405519475663743,0.9925566792292067,-0.022751485741155108,3.6978604761732736,1.048402618726172,1.2945676587738855,off,off
2015-02-11,-0.5000498871012082,1.002775652436407,-0.0543318399818789,3.7415862674629343,1.0474950482040635,1.2796005654794633,off,off
2015-02-12,-0.6567603233358738,1.0310753180078833,-0.12574769590140447,3.5033903586791246,0.9379894143624324,1.0725479834603948,off,off
2015-02-13,-0.7194660710621743,0.9722436447188815,-0.13121121604303945,3.518987428860538,0.9101384466185514,1.0071942121242707,off,off
2015-02-17,-0.6116858081662649,0.9284615026191847,-0.12018280862873655,3.472444129406766,0.9172592538077373,1.077243559162152,off,off
2015-02-18,-0.6453775849223701,0.9298777452737367,-0.13114937866407525,3.4956029643131297,0.9122384365001053,1.0573397122255015,off,off
2015-02-19,-0.6606475888361051,0.9526527852669608,0.0641375606839205,3.5332233319616124,0.9723415222690972,1.1673213174779493,off,off
2015-02-20,-0.7563286925873601,0.9386297038616299,0.058619898663941815,3.4844031390238137,0.9313310122405063,1.0778113725875709,off,off
2015-02-23,-0.7308354172467093,0.9666473251027801,0.042096263232757336,3.551239001560298,0.9572867931622815,1.1209265948045726,off,off
2015-02-24,-0.8148595561874878,1.0257645762681513,-0.056991179941820874,3.519560882654822,0.9183686806984162,1.0543120322377868,off,off
2015-02-25,-0.7999812316069761,0.9996431551002821,-0.12854980336177588,3.439549608122007,0.8776654320633843,0.9899908369264558,off,off
2015-02-26,-0.7928661724760077,0.9427856498501285,-0.1560515803563392,3.6905823508211806,0.9211125619597406,1.0423725127277232,off,off
2015-02-27,-0.8477882664519455,0.9658514713906157,-0.13122392765677865,3.6673748513528537,0.9135535321586863,1.0198923156242885,off,off
2015-03-02,-0.8764994464170445,0.8900537152480075,-0.1642483962615616,3.704698224142897,0.8885010241780746,0.9644394920695936,off,off
2015-03-03,-0.7966218549422377,0.9143648019899899,-0.12011763559953964,3.671808517580295,0.917358457257127,1.0656447240857796,off,off
2015-03-04,-0.7604220905346337,0.9270191690486548,-0.1504053274345385,3.7997413916370752,0.9539832856791395,1.1248479669326295,off,off
2015-03-05,-0.7785433161016475,0.9207475003480713,-0.18896245273883616,3.8828256019188747,0.9590168333566156,1.1198778489376382,off,off
2015-03-06,-0.6657346863559667,0.8733288335483976,-0.2633652741631628,4.1615337534402155,1.026440656617371,1.2353032317380066,off,off
2015-03-09,-0.6790728709341374,0.9396710794284843,-0.33500361689631397,4.135405710011785,1.0152500754024545,1.209802019646926,off,off
2015-03-10,-0.5206869766536777,0.9984718694704168,-0.3238755507622741,4.358860970765187,1.1281925782049131,1.468770218442019,off,off
2015-03-11,-0.5030534178639466,1.0228788881823865,-0.3072302381821623,4.612837940186778,1.206358293080764,1.5910230740219087,off,off
2015-03-12,-0.6436247193251856,0.9900812820315417,-0.29058649629081856,4.436180919682691,1.1230127465245572,1.4281300601948377,off,off
2015-03-13,-0.587098532339988,0.9960893367330236,-0.27670468839065787,4.6862130459911295,1.204624790498377,1.5655490833995995,off,off
2015-03-16,-0.6247628359805929,1.017171764133253,-0.3125253977446325,4.491553922658156,1.1428593632665458,1.4613185755982954,off,off
2015-03-17,-0.6196905087948673,1.0883830238860361,-0.27101220896475764,4.465604574254516,1.1658212200952318,1.5714443222619399,off,off
2015-03-18,-0.7835797910339823,1.1235788689040953,-0.28751441865304644,4.205038266041499,1.0643807313146414,1.3718437048554095,off,off
2015-03-19,-0.7735529505014709,1.1537250179725795,-0.22941056307197005,4.310535238659654,1.115324185764698,1.459861144523228,off,off
2015-03-20,-0.8752077751886586,1.1000278163501216,-0.26527969427678194,4.020053568513654,0.9948984788495837,1.242510335365657,off,off
2015-03-23,-0.8369483740554485,1.1157617941221507,-0.3094391078885589,3.8040535695519218,0.9433569704325162,1.1708007169088281,off,off
2015-03-24,-0.8161973313552956,1.1144044617661175,-0.342534273935736,3.8254720962109174,0.9452862381715008,1.218740149824735,off,off
2015-03-25,-0.6390619340186212,1.1070015794711576,-0.3286108392067258,3.7634457172114018,0.975693630864303,1.3137090446631026,off,off
2015-03-26,-0.6038577062003998,1.0412051930629718,-0.27319521602799757,3.8522274635760643,1.0040949336026597,1.3706889040055243,off,off
2015-03-27,-0.6745930876056192,1.074936077251932,-0.27312199060344766,3.8036246415825694,0.9827114101563587,1.3198631867281423,off,off
2015-03-30,-0.7287728142240263,1.0633157541414273,-0.26751358789682905,3.9423545263729576,1.0023459695983823,1.3366584421758112,off,off
2015-03-31,-0.6526795200680949,1.095136961964012,-0.2757468310871617,4.0102687117029925,1.044244830627937,1.4666270480089956,off,off
2015-04-01,-0.6699465666658494,1.1222648670286437,-0.28951703992632327,3.955821201035646,1.0296556153680294,1.4382015008806017,off,off
2015-04-02,-0.712484510641969,1.095798859420491,-0.3254413064874569,3.7746726674221414,0.9581364274283016,1.3086278580201856,off,off
2015-04-06,-0.7054106793683272,1.0821038463578907,-0.47215674028280175,3.6880723964392113,0.8981522057864932,1.200830654592869,off,off
2015-04-07,-0.7012579767955149,1.0636271604317844,-0.5052564043751882,3.8320541937957073,0.9222917432641972,1.237820497103232,off,off
2015-04-08,-0.7788040973225121,1.0619028608435666,-0.4441407896852598,3.8694165056869143,0.9270936198806773,1.2737323535962637,off,off
2015-04-09,-0.8650528171345963,1.017236857726106,-0.47726542009289896,4.090357438334065,0.9413190147081689,1.275607368735292,off,off
2015-04-10,-0.914277650486932,1.0069706960241451,-0.5048386620212137,4.122055846224026,0.9274775574350065,1.2395299781920048,off,off
2015-04-13,-0.7815808206714296,1.023007929549841,-0.5601274493375937,4.125231911307943,0.9516328927121902,1.3060643679380282,off,off
2015-04-14,-0.8075342795455495,1.0425015261466815,-0.5876716994364827,3.9506164077893735,0.8994779887385057,1.211442728862277,off,off
2015-04-15,-0.8879482044551001,1.0065995230195124,-0.6373904002819398,3.8426320493071295,0.8309732418974005,1.120964984175131,off,off
2015-04-16,-0.9109021761041323,1.0223033987940233,-0.6538083757803382,3.633909110346761,0.7728754893140785,1.0152210840354852,off,off
2015-04-17,-0.7849826069035436,1.0837581863125114,-0.5981010692389311,3.6424155827840567,0.8357725232385234,1.1517675007512116,off,off
2015-04-20,-0.8420787438865616,1.0341609390951003,-0.622868651217638,3.7185251611848016,0.8219346762939256,1.1153448210524817,off,off
2015-04-21,-0.8465880318616881,1.0239150317333694,-0.6393026121688434,3.713380157029026,0.812851136182966,1.0980320293608705,off,off
2015-04-22,-0.8987771443200018,0.9638898033800897,-0.6390798565421967,3.7082672865256887,0.783575022260895,1.0732553795689015,off,off
2015-04-23,-0.9207572386579888,0.9946026719886428,-0.6305310758672449,3.5395681218588346,0.7457206198305609,1.001914079418302,off,off
2015-04-24,-0.9388263276452712,0.9967947330356264,-0.6747265422087937,3.4524263864594382,0.7089170624102499,0.93183693063848,off,off
2015-04-27,-0.8576143513055691,0.9847727750884763,-0.6911407121603216,3.410126749627917,0.7115361153126256,0.9515650092698607,off,off
2015-04-28,-0.9263493668675012,0.9366059507256631,-0.6381344958008269,3.257837830018261,0.657489979518899,0.8459113063482439,off,off
2015-04-29,-0.8305387944123062,0.8660496070551086,-0.6101424829787748,3.046713834187887,0.6180205409629786,0.8185844835535806,off,off
2015-04-30,-0.7172638471207864,0.8807702506990015,-0.5710501222766248,2.930956776436159,0.6308532644344373,0.8624122763208243,off,off
2015-05-01,-0.8971125080403111,0.8138023824905326,-0.470849022580838,3.0692189475070797,0.6287649498441158,0.8310980263506531,off,off
2015-05-04,-0.8821103447601669,0.7807322057481492,-0.4095721457290024,3.098599832489304,0.646912386937071,0.868939744597669,off,off
2015-05-05,-0.7395639729974384,0.7764014332262122,-0.22599874954364338,3.0182686545513913,0.7072768413091305,1.007732132214835,off,off
2015-05-06,-0.6574721476971435,0.761387297229463,-0.1341861075372141,2.8045903916435715,0.6935798584096692,1.0155752651322447,off,off
2015-05-07,-0.6591887044164907,0.8061026401660986,-0.17308822432091728,2.899374350341893,0.718300015442646,1.0582152965160057,off,off
2015-05-08,-0.8800828077834838,0.7827360795310285,-0.4150474663074666,2.9276123073546305,0.6038045281986771,0.8087693056602855,off,off
2015-05-11,-0.783261955707034,0.7398960307101706,-0.32590023637755483,2.9658537008507824,0.649146884869091,0.9109461148133332,off,off
2015-05-12,-0.781977248424228,0.7248683905830039,-0.23397754775972865,2.8604845757176243,0.6423495425291679,0.9007691793163808,off,off
2015-05-13,-0.7914113555030553,0.7301507994750371,-0.28402043483752326,2.6680001954726578,0.5806798011517791,0.7992428001406685,off,off
2015-05-14,-0.8904818736610217,0.7137194663373947,-0.3507631184279804,2.6095904629016093,0.5205162342875005,0.6721862805297827,off,off
2015-05-15,-0.9251665922353636,0.7657312935881786,-0.35066650443667724,2.5597206244456867,0.5124047053404561,0.649338264402612,off,off
2015-05-18,-0.8906424293256096,0.6985815763853835,-0.2113037728971461,2.7688288069298235,0.5913660452731129,0.8054379450762099,off,off
2015-05-19,-0.8785575760987859,0.6558680540847499,-0.226015690899881,2.9823594563461318,0.6334135608580537,0.8871969298269788,off,off
2015-05-20,-0.8752527432053407,0.6824247269443942,-0.22651475710879468,3.0116271428961277,0.6480710923815967,0.9283082160133946,off,off
2015-05-21,-0.9499132875614062,0.7191033690849111,-0.2696599126282094,2.9657947627038324,0.616331232899782,0.8556328442223535,off,off
2015-05-22,-0.9475221208600337,0.7027594042790993,-0.22581837012144995,3.110072036172398,0.6598727373675034,0.938724886354288,off,off
2015-05-26,-0.7589742358186999,0.7743799170304425,-0.2901765827621406,3.361539859868928,0.7716922395796325,1.173258791742952,off,off
2015-05-27,-0.8356928263971011,0.7609354961303939,-0.3280321686512837,3.365507592534533,0.7406795234041356,1.1042369175326912,off,off
2015-05-28,-0.8314466371996193,0.7421665936987151,-0.3642097440683298,3.275359155763827,0.7054673420486482,1.0647507291550595,off,off
2015-05-29,-0.7794303651182888,0.7307276909637985,-0.36410901187067496,3.254026987940847,0.7103038254789205,1.081739991311326,off,off
2015-06-01,-0.766448364035137,0.6676863159267277,-0.34028564836987685,3.3404634896976653,0.7253539483048448,1.1159953642434386,off,off
2015-06-02,-0.7398208486433957,0.6311677032074432,-0.22992583912534925,3.0224339073238458,0.670963730690636,1.0163254660550687,off,off
2015-06-03,-0.7961092316464057,0.6195582842077547,-0.10951748072854288,2.94150521502992,0.6638591967156815,0.9944911353922269,off,off
2015-06-04,-0.6933737127406793,0.7128317709853756,-0.09831825866276502,2.932618829062639,0.7134396571611427,1.117625946237208,off,off
2015-06-05,-0.7419019380017229,0.6896677127611113,-0.19076534039160753,3.0939290208683428,0.7127323638090309,1.1141238922980177,off,off
2015-06-08,-0.6362460124298133,0.6817405221333225,-0.22704328712691865,2.8865796839865205,0.6762577266407778,1.0570709881414013,off,off
2015-06-09,-0.71604875376405,0.6500667867820703,-0.2381649620263616,2.8544040923871363,0.6375642908446988,0.9743602271672933,off,off
2015-06-10,-0.8377687762995284,0.6047104512626571,-0.16541793248979353,2.745681462304134,0.5868013011943672,0.8620968429077145,off,off
2015-06-11,-0.8735285124393911,0.6806756258240663,-0.22130204592340647,2.80487185454239,0.5976792305009146,0.8916709249281562,off,off
2015-06-12,-0.7823920286899632,0.7022965409284839,-0.22404270344492377,2.7968775781392967,0.6231848467332234,0.9505966288074253,off,off
2015-06-15,-0.6249231245025486,0.7524315655424103,-0.2715432585992407,2.759544576405612,0.6538774397115583,1.0261962181972317,off,off
2015-06-16,-0.6813410192805089,0.7176587520653769,-0.27986691773205197,2.790955323195981,0.6368515345621992,0.989330712964503,off,off
2015-06-17,-0.7113687459990982,0.7263795306828132,-0.3721500644672855,2.648268094174645,0.5727822035977685,0.8611590912497609,off,off
2015-06-18,-0.8390277274196123,0.664920471038646,-0.36644897651623193,2.5923925393641882,0.5129590766167476,0.7466714721757142,off,off
2015-06-19,-0.7634889711293981,0.717858433377835,-0.30755156092367825,2.597292554687164,0.5610276140029807,0.8437341764384176,off,off
2015-06-22,-0.8823407341328878,0.6067376166603657,-0.31587134517205745,2.639131881035157,0.5119143545976443,0.7434146371916637,off,off
2015-06-23,-0.943482532166521,0.5887582510432734,-0.32138953670283094,2.847698135890887,0.5428960795162021,0.8014712792995152,off,off
2015-06-24,-0.8307422530885936,0.6496240146432992,-0.36332879649916916,2.8084824405692683,0.5660088514062012,0.8554256993494684,off,off
2015-06-25,-0.7571439084202477,0.6647761549541211,-0.3458552906489656,2.788909196179665,0.5876715380161431,0.917976104645781,off,off
2015-06-26,-0.7558789025594417,0.64573884081494,-0.3182933851208193,2.8370957396358554,0.6021655731926336,0.9481139233936176,off,off
2015-06-29,-0.2835911073709521,0.8179763443318765,-0.1640113706127721,2.6997304786565657,0.7675260862511795,1.3030939274142024,off,off
2015-06-30,-0.3441270071772448,0.7442834720761227,-0.09386230102859472,2.8291613634475503,0.7838638818294583,1.3346662685582733,off,off
2015-07-01,-0.5532645809961807,0.7242639154831724,-0.14993967366694755,2.9806049992846826,0.7504161650261817,1.2524394234345624,off,off
2015-07-02,-0.4846419937579169,0.7250290684887561,-0.2144324225130284,2.9351593472554445,0.7402784998683138,1.2595228800220746,off,off
2015-07-06,-0.46298064568963687,0.804989982478714,-0.2654517913478608,2.9647366540797813,0.7603235498802494,1.2971718836710635,off,off
2015-07-07,-0.5528399850056638,0.8414540621469803,-0.14412540024427561,3.06662678358575,0.8027788651206977,1.3670959608254152,off,off
2015-07-08,-0.20336136032059632,0.9107437427091744,-0.17497344903741174,2.948395414726249,0.8702010870193538,1.5278722136601588,off,off
2015-07-09,-0.17296896892352925,0.8127516063345769,-0.17773820891785289,3.0024215530012595,0.8661164953736136,1.5324321696277243,off,off
2015-07-10,-0.48030924553905135,0.6774599827091472,-0.15241409208652487,2.8850262048671764,0.7324407124876868,1.2659100386130615,off,off
2015-07-13,-0.7669875971628568,0.6428465982237175,-0.30689965624456955,3.035939036114997,0.6512245952328221,1.0923758429796617,off,off
2015-07-14,-0.8185732015601864,0.6636971029522108,-0.41640745721404565,2.9868750325052207,0.6038978691707999,0.994754855628998,off,off
2015-07-15,-0.8319488628562489,0.6925690731590477,-0.4640669322823974,3.0722846728046322,0.6172094877062584,1.0221160598111265,off,off
2015-07-16,-0.941245257686814,0.6921642486540488,-0.551066218783164,3.1644262535524845,0.5910697564341388,0.9666805823978262,off,off
2015-07-17,-0.9564801037475459,0.7297099078726343,-0.6012127922981456,3.1936564874579028,0.5914183748212114,0.9907049658998177,off,off
2015-07-20,-0.9266745972802336,0.7548853150256701,-0.640657565397288,3.2169609953524185,0.6011285369251418,1.0130446491958005,off,off
2015-07-21,-0.9291979712183593,0.7977051791269354,-0.651687884534803,3.0772672274639787,0.573521637709438,0.9489218622416296,off,off
2015-07-22,-0.9385719931359905,0.8830714605017791,-0.6599016997639761,3.1199800688519095,0.6011444591134305,0.9974197149229507,off,off
2015-07-23,-0.8872412364875476,0.9210757708818875,-0.6456119096117516,3.0225133699886184,0.6026839986928016,0.9969375236080371,off,off
2015-07-24,-0.7791560362253909,0.9471690343818507,-0.6341408114017628,3.0375152075393763,0.6428468485735184,1.1071445834546818,off,off
2015-07-27,-0.5966904565638979,0.9938684600863544,-0.6564347536982501,2.8926543902450477,0.6583494100173135,1.1424952074032686,off,off
2015-07-28,-0.8080734516801393,0.9262449555500052,-0.6646508419601251,2.9362504648974177,0.5974427817017895,1.0128559322166333,off,off
2015-07-29,-0.8998211356620629,0.8526175185024721,-0.7260477394963117,2.9683726383541273,0.5487803204245563,0.9198917403668517,off,off
2015-07-30,-0.935669656652167,0.8254580338746721,-0.6838499536648409,3.0685337871118663,0.5686180526673826,0.9618358538374019,off,off
2015-07-31,-0.936229548436096,0.9005932826995172,-0.5541263580140702,3.0259009009609215,0.6090345693025682,1.0494256179822026,off,off
2015-08-03,-0.8927131353498101,0.9642406277913532,-0.5849233848003745,3.0406470870887703,0.6318127986824847,1.0945856046643763,off,off
2015-08-04,-0.8492288857267244,0.9020779224100617,-0.4222508727532787,3.113980424177159,0.6861446470268043,1.2076695236030903,off,off
2015-08-05,-0.8968820010137061,0.8740419290625178,-0.41565371164037745,3.1115437257057588,0.6682624855285483,1.1705796557678594,off,off
2015-08-06,-0.7730505198104148,0.9396900234380564,-0.42680642644555,3.0798769684049514,0.7049275113967608,1.2456059075839423,off,off
2015-08-07,-0.8099910138401367,1.0106217360803236,-0.542213262136073,3.0229408027750275,0.6703395657197854,1.1956541768012199,off,off
2015-08-10,-0.9233352648628361,0.935622563071718,-0.5674083948523948,2.9428064181360685,0.5969213303731389,1.044633171739265,off,off
2015-08-11,-0.7779001432208564,1.030317897574265,-0.4883096728749327,2.959684070887767,0.6809480380915607,1.2098122715487283,off,off
2015-08-12,-0.787403647579468,1.0280049754759846,-0.39231080458025563,2.7658329074335164,0.6535308576874443,1.1361787687883211,off,off
2015-08-13,-0.79886197860847,1.0038064670092668,-0.43450118740066807,2.7945984154529984,0.6412604291132817,1.117573156083969,off,off
2015-08-14,-0.8632442226379298,1.0073840751222276,-0.51616731445147,2.810473873581699,0.6096116029036317,1.0755208260819766,off,off
2015-08-17,-0.8442613928752691,1.041506953510709,-0.544218787654443,2.849710521663173,0.6256843236610425,1.1101318437660739,off,off
2015-08-18,-0.7684298171922505,1.0136133694519636,-0.3578442675126587,2.8705998082000503,0.6894847732367761,1.2353573926107886,off,off
2015-08-19,-0.6249759437654693,1.0753951948048264,-0.39161269913589347,2.772472124314122,0.7078196690543964,1.2695193991076683,off,off
2015-08-20,-0.24319375707051705,1.1337303759117587,-0.3040035986005489,2.6390552186066216,0.8063970597118286,1.4692280010164727,off,off
2015-08-21,0.6291577724099222,1.1745360650724235,-0.19381334282282647,2.4687331619050243,1.019653414141136,1.9327542697865208,off,off
2015-08-24,1.8748202530830564,1.2319136210640753,-0.024318859836820885,2.1915279510658925,1.318485741344051,2.561340762778057,off,off
2015-08-25,1.4107575025784929,1.1555078620167663,-0.12035634373888848,2.407502730244084,1.2133529377751135,2.3566756439767014,off,off
2015-08-26,0.8513358650448793,1.0591078339966027,-0.09489831196563739,2.505773025405963,1.080329603120452,2.0750792332321426,off,off
2015-08-27,0.437274988826464,0.9884665629079386,-0.11183228686693815,2.592705630816105,0.9766537239208923,1.8596528293310666,off,off
2015-08-28,0.4322480560222685,0.9977046273017839,-0.12028588328040313,2.67728054315969,0.9967368358008348,1.909678913896574,off,off
2015-08-31,0.6655632609281795,0.9850247682225661,-0.21638873804411826,2.643579528892983,1.0194447049999027,1.9727952382216642,off,off
2015-09-01,0.9566055929603434,1.101085017470109,-0.188054976588209,2.5495286027474786,1.1047910591474306,2.137218854855821,off,off
2015-09-02,0.43534869472929816,1.0407715088581833,-0.06354556758936251,2.6126192483834214,1.006298471095385,1.9148750482436767,off,off
2015-09-03,0.3881258792728547,1.0764870516040612,-0.11163016660632047,2.7108074545366962,1.0159475547018229,1.939950656555256,off,off
2015-09-04,0.6029471262324182,1.1112250998863256,-0.2417838643736672,2.6735535527945715,1.036485478634912,2.0010749890242177,off,off
2015-09-08,0.31809773889512466,1.0017360810395937,-0.28701265076955323,2.606434079243475,0.9098138121021601,1.741360720328371,off,off
2015-09-09,0.4485981378976629,1.0383689692026783,-0.2897704463134564,2.6246420217423796,0.9554596706323161,1.8374627509542165,off,off
2015-09-10,0.26581426994505997,0.9901106411977643,-0.3321724326159925,2.5226069064879617,0.8615898462536984,1.6385130113589554,off,off
2015-09-11,0.1508179610177495,1.0008950024218317,-0.32642072088013746,2.4705855183928893,0.8239694402380833,1.5507287885239318,off,off
2015-09-14,0.25394720665497295,1.0182506668962026,-0.35749757367715174,2.4770315166522376,0.8479329541315654,1.6113698525530709,off,off
2015-09-15,0.0858326225593953,0.938377324551886,-0.2922320859064769,2.5362501008202036,0.817056990506252,1.5515424397037556,off,off
2015-09-16,-0.031165257847665506,0.9968464361501735,-0.29499151067176893,2.4984135860075627,0.7922758134095754,1.4863496248332604,off,off
2015-09-17,-0.05180587453348596,1.0763495193705719,-0.4990079587530028,2.341342451750293,0.7167195344585942,1.324543894906451,off,off
2015-09-18,0.06032166091523458,1.1379913491313078,-0.5527238603397236,2.392181909232294,0.7594427647347781,1.4180490235087666,off,off
2015-09-21,-0.15020337276950033,1.1029114535947524,-0.5894124481637412,2.5689004269521827,0.7330490149034234,1.3891480861350438,off,off
2015-09-22,0.07613473560680115,1.2256003320499254,-0.5580334366952703,2.632543246780257,0.8440612194354283,1.6122708288182415,off,off
2015-09-23,0.04560799565533984,1.2371720353147129,-0.7393620332351,2.5909648101913123,0.7835957019815663,1.4983090753627608,off,off
2015-09-24,0.17750383555130006,1.2905291343758216,-0.5348815264088553,2.572322772929447,0.8763685541119284,1.6656654107833577,off,off
2015-09-25,0.19222968194751944,1.311598279345156,-0.5489050038313033,2.6165154263868016,0.8928595959620435,1.7030184805332327,off,off
2015-09-28,0.5870555470592442,1.4895122424903908,-0.5203627937490107,2.5699509475395557,1.031538985835045,1.9765987735685897,off,off
2015-09-29,0.5080882667186052,1.5029445938003176,-0.338566156452218,2.54104646621221,1.0533782925697288,1.9972051537541704,off,off
2015-09-30,0.27842248474063647,1.4353800424491812,-0.38673830647422286,2.6164439628356244,0.9858770458878048,1.8736271713354826,off,off
2015-10-01,0.0862098482615498,1.5180936054357308,-0.38947350565025546,2.583916986707682,0.9496867336886768,1.7808673435736788,off,off
2015-10-02,-0.07249185967057144,1.552023131861221,-0.46320536227683184,2.516965781098806,0.8833229227531559,1.6362486508360892,off,off
2015-10-05,-0.21048891060542071,1.4003102091480986,-0.502837981883925,2.5610596790452167,0.8120107489259925,1.5220713339221095,off,off
2015-10-06,-0.22424174993404408,1.362789054348076,-0.42314709481219126,2.4442939542184585,0.7899235409550748,1.459943246685119,off,off
2015-10-07,-0.3228084731282547,1.292137689002833,-0.4315548798219891,2.4472144420370157,0.7462471945224012,1.3781609489853468,off,off
2015-10-08,-0.4193905370469518,1.20635008701926,-0.4456450979797268,2.412204562932029,0.6883797537311527,1.2654537216772612,off,off
2015-10-09,-0.4528175587218526,1.2089652339590156,-0.48247236346350186,2.3205619795325805,0.6485593228265604,1.175957866857614,off,off
2015-10-12,-0.5424779561408077,1.2706028845950865,-0.4823334961042635,2.3222670085435393,0.6420146102233887,1.16047933156755,off,off
2015-10-13,-0.39428498866509243,1.286452661504124,-0.5362189897023071,2.3050600253833573,0.6652521771300205,1.2122469595049523,off,off
2015-10-14,-0.35864274512135386,1.3342380374268406,-0.5787143731459822,2.1591453099482054,0.6390065572769275,1.1399355949214454,off,off
2015-10-15,-0.5540265242421806,1.3042813142287,-0.584222683614789,2.231797088286554,0.5994572986645711,1.068347036353769,off,off
2015-10-16,-0.6525895062537694,1.2590194353267772,-0.5811955209392807,2.2578278635661957,0.5707655679249807,1.016226905683419,off,off
2015-10-19,-0.6592845843239888,1.2290465201565202,-0.6862755963831485,2.3265336629102613,0.552505000589911,1.0085983928874274,off,off
2015-10-20,-0.5830218405613365,1.198625846239437,-0.6831954775509691,2.304251411666884,0.5591649849485039,1.0240865872945089,off,off
2015-10-21,-0.48900044848895446,1.261164937896721,-0.7227982271402095,2.335042793077697,0.5961022638363135,1.1012822310771282,off,off
2015-10-22,-0.7111387711371112,1.2790347047624957,-0.7140050757505514,2.5516184540075026,0.601377327970584,1.1327515056930175,off,off
2015-10-23,-0.7099018820337155,1.2029616797941562,-0.6909858089250871,2.671476705717043,0.6183876736380992,1.189790354193164,off,off
2015-10-26,-0.6276432526912206,1.2321832476885226,-0.7220591478808345,2.63073102152749,0.6283029671609894,1.2173951709524768,off,off
2015-10-27,-0.6136043686917975,1.268473504831471,-0.7189571158919651,2.6343891975387868,0.6425753044466238,1.2423343511517346,off,off
2015-10-28,-0.7221280684020349,1.1981961225303719,-0.7044687700816249,2.777015486072308,0.6371536925297551,1.256209884386133,off,off
2015-10-29,-0.6941969209365023,1.1503195385162563,-0.6244946198277909,2.686796583741667,0.6296061453734076,1.2266416472353279,off,off
2015-10-30,-0.6484832116581094,1.1646321398912045,-0.62429326263839,2.6259017984289765,0.6294393660059204,1.216927990123045,off,off
2015-11-02,-0.7392300494716496,1.104236633389778,-0.6212437401518477,2.617727081692205,0.5903724813646214,1.156174387552773,off,off
2015-11-03,-0.7004027009168028,1.093386943474479,-0.6181952086632809,2.6517469966687184,0.6066340076407783,1.1954600029713944,off,off
2015-11-04,-0.6042317362781824,1.1119974587000105,-0.49547447818106477,2.779778329049263,0.6980173933225066,1.3849417607216823,off,off
2015-11-05,-0.6495406747496638,1.155286534193167,-0.5209814120005254,2.7724934010216997,0.6893144621161694,1.3631670281209263,off,off
2015-11-06,-0.7205499581328731,1.1369075989580248,-0.589236508817556,2.9714950545452785,0.6996540466382186,1.4215710960863261,off,off
2015-11-09,-0.5036221226619542,1.1626747604966234,-0.5890528814916041,2.934637050813837,0.7511592017892256,1.536978562070124,off,off
2015-11-10,-0.625196127478355,1.2125242536008354,-0.6972078930317489,2.9799053277776464,0.7175063902170945,1.480863314047864,off,off
2015-11-11,-0.5487870531898614,1.2359588901356624,-0.696968434128308,2.9264366200863443,0.7291600057259593,1.4936859085596628,off,off
2015-11-12,-0.3199366571808089,1.301714563177284,-0.696729221818348,2.8600578213423966,0.786276626380131,1.5920579468530738,off,off
2015-11-13,-0.1505175496071141,1.361638050090544,-0.7592297814635917,2.910514292827082,0.8406012529617302,1.7100044931404657,off,off
2015-11-16,-0.34065779810292357,1.3138754088532842,-0.7760655093324503,2.9788081157663333,0.793990054296061,1.6520334807612653,off,off
2015-11-17,-0.2732038779758985,1.3164011804947084,-0.6445684895467374,3.0034904116880896,0.8505298061650406,1.7549998732675995,off,off
2015-11-18,-0.4703172102263253,1.2983430714903563,-0.6614758963573789,2.99987240380739,0.7916055921785106,1.6397354985574808,off,off
2015-11-19,-0.4563110199810367,1.4212967534581369,-0.6954955058214969,2.8841035920584988,0.7883984549285254,1.6027978363058513,off,off
2015-11-20,-0.6068343759338506,1.4210123735579914,-0.6952577875693255,2.9734449695095395,0.7730912948910886,1.5866998127001206,off,off
2015-11-23,-0.591774981943571,1.4322672648825212,-0.6864585694147385,3.0045235806630193,0.7896393235468078,1.6439500153221231,off,off
2015-11-24,-0.5608582704216977,1.4211692923508537,-0.683371922774437,2.953311843532314,0.7825627356717583,1.6215160324188258,off,off
2015-11-25,-0.6340611968718662,1.418793189677165,-0.7088324777716906,2.990938998016269,0.7667096282624694,1.5999910266756259,off,off
2015-11-27,-0.6407981534036173,1.405263890241136,-0.7200070268570302,3.02007145874308,0.7661325421808922,1.606990265147688,off,off
2015-11-30,-0.5404188562092225,1.414926193366563,-0.7111901833216787,3.037531905533734,0.800212264842349,1.675749661605208,off,off
2015-12-01,-0.6850817371731772,1.4381940143696323,-0.6795332386082913,2.9701673089010248,0.7609365868722971,1.601041234693311,off,off
2015-12-02,-0.5618360392357034,1.4334611173661147,-0.6421772074625107,2.994367993137527,0.8059539659513568,1.690353144341064,off,off
2015-12-03,-0.3433531291513908,1.3222844002575547,-0.5762695790641575,2.6027166932517773,0.751344596323446,1.510446510709639,off,off
2015-12-04,-0.670788455278305,1.4007887853924095,-0.6703712940254818,2.716517808483257,0.6940367111429699,1.4226661153066171,off,off
2015-12-07,-0.5683338548940957,1.489595451387893,-0.6912913585704877,2.761514907479787,0.7478712863507742,1.5292441021407814,off,off
2015-12-08,-0.3934292300022481,1.601910454434431,-0.6299063014194808,2.725340962025446,0.825978971259537,1.6681737611237897,off,off
2015-12-09,-0.19371439387462602,1.545838707598348,-0.6382785509637563,2.539169507834415,0.8132538176485953,1.6104949505483965,off,off
2015-12-10,-0.2204885404646955,1.5631951942712257,-0.6409311587578147,2.6300493607307724,0.832956213944872,1.6664470342685145,off,off
2015-12-11,0.28131751466276034,1.7805512062429987,-0.5635357292181445,2.5656712341616523,1.0160010564623168,1.9741393516713548,off,off
2015-12-14,0.1162827871289805,1.7917551378583396,-0.47186295996679944,2.5660556092010243,1.0005576435553862,1.9334803987659739,off,off
2015-12-15,-0.06067929029932944,1.6297782786162418,-0.4316895273574817,2.6612547731637206,0.9496660585307879,1.8742756485817036,off,off
2015-12-16,-0.36787625923225653,1.5504752614367743,-0.7004498907160265,2.600179193893437,0.770582076345482,1.5553328159490463,off,off
2015-12-17,-0.26038828551860926,1.6729614103400352,-0.771719042066527,2.819885281691069,0.865184841111492,1.780532954411076,off,off
2015-12-18,-0.08526930117915925,1.7089036073528003,-0.7685772009555504,2.7229721075762763,0.8945073031985917,1.8105818169325523,off,off
2015-12-21,-0.28422087920234357,1.7454169030725986,-0.8083477703508868,2.6794149493499706,0.8330658007173347,1.683970290942949,off,off
2015-12-22,-0.4930976549414883,1.6112456588885093,-0.7937384564361006,2.6393252742335975,0.7409337054361295,1.5230726527800695,off,off
2015-12-23,-0.5954490552248732,1.555170074564424,-0.8191933311831787,2.650471230230094,0.6977497295966165,1.4524916339068648,off,off
2015-12-24,-0.5783472310546958,1.5906865339838294,-0.8331875383919075,2.5883476959032046,0.6918748651101077,1.424585552573483,off,off
2015-12-28,-0.4617124387439535,1.6369146227961335,-0.7842203698283076,2.574277173733993,0.7413147469894663,1.5047411831572923,off,off
2015-12-29,-0.5442169081322071,1.5263865860458838,-0.7839319284573669,2.5983846354392415,0.6991555962238878,1.441778018403302,off,off
2015-12-30,-0.4235719257387549,1.5177259486586119,-0.7807815363391091,2.620753634657613,0.7335315303095902,1.5228492696631182,off,off
2015-12-31,-0.33182737799184614,1.5271241816172674,-0.7661836953212692,2.673049450006091,0.7755406395775607,1.6118054329629887,off,off
2016-01-04,-0.0836762193379653,1.5805986071467304,-0.7372800349627325,2.7060348370220355,0.8664192974670171,1.781308033258828,off,off
2016-01-05,-0.21918053723192144,1.5658932598438082,-0.6620067711582199,2.7845430064381076,0.8673122394729437,1.7962481667820074,off,off
2016-01-06,-0.09453945861628303,1.6040044592666411,-0.6543449147485838,2.7443612074812846,0.8998703233457648,1.8424274318531126,off,off
2016-01-07,0.34413228472113083,1.6750313714422382,-0.5816708207356456,2.5880064982560014,1.0063748334209313,1.9910026670775198,off,off
2016-01-08,0.5454422756029185,1.7073596783036047,-0.6731584542602663,2.6337850070145983,1.053357126665214,2.096106773652839,off,off
2016-01-11,0.27504206120110763,1.6888675920799159,-0.6726501686859263,2.658867949151906,0.9875318584367507,1.9831861204369923,off,off
2016-01-12,0.09243295051070546,1.6998632877562272,-0.6724285739767727,2.6916184965158965,0.9528715402015141,1.927052101417598,off,off
2016-01-13,0.3667811715448762,1.836972447712602,-0.5736306693481544,2.6803372342241585,1.0776150460333707,2.131281527499576,off,off
2016-01-14,0.23995618841356867,1.7434086987084423,-0.5978198953635828,2.7003750378914293,1.0214800074124644,2.0471334803567633,off,off
2016-01-15,0.5462988546524434,1.8563108073679557,-0.470070266218107,2.675028664458591,1.1518920150652208,2.255134540438228,off,off
2016-01-18,0.5461382630888084,1.8544434408078365,-0.46994033057595214,2.695029086026101,1.1564176148366982,2.268985207294474,off,off
2016-01-19,0.44914218315060783,1.8428557739992393,-0.49103195147881,2.669770277958322,1.1176840709073397,2.1946530848913524,off,off
2016-01-20,0.6027838118132298,1.9200635271146245,-0.36181799737481457,2.6804088348831407,1.2103595441090451,2.3465361526867294,off,off
2016-01-21,0.5127251521320192,1.8254233641515694,-0.39299750730564037,2.6708027187440293,1.1539884319304945,2.251380753240751,off,off
2016-01-22,0.07805925383861374,1.6815279788203172,-0.48988246600816643,2.7449184541416853,1.0036558051981124,2.0218506121461854,off,off
2016-01-25,0.2588911025992294,1.7668229075080317,-0.5454192362538889,2.7071509749386116,1.0468614371979958,2.0883789240433814,off,off
2016-01-26,0.09393130968342346,1.7056362538427232,-0.552434937113035,2.7020693635154625,0.9873004974821435,1.9848446114443623,off,off
2016-01-27,0.1548863957302613,1.6923602365867245,-0.6447033622661162,2.6260441492315327,0.9571468548206006,1.919749146015359,off,off
2016-01-28,0.08586198072234189,1.6523939367321305,-0.6720568065045791,2.561267364767069,0.9068666189292406,1.8197706301060295,off,off
2016-01-29,-0.13617227389633973,1.6696075017943202,-0.5851268189321394,2.7261973918791176,0.9186264502112397,1.8781076239099304,off,off
2016-02-01,-0.15814710352650865,1.7146155194813093,-0.6004570453052264,2.627294286848152,0.8958264143744316,1.8066939224644343,off,off
2016-02-02,0.04199078968179484,1.8004841342635134,-0.48452209116227446,2.6026717192713322,0.9901561380135915,1.9498293262431332,off,off
2016-02-03,0.008957022271132967,1.7277624211148097,-0.4231944430876495,2.355815254155647,0.917335063613485,1.7470436818235224,off,off
2016-02-04,0.0279732874049213,1.7615104503360162,-0.3041161619973911,2.2266444883691663,0.9280030160281781,1.7132039199075657,off,off
2016-02-05,0.1821485634239378,1.8325860015224695,-0.36411240739709355,2.3094376459655286,0.9900149508787106,1.8490190055721372,off,off
2016-02-08,0.4444561977068933,1.991366566318947,-0.14553114352110447,2.2357640859459287,1.1315139266126661,2.0438398616071507,off,off
2016-02-09,0.49841413861137557,1.9926418573166762,-0.0782087715685038,2.1562948277917897,1.1422855130378344,2.0321852964837372,off,off
2016-02-10,0.4732344248620844,2.015569535656984,-0.23034266336847664,2.1260537061500724,1.096128750825166,1.9553559299430945,off,off
2016-02-11,0.6584212697896465,2.1071486894127758,0.05710860505427665,2.073025236735265,1.2239259502479911,2.1252143885792183,off,off
2016-02-12,0.3836966493694055,1.9127608455828504,-0.017431828873643373,2.13465395020307,1.1034199040704207,1.9518707119587342,off,off
2016-02-16,0.2543164924892377,1.856817149197887,-0.2160190769584614,2.2676594970660773,1.0406935154486852,1.9053046188218832,off,off
2016-02-17,0.07381627370240233,1.7743260958254368,-0.2744052258244549,2.2523578219241154,0.9565237414068749,1.7635647823321408,off,off
2016-02-18,0.006619794064969141,1.8416108825352624,-0.23604497150508674,2.273633880474948,0.9714548963925231,1.7874978099961023,off,off
2016-02-19,-0.1047045162491033,1.8146638796008088,-0.12136821992993259,2.2172984579720043,0.9514724003484443,1.7226167516573443,off,off
2016-02-22,-0.22003900386214623,1.7499997962767657,-0.2639278390094361,2.3327997813001864,0.8997081836763424,1.685679085844269,off,off
2016-02-23,-0.05945412732456057,1.7873155311723403,-0.297573165419396,2.344606586195215,0.9437237061558996,1.767833763785847,off,off
2016-02-24,-0.08553354386853539,1.7789523340580695,-0.265514435191252,2.3381712186732364,0.9415188934178796,1.7592342716088312,off,off
2016-02-25,-0.2471219892934445,1.7795059793641412,-0.28418544827168374,2.3090616433826483,0.8893150462954154,1.6601824393518565,off,off
2016-02-26,-0.17678510186560226,1.7101717752229444,-0.33889044518586514,2.4358233509846268,0.9075798947890259,1.7416468053923304,off,off
2016-02-29,-0.10243281353373046,1.6122533765637261,-0.3142973803187874,2.441113813113229,0.9091592489561093,1.7500527433781374,off,off
2016-03-01,-0.38866391345002993,1.4264469844163883,-0.29028311032703935,2.4584393893971823,0.8014848375091252,1.576807145156412,off,off
2016-03-02,-0.449839641896904,1.512529721057142,-0.30665494969029405,2.4334869819943137,0.7973805278660644,1.5578316206595049,off,off
2016-03-03,-0.48890097529731374,1.5247505068378784,-0.3622629351237104,2.333401251575041,0.7517469619979739,1.4518437547936203,off,off
2016-03-04,-0.4726885549859468,1.4939867009378056,-0.46922586489080376,2.295457799269036,0.7118825200825228,1.385607564080339,off,off
2016-03-07,-0.4233133444051115,1.491889021193993,-0.47429296875953114,2.251678441420781,0.7114902873625328,1.3716789976847723,off,off
2016-03-08,-0.290507953274819,1.611357112795773,-0.3907425556700562,2.2696560347207018,0.7999406596429,1.5147881455706305,off,off
2016-03-09,-0.32361886327583694,1.5750222185995002,-0.40103596125531854,2.260548898984095,0.7777290732631099,1.4767082360527377,off,off
2016-03-10,-0.35270382880168427,1.5468003300500883,-0.3867826990772573,2.092578497617914,0.7249730749472652,1.332187480068555,off,off
2016-03-11,-0.5085179793756801,1.4559475666951296,-0.3702206765510025,2.1050580490666264,0.6705667399587684,1.2465480082258147,off,off
2016-03-14,-0.46612550519972995,1.5110821054931096,-0.43656873670034224,2.1698812422530818,0.6945672764615298,1.312186712893444,off,off
2016-03-15,-0.47404846497346437,1.597346950941651,-0.45523318205878793,2.168624235807783,0.7091723849292954,1.3335807803274553,off,off
2016-03-16,-0.6600748461812379,1.5782751137127442,-0.5796528320707526,2.0552767066706537,0.5984560355328519,1.1198619635635834,off,off
2016-03-17,-0.7152092704699514,1.5452357530299008,-0.6300530288520922,1.8840578428508497,0.5210078241396767,0.938138592576866,off,off
2016-03-18,-0.757235278390569,1.5439554722254234,-0.6630941113577312,1.9165062736100273,0.5100330890217877,0.9348727337535409,off,off
2016-03-21,-0.7801179648316062,1.5418509440520207,-0.6753110734706148,1.9592954281824568,0.5114293334830642,0.9526723794157815,off,off
2016-03-22,-0.7415927530082354,1.5485040196469957,-0.6667096161255265,2.0108834091565666,0.5377712649174501,1.0134705935785482,off,off
2016-03-23,-0.6638256449862611,1.640641463671591,-0.6676525112155737,2.068242548684781,0.5943514640386343,1.1239005557127681,off,off
2016-03-24,-0.6837497160154272,1.6775906481904614,-0.621173617235887,2.07922471484188,0.6129730074452567,1.1526060003615388,off,off
2016-03-28,-0.6331805433454678,1.7253491954731863,-0.5628520206156733,2.0470169467394483,0.6440833945628734,1.188470346504248,off,off
2016-03-29,-0.775981981395873,1.7301292537063915,-0.6214059288314874,1.9286691231465067,0.5653526166563845,1.0206219121781615,off,off
2016-03-30,-0.8018896054207397,1.6834058502058846,-0.6825419982112658,1.8790840208207547,0.5195145668486585,0.9347509603781502,off,off
2016-03-31,-0.7623203538690075,1.7069198896245978,-0.7326581376638248,1.840053667374637,0.5129987663666007,0.9142690865851384,off,off
2016-04-01,-0.8476648358658116,1.7467122089000822,-0.7844853279481233,1.8427261113724545,0.48932203911465044,0.8778497065063692,off,off
2016-04-04,-0.7446020637112994,1.7692222285225048,-0.8316538913483132,1.8246075577586687,0.5043934578053901,0.9026130819572482,off,off
2016-04-05,-0.6133743413829752,1.8324760236838264,-0.7459855767968617,1.8406660194588622,0.5784455312407129,1.0214436959063138,off,off
2016-04-06,-0.7472005808966449,1.7439761458659664,-0.7052138325314462,1.8092252108590625,0.5251967358242344,0.9214997412939753,off,off
2016-04-07,-0.5383403248527447,1.813994202124811,-0.6650383809082274,1.8149304945695126,0.6063864977333379,1.0529658910204056,off,off
2016-04-08,-0.6188236805733932,1.748179157795574,-0.6709056934056316,1.7776543457981124,0.5590260324036654,0.9643575115007665,off,off
2016-04-11,-0.5279059758503524,1.73308566275899,-0.7028264745330238,1.7330761460859054,0.5588573396153798,0.9532408439749506,off,off
2016-04-12,-0.669918838702356,1.6383640083890714,-0.7312585751906105,1.7330275262009218,0.4925535301742566,0.8493065067291582,off,off
2016-04-13,-0.7715386850351402,1.6073377693643518,-0.7683635543590023,1.846901163692379,0.4785841734156471,0.8700447070426485,off,off
2016-04-14,-0.7833669866445354,1.6031153848947157,-0.7672256415950182,1.8687637056594142,0.48032161557864406,0.8805629130553045,off,off
2016-04-15,-0.7931722491131799,1.6568524634000181,-0.7967855808400955,1.8373614740035162,0.47606402686256477,0.862828096064582,off,off
2016-04-18,-0.8201153461617652,1.6117011970275608,-0.8008430979504938,1.804575005089819,0.4488294395012802,0.8100732586963995,off,off
2016-04-19,-0.8309068089104915,1.587733808029121,-0.797657332605806,1.7275853692712537,0.4216887589460193,0.738823018544895,off,off
2016-04-20,-0.826563721161264,1.5416685303906015,-0.758844781463145,1.8013400150091772,0.4394000106938424,0.7924736270397512,off,off
2016-04-21,-0.7586780203048042,1.5664543261737909,-0.7345364947887518,1.81588479108007,0.4722811505400762,0.8489487953153079,off,off
2016-04-22,-0.8320538092223472,1.5538203511795878,-0.7580460671745691,1.890823252394514,0.4636359317942964,0.8633845741701963,off,off
2016-04-25,-0.7449858799264745,1.567045262917061,-0.7545965516957028,1.8476743866197762,0.478784304478665,0.8741696627962657,off,off
2016-04-26,-0.7568390611466314,1.5295681125329093,-0.7757803404730456,1.8061265822112123,0.4507688232811111,0.8167363235515173,off,off
2016-04-27,-0.7757495768955393,1.5331323523678813,-0.845347969348543,1.777943214653255,0.4224945051942635,0.7663375113466534,off,off
2016-04-28,-0.6291446879348715,1.5568034226916594,-0.84792799171454,1.683620167307729,0.4408377275874942,0.7628700987814565,off,off
2016-04-29,-0.5805005437871571,1.5499859296500638,-0.8394935082445643,1.5821650462793984,0.4280392309744352,0.7054617062608386,off,off
2016-05-02,-0.6833027919416765,1.5506092201835342,-0.8461359240523019,1.5147570787239408,0.38398189572837416,0.6095924524165728,off,off
2016-05-03,-0.5901956938931257,1.6279626099098747,-0.7376954317453258,1.5592526694667554,0.46483103843454465,0.7454881254414525,off,off
2016-05-04,-0.544578320840508,1.646338671508785,-0.7458535899164516,1.593361025351246,0.4873169465257679,0.7947756353697762,off,off
2016-05-05,-0.5585639941523707,1.6719081538109954,-0.7296526632257889,1.6802856545437448,0.5159942877441451,0.870393560636098,off,off
2016-05-06,-0.6786073035167225,1.6557816421249598,-0.8314748149663329,1.6950350046483846,0.4601836320725723,0.793640884678622,off,off
2016-05-09,-0.6935432157517284,1.6621425750848666,-0.8610333487053994,1.7317650111929614,0.4598327554551751,0.8092136849755488,off,off
2016-05-10,-0.788281167934656,1.5964948717860017,-0.8650552498524975,1.7507918120605879,0.423487566514859,0.7592110095249904,off,off
2016-05-11,-0.6809070446601707,1.6123873078072437,-0.8670447689418761,1.6803088033127216,0.43618607437947965,0.7544855984461791,off,off
2016-05-12,-0.7089829989323229,1.5764860015360695,-0.865843084900946,1.7258189163035917,0.4318697085015981,0.7650179587357218,off,off
2016-05-13,-0.6450818789380722,1.6349242120414964,-0.8611620184866844,1.793185292652821,0.4804664018173902,0.8663333352124143,off,off
2016-05-16,-0.6812696768559174,1.5494008880688808,-0.7775899628065106,1.7856790188476441,0.4690550668135242,0.8413829495246313,off,off
2016-05-17,-0.5910824768661641,1.5645226266557877,-0.7720961894391732,1.7811215682686672,0.4956163821547794,0.8822061453109477,off,off
2016-05-18,-0.5524871553198131,1.4804180729232486,-0.6926227832748375,1.857035406791159,0.5230858852799393,0.9505178990105544,off,off
2016-05-19,-0.5139016697465802,1.528449335247629,-0.6717970978325781,1.8859365624335584,0.5571717825255073,1.0130069096692145,off,off
2016-05-20,-0.6280490999208197,1.5004037878740824,-0.7310763985072627,1.8869874275602834,0.5070664292515709,0.93787877292863,off,off
2016-05-23,-0.5651441275620414,1.4970421113009627,-0.7520184894175367,1.8734335148809298,0.5133282523005787,0.9460105546689779,off,off
2016-05-24,-0.7066111977523232,1.422313739011876,-0.7044507683965289,1.9212152272056986,0.4831167500171807,0.9124699263462617,off,off
2016-05-25,-0.7589871569928717,1.4234454804937056,-0.7585048014804736,1.8871681258918231,0.44828041197804586,0.8482127939850067,off,off
2016-05-26,-0.8062772175034644,1.4774443756579223,-0.7985964092564857,1.8590565507868455,0.43290682492120447,0.814588222893019,off,off
2016-05-27,-0.8373520390804756,1.453151159897825,-0.7806027294898686,1.908252219480647,0.435862152702032,0.8365876449990516,off,off
2016-05-31,-0.7287748287656708,1.4781875152059518,-0.7469394855630593,1.9602012872430792,0.4906686220300752,0.9425653892057141,off,off
2016-06-01,-0.7275205074430725,1.4880430759345433,-0.7222944275807396,1.8955714140985995,0.4834498887523327,0.9043328932506471,off,off
2016-06-02,-0.7849677264510198,1.5039115299336008,-0.6985316284239761,1.90822633845413,0.4821596283781837,0.9041322380681692,off,off
2016-06-03,-0.8008865494067251,1.5618416299585678,-0.7555250208940975,1.6838557274963653,0.4223214467885276,0.7274133565691238,off,off
2016-06-06,-0.7823816542421138,1.495775883377908,-0.7936089747007488,1.6635573062700584,0.3958356401762759,0.6828316816361532,off,off
2016-06-07,-0.7416151752734573,1.4670240097328384,-0.7933285792584827,1.6520265274141166,0.39602669565375376,0.6806677315697782,off,off
2016-06-08,-0.7383287497888142,1.4615342439943033,-0.7451137657225116,1.615824718308565,0.39847911169788564,0.6668460195438339,off,off
2016-06-09,-0.6813774043330474,1.5112249056839413,-0.7448627757694818,1.6886243960165783,0.4434022803994976,0.7648510032690212,off,off
2016-06-10,-0.4390984234611268,1.5673394567079744,-0.535959073570962,1.759786803964274,0.5880171909100399,1.003700113806752,off,off
2016-06-13,-0.03980144111314684,1.615253376374924,-0.40587402012130547,1.7248623208168106,0.7236100589893206,1.1959948324604945,off,off
2016-06-14,-0.08742352929556799,1.6245929100539898,-0.41943689041092064,1.804578641189748,0.7305777828843123,1.2363655399799602,off,off
2016-06-15,-0.12389525734525478,1.6536900748169776,-0.43183450518890176,1.7565435024425697,0.7136259536813476,1.1912620997424979,off,off
2016-06-16,-0.20193362225195247,1.6606187320064558,-0.29007636442783,1.7491984649157208,0.7294518025605985,1.2006700538106312,off,off
2016-06-17,-0.1978320625744005,1.6258357904018648,-0.31793692171237553,1.6955327086487517,0.7013998786909601,1.1390659783382782,off,off
2016-06-20,-0.3032681656015622,1.5576870024574032,-0.47090970266542126,1.607249388634509,0.5976896307062322,0.9553130215164148,off,off
2016-06-21,-0.2920380906432527,1.5118380629839525,-0.4812616239954747,1.665345808323917,0.6009710391672856,0.9829711324888235,off,off
2016-06-22,-0.01902694675406855,1.5190128546777355,-0.4066234429543044,1.6205891573262907,0.6784879055739133,1.0834378146374273,off,off
2016-06-23,-0.41684653667921295,1.43867608246379,-0.5660444261891855,1.5918414131835703,0.5119066331947405,0.8223306122668618,off,off
2016-06-24,0.4470548511932388,1.638357715485891,-0.4523388399245616,1.8681587958742543,0.8753081306572056,1.4932757774600933,off,off
2016-06-27,0.253041777721792,1.8099720610876076,-0.34651287097599814,2.0237440733381167,0.9350612602928795,1.63285727448811,off,off
2016-06-28,-0.26489214428364505,1.744210502813566,-0.4308962768281796,1.9796837277070782,0.7570264523522049,1.338083273121282,off,off
2016-06-29,-0.4791159662611146,1.623277793303276,-0.6309033189325767,1.9083676903955742,0.6054065496262897,1.0901933399596302,off,off
2016-06-30,-0.5815693334968864,1.591719374196923,-0.6062435067882485,1.95979140629806,0.590924485052462,1.0851247282523542,off,off
2016-07-01,-0.6687536839431426,1.6394018084892221,-0.5562428159855677,1.887169612382328,0.5753937302357099,1.0267323052023514,off,off
2016-07-05,-0.5862627676367872,1.7223917735022427,-0.44622131778220586,1.960182285453308,0.6625224933841394,1.18136059768974,off,off
2016-07-06,-0.6490847902035192,1.696805261553849,-0.5052756512933066,1.942317997824985,0.6211907044705021,1.114962818002945,off,off
2016-07-07,-0.6692082279857603,1.684849731222179,-0.486482123812851,1.979149121777592,0.62707712530029,1.1370457913969196,off,off
2016-07-08,-0.8275146472677615,1.6128914006225887,-0.6152197616170948,1.9727505360276976,0.5357268819413575,1.0028352322133458,off,off
2016-07-11,-0.7926671189366852,1.5821923602199541,-0.6888048566849092,2.009449348727401,0.5275424333314402,1.011398479576568,off,off
2016-07-12,-0.7913739683808768,1.5017394627425371,-0.6404729611248426,1.9886252718100441,0.5146294512617154,0.9806428687882525,off,off
2016-07-13,-0.842928310524037,1.5644521149172501,-0.6338630729481244,1.9549629083602977,0.5106559099513466,0.9608416569658396,off,off
2016-07-14,-0.8649779267543142,1.522012220858846,-0.5779602721364792,1.9328766637284494,0.5029876714241255,0.9361530969940896,off,off
2016-07-15,-0.8798989965539231,1.5037652819987768,-0.5424945573460559,2.0025377738308836,0.5209773754824203,0.9888567248465057,off,off
2016-07-18,-0.9029410568832589,1.4708856729320332,-0.596323831962743,1.9975270552146465,0.49228695982516946,0.947206557491709,off,off
2016-07-19,-0.9503592936752344,1.5119022441267205,-0.6658930086030809,2.065482547934469,0.4902831224457186,0.9756517720705431,off,off
2016-07-20,-0.9702991338960142,1.4836964079646582,-0.6624771139268658,2.084593613192479,0.4838784433335643,0.9760993627629869,off,off
2016-07-21,-0.8713047943328605,1.5064802585673855,-0.6266643752172903,2.053648659925515,0.5155399372356875,1.0099471753099898,off,off
2016-07-22,-0.9441632234224822,1.4585231122875248,-0.6834002938880647,2.1184351155429177,0.4873486776299739,0.9972536865896641,off,off
2016-07-25,-0.8573785012535491,1.497072313642456,-0.7170503266924957,2.0902844952755766,0.5032319952429969,1.0132714344388776,off,off
2016-07-26,-0.8387614459026513,1.5230366563407198,-0.7165263572813624,2.0693632736252248,0.5092780316954827,1.013926200753815,off,off
2016-07-27,-0.8608234519857799,1.5321842491874487,-0.7781947957310434,2.0513652546781556,0.4861328140371952,0.9786607156169113,off,off
2016-07-28,-0.871687533140179,1.561296725437967,-0.7770521414810245,2.0049638856161214,0.4793802341082212,0.9490007756941651,off,off
2016-07-29,-0.9577815533313268,1.5852360277819264,-0.8503728687495856,1.8306634173808045,0.40193625577045466,0.7649449256224918,off,off
2016-08-01,-0.8994366872799703,1.6012878553904992,-0.8640771639986071,1.854567137441032,0.4230852853882384,0.8082974482931792,off,off
2016-08-02,-0.8045224629870124,1.5610421479409435,-0.7416797209468045,1.760403005849054,0.44381074246404517,0.7930503616413176,off,off
2016-08-03,-0.8561047335580111,1.530264832626294,-0.7431872268470736,1.8299207612278445,0.4402234083622635,0.8174461600027931,off,off
2016-08-04,-0.9005349404208287,1.5094928505021599,-0.7630977027028012,1.8566318459434603,0.42562301333049757,0.8076904264771819,off,off
2016-08-05,-1.0049295829995804,1.4494227044837655,-0.7777397786241336,1.9159065087012885,0.39566496289033504,0.787481327191583,off,off
2016-08-08,-0.9933143869159115,1.4161726873394234,-0.8093191436962236,1.9437891451892644,0.3893320754791382,0.7922152924235673,off,off
2016-08-09,-0.9766246450079463,1.4376027112712109,-0.8440943356272658,1.9106283672418298,0.3818780244694572,0.7699957055055671,off,off
2016-08-10,-0.9365590968648893,1.4806995592468633,-0.8718360040678793,1.8336425497949675,0.37648675202726556,0.7344747468255717,off,off
2016-08-11,-0.9738124779020972,1.4256365792548324,-0.8145315733493182,1.8616857756261747,0.3747445759073979,0.7390659017601506,off,off
2016-08-12,-0.9866294507204345,1.4596929900070998,-0.8411280800964003,1.8401027051482186,0.3680095410846209,0.7217246237447605,neutral,off
2016-08-15,-0.9597754817787896,1.4015344826277316,-0.8583571487023174,1.825655068089443,0.3522642300590169,0.693959815472724,neutral,off
2016-08-16,-0.8749708002554252,1.4034502937667104,-0.8609632304335686,1.7051662052973884,0.3431706170937763,0.6311290104592039,neutral,off
2016-08-17,-0.9204125930697623,1.4154550674480708,-0.8644444574201019,1.6938546838419248,0.33111317520003286,0.6095583528040702,neutral,off
2016-08-18,-0.9973486563861902,1.4004658108620074,-0.8609090381354605,1.6133023551810832,0.28887761788036,0.5117622491861288,neutral,off
2016-08-19,-1.0060799788044277,1.3996337955516855,-0.8263922345669418,1.6615322175953862,0.3071734499439256,0.5566092580466856,neutral,off
2016-08-22,-0.9110643590202891,1.4458727409531953,-0.7369343070073071,1.6616204011173568,0.36487361901073895,0.6366658110312426,neutral,off
2016-08-23,-0.8995224076252225,1.4241116599894472,-0.7732402055901397,1.663121890616039,0.35361773434753097,0.6234470176250502,neutral,off
2016-08-24,-0.7903298195358124,1.443129850268749,-0.7761949424568219,1.6970834330146438,0.3934221303226897,0.6989812332412096,off,off
2016-08-25,-0.7717445077536794,1.4157678851183033,-0.6925893287838858,1.6928679973491558,0.41107551148247345,0.7173211913750565,off,off
2016-08-26,-0.7694489654095595,1.39606058179869,-0.6373863866059543,1.8042970982402,0.4483805820058441,0.8157394716894637,off,off
2016-08-29,-0.8414374136645079,1.4017845103698359,-0.7141279431333594,1.804083871256833,0.41257575620720044,0.7675770709317347,off,off
2016-08-30,-0.822816727322927,1.3833625853686247,-0.6992731868031054,1.8686633679198645,0.4324840097906142,0.8235430959703323,off,off
2016-08-31,-0.7919941337511731,1.4155034924199557,-0.6999308690104666,1.8626668951905405,0.4465613462122141,0.8431216182165304,off,off
2016-09-01,-0.7856151409196923,1.4120086792164523,-0.6654757790801104,1.80884917952853,0.4424417346862949,0.8115629986351184,off,off
2016-09-02,-0.9380176165433696,1.3509278713897497,-0.7761800278222347,1.8395657894938402,0.3690740041294964,0.7231180681584539,neutral,off
2016-09-06,-0.933574532916101,1.372090615040156,-0.8637056022388767,1.688839543768338,0.31591250591337905,0.5869003739209815,neutral,off
2016-09-07,-0.9413481659233486,1.3843171822303901,-0.845536951210328,1.7071455878176296,0.3261444132285858,0.6083917564481502,neutral,off
2016-09-08,-0.8829576955976091,1.3342895254641676,-0.790211047168322,1.7155718770526578,0.34417316493772354,0.6360690131532786,neutral,off
2016-09-09,-0.374573699803835,1.3533941781074519,-0.6971526800981229,1.7576796827126242,0.5098368702295295,0.8955855959641297,off,off
2016-09-12,-0.6127975634275462,1.3203880464676438,-0.7030821418494206,1.7224783877996361,0.4317466822475783,0.7638091198695265,off,off
2016-09-13,-0.3386221274000997,1.361235223156321,-0.6533802309810702,1.7954005200409011,0.541158346204013,0.9549382378518227,off,off
2016-09-14,-0.30899597474505547,1.368820056025194,-0.6933005480460891,1.7517360829988715,0.5295649040582302,0.9223895752072739,off,off
2016-09-15,-0.49642216163407993,1.319146509031054,-0.6960132379667923,1.7446299401438774,0.4678352623935148,0.8264113251871541,off,off
2016-09-16,-0.5910669357779677,1.327059164833078,-0.6934528473841611,1.858030904995995,0.4751425716667361,0.8850836230397476,off,off
2016-09-19,-0.5745921256318024,1.31768839862253,-0.6926510162613212,1.81848725557746,0.46723312807671663,0.8564724834053888,off,off
2016-09-20,-0.5346764393728242,1.340316603296996,-0.6924356395980252,1.8420339586383407,0.48880962074112183,0.898675730698754,off,off
2016-09-21,-0.8016204459942845,1.309701750747527,-0.8533462966956619,1.7899766948929177,0.3611779257376246,0.6985874553646843,neutral,off
2016-09-22,-0.9318150601490205,1.3158536067270687,-0.9277355322602416,1.7590310902612976,0.30383352614477604,0.6066770975551076,neutral,off
2016-09-23,-0.9039292556915454,1.31906285002127,-0.9692616608766674,1.7617146206948153,0.30189663853696813,0.6083543133730294,neutral,off
2016-09-26,-0.6782858414381169,1.3741544940700883,-0.9952299444610535,1.7364454478626608,0.35927103900839463,0.6852256456831086,neutral,off
2016-09-27,-0.8208236131363157,1.3690502127959918,-0.9836837277722643,1.7531409092863308,0.3294209452934357,0.6467956500052309,neutral,off
2016-09-28,-0.8929251506489276,1.3115205842109228,-1.030436768945728,1.7502484277667976,0.2846017730957662,0.5827273868331665,neutral,off
2016-09-29,-0.7263837790870683,1.3426817083958578,-0.9939642730536045,1.7641082962117494,0.34661048811673356,0.6792618110231325,neutral,off
2016-09-30,-0.8005976856665089,1.2838796859303678,-0.9434606590486468,1.7514314530129735,0.3228131985570464,0.6344354465549183,neutral,off
2016-10-03,-0.7717663896755366,1.2793928940588535,-0.9468955738914724,1.7903702520403446,0.3377752956330473,0.6737102643919703,neutral,off
2016-10-04,-0.7653888781630221,1.2508699462827424,-0.8981827197533045,1.84034915301077,0.35691187534429647,0.719706617904615,neutral,off
2016-10-05,-0.8304169317494277,1.214847290420484,-0.883487621380872,1.8400531814982926,0.3352489796971192,0.6862546862032572,neutral,off
2016-10-06,-0.8454244062090976,1.2095196147426206,-0.8327630010547449,1.9121301644694362,0.36086559298705356,0.7526130151424837,neutral,off
2016-10-07,-0.7798323080873272,1.2096610888937376,-0.8749559538264545,1.8907971775410712,0.3614175011302568,0.7476602061165392,neutral,off
2016-10-10,-0.7897728779030667,1.1817000066446448,-0.8746332455868341,1.8889911047228551,0.3515712469693998,0.7323252891968726,neutral,off
2016-10-11,-0.5874611229345678,1.2050222600111773,-0.8743108942042939,2.0511111801389106,0.4485903557528066,0.9460178803481123,off,off
2016-10-12,-0.531159384233029,1.2202037851956258,-0.8414591631203888,2.0863571094969906,0.48348558683479964,1.010196546246242,off,off
2016-10-13,-0.45138960109136567,1.2669635592605233,-0.841159291226084,2.0216147315372837,0.4990073496200893,1.0060135258645166,off,off
2016-10-14,-0.5094758344829131,1.1999617195080337,-0.8106697138725287,2.088775001970687,0.49214779328081976,1.0227759958212583,off,off
2016-10-17,-0.5001513740303035,1.2437228104393303,-0.8268050569316208,2.068436833970511,0.49630080336197924,1.0213184656991217,off,off
2016-10-18,-0.5950036745056183,1.2281457664983972,-0.8628644030734752,2.0675478963493243,0.459456396317157,0.9696735926289668,off,off
2016-10-19,-0.6836964802183125,1.2126793184947877,-0.9076950300870319,2.0611287116534776,0.4206041299607302,0.9133746928233037,off,off
2016-10-20,-0.7509021419705625,1.2078573749388501,-0.9665640776030497,2.1210741053739772,0.40286631518480376,0.9207411058806394,off,off
2016-10-21,-0.7925381816826657,1.2104990359170142,-1.0403337440913223,2.1711237473119906,0.3871877143637542,0.925937013611114,off,off
2016-10-24,-0.8249582601554835,1.177161568112417,-1.0398830969232689,2.164406174710995,0.36918159643616494,0.8965632830366571,neutral,off
2016-10-25,-0.7797199695897973,1.1750026255968011,-1.0300539638638921,2.1687439825000756,0.38349316866079686,0.9185842717275582,off,off
2016-10-26,-0.6997639787456317,1.1727730205845925,-0.9680604983150813,2.1537754599665724,0.41468100087261295,0.9524970935843431,off,off
2016-10-27,-0.5850912609082248,1.1640690771737021,-0.9676708699823414,2.1870465604297062,0.4495883766782105,1.021131687969691,off,off
2016-10-28,-0.500090080469271,1.198772605149199,-0.824518081599948,2.1101390377635667,0.49607587021088667,1.0427006666059535,off,off
2016-10-31,-0.4110149629906055,1.2354773047713097,-0.7922720191874595,2.121499596528857,0.5384224797805255,1.1066932560423777,off,off
2016-11-01,-0.25752570429383936,1.2775112406422446,-0.7248539479526849,2.0160365084320135,0.5777920242069335,1.1113139238931067,off,off
2016-11-02,-0.17973312340535805,1.3328528225488785,-0.6809263513395437,1.972721863372707,0.6112288027941709,1.1370809321213038,off,off
2016-11-03,0.10267220873550627,1.31118832358974,-0.5833351314438298,1.937780120530134,0.6920763803528875,1.2290018469237616,off,off
2016-11-04,0.14665147660489578,1.334037645724272,-0.5233226481180099,1.9235239540141729,0.7202226070563327,1.258453170651593,off,off
2016-11-07,-0.24230272211021597,1.1957332444818625,-0.5231845424412639,2.0189930655653043,0.6123097613739217,1.1451076809795138,off,off
2016-11-08,-0.2391786402645933,1.194830952670748,-0.7032307742936837,2.027832004225825,0.570063385584574,1.1026707812809113,off,off
2016-11-09,-0.6854790744541007,1.1197664472677902,-0.47232554882938116,2.1132973248913616,0.5188147872189175,1.048279329031716,off,off
2016-11-10,-0.6484166376968448,1.2369821094493023,-0.28901222251604314,2.1505726109750123,0.6125314650528567,1.1856150646722792,off,off
2016-11-11,-0.706584730961129,1.2845720944289736,-0.2889474588667651,2.1480728131033042,0.609278179426096,1.1801262104467403,off,off
2016-11-14,-0.6746238878961844,1.164688542977328,-0.09356482097641627,2.325796136002326,0.6805739925267633,1.3466465066408893,off,off
2016-11-15,-0.7880859220769558,1.0677793764050316,-0.2433695505781084,2.33362844572059,0.5924880873676392,1.2351854870998784,off,off
2016-11-16,-0.7519801838761042,1.1195594247673117,-0.3608438870224226,2.360496201156738,0.5918078887563807,1.2561541625656258,off,off
2016-11-17,-0.7896304235686868,1.0838980778761786,-0.43657551548743345,2.422617931710526,0.570077517632646,1.2616710762848884,off,off
2016-11-18,-0.8405747680602876,1.0289911557078257,-0.3156704429987741,2.4626848225252576,0.5838576917935054,1.2897280267594813,off,off
2016-11-21,-0.8843190153604072,0.960889379745815,-0.34705388281076044,2.437374886767578,0.5417228420855564,1.220069671222997,off,off
2016-11-22,-0.8850182330311933,0.9137509964803139,-0.46810816021712365,2.4325335497633316,0.49828953824883215,1.1651871682083037,off,off
2016-11-23,-0.8826443700403487,0.9138828455754329,-0.40388571008179613,2.518497114810164,0.536462470065863,1.2539419727346113,off,off
2016-11-25,-0.891539522524988,0.9018067487533826,-0.3729065682745523,2.486270938844971,0.5309078991997033,1.2334495489437016,off,off
2016-11-28,-0.8082345678630964,0.9469384770320638,-0.40076529169861297,2.4609658057225423,0.5497261057982241,1.2506766185921998,off,off
2016-11-29,-0.8335717411870214,0.9723658279606406,-0.4430363331233748,2.4033624625184395,0.524780054042171,1.1922453611601844,off,off
2016-11-30,-0.7892246457598195,0.9307929127600323,-0.33522513524462644,2.476933172476006,0.5708190760578982,1.282565429564221,off,off
2016-12-01,-0.7131329744361341,0.9383626209735582,-0.1682588225043201,2.4112940569057497,0.6170662202347135,1.3041455721872948,off,off
2016-12-02,-0.7077875137498842,0.9240590589935038,-0.30276336414736377,2.3715529008641987,0.5712652704901137,1.23413472979039,off,off
2016-12-05,-0.9104904996657446,0.9195235430509119,-0.3680619102670759,2.2835393333930116,0.48112761662777576,1.0720435183505086,off,off
2016-12-06,-0.9460150381290348,0.8692134718654732,-0.4642724565517782,2.3276931342844085,0.44665477786726715,1.051583316843946,off,off
2016-12-07,-0.9015808697355254,0.8610961645076938,-0.5563401221056972,2.289697006801622,0.42321804486702325,1.0077483197256305,off,off
2016-12-08,-0.8582003553607291,0.821451786481322,-0.5659107125189548,2.3995117839805014,0.44921312564553484,1.0960904012074613,off,off
2016-12-09,-0.9491114051140049,0.7783277695606438,-0.4938759343813101,2.4632166540467906,0.4496392710280298,1.1256321995536538,off,off
2016-12-12,-0.8575225399346145,0.7824483743271482,-0.46899937709692063,2.377957739137579,0.45847104910829806,1.0950118392208419,off,off
2016-12-13,-0.8490170719228023,0.7802923833594875,-0.49923585131272047,2.3840833492765143,0.4540307023501198,1.094021326924533,off,off
2016-12-14,-0.8005364556274459,0.7914911649627477,-0.4849605668830062,2.5104662005556677,0.5041150857519908,1.2227408494286793,off,off
2016-12-15,-0.841275766170754,0.7934703819600517,-0.40317930463675633,2.6575164807951155,0.5516329479869142,1.3528235327508993,off,off
2016-12-16,-0.9014694339069862,0.7762631586462209,-0.4145825255353511,2.6291482869390754,0.5223398715357397,1.3051993360517156,off,off
2016-12-19,-0.9513695227419371,0.7986078482722472,-0.5023616123191671,2.6501858290720146,0.4987656355707894,1.2901281345928528,off,off
2016-12-20,-0.9776530856440915,0.7785820147098751,-0.495744328193688,2.6657810875326056,0.4927414221011753,1.2887358270290135,off,off
2016-12-21,-0.995714736621785,0.792680361682941,-0.539569150814113,2.6255197649782356,0.4707290598063196,1.2425702155813547,off,off
2016-12-22,-0.9789068459584938,0.7774469160098458,-0.5370665538258692,2.6305720062102793,0.47301138060894055,1.247674320589014,off,off
2016-12-23,-0.9774898952245964,0.7742062699715757,-0.5805929786433514,2.6157246796025406,0.45796201892654215,1.230839159314759,off,off
2016-12-27,-0.920712336906388,0.7651842801284376,-0.6367949013297821,2.612862687910765,0.45513493245075815,1.229301352598605,off,off
2016-12-28,-0.8219322781080838,0.8153467804390602,-0.6327757565268014,2.640407029910359,0.5002614439286335,1.3041093446354906,off,off
2016-12-29,-0.778580847902315,0.8394261973536723,-0.6181325725663072,2.5595623885315457,0.500568791354149,1.263812589346896,off,off
2016-12-30,-0.7096091075862521,0.8508735448137473,-0.6076266386028358,2.5173828402163285,0.512755159710247,1.258638312444912,off,off
2017-01-03,-0.8314496737775323,0.818019422103524,-0.4568819139957406,2.6216225502510317,0.5378275961453207,1.3387197144983969,off,off
2017-01-04,-0.9337277440617189,0.7980584368793191,-0.4662190971265914,2.550332635073931,0.4871110576912349,1.23596966536252,off,off
2017-01-05,-0.9518324699610441,0.8652211692072862,-0.46344537513462414,2.3913337433133557,0.4603192668562434,1.1216898526150103,off,off
2017-01-06,-0.9873586958656413,0.8153322014621215,-0.5005507314355339,2.479997416031949,0.4518550475482238,1.156647885338704,off,off
2017-01-09,-0.9623474091513525,0.8366146498578044,-0.5125360894289839,2.4383475280893947,0.4500196698417157,1.1344830999646274,off,off
2017-01-10,-0.969149463597874,0.8293289718379997,-0.5587941432948825,2.445389593741205,0.43669373967161207,1.1287232880179239,off,off
2017-01-11,-0.9923562109427932,0.838455981384766,-0.5713519763510398,2.411806419229239,0.421638553330043,1.0929650657907715,off,off
2017-01-12,-0.9632382358828734,0.8350664086918096,-0.5443025459964412,2.3522136402058345,0.41993481675458233,1.0583307569882245,neutral,off
2017-01-13,-0.9946554266021969,0.8112577685572672,-0.521693349739141,2.3268715688608257,0.40544514026918876,1.0243756016042258,neutral,off
2017-01-17,-0.9286111657583443,0.8638172774274312,-0.5381145718306759,2.2128111639038166,0.4024756759355569,0.9644650417879608,neutral,off
2017-01-18,-0.8656883462554303,0.7890672966625164,-0.5379736151494462,2.2884797768276313,0.4184712780213178,1.0256762826434804,neutral,off
2017-01-19,-0.8346048339315439,0.7868458215455815,-0.4082981851991821,2.3142720852535055,0.4645537219170902,1.0900730653275421,off,off
2017-01-20,-0.9615261995060739,0.7850007130623801,-0.4558250460074758,2.257871442301632,0.4063802274626156,0.9888934722687273,neutral,off
2017-01-23,-0.9375565758339253,0.8302232591944209,-0.49091829270107445,2.1795637404527364,0.3953280327780394,0.9375395699745978,neutral,off
2017-01-24,-1.0090074836695084,0.793687145230195,-0.49049879879924396,2.2017451295539505,0.3739814980788483,0.9205115655328848,neutral,off
2017-01-25,-1.0352646393131222,0.7199204220476386,-0.4450979767007455,2.157532373577207,0.3492725449027445,0.8638992326230375,neutral,off
2017-01-26,-1.0532930535020657,0.7361964117465989,-0.5151364304783003,2.2005339662422427,0.34207522350211894,0.8821206476050223,neutral,off
2017-01-27,-1.0579714516973275,0.7387623990579126,-0.5890064529531148,2.2174036993512205,0.32729704843967267,0.8767945947701403,neutral,off
2017-01-30,-0.9241708503251629,0.7420302271907132,-0.5838131889930892,2.201779393852251,0.358956395431178,0.9087206079198271,neutral,off
2017-01-31,-0.9125395791192095,0.7698937539358265,-0.5789175789318054,2.0799187171008198,0.33958882824640785,0.8206634915745823,neutral,off
2017-02-01,-0.9306672973261505,0.7373634784904918,-0.6285087476529618,2.094521520839428,0.31817723858770186,0.8059015880719729,neutral,off
2017-02-02,-0.9180050679770203,0.7339779206312457,-0.6555766336098555,2.1194286311938653,0.31995621255955875,0.8228719482542772,neutral,off
2017-02-03,-1.0161494703906786,0.7277089166715666,-0.7303171046550662,2.1196655027284264,0.27522696108856204,0.7708531948773063,neutral,off
2017-02-06,-0.9746977830553855,0.765795987688268,-0.7253517536227572,2.12248586882577,0.2970580799589739,0.8008351186512317,neutral,off
2017-02-07,-0.9825210016403625,0.7972496655927046,-0.7097250163721297,2.165339280381642,0.3175857319904636,0.8495090362624177,neutral,off
2017-02-08,-0.9657166870132483,0.8246546923243248,-0.6896608105620821,2.165435458138416,0.3336781632218526,0.8725288181813668,neutral,off
2017-02-09,-1.0238158603260945,0.7711688811237052,-0.6832334578005179,2.2106701448342676,0.3186974269578401,0.8757630248975096,neutral,off
2017-02-10,-1.0264703612418904,0.7615554317693306,-0.6628814775772655,2.2273758260918894,0.32489485476051605,0.8909075653703397,neutral,off
2017-02-13,-1.0034766612776183,0.7422760009547418,-0.6863972274150195,2.245299954633518,0.3244255167239055,0.9006499788299767,neutral,off
2017-02-14,-1.0369233723659728,0.7113550426774238,-0.7327248128868088,2.2798722115444554,0.30539476724227443,0.8970265587763266,neutral,off
2017-02-15,-0.910306565483024,0.7000193506782532,-0.7843664267502203,2.2680315017744492,0.3183444650548645,0.9136207503450497,neutral,off
2017-02-16,-0.9315168319128148,0.7359479514745692,-0.7034853862250704,2.1701877437563684,0.3177833692732631,0.8566483128235403,neutral,off
2017-02-17,-0.9588679546803528,0.7509426141407296,-0.6573217201566159,2.2331492504644213,0.3419755474420455,0.9184463538116889,neutral,off
2017-02-21,-0.9502896901898275,0.7220001802127609,-0.6885612888744312,2.284314238169939,0.3418658598296103,0.9467318314888516,neutral,off
2017-02-22,-0.932483555893763,0.7248758687830509,-0.6723444266128814,2.276335447018476,0.34909583332372063,0.9505327310547419,neutral,off
2017-02-23,-0.9352111649199991,0.7409830372745944,-0.6905350938525944,2.237667711046559,0.33822612238714,0.9214147215522611,neutral,off
2017-02-24,-0.959484345268402,0.7833059606836031,-0.6544419675742286,2.240083754493919,0.35236585058372294,0.9395844156031852,neutral,off
2017-02-27,-0.895495551167282,0.747132541375379,-0.623403729743526,2.2424899208555455,0.3676807953300292,0.9565390310008803,neutral,off
2017-02-28,-0.8099944907435834,0.7615337483021393,-0.6232298625537916,2.2385008985144736,0.39170257337980946,0.9843357369112027,neutral,off
2017-03-01,-0.8487255029549725,0.6816446705330597,-0.6230561407732264,2.3200064726575644,0.38246737486560634,1.0144745772579664,neutral,off
2017-03-02,-0.9233539811174993,0.6979733045030784,-0.6629433707365717,2.370565703057829,0.370560413926709,1.0342575438711923,neutral,off
2017-03-03,-1.0102429204801227,0.7034530375701912,-0.7740376722516641,2.2833801846065866,0.30063815736124777,0.9078503605180204,neutral,off
2017-03-06,-0.9810994046533057,0.7172554081508691,-0.7850666327510127,2.2932618995930656,0.31108781758490406,0.9271250606024455,neutral,off
2017-03-07,-0.959161996757293,0.7326743717649468,-0.7664112177258124,2.311999279981044,0.3297751093157213,0.9596725834527395,neutral,off
2017-03-08,-0.9167141061100941,0.7682722728026424,-0.7489516516286655,2.342085460478094,0.3611729938854942,1.0147452468813252,neutral,off
2017-03-09,-0.8712147164859841,0.7403993265890426,-0.6724240587463794,2.3111296164442683,0.37697254195023683,1.0153651319217774,neutral,off
2017-03-10,-0.9365998276401448,0.7686146404940015,-0.7161696485062106,2.23211664198441,0.33699045158301405,0.9269779088340919,neutral,off
2017-03-13,-0.9680665719218513,0.7266440967559007,-0.7771170403890594,2.245919283947923,0.3068449420982283,0.900139983577122,neutral,off
2017-03-14,-0.8701779735293291,0.7651729465737064,-0.7905263415320335,2.28371903372193,0.3470469163085685,0.9717033731717346,neutral,off
2017-03-15,-0.938649345300902,0.7137454550920302,-0.8959774958904394,2.159434008441475,0.259638155585541,0.8013436403020766,neutral,off
2017-03-16,-0.9814088042002531,0.727655045322751,-0.9306915008870472,2.097560880403552,0.2282789051597507,0.7355102030493668,neutral,off
2017-03-17,-0.9738385492457302,0.7471253272686673,-0.9220304624008558,2.099091579896639,0.23758697387968009,0.7477844279034873,neutral,off
2017-03-20,-0.9673006510129948,0.7893878916223309,-0.9484137094775555,2.1107181736049223,0.2460979261841757,0.7676489051958839,neutral,off
2017-03-21,-0.8509238315767937,0.8845018266858649,-0.8794596544369322,2.032696216404513,0.296703639269163,0.7841919915116141,neutral,off
2017-03-22,-0.8157227825008206,0.8853879770710507,-0.8791483985501896,2.014217675460753,0.3011836178701984,0.7791369806482176,neutral,off
2017-03-23,-0.7836204638775158,0.8749518073945819,-0.7870652777260179,2.0222727698744385,0.3316347089163717,0.816267199319594,neutral,off
2017-03-24,-0.799798713869405,0.8505384338558036,-0.8096825609691054,2.0038422885855725,0.3112248619007164,0.7819279119363469,neutral,off
2017-03-27,-0.8467768483566617,0.8814260073857539,-0.8619912999922485,1.9439138126961768,0.27914291793325513,0.7143731173467923,neutral,off
2017-03-28,-0.9460990605921333,0.805520352140039,-0.8833761267568631,2.0100269063590908,0.24651801778753335,0.7112115274463755,neutral,off
2017-03-29,-0.9570377175074567,0.8167832278000907,-0.9106884862617279,2.0444826711166444,0.2483849237868876,0.7348751858505783,neutral,off
2017-03-30,-0.9443498125207687,0.7437272599035173,-0.9127333055999941,2.0939021993667826,0.24513658528738425,0.7584978050447668,neutral,off
2017-03-31,-0.8587547072426527,0.7570832285238265,-0.9195297978355498,2.0841246483132436,0.26573084293971694,0.777918759812109,neutral,off
2017-04-03,-0.857430810247013,0.8222788540833785,-0.9034473271734568,2.105755613885191,0.29178908263702497,0.8228163850206237,neutral,off
2017-04-04,-0.9177342512096371,0.7924899345717503,-0.7979464006137134,2.103481946171948,0.2950728072300869,0.8184757315805411,neutral,off
2017-04-05,-0.8044098162051194,0.8128438492710222,-0.8288859923991407,2.103721663894411,0.3208174261402933,0.8512042170812588,neutral,off
2017-04-06,-0.8555101703870731,0.809329753377,-0.6939905079848245,2.1152315618894493,0.34376515922363793,0.8795229730970886,neutral,off
2017-04-07,-0.8059042282178893,0.7891622424690775,-0.6816001950174561,2.176754021449026,0.3696029601706895,0.9431887419645512,neutral,off
2017-04-10,-0.6843976595467912,0.7938230317664038,-0.6861581443272505,2.154269738286599,0.3943842415447403,0.9593735742579794,neutral,off
2017-04-11,-0.5793743992877533,0.8589631372300068,-0.6247162442155428,2.113123430022787,0.44199898093737444,0.9907007898391683,off,off
2017-04-12,-0.507268987812856,0.8843074774561962,-0.5395041703756892,2.1195756323691435,0.4892774879091986,1.045903892078411,off,off
2017-04-13,-0.48760927359565376,0.9208129266849282,-0.5078420010585856,2.0898138967868323,0.5037938872043803,1.0457459493841692,off,off
2017-04-17,-0.6211535051770961,0.8721427649622007,-0.6124115526285782,2.055165349387325,0.42343576413596284,0.9364356326119063,off,off
2017-04-18,-0.6456610027501529,0.9318483573111286,-0.5554289364419289,1.953309509867727,0.4210169819966934,0.8746982821424494,off,off
2017-04-19,-0.5930323220132934,0.9108875975759108,-0.547549854665493,1.9813523069543593,0.43791443196287094,0.9089032571005737,off,off
2017-04-20,-0.6730969155781583,0.8638442846000277,-0.525687280784613,1.9844024979002357,0.412365646534373,0.8779713750882481,off,off
2017-04-21,-0.6235303791546662,0.871433875952279,-0.427641087741833,2.0073552494942075,0.4569044146374968,0.9376729944827149,off,off
2017-04-24,-1.013186454173775,0.8115796929183633,-0.840643113089076,1.8946522042752365,0.2131005824826872,0.6118890111293833,neutral,off
2017-04-25,-1.0210072148615272,0.7537709638495634,-0.8674397190520159,1.859360476736561,0.18117112666814533,0.5534325707368589,neutral,off
2017-04-26,-1.0113399405997896,0.7869834758016001,-0.9090994244915835,1.875123453991517,0.18541689117543597,0.57117127289871,neutral,off
2017-04-27,-1.0613229667599426,0.7891714469292115,-0.9423988503947247,1.8883581755845864,0.16845195133978264,0.5613151813992929,neutral,off
2017-04-28,-1.0135761530172116,0.8040178816260838,-0.9310365533487126,1.8829315291248274,0.18558417609624672,0.5797346533225392,neutral,off
2017-05-01,-1.0861771257096509,0.7832170315934861,-0.9542034968995433,1.892410809747394,0.15881180468292144,0.5550703320897321,neutral,off
2017-05-02,-1.0363556856278016,0.8089644860845049,-0.9264642523447169,1.8708557795671792,0.17925008191979142,0.5655226140668462,neutral,off
2017-05-03,-1.0266775344014645,0.7946135119539998,-0.9541000706057847,1.897708837475296,0.17788618610551166,0.5803321474332123,neutral,off
2017-05-04,-1.0488824388863611,0.8283398386851837,-0.9329074965259576,1.8402274541747115,0.1716943393618941,0.5403417822427488,neutral,off
2017-05-05,-1.0371381288071895,0.8144026499265352,-0.9730399684271713,1.8250118999807228,0.15730911316822427,0.5183286412646664,neutral,off
2017-05-08,-1.1189643039358546,0.7851217644363784,-1.071172219773803,1.8853559754536817,0.12008530404510065,0.5152538656210754,neutral,off
2017-05-09,-1.0989352436136202,0.7933743753826792,-1.0763729851712793,1.938103207041695,0.13904233840986868,0.5682897572273078,neutral,off
2017-05-10,-1.0727569160010777,0.763456864266861,-1.0815692646035568,1.9461813727105208,0.1388280140931868,0.5715028578330434,neutral,off
2017-05-11,-1.0322092664997435,0.767143958109191,-1.097769957927369,1.9381702246775392,0.14383373958990442,0.5733949720909393,neutral,off
2017-05-12,-1.0523506333367967,0.8206147777964684,-1.060398957202091,1.8906546392830155,0.149629956635149,0.5553725666693752,neutral,off
2017-05-15,-1.0498584848219987,0.7969344053384165,-1.0296063833355793,1.8469751149283202,0.14111116302728965,0.5172684645580727,neutral,off
2017-05-16,-1.0257805528478239,0.7962225141564251,-1.0657868457541873,1.7466288561602832,0.11282099292867426,0.42800019063794725,neutral,neutral
2017-05-17,-0.5174002675059762,0.9002660108651523,-0.854665261689056,1.6600891487534393,0.2970724076058898,0.5777509540601639,neutral,off
2017-05-18,-0.6129312979205017,0.8870968079456267,-0.9615093280967508,1.7156133603111492,0.25706738555988085,0.5704184154161585,neutral,off
2017-05-19,-0.8822533386769886,0.8746201414125061,-0.9956649435981864,1.624259599162218,0.15524036457488727,0.4044351917406082,neutral,neutral
2017-05-22,-0.9961012028574759,0.8358092719276536,-1.0652022080480277,1.6021397027028919,0.09416139093126047,0.3246852020576829,neutral,neutral
2017-05-23,-1.0173072909486824,0.8059502577076968,-1.0647561012947475,1.6466234508612707,0.09262757908138436,0.3477788050918038,neutral,neutral
2017-05-24,-1.0888815108265677,0.8046366347058557,-1.0958482959360663,1.6318718825214895,0.06294467761617784,0.30746291470491405,neutral,neutral
2017-05-25,-1.0914995704969046,0.816388457632083,-1.098053062885104,1.6319324096408028,0.0646920584727193,0.31017960916121234,neutral,neutral
2017-05-26,-1.1095375880396814,0.8179765752286646,-1.10561079468587,1.6492312395622337,0.06301485801633672,0.3201563481236996,neutral,neutral
2017-05-30,-1.0504491607062871,0.8307985419909728,-1.1051294983562712,1.6332586970269698,0.0771196449888461,0.32692106252873115,neutral,neutral
2017-05-31,-1.04693205629211,0.8431950151511494,-1.107623446644685,1.5877855058050618,0.06910625450485403,0.2917532927043993,neutral,neutral
2017-06-01,-1.0999637869677996,0.8324012761303153,-1.1056534442294208,1.6211375152390217,0.06198039004302913,0.3030610395769361,neutral,neutral
2017-06-02,-1.1138804007745635,0.8726514027923586,-1.1129060388946088,1.560954412827553,0.05170484398768482,0.25837424693396205,neutral,neutral
2017-06-05,-1.0804969145226127,0.8533440075017623,-1.134427903239097,1.5697423227740273,0.052040378128520026,0.2648872831175688,neutral,neutral
2017-06-06,-1.0409753020773267,0.8974259595537921,-1.1273778769033371,1.5490113298843287,0.06952102761436424,0.2738785673903543,neutral,neutral
2017-06-07,-1.0467194153599932,0.9049320244903576,-1.079889192593406,1.5615005561571382,0.08495599317352415,0.29652781500598885,neutral,neutral
2017-06-08,-1.069934022892666,0.8795648194856882,-1.11125280114274,1.5813367025001943,0.06992867448761914,0.29189191791565594,neutral,neutral
2017-06-09,-1.013976457572267,0.8615479471798255,-1.145559174859078,1.6232391181220978,0.08131285821764456,0.33010478652395353,neutral,neutral
2017-06-12,-0.9354448131698402,0.8469270726021664,-1.1521782534134948,1.6061283197275509,0.09135808143659557,0.3312783383610392,neutral,neutral
2017-06-13,-1.0420184812679423,0.8394582434840088,-1.1709803395051621,1.5853698848959648,0.05295732690171728,0.27712184192606326,neutral,neutral
2017-06-14,-1.0189792132930386,0.9052532281187228,-1.1540877476626952,1.5793756311669374,0.0778904745824816,0.30381150483946084,neutral,neutral
2017-06-15,-0.9918464241646435,0.9191465591108597,-1.172291144957614,1.6384024497101588,0.09835285992469023,0.36328902998477663,neutral,neutral
2017-06-16,-1.0449179830886377,0.9436514014905447,-1.175018428110502,1.6041205148985842,0.08195887629749732,0.32624095984790996,neutral,neutral
2017-06-19,-1.0455200814035033,0.9010201962944924,-1.170906839552894,1.6483570520761557,0.08323758185356267,0.35263635752691647,neutral,neutral
2017-06-20,-0.9947247251270958,0.957169547147861,-1.1703662134332231,1.6741204906108247,0.11654977479959172,0.40773031730612774,neutral,neutral
2017-06-21,-1.0056471460812384,1.018350605817935,-1.1686375813088652,1.649609268158864,0.12341878664667388,0.4039092776691112,neutral,neutral
2017-06-22,-1.0330080396208925,0.9993351061287976,-1.1832546398167771,1.6459666243243112,0.10725976275385979,0.3836431335932914,neutral,neutral
2017-06-23,-1.0798753740844056,0.9638189087052823,-1.1818109018922054,1.6154012594498313,0.07938347304462567,0.33269008280216494,neutral,neutral
2017-06-26,-1.0917543262117901,0.9679028798748603,-1.2151298992734034,1.6301761035272617,0.07279868947923213,0.3374640286172743,neutral,neutral
2017-06-27,-0.9720593696644246,0.9541673859482536,-1.1527521818572517,1.511565482920233,0.08523032933670255,0.27580400006248207,neutral,neutral
2017-06-28,-1.0775620076802965,0.924316643384894,-1.1400504462471333,1.4592208537517126,0.041481260802294195,0.1942785641952839,neutral,neutral
2017-06-29,-0.9321821211211401,0.9183670531085059,-1.075670032972741,1.4069597745983686,0.0793686684032483,0.20070422715319036,neutral,neutral
2017-06-30,-0.9585706510074131,0.8864347735806822,-1.0585829670787754,1.4098158494942208,0.06977425124717862,0.18933969863558647,neutral,neutral
2017-07-03,-0.9541018735180616,0.8855203063498545,-1.0572561389348416,1.4750234252777445,0.08729642979367397,0.2480182794504605,neutral,neutral
2017-07-05,-0.9691678310230046,0.9094827601761291,-1.0214695285394346,1.4851164769520826,0.10099046939144313,0.26872666613229595,neutral,neutral
2017-07-06,-0.8176792356432511,0.9083940282754944,-1.005616351521723,1.4267544468973146,0.12796322200195875,0.26199491268017955,neutral,neutral
2017-07-07,-0.9562121433637066,0.9088398333056934,-1.0408740477999603,1.449131403139598,0.09022126132040614,0.23615397984035602,neutral,neutral
2017-07-10,-0.9640819870892422,0.9137176776289396,-1.1170942358963458,1.4531476826256151,0.07142228431724168,0.22196900947559411,neutral,neutral
2017-07-11,-0.9863390846596382,0.92422331289676,-1.1154197447335172,1.4144085861595974,0.059218267415800496,0.1862233750653004,neutral,neutral
2017-07-12,-1.0466154723505905,0.9034759924529375,-1.138398897563187,1.4196933028598404,0.03453873134975016,0.1625120078375219,neutral,neutral
2017-07-13,-1.087308548475434,0.8781307591277787,-1.1444268178995536,1.41153953120594,0.014483730989682808,0.13463182291589942,neutral,neutral
2017-07-14,-1.126935655521297,0.8728618229435064,-1.178956882855421,1.3350330834180864,-0.024499408003781364,0.047371746721659336,neutral,neutral
2017-07-17,-1.0945794320120765,0.8782262263594042,-1.2089953254261256,1.3367557874496376,-0.022148185907290063,0.05266612951002331,neutral,neutral
2017-07-18,-1.0869198853657964,0.9158567373467236,-1.2217801252151472,1.2786708192190457,-0.028543113503793627,0.013591529017621451,neutral,neutral
2017-07-19,-1.0967391435978955,0.895621439542364,-1.2594855044324524,1.295105821690605,-0.041374346699344755,0.010196714903294102,neutral,neutral
2017-07-20,-1.1178537876115107,0.898702164903009,-1.2962533116004344,1.229758410149041,-0.07141163103997378,-0.06001950858877125,neutral,neutral
2017-07-21,-1.1399755034979577,0.9288435879374792,-1.2822284104555166,1.1888929773051229,-0.07611683717771806,-0.08873407830259017,neutral,neutral
2017-07-24,-1.1322768157116039,0.9094194742092622,-1.2949265652980797,1.1932201996683771,-0.0811409267830111,-0.09210974311516601,neutral,neutral
2017-07-25,-1.1317782964240868,0.8459041986771564,-1.2180068668288206,1.2012030076520328,-0.07566948923092953,-0.08879830621257734,neutral,neutral
2017-07-26,-1.1138139441607913,0.8639044491327065,-1.2853611612628981,1.1542748154951723,-0.09524896019895268,-0.13424859829550417,neutral,neutral
2017-07-27,-1.0609334119031208,0.8468487498658447,-1.2508885944956323,1.1769358576170283,-0.07200934972897,-0.0979383949037978,neutral,neutral
2017-07-28,-1.0420045319172717,0.8716377182932247,-1.2470077297451556,1.1031988234513181,-0.07854392997947113,-0.14836492833372578,neutral,neutral
2017-07-31,-1.0446682147376605,0.871342227597049,-1.2579601863432235,1.053928146996187,-0.09433950662191198,-0.19480922747734786,neutral,neutral
2017-08-01,-1.0617137166666182,0.9119291773261599,-1.2030667644325272,1.0742391973038097,-0.069653026617294,-0.1561675227760297,neutral,neutral
2017-08-02,-1.0417583581111516,0.8939304467516835,-1.2386760139693225,1.0493952279456826,-0.08427717434577697,-0.18645824194989158,neutral,neutral
2017-08-03,-1.0249018510980932,0.9263362902705825,-1.2623834636562457,1.0465305357043644,-0.07860462219484798,-0.17904644777117332,neutral,neutral
2017-08-04,-1.066620300389511,0.8855134099734698,-1.281022283135488,1.1351587484960395,-0.08174260626387242,-0.13040234298623096,neutral,neutral
2017-08-07,-1.0764551380072611,0.8921214978985063,-1.2913384494799556,1.1212421424210937,-0.08860748679190422,-0.1454035356730531,neutral,neutral
2017-08-08,-0.970191385074695,0.886790771210458,-1.2779330431766185,1.1463685381387894,-0.053741279725516566,-0.0935432521223254,neutral,neutral
2017-08-09,-0.954418013212224,0.9343873180558454,-1.2082394646060328,1.1312235686079508,-0.02426164778861517,-0.07110897949016048,neutral,neutral
2017-08-10,-0.4474127531291402,0.9934860957836398,-1.1386208308023367,1.1160944413136866,0.13088673829146238,0.08864353281098297,neutral,neutral
2017-08-11,-0.5017950496197248,0.9941655420152535,-1.1363407914958956,1.0753687026726995,0.10784960089308315,0.03894250699881058,neutral,neutral
2017-08-14,-0.8285912613861378,0.9358569905554117,-1.2176221882266152,1.1224835382750586,0.0030317698044293184,-0.04618911783540705,neutral,neutral
2017-08-15,-0.8581336809993806,0.9207309894464053,-1.2368917138025555,1.169551506397031,-0.001185724739624916,-0.02237662399551288,neutral,neutral
2017-08-16,-0.8886870482611055,0.9470098435876341,-1.2410313107015405,1.1251269870566087,-0.014395382079600783,-0.06184487307988251,neutral,neutral
2017-08-17,-0.4966487947389726,1.0110721163268814,-1.2294678806014763,1.1404888260238963,0.10636106675258222,0.08191736298522465,neutral,neutral
2017-08-18,-0.6291967780210553,0.9897094651958731,-1.1897808237024772,1.116821736617792,0.07188840002253313,0.027065261620936504,neutral,neutral
2017-08-21,-0.7390730804451706,0.9930404137974824,-1.1329573719148238,1.0761087670397165,0.049279682119301116,-0.024540616919440955,neutral,neutral
2017-08-22,-0.9280813236863789,0.9427915666906701,-1.1549705918660613,1.130524460923275,-0.002433971984623806,-0.049837242359554196,neutral,neutral
2017-08-23,-0.8351957821185314,0.9785848600910149,-1.1313552513353338,1.0812699082468247,0.02332593372099359,-0.05057595051076855,neutral,neutral
2017-08-24,-0.8369815227251088,0.9451509712340121,-1.11872017076003,1.0966681775597376,0.021529363827152703,-0.04575663802440855,neutral,neutral
2017-08-25,-0.934417072790986,0.9496854444826209,-1.1753885345040163,1.0303793040097653,-0.032435214700654025,-0.14156681681145958,neutral,neutral
2017-08-28,-0.9299685562260518,0.9482287425245446,-1.2251856061090527,0.9653612891218817,-0.06039103267216955,-0.20898881320705126,neutral,neutral
2017-08-29,-0.8905530454864441,0.9673731194884239,-1.1494037588836383,0.9820728531804805,-0.022627707925294505,-0.16026932633429047,neutral,neutral
2017-08-30,-0.9396191129702024,0.9484483311225569,-1.1441574105341046,1.0463163299768405,-0.02225296560122736,-0.12244681793513551,neutral,neutral
2017-08-31,-1.004078335498414,0.9384515481785587,-1.1563821449999652,1.0202979085538293,-0.05042775594149779,-0.16882137317846185,neutral,neutral
2017-09-01,-1.051002514624989,0.9043478531476918,-1.205889742823067,1.0369669897467246,-0.07889435363840991,-0.1894241098147033,neutral,neutral
2017-09-05,-0.8345884108699091,0.9869526814089167,-1.0904834121901608,0.9756033747599583,0.009371058277201277,-0.1309438673820908,neutral,neutral
2017-09-06,-0.8960390304223496,0.9585912443409063,-1.1018678682893701,0.9728023640228476,-0.01662832258699143,-0.16207591035904367,neutral,neutral
2017-09-07,-0.9039604751395288,0.9949816722017754,-1.0691403798533765,0.8797825182871293,-0.024584166126000173,-0.22623562566776173,neutral,neutral
2017-09-08,-0.8450090225661144,0.9967446040128116,-1.0687037117102025,0.8550990519715645,-0.015467269572985193,-0.2310904986240641,neutral,neutral
2017-09-11,-0.9877300216442219,0.9353052503668544,-1.1313077300122332,0.9194428038050857,-0.0660724243711287,-0.24809495143531407,neutral,neutral
2017-09-12,-1.002788485701531,0.9121298825467995,-1.1376230477306168,0.9252167961458779,-0.07576621368486758,-0.25621866841546176,neutral,neutral
2017-09-13,-1.010634886485823,0.8986734841882457,-1.145411935503399,0.9992681809958269,-0.06452628920128736,-0.19984576711231142,neutral,neutral
2017-09-14,-1.0164180125864901,0.9094373059165232,-1.1638451577056523,0.9501163198832057,-0.08017738612310343,-0.24504485977094093,neutral,neutral
2017-09-15,-1.0437976519272276,0.9083469971802547,-1.1662825558656058,0.9192876712834739,-0.09561138483227621,-0.28040109869932306,neutral,neutral
2017-09-18,-1.045440101965833,0.902720487477353,-1.1796639397203441,0.9409149647004694,-0.09536714737708865,-0.26681598741672,neutral,neutral
2017-09-19,-1.0419385025785366,0.8980840559385082,-1.1880022596442712,0.9088713963306091,-0.10574632748842264,-0.2973100370934837,neutral,neutral
2017-09-20,-1.082666734598555,0.8866583140279247,-1.2084590806440831,0.996358049853139,-0.1020273628403936,-0.24060313171596848,neutral,neutral
2017-09-21,-1.0935331562090143,0.8986256429145252,-1.2327378652617342,0.9654950812910041,-0.11553757431630479,-0.272122897924933,neutral,neutral
2017-09-22,-1.101304570925187,0.9013230425908547,-1.1667908009848786,0.954165096657491,-0.10315180816542996,-0.26830037368596066,neutral,neutral
2017-09-25,-1.0370808409369374,0.9319656860995645,-1.1488197490140282,1.0123540103696764,-0.06039522337043113,-0.1856467132766228,neutral,neutral
2017-09-26,-1.040786196662809,0.9178096163078462,-1.162212781129773,1.0509857150145492,-0.058550911617546664,-0.16059398785836698,neutral,neutral
2017-09-27,-1.0712267923121745,0.8748164560383994,-1.1191137377933176,1.0981191947898596,-0.054351219819308294,-0.13238307867036794,neutral,neutral
2017-09-28,-1.1036970779518307,0.8892017958279329,-1.1251411849634334,1.0647397117266009,-0.06872418884018255,-0.16708343430054598,neutral,neutral
2017-09-29,-1.1073461957291943,0.8833956057065574,-1.0944983597968607,1.0630906309669519,-0.06383957971313647,-0.16447617668400946,neutral,neutral
2017-10-02,-1.1130484830408833,0.9116359852915921,-1.0473242683943225,1.1211814909958726,-0.03188881878693528,-0.09521118982919671,neutral,neutral
2017-10-03,-1.1064076379465773,0.9154439119446075,-1.0427687724821788,1.1219216535981722,-0.027952711221494064,-0.09044959493953794,neutral,neutral
2017-10-04,-1.0936042602247709,0.9194532918674072,-1.0456092168651039,1.1080326975284316,-0.02793187192350899,-0.09854878074162168,neutral,neutral
2017-10-05,-1.1383851240758727,0.8930755971452019,-1.012965312990219,1.1685122377826969,-0.022440650534548245,-0.05927754359330201,neutral,neutral
2017-10-06,-1.0906019316237345,0.8991087718127131,-1.0303184147094875,1.1484888969018807,-0.018330669404657052,-0.06561140204846241,neutral,neutral
2017-10-09,-1.0202426240388704,0.9058272072434971,-1.0299168178138458,1.1406721271060152,-0.0009150268758009727,-0.050811570689447194,neutral,neutral
2017-10-10,-1.0455510032934903,0.9042273041852753,-1.0617439381077372,1.0853329127900517,-0.029433681106475096,-0.11389322903109123,neutral,neutral
2017-10-11,-1.0687822026533478,0.9090587860359389,-1.0967956007574633,1.0446664917845603,-0.05296313139757797,-0.16228401943954762,neutral,neutral
2017-10-12,-1.0621818436168293,0.9223157988168827,-1.1220591292321545,1.063754679468441,-0.049542623640914996,-0.14516643561292672,neutral,neutral
2017-10-13,-1.0925936416883055,0.9563632437295071,-1.1502544541981197,1.0596696460397255,-0.05670380152929816,-0.15226629383559753,neutral,neutral
2017-10-16,-1.061303871721755,0.9367515389481802,-1.149750201496547,1.0824005049072254,-0.047975507340724144,-0.13017152944224067,neutral,neutral
2017-10-17,-1.019760737267602,0.9203633195053906,-1.2030375589239188,1.1075478744106537,-0.04872177556886914,-0.11433537053706122,neutral,neutral
2017-10-18,-1.0440389910823455,0.8954326739496711,-1.1652459583460002,1.0912419598008267,-0.055652578919462015,-0.1350599681598309,neutral,neutral
2017-10-19,-1.0456834849067271,0.908632235673351,-1.1292655115424917,1.0798240436492952,-0.04662317928164317,-0.13291750038950895,neutral,neutral
2017-10-20,-1.0534940539660307,0.8725776067937215,-1.0551953303531727,1.1317773048138624,-0.026083618177904888,-0.08470844661313631,neutral,neutral
2017-10-23,-0.9400038352308476,0.8931999356219972,-1.0512288961194785,1.1605318283813542,0.015624758163256314,-0.020638334586945833,neutral,neutral
2017-10-24,-0.9304183077100663,0.8684301137981443,-0.9964330981228479,1.162455089803945,0.0260084494422938,-0.01200966800956485,neutral,neutral
2017-10-25,-0.9228952264527336,0.8698750251981291,-0.9540904092316532,1.1314862608433385,0.03109391258927019,-0.026882214386958175,neutral,neutral
2017-10-26,-0.915377070835922,0.8810738328012628,-0.9540431231076728,1.2406253959071012,0.0630697586911923,0.0742245451312486,neutral,neutral
2017-10-27,-1.0692662495019352,0.8833991687074082,-1.0329103253909664,1.2777845632676568,0.014751789270540827,0.04708046762753121,neutral,neutral
2017-10-30,-0.9968779877425299,0.9178679582823696,-1.1205760029818215,1.224792235974537,0.006301550883138773,0.012117542170853146,neutral,neutral
2017-10-31,-1.0294000796886944,0.9015222160981579,-1.1360575735204004,1.231523008716673,-0.008103107098565931,0.00010602104245943655,neutral,neutral
2017-11-01,-1.0269458511612497,0.9407918386031219,-1.171320466671953,1.2638114265753961,0.0015842368363288561,0.03396322249732958,neutral,neutral
2017-11-02,-1.0543038243746417,0.9444102094128519,-1.206546215694247,1.2473705531421428,-0.017267319378473478,0.005232610349890587,neutral,neutral
2017-11-03,-1.1350856915417353,0.954295878205004,-1.2916513872904696,1.2772010346027187,-0.04881004150612056,-0.007093088890925803,neutral,neutral
2017-11-06,-1.10787662192656,0.9552673779097801,-1.3140400730914144,1.2497960633907625,-0.05421331342935792,-0.02832725358541882,neutral,neutral
2017-11-07,-1.0570534152208946,0.9746875215323172,-1.3384662856282867,1.2723166350978155,-0.03712888605476217,0.006179966393616287,neutral,neutral
2017-11-08,-1.0679391451202014,1.004904520086857,-1.3445558904330268,1.2668248746850979,-0.03519141019531835,0.006974382028984816,neutral,neutral
2017-11-09,-0.9935108313145306,1.0267634674798043,-1.313739518151729,1.2138906651776669,-0.01664905420219709,-0.004519464552775687,neutral,neutral
2017-11-10,-0.9119393769597828,0.949033945223135,-1.2451805065698385,1.2072447970751947,-0.00021028530782291055,0.0020780200931854176,neutral,neutral
2017-11-13,-0.8900394382709556,0.9570803725587039,-1.2711487507889543,1.2188537535582906,0.003686484264271206,0.014981935214748776,neutral,neutral
2017-11-14,-0.8804886679582421,1.0007976285772162,-1.229800549733993,1.1380030560432746,0.007127866732063948,-0.029127413043969236,neutral,neutral
2017-11-15,-0.7218630406899036,1.0416955408639283,-1.2224351290187805,1.1350808841377662,0.05811956382325262,0.027181644132864807,neutral,neutral
2017-11-16,-0.8625261769040176,0.9346975438589274,-1.2295364129856727,1.149191455368351,-0.0020433976656029085,-0.03619774743988757,neutral,neutral
2017-11-17,-0.8961755862441728,0.9533094511753774,-1.1891276338016497,1.1158532486214958,-0.004035130062237324,-0.059210411606347185,neutral,neutral
2017-11-20,-0.9760717041393845,0.9507299738049338,-1.2177986402988534,1.1664660354675018,-0.019168583791450533,-0.044387224216300564,neutral,neutral
2017-11-21,-1.0703000717932551,0.962727319835025,-1.2175285229326003,1.1501413831276646,-0.04373997294079146,-0.08055693306213266,neutral,neutral
2017-11-22,-1.054450810958453,0.9847206365043017,-1.2526541088723613,1.0608659255292625,-0.06537958944931249,-0.15502678275292966,neutral,neutral
2017-11-24,-1.0756228443547002,0.9664011738426292,-1.273287265813202,1.0044997620464229,-0.09450229356971251,-0.2208520714644625,neutral,neutral
2017-11-27,-1.0546304776720148,0.9904713501023044,-1.29831825583022,1.0211501429339624,-0.08533181011649199,-0.19828531409975467,neutral,neutral
2017-11-28,-1.0377673490126345,0.9737500836815188,-1.3082815176034546,1.0645432679383329,-0.07693887874905936,-0.16354497205297924,neutral,neutral
2017-11-29,-0.9684891794390688,0.9468486354853594,-1.2896375701759772,1.064119670169172,-0.061789610990128696,-0.14946773014418574,neutral,neutral
2017-11-30,-0.9085102055280236,0.9329082702190797,-1.2509722538427805,1.0332939097818816,-0.04832006984246068,-0.1558408404167643,neutral,neutral
2017-12-01,-0.8927786878458002,0.9813494605849301,-1.1519231790954796,1.019518247183197,-0.010958539793288147,-0.12485690209338761,neutral,neutral
2017-12-04,-0.8667742365500378,0.9996822529446366,-1.1929845696129087,1.054397839303152,-0.0014196784787894878,-0.09055789180980212,neutral,neutral
2017-12-05,-0.9024807234442271,1.023380792239064,-1.1782990633446278,1.0770871280779295,0.004922033382034674,-0.06940715838446984,neutral,neutral
2017-12-06,-0.9340520324215082,1.0503050509024463,-1.1754174873294485,1.1046214517095052,0.011364245715248689,-0.044518215939320205,neutral,neutral
2017-12-07,-1.0221537379040981,1.0262320526745508,-1.1772539696509394,1.1272669100567005,-0.011477186205946566,-0.0575030269302744,neutral,neutral
2017-12-08,-1.0813963909240176,1.0037570127277282,-1.2282967740050337,1.1389483735869486,-0.04174694465359363,-0.08277729489332222,neutral,neutral
2017-12-11,-1.1056331990610986,1.008393393990528,-1.2548284422953033,1.1348148086722296,-0.054313359673411055,-0.0976162246706419,neutral,neutral
2017-12-12,-1.0455509015798738,1.0052338685380429,-1.2489254288471667,1.162291141877113,-0.0317378300029712,-0.05673512525345997,neutral,neutral
2017-12-13,-1.0184146042378681,1.0329908259281777,-1.298992311353825,1.080338865662468,-0.05101930600026189,-0.12305968139005971,neutral,neutral
2017-12-14,-0.9861584383794297,1.070120348096786,-1.303939162852052,1.0871973162920912,-0.033194984210651146,-0.09716292914686181,neutral,neutral
2017-12-15,-1.0957983916674874,1.0820850631799346,-1.2564659385572319,1.1402402447020594,-0.03248475558568131,-0.06633878858409634,neutral,neutral
2017-12-18,-1.0840432680021943,1.0430183752577944,-1.2470312856191446,1.1117978681845573,-0.0440645775447468,-0.09867435731402435,neutral,neutral
2017-12-19,-1.032207880857977,1.0129450471579486,-1.1807828469087729,1.083382184412703,-0.029165874049024598,-0.10392100579890615,neutral,neutral
2017-12-20,-1.0636790801245422,0.9788947817877346,-1.1511104019326084,1.0683599495409541,-0.04188368768211542,-0.1301957638580234,neutral,neutral
2017-12-21,-1.0735377716948198,1.014415663023154,-1.1020346773158711,1.0594279191483695,-0.025432216709791844,-0.11784669090736374,neutral,neutral
2017-12-22,-1.0443285403490046,1.0123446900523783,-1.1375005628510908,1.0675187835350812,-0.025491407403158972,-0.11152208110979522,neutral,neutral
2017-12-26,-1.0079470830756263,1.0103320063375538,-1.1829406128703182,1.0561578473539042,-0.031099460563621617,-0.12245462434628754,neutral,neutral
2017-12-27,-0.9849559626011974,1.0591642188413384,-1.2144985023675505,1.027790434974087,-0.02812495278833066,-0.13192885828071826,neutral,neutral
2017-12-28,-1.014407104188427,1.0568143884557253,-1.259264769105421,0.9751369265597307,-0.06043013956959803,-0.1970644161631374,neutral,neutral
2017-12-29,-0.9256204345215654,1.0547167832955162,-1.2465972936642447,0.9164421382511652,-0.05026470165978214,-0.22159926358309623,neutral,neutral
2018-01-02,-1.0558555752531553,0.9804244708700554,-1.1703853038413847,0.8833090749227825,-0.09062683332542554,-0.2936683683968667,neutral,neutral
2018-01-03,-1.119168779034662,0.9509811186114621,-1.2160678550593715,0.9207032250135831,-0.1158880726172471,-0.2988182146300135,neutral,neutral
2018-01-04,-1.1115084100938846,0.9306779504305721,-1.2219829764099,0.8827026506392402,-0.130027696358493,-0.33792281570922506,neutral,neutral
2018-01-05,-1.1110492238008642,0.9204175435958281,-1.259955885915949,0.8945694717419544,-0.1390045235947577,-0.3395568178789788,neutral,neutral
2018-01-08,-1.0797597513103516,0.9271028968481401,-1.2643537551561745,0.9404704619502836,-0.11913503691702562,-0.2900512201658378,neutral,neutral
2018-01-09,-1.0217756507048006,0.9211902824880468,-1.2228669426979322,0.9644571305487388,-0.08974879509148681,-0.2454289038634881,neutral,neutral
2018-01-10,-1.0481110575901613,0.9486576617056791,-1.1670140324031923,0.939799180683882,-0.08166706190094816,-0.2522919058445976,neutral,neutral
2018-01-11,-1.0415389811881555,0.9394365475933754,-1.1953252182879128,0.881113200142882,-0.10407861293495277,-0.3112042048315065,neutral,neutral
2018-01-12,-1.0123627144988507,0.9574798803511866,-1.2118444237783996,0.7738204167512943,-0.12322671029369237,-0.39447319708617734,neutral,neutral
2018-01-16,-0.8578145439495485,0.971613019897897,-1.2612744588999443,0.7030557337008521,-0.11110506231268591,-0.419926594584218,neutral,neutral
2018-01-17,-0.831841465705009,0.9434307250760213,-1.2615540272281958,0.7211065101896696,-0.10721456441687843,-0.4063576416892807,neutral,neutral
2018-01-18,-0.7997131931932102,0.9149008316927949,-1.1824667121289294,0.7160388889240552,-0.08781004617632238,-0.3930100889191671,neutral,neutral
2018-01-19,-0.8971380521859363,0.8741117548138739,-1.1819443902200242,0.7243547835341411,-0.12015397601448641,-0.4262954126675745,neutral,neutral
2018-01-22,-0.9215129589922312,0.8557408479080088,-1.0623745403589404,0.7034693556301488,-0.10616932395325351,-0.42976365834527397,neutral,neutral
2018-01-23,-0.9140028602891049,0.8690281959456702,-1.0634280899996305,0.6692070893078083,-0.10979891625881424,-0.45309689161627176,neutral,neutral
2018-01-24,-0.8756538022644828,0.8767810398543278,-1.0171531632879118,0.5582875972043413,-0.11443458212343138,-0.5257101576753145,neutral,neutral
2018-01-25,-0.8640591811589576,0.9330291979788548,-1.0382318688560612,0.5800611440654972,-0.09730017699266671,-0.4897524438577703,neutral,neutral
2018-01-26,-0.915192529470411,0.9118611078973254,-0.9716926490162137,0.5409657724464555,-0.10851457453571092,-0.5296945897117046,neutral,neutral
2018-01-29,-0.6310578323034514,0.9202023246731252,-0.9610560988907728,0.5700555472282918,-0.02546401482320179,-0.4197604251475511,neutral,neutral
2018-01-30,-0.5331770260228917,0.9200902353093067,-0.9224972158977034,0.5553063476523895,0.004930585260275261,-0.39553051137847395,neutral,neutral
2018-01-31,-0.6616441143525017,0.9233563552426279,-0.9245356188183147,0.5478657892840438,-0.028739397161036156,-0.43734992706620457,neutral,neutral
2018-02-01,-0.6686710771943191,0.913079367778486,-0.9056976155191092,0.4917104202527505,-0.042394726170547944,-0.4872457216340536,neutral,neutral
2018-02-02,-0.2733483494193708,0.9248372572235529,-0.831884707029,0.5561572684989986,0.09394036731854519,-0.29948747036944406,neutral,neutral
2018-02-05,1.7853491224672975,0.9848968827307137,-0.8292739880458699,0.598661796061506,0.6349084533034118,0.3341329514363199,off,off
2018-02-06,1.0295953569089777,0.9055252769450837,-0.8290173243722322,0.603385187756764,0.42737212430964827,0.10168964890936208,off,neutral
2018-02-07,0.7978093872306674,0.9143267510347955,-0.6622868321997442,0.6848706018192176,0.43367997697123406,0.1492559278467675,off,neutral
2018-02-08,1.3867767556562616,0.9575095749504362,-0.6097484083109321,0.6810307990131559,0.6038921803272304,0.33758917894163565,off,off
2018-02-09,0.9337009158694669,0.9531124528631794,-0.6095951837958089,0.7064394331283796,0.49591440451630425,0.23122865690761274,off,neutral
2018-02-12,0.5785496856733763,0.8859887499642718,-0.5502961798682632,0.6782138582272789,0.39811402849916594,0.09859452519520834,off,neutral
2018-02-13,0.5125662588980142,0.9134410455565682,-0.5763575033729021,0.6158678850402466,0.36637942153048175,0.029313545765810523,off,neutral
2018-02-14,-0.07513780785367491,0.8596122452458748,-0.5600287839032401,0.545005097734975,0.1923626878059837,-0.21163126046877534,neutral,neutral
2018-02-15,-0.08850454472656351,0.8262324265507036,-0.6434935877285642,0.4802515234215012,0.14362145437926926,-0.3022040735800701,neutral,neutral
2018-02-16,-0.05451600723772354,0.8152941517562531,-0.750774444276491,0.5423374014853808,0.13808527543185484,-0.26720759951334727,neutral,neutral
2018-02-20,0.06287427717733293,0.8072763709314533,-0.8321022535719391,0.6178241097509776,0.16396812607195618,-0.19009850788784183,neutral,neutral
2018-02-21,0.003132069192227966,0.7976855861579996,-0.8053501192262228,0.6615767209752093,0.1642610642748035,-0.16545653032618668,neutral,neutral
2018-02-22,-0.1307717866918016,0.8041344698705557,-0.8056964452752626,0.621149204234764,0.12220386053456389,-0.23618690100000156,neutral,neutral
2018-02-23,-0.36047697146237573,0.7839826667120826,-0.7035774725301414,0.6368510867729293,0.08919482737312372,-0.269982811820743,neutral,neutral
2018-02-26,-0.43149254815425575,0.7792121465630637,-0.7292993717177741,0.6293675141339115,0.061946935206236314,-0.3040010824709193,neutral,neutral
2018-02-27,-0.14389524228191403,0.7620979014538639,-0.7229110676818591,0.6950976412211316,0.1475973081778056,-0.17021711499568243,neutral,neutral
2018-02-28,-0.013998914389637695,0.7956307325042525,-0.7509844956156171,0.7254161810594528,0.18901587588961263,-0.1023715908115495,neutral,neutral
2018-03-01,0.2560971944963648,0.8624363882950445,-0.7304467537769871,0.6898234597585249,0.26947757219323676,-0.03059331574524979,neutral,neutral
2018-03-02,-0.040900205365493346,0.7749366748707794,-0.6819315951775125,0.6432582826479237,0.17384078924392435,-0.1722279327791899,neutral,neutral
2018-03-05,-0.129581301953993,0.771280036861841,-0.6991317520949513,0.6601818941092323,0.15068721923053227,-0.18760905472861605,neutral,neutral
2018-03-06,-0.16772055938413252,0.7656867868253895,-0.7345927062039064,0.6038520364781983,0.11680638942888721,-0.2574322278076702,neutral,neutral
2018-03-07,-0.22958589418286665,0.7864408376243278,-0.7388066401725577,0.6061435611635839,0.10604796610812184,-0.26657953461454786,neutral,neutral
2018-03-08,-0.35541707995253036,0.7942660154927706,-0.7907553427606662,0.6646055119655162,0.07817477618627258,-0.2604876003687224,neutral,neutral
2018-03-09,-0.5513975085126587,0.7227995941993416,-0.8674314461324703,0.660766844772925,-0.008815628918215579,-0.36032762097734516,neutral,neutral
2018-03-12,-0.4336221269729021,0.7518121206948971,-0.8871928526076358,0.637389593270933,0.017096683596323048,-0.3426007942756929,neutral,neutral
2018-03-13,-0.3746949003257792,0.783854095745093,-0.9817880053631266,0.6079112984584155,0.008820622128650674,-0.3630827844508062,neutral,neutral
2018-03-14,-0.2837695449927246,0.8174570849647413,-0.8995196956820763,0.6126457214022025,0.061703391423035714,-0.30256790630180797,neutral,neutral
2018-03-15,-0.34979626682903203,0.8204681916023778,-0.903349732859889,0.6662499077775675,0.058393024922756095,-0.2743410717711853,neutral,neutral
2018-03-16,-0.43130615554242124,0.8104273002140482,-0.8647401006999025,0.6770723061083692,0.04786333752002342,-0.2821469675501513,neutral,neutral
2018-03-19,-0.09862999019117685,0.8175520614768527,-0.8358770244672081,0.6365675615151786,0.12990315208341158,-0.21496660591365513,neutral,neutral
2018-03-20,-0.18332501386899877,0.7623738659941551,-0.8972201253359074,0.6938442216771676,0.09391823711660413,-0.2214462732609182,neutral,neutral
2018-03-21,-0.2184213713575314,0.7526234640193162,-0.960883347061477,0.6215460449285939,0.04871619763222543,-0.31176957415493567,neutral,neutral
2018-03-22,0.34794562075399516,0.8290420645876193,-0.9543589766071207,0.6311691309113865,0.2134494599114701,-0.11765533455019855,neutral,neutral
2018-03-23,0.5060033706580152,0.8227869412116487,-0.9469548470364382,0.5796627575172086,0.24037455558760862,-0.11848724299431357,neutral,neutral
2018-03-26,0.10894664325289379,0.7935212387896206,-0.9943764081845946,0.5293902573037698,0.10937043279042238,-0.29435863603341383,neutral,neutral
2018-03-27,0.2609140256996496,0.8384462073187712,-0.943323581181653,0.5708461810553475,0.18172070822302883,-0.1888812539451865,neutral,neutral
2018-03-28,0.2991244737229925,0.8691065349281386,-0.8816909941573869,0.6550947361178288,0.23540868765289324,-0.0802495106039636,neutral,neutral
2018-03-29,-0.0008747101730515615,0.8800179804088994,-0.8758064486433881,0.6659334471331639,0.16731756718140595,-0.14990355893027893,neutral,neutral
2018-04-02,0.376701220492929,0.9246194124823618,-0.8719889383176173,0.6535277146463473,0.27071485232600523,-0.03921654020475265,neutral,neutral
2018-04-03,0.11590315657759907,0.8703847895898497,-0.9495376087731197,0.6717081472031631,0.17711462114937304,-0.13249168394106353,neutral,neutral
2018-04-04,0.008260265184209385,0.8480783399900198,-0.9689619684286149,0.6641915573782062,0.13789204853095513,-0.1811110308147188,neutral,neutral
2018-04-05,-0.1076625283818702,0.843094175288317,-1.0166715376258046,0.7031721491592796,0.10548306460998044,-0.19219751413687994,neutral,neutral
2018-04-06,0.1563319091273629,0.8944082537719069,-0.9470242642850067,0.660154209013065,0.19096752690683202,-0.12249074866409264,neutral,neutral
2018-04-09,0.1852932071863936,0.862201102286307,-1.0516422577539242,0.6269392691435234,0.15569783021557493,-0.17829557374069438,neutral,neutral
2018-04-10,0.05063664849914199,0.8286586095167762,-1.0830758039193502,0.5961819837193129,0.09810035945397019,-0.26121169887119017,neutral,neutral
2018-04-11,0.026805282691982724,0.8317134240466633,-1.1100614015889851,0.5935882759602553,0.08551139527747903,-0.27540821914734,neutral,neutral
2018-04-12,-0.1544876704833584,0.7684303919937188,-1.0804367519192537,0.6154804630183188,0.037246608152356364,-0.32085812557025306,neutral,neutral
2018-04-13,-0.2663572046754328,0.7658378946275258,-1.0903296379344114,0.6214498023552221,0.00765021359322593,-0.35013123157849435,neutral,neutral
2018-04-16,-0.35438600978998747,0.7514295388389653,-1.1311571583324493,0.5759856695301904,-0.03953198993832027,-0.4286161507563,neutral,neutral
2018-04-17,-0.49007664210735263,0.7474439033570424,-1.1719462266482963,0.5868694224216007,-0.08192738574425146,-0.46792757093515114,neutral,neutral
2018-04-18,-0.4536905947014096,0.7061158133440836,-1.1225330981819601,0.5989765471165553,-0.0677828331056827,-0.4494056419599642,neutral,neutral
2018-04-19,-0.41627302477031547,0.699323267464456,-1.089664561734475,0.6380290635364696,-0.04214631387596618,-0.39887572266610316,neutral,neutral
2018-04-20,-0.32079725359771516,0.6828311949775187,-1.0417958512820704,0.6844196694658509,0.0011644398908959852,-0.3260816003285353,neutral,neutral
2018-04-23,-0.3767316069745256,0.7052726727589815,-1.0390475717838825,0.7601971204026096,0.012422653600795724,-0.267714382291096,neutral,neutral
2018-04-24,-0.20240788111050534,0.6953939789570498,-1.0324710870289542,0.7391523028283746,0.049916828411491226,-0.23896184613294752,neutral,neutral
2018-04-25,-0.22104288917383388,0.6624514372414247,-0.9672610504326503,0.7879582219113855,0.06552642988658153,-0.19742853093870139,neutral,neutral
2018-04-26,-0.38700645364039543,0.6567929325769085,-1.0276265327365117,0.8355158571581971,0.019418950839549615,-0.21805104650380533,neutral,neutral
2018-04-27,-0.473050674020733,0.6841007511042406,-1.0823460532844258,0.8328106016609896,-0.009621343634982127,-0.24820718483051407,neutral,neutral
2018-04-30,-0.4189822309276958,0.6822316498462722,-1.109029464050507,0.8693188814814976,0.0058847090873917485,-0.20813830378676051,neutral,neutral
2018-05-01,-0.46456288995087996,0.6612342290894241,-1.0664553109417336,0.9437940416093116,0.01850251745153053,-0.15312689284032935,neutral,neutral
2018-05-02,-0.4146335947415637,0.6566740995776611,-1.1464725332301564,0.9508265835362686,0.011598638785552395,-0.1531968466582273,neutral,neutral
2018-05-03,-0.4218141305513711,0.6594547776549934,-1.1348026118144086,0.9382479536545838,0.01027149723594939,-0.16230290466921965,neutral,neutral
2018-05-04,-0.5390605734036993,0.6662910244469157,-1.1343369451999865,0.9575377023286281,-0.012392197957035472,-0.1759951862395575,neutral,neutral
2018-05-07,-0.5410127625837198,0.6451891802781188,-1.175401703350492,0.9792660084560008,-0.022989819300023084,-0.17422101582861113,neutral,neutral
2018-05-08,-0.545041794425259,0.6568823687663848,-1.15133880907335,1.0242614135778438,-0.00380920528859513,-0.12670609962851576,neutral,neutral
2018-05-09,-0.678905184842758,0.6383665884942084,-1.1346613106779642,1.014082383853897,-0.040279380793154185,-0.17531791040928296,neutral,neutral
2018-05-10,-0.6984633695872154,0.6597992922513549,-1.1801359770413842,0.9659244030834627,-0.06321891282344552,-0.2261530152472052,neutral,neutral
2018-05-11,-0.7585272376710851,0.6806994430968646,-1.2017142781785104,0.9521102832661696,-0.08185794737164032,-0.2531234763482958,neutral,neutral
2018-05-14,-0.7292253063551917,0.6597503345882888,-1.1635014209877346,0.9579120995433841,-0.06876607330281337,-0.2378786775035296,neutral,neutral
2018-05-15,-0.5523913119721335,0.6324425757909427,-1.0358122868924038,1.0347855347438608,0.019756127917566535,-0.10063385103530104,neutral,neutral
2018-05-16,-0.678002222142813,0.605860822935244,-0.9626935838279285,1.0552328365804868,0.005099463386247338,-0.10980732523306355,neutral,neutral
2018-05-17,-0.6767860428909117,0.5801007850437038,-0.9900434396827409,1.0646366677043229,-0.005523007456406492,-0.11616632456029954,neutral,neutral
2018-05-18,-0.6776490023457881,0.6325686044666257,-1.0170793111697314,1.0850596536685226,0.005724986154907241,-0.08755919588424294,neutral,neutral
2018-05-21,-0.7128124985381333,0.6243776976144005,-1.022009954475231,1.0895384168921711,-0.005226584626698172,-0.09740837453298376,neutral,neutral
2018-05-22,-0.6980674925266585,0.6064304473974379,-1.0366544703480758,1.0805368058977143,-0.011938677394895514,-0.11048013734122106,neutral,neutral
2018-05-23,-0.764414920524891,0.641435645558097,-1.0156582127569391,1.129122286093866,-0.0023788004074667968,-0.0703237900249079,neutral,neutral
2018-05-24,-0.769396880948948,0.663566515563012,-1.0479747311209842,1.100488172229563,-0.013329231069339254,-0.09683431275276516,neutral,neutral
2018-05-25,-0.6974372252405191,0.70967071275463,-0.9904579495157416,1.1502774690382722,0.043013251759160376,-0.004555645112642365,neutral,neutral
2018-05-29,-0.3020617016974192,0.8045638931414215,-0.7279995471376652,1.228186914921914,0.25067238980706275,0.2672035707844955,neutral,off
2018-05-30,-0.5183634061722128,0.7349325368892861,-0.7613806094672642,1.1443596446076858,0.14988704146437373,0.10262036980715442,neutral,neutral
2018-05-31,-0.4672719457564188,0.7397884410153872,-0.8000497315826437,1.124293164182137,0.14918998196461541,0.09208351617122201,neutral,neutral
2018-06-01,-0.6721271072858737,0.7113652967934562,-0.9058619926663269,1.1483328095766756,0.0704272516044828,0.02110474097882792,neutral,neutral
2018-06-04,-0.7468616068837404,0.6670179809021689,-0.9833309685428901,1.1270404573960364,0.015966465717893674,-0.05125202787875044,neutral,neutral
2018-06-05,-0.7820290933898846,0.6620600965747111,-0.9782738870690515,1.110666455679415,0.0031058929487975395,-0.07582938744168757,neutral,neutral
2018-06-06,-0.8608791289220362,0.5997502541344865,-0.9196105847405817,1.0820618166956533,-0.024669410708119566,-0.12980116908036762,neutral,neutral
2018-06-07,-0.809628586656791,0.6297927487933248,-0.9151844639168591,1.0498063072715078,-0.011303498627204422,-0.13244781164886274,neutral,neutral
2018-06-08,-0.8041873287205213,0.6187190345149274,-0.82680078160477,1.067781565506847,0.013878122424120731,-0.09824491603786611,neutral,neutral
2018-06-11,-0.7862607933929194,0.5897831837679697,-0.8778170065758228,1.0710485302394885,-0.0008115214903210433,-0.11192111757059128,neutral,neutral
2018-06-12,-0.787075409038925,0.5822172013187978,-0.9326342068264807,1.0975768804610706,-0.009978883521384319,-0.10443485575383846,neutral,neutral
2018-06-13,-0.7243992482529549,0.5686885807151506,-0.996253901197964,1.0861273833952756,-0.016459296335123164,-0.11616573509763148,neutral,neutral
2018-06-14,-0.809557463356727,0.5852408625215141,-1.033903637246048,1.2154742800726672,-0.0106864895021484,-0.030960502037953697,neutral,neutral
2018-06-15,-0.8238925371689995,0.576789775986728,-1.016437958658243,1.2173883096769103,-0.011538102540901096,-0.03206241622063222,neutral,neutral
2018-06-18,-0.789294204091222,0.5671388299287091,-1.0381648579722174,1.2119563415380235,-0.01209097264917669,-0.035351468008718356,neutral,neutral
2018-06-19,-0.6807897769308492,0.5866010093124003,-1.0357201816484776,1.2530338752956685,0.030781231507185536,0.037905870689670496,neutral,neutral
2018-06-20,-0.7389228960994093,0.5183939326841404,-1.049478901889498,1.2487920688555845,-0.005303949112295647,-0.00800345493216753,neutral,neutral
2018-06-21,-0.5460651724145081,0.5316600068117626,-1.0146235211806045,1.224978965257785,0.04898756961860873,0.03809865184229633,neutral,neutral
2018-06-22,-0.6365540164479614,0.5429501928610222,-1.0160260882018335,1.181613629368728,0.01799592939498884,-0.021627318449552846,neutral,neutral
2018-06-25,-0.2655394562196191,0.5568164585762304,-1.0153656679353273,1.1517495185780489,0.10691521324983322,0.06149880407090569,neutral,neutral
2018-06-26,-0.41240502598264955,0.591933365952909,-1.066253931225513,1.200209849681487,0.07837106460655835,0.062067337243410126,neutral,neutral
2018-06-27,-0.20493772756564954,0.6478722710340923,-1.014303851700983,1.2743050739462753,0.17573394142843377,0.21556933725810135,neutral,off
2018-06-28,-0.3153851880033183,0.6629368914949679,-1.0410387489916544,1.2859429519694958,0.14811397661737277,0.1933676310067773,neutral,neutral
2018-06-29,-0.3945498945825026,0.6918364881364232,-1.0689311558716261,1.1923990660924804,0.10518862594369371,0.09273162372468224,neutral,neutral
2018-07-02,-0.4455554949942605,0.6982022762457275,-1.0956224726770378,1.2212376448083646,0.09456548834569845,0.09933162434062381,neutral,neutral
2018-07-03,-0.38915393367955836,0.7338378651198428,-1.0666282541809298,1.186461921014288,0.11612939956841067,0.10357004432195471,neutral,neutral
2018-07-05,-0.5110900362086969,0.7272717662873173,-1.0591570475581953,1.1712852858928633,0.0820774921033221,0.05566887658293951,neutral,neutral
2018-07-06,-0.6778430514262539,0.7150645747598326,-1.0979289388208109,1.1182194319734629,0.014378004121557708,-0.050473260026509814,neutral,neutral
2018-07-09,-0.7485877966572492,0.7065179053727241,-1.1104587234853622,1.1226658206189994,-0.007465698537721943,-0.07228872535634431,neutral,neutral
2018-07-10,-0.7535965185364176,0.6937461195281297,-1.106487271485028,1.1258855217468524,-0.01011303718661588,-0.07420739840136573,neutral,neutral
2018-07-11,-0.6501208668003471,0.7290712706685136,-1.08632402389084,1.2000064653533455,0.04815821133266801,0.035770951655571925,neutral,neutral
2018-07-12,-0.7594944107261652,0.7188530823362209,-1.142145714325975,1.2104904459976225,0.006925850820425794,-0.0023172625697040483,neutral,neutral
2018-07-13,-0.8010121597876054,0.7265066857375854,-1.150219820426338,1.2026312312854242,-0.005523515797733525,-0.02016973656872767,neutral,neutral
2018-07-16,-0.7329658228686865,0.7168072928457959,-1.1641743641125555,1.1727812407194078,-0.0018879133540095627,-0.0334933063550229,neutral,neutral
2018-07-17,-0.8131075885781742,0.7060821789456574,-1.1975441216911429,1.228504667091371,-0.019016216058072133,-0.018949265352899647,neutral,neutral
2018-07-18,-0.8086960197894792,0.6994230883799244,-1.2376491513426437,1.2414025602143137,-0.02637988063447122,-0.018096776223857636,neutral,neutral
2018-07-19,-0.7281101432598137,0.7196965161845653,-1.1826496775480817,1.251842470490988,0.015194791466914492,0.033243540563240026,neutral,neutral
2018-07-20,-0.7289576585999831,0.6850097605114092,-1.1250538915843773,1.1645367440126069,-0.001116261415086084,-0.040931175437041195,neutral,neutral
2018-07-23,-0.753810182735581,0.6478207331357289,-1.0522024474254017,1.189708800427902,0.00787922585066203,-0.02132624237712316,neutral,neutral
2018-07-24,-0.7755213388526409,0.6581259734951933,-1.087130981830595,1.1818742724821252,-0.005663018676479337,-0.038999861252194346,neutral,neutral
2018-07-25,-0.7878288592171908,0.6522526286166894,-1.146161800935616,1.1508385141907564,-0.03272487933634027,-0.08521690463980752,neutral,neutral
2018-07-26,-0.8032626705671966,0.6605919708700339,-1.1168567313432871,1.1980038245981395,-0.01538090161057759,-0.03891848248675028,neutral,neutral
2018-07-27,-0.7101160921073777,0.6771429985585734,-1.1293633313046936,1.1889421345728104,0.006651427429828105,-0.01804233463962862,neutral,neutral
2018-07-30,-0.5814970265012538,0.6593700751546479,-1.111551181197392,1.149358092934013,0.02891999009750379,-0.018028034831221534,neutral,neutral
2018-07-31,-0.7306912769403093,0.6695823665038783,-1.1970293485216978,1.1647649595684186,-0.02334332484742757,-0.06322566523288406,neutral,neutral
2018-08-01,-0.6970764568510748,0.6376351098215363,-1.141208501205077,1.1801580670305682,-0.0051229453010118164,-0.037921654618638945,neutral,neutral
2018-08-02,-0.7971554035833213,0.6439316699686657,-1.1519268365187187,1.2468145197912066,-0.014584012585541928,-0.008539639664994936,neutral,neutral
2018-08-03,-0.8543677040124831,0.6672134234671269,-1.1611644258862153,1.242593665943761,-0.02643126012195257,-0.022732497866763124,neutral,neutral
2018-08-06,-0.8927508427225429,0.6578225409619256,-1.1845122871046645,1.2688939029756896,-0.03763667147239802,-0.019288329341627164,neutral,neutral
2018-08-07,-0.9279788236490915,0.6211827494194031,-1.1754837068956223,1.251226278808862,-0.05776337557911221,-0.054608418134448056,neutral,neutral
2018-08-08,-0.936031325370323,0.6110076880852873,-1.1841104710130408,1.2360184479128569,-0.0682789150963049,-0.07549415679533328,neutral,neutral
2018-08-09,-0.891857535762596,0.6259492221494894,-1.1686139138371234,1.2842826654527837,-0.03755989049936159,-0.012518746943602332,neutral,neutral
2018-08-10,-0.6941511335363096,0.6603381182198889,-1.0716691130522444,1.3886083194353194,0.07078154776666351,0.16792341842436675,neutral,neutral
2018-08-13,-0.5247104166001998,0.6646296598404755,-1.0671487573654188,1.3915556975662438,0.11608154586027516,0.22062439561757052,neutral,off
2018-08-14,-0.6782020333798263,0.6599263275392134,-1.0940994211816681,1.432303771235034,0.07998216105318823,0.20500731311856724,neutral,off
2018-08-15,-0.539036978495994,0.6985389290274453,-1.0442735218065073,1.4278809215612271,0.13577733757154278,0.2647924146803227,neutral,off
2018-08-16,-0.6632925431098483,0.698505198596046,-1.070653010091437,1.421027793933364,0.09639685983203117,0.21769913155425055,neutral,off
2018-08-17,-0.747787983559507,0.6952821839663066,-1.06789886350944,1.3532399098265082,0.05820881168096692,0.13457877591254436,neutral,neutral
2018-08-20,-0.7632630867230219,0.716544774061449,-1.059265644556756,1.3281954738752326,0.05555287916422591,0.11764466516172484,neutral,neutral
2018-08-21,-0.7243744496666777,0.675766409715278,-1.0779866208885929,1.2495578579577866,0.030740799279448505,0.042267297895667744,neutral,neutral
2018-08-22,-0.7879521183608783,0.6711857043435557,-1.0975744010155655,1.2355937987208558,0.005313245921991949,0.006167111274105741,neutral,neutral
2018-08-23,-0.7710016899349177,0.6756951710148545,-1.110089059358658,1.292318762977353,0.02173079617465795,0.05882823830757733,neutral,neutral
2018-08-24,-0.8146994853875114,0.6779869537354866,-1.1108327433198126,1.2344534967018548,-0.0032729445674956614,-0.003180085237943331,neutral,neutral
2018-08-27,-0.7966881691743043,0.6585355770817575,-1.1039318835179368,1.1888313908667774,-0.013313271185926567,-0.042630425930481664,neutral,neutral
2018-08-28,-0.7609082451028306,0.6243832732641056,-1.0867472809945904,1.181021722283043,-0.01056263263756807,-0.04668927488317326,neutral,neutral
2018-08-29,-0.7868426353805978,0.6195417400676652,-1.11132264762563,1.1659097635961793,-0.02817844483559584,-0.07446818039487135,neutral,neutral
2018-08-30,-0.6527498306356637,0.6373863431818028,-1.0723794795656678,1.1800485484351149,0.023076395353896495,-0.00948893892470054,neutral,neutral
2018-08-31,-0.7226694031490201,0.6091887199863735,-1.0631587305701622,1.2307131209831093,0.013518426812575146,0.007738315799468598,neutral,neutral
2018-09-04,-0.6910957896402368,0.6246396501773857,-1.096275999669658,1.264273595668925,0.02538536413410397,0.04316558462762926,neutral,neutral
2018-09-05,-0.6124526873019615,0.628979001244543,-1.1302468075856267,1.228388020724029,0.028666881770245956,0.027538631815395342,neutral,neutral
2018-09-06,-0.5348746890714121,0.6488873691757466,-1.1224508789068315,1.2144576137816423,0.051504853744786305,0.04564134071814627,neutral,neutral
2018-09-07,-0.5106848002224129,0.6168019563500536,-1.0990844274914888,1.2565488580548936,0.06589539667276137,0.08385723538310502,neutral,neutral
2018-09-10,-0.5859317534715774,0.6302120572187643,-1.1498008403551994,1.2292027295200487,0.030920548228009048,0.03153110020850691,neutral,neutral
2018-09-11,-0.6841861471959836,0.6045455230360062,-1.1411082020933236,1.2177099860640361,-0.000759710047316231,-0.01253698269823078,neutral,neutral
2018-09-12,-0.6923857992695508,0.6010869669905033,-1.1753266281105954,1.185537032517631,-0.020272106968002912,-0.0519690303571278,neutral,neutral
2018-09-13,-0.7728141009340627,0.6032788476365462,-1.1962897222669144,1.1533940892752934,-0.05310772157228438,-0.10668140235533596,neutral,neutral
2018-09-14,-0.8040056044468602,0.5811704229565389,-1.1549455582782475,1.206480981345932,-0.042824939605659196,-0.06693847795397984,neutral,neutral
2018-09-17,-0.6352118296234276,0.5819279454307168,-1.173280505941635,1.1487663110190514,-0.019449519778823587,-0.07377375188496829,neutral,neutral
2018-09-18,-0.7282507939794847,0.5408773818103036,-1.1387184261745307,1.1616909401311493,-0.04110022455314061,-0.09424906740548164,neutral,neutral
2018-09-19,-0.8369584339073919,0.5445851616726847,-1.1141753886776726,1.1526991297857518,-0.063462382781657,-0.12563708742206176,neutral,neutral
2018-09-20,-0.8314759668096589,0.5570914024856349,-1.0975851427180057,1.0743514998126178,-0.07440455180735295,-0.1841928191707537,neutral,neutral
2018-09-21,-0.843798439597307,0.5563724311034367,-1.112147309531031,1.1116741435843576,-0.07197479361013592,-0.1588462151107661,neutral,neutral
2018-09-24,-0.7890906591686798,0.5376462303052325,-1.1269907955621046,1.1161108903358417,-0.06558108352242759,-0.14930596342496824,neutral,neutral
2018-09-25,-0.765826906951934,0.5459017301172683,-1.0951185126063685,1.0998579345127146,-0.0537964387320799,-0.14678999446344002,neutral,neutral
2018-09-26,-0.7163855845204039,0.5718379840569024,-1.151682433826806,1.1067382216225254,-0.04737295316694551,-0.13153980994592804,neutral,neutral
2018-09-27,-0.7664805685651754,0.5660618836260858,-1.2020254095536276,1.2048583142230627,-0.04939644506741364,-0.07404674147357382,neutral,neutral
2018-09-28,-0.7966503165978309,0.5516184683136902,-1.1883025683318076,1.2274598479418184,-0.051468642168532475,-0.06446699804437578,neutral,neutral
2018-10-01,-0.8089967874923422,0.5223279407198294,-1.2430079423333205,1.240307091603082,-0.07234242437568783,-0.07931443277328754,neutral,neutral
2018-10-02,-0.8035268119892982,0.5396129088900187,-1.2110466915691074,1.2653020302111702,-0.05241464111430416,-0.04292664481249586,neutral,neutral
2018-10-03,-0.8493992730051859,0.5064526723455784,-1.0678412812973042,1.2951330121497742,-0.028913717451784338,-0.007351387967737988,neutral,neutral
2018-10-04,-0.5756463444136347,0.502108096665205,-0.9247380849884516,1.2933177804954554,0.07376036193964353,0.10023757297888752,neutral,neutral
2018-10-05,-0.5126259644274401,0.5077644681601358,-0.9209177619905121,1.2769169406349454,0.08778442059428224,0.10649661375238656,neutral,neutral
2018-10-08,-0.4213112924212157,0.5197290911000485,-0.920623865072199,1.2945697467644721,0.1180909200927765,0.15158759114452633,neutral,off
2018-10-09,-0.3939650031438334,0.5331162363996805,-0.9714298832358115,1.283033455991601,0.11268870150290916,0.14173128312641134,neutral,neutral
2018-10-10,0.34125593166643914,0.5787491335450791,-0.9050257117367771,1.261787531446406,0.3191917212302867,0.3608396567550299,neutral,off
2018-10-11,0.553043684147896,0.6128137292724529,-0.8938747853835909,1.2016752997974707,0.3684144819585572,0.3820982089760788,off,off
2018-10-12,0.16795865312061542,0.5600123232941631,-0.9435276110289998,1.2254731950793862,0.25247914011629125,0.26526890088480953,neutral,off
2018-10-15,0.16687970845270533,0.5480260190191691,-1.0348519198316988,1.206718341935155,0.22169303739383267,0.22328306874033113,neutral,off
2018-10-16,-0.21931463735923543,0.5392120458904304,-1.0659052124367099,1.2037780221620338,0.11444255456412972,0.10148841777306333,neutral,neutral
2018-10-17,-0.24236429208822782,0.5084942725712628,-1.100457498517136,1.267657610472652,0.10833252310963773,0.13223647047426496,neutral,neutral
2018-10-18,0.03690046803364917,0.5521641836015764,-0.9928552998807172,1.3059573951545793,0.22554168672727193,0.28387899313545206,neutral,off
2018-10-19,0.019045961580786593,0.5331313040049596,-1.0101359206521956,1.2822735404531826,0.2060787213466833,0.24789751876854632,neutral,off
2018-10-22,-0.007209122027870648,0.5152747663571139,-1.0153643915302895,1.3181209346382703,0.20270554685930603,0.26451256498303194,neutral,off
2018-10-23,0.10516900507224067,0.5396103554603069,-0.9222083627859776,1.3114290442832865,0.25850001050746413,0.31995833733879586,neutral,off
2018-10-24,0.5799126273514913,0.6052227160803834,-0.8432014727169435,1.3678728748486981,0.42745168639090736,0.5429880512757967,off,off
2018-10-25,0.4736888969009409,0.571622312391497,-0.8720324709986126,1.3975409229147777,0.3927049153021508,0.520972355203857,off,off
2018-10-26,0.467285795513154,0.6350371903680813,-0.6955137088521721,1.357998722513724,0.4412019998856968,0.547134378899024,off,off
2018-10-29,0.5239258108615579,0.6328195273729907,-0.7814183967903809,1.384029558101267,0.4398391248863587,0.5648797864193482,off,off
2018-10-30,0.38194603016672124,0.5855022048768657,-0.7218522425879401,1.4355005043913291,0.420274124211744,0.5674659000151068,off,off
2018-10-31,0.15904253818088399,0.5560139358948263,-0.7704407415542389,1.449299757361759,0.34847887247080755,0.49534783991945025,off,off
2018-11-01,-0.0396795206745206,0.556800801308704,-0.8169516875246536,1.3454508525443365,0.26140511141346656,0.338324070449969,neutral,off
2018-11-02,-0.02179762947123792,0.5212434191462292,-0.732084044108632,1.3763295492453744,0.2859228237029334,0.3782883902911758,neutral,off
2018-11-05,0.025530623705150038,0.5310499910915376,-0.7765633471564602,1.35261084685098,0.2831570286228019,0.3638824812911462,neutral,off
2018-11-06,0.020267063735618398,0.5215137041271768,-0.8025078482282584,1.3483182124068365,0.2718977830103433,0.34893363077014616,neutral,off
2018-11-07,-0.3531948333202743,0.4882281101998433,-0.8022817366998406,1.3088798316721633,0.16040784296297292,0.1981530923726284,neutral,off
2018-11-08,-0.3152506626528285,0.4832645175545566,-1.0204325231731923,1.3858345909514287,0.13335398066999113,0.22311363666801043,neutral,off
2018-11-09,-0.24784447625949194,0.5494121191771116,-0.9624738118728888,1.4178563288193833,0.18923753996602855,0.30546361511866366,neutral,off
2018-11-12,0.07742244326130768,0.6121110756407732,-0.9621563871547398,1.4934394794886043,0.30520415280898633,0.48391939336214973,neutral,off
2018-11-13,0.03214368964664695,0.6153898722754647,-1.0003400039798436,1.463549301343185,0.2776857148213633,0.43696850817714356,neutral,off
2018-11-14,0.16164000898606193,0.6073469759077432,-0.9509162327376615,1.4022184769007224,0.3050723072642165,0.4290827585758473,neutral,off
2018-11-15,0.027876052785197693,0.5903032284069347,-0.8824167066804248,1.4172463207075032,0.2882522238048027,0.4147300661897141,neutral,off
2018-11-16,-0.16592077363385688,0.6412330514198941,-0.7583920716394651,1.3608321107266381,0.26943807921830254,0.3567637837344936,neutral,off
2018-11-19,0.040573436416925845,0.6630179795413389,-0.7864110210228273,1.3262763356754037,0.3108641826527103,0.38569497400964764,neutral,off
2018-11-20,0.2913136551266468,0.6701699690070902,-0.7856055350652423,1.4006869487809404,0.3941412594623588,0.523211106600439,off,off
2018-11-21,0.11423497173653953,0.6402087226906592,-0.8394882303271566,1.3878785288302218,0.325708498232566,0.43956154893263055,off,off
2018-11-23,0.19009653219225545,0.7013473112924615,-0.8492408064324433,1.4125911339984878,0.36369854276269037,0.5004341460687475,off,off
2018-11-26,-0.08610832079346041,0.6576799032043981,-1.0189330030519888,1.4300127580331918,0.24566283434803518,0.38351894789878466,neutral,off
2018-11-27,-0.07344229432950737,0.649602681380097,-1.0271042525959253,1.4655494796082693,0.25365140351573345,0.41342538118145566,neutral,off
2018-11-28,-0.1293153276754674,0.5920190674268336,-1.0408555343255428,1.3946347226567855,0.20412073202065223,0.3132665938493181,neutral,off
2018-11-29,-0.09765426681822281,0.5598382018646268,-1.035782169136828,1.3927252963965118,0.20478176557652195,0.31109628116035853,neutral,off
2018-11-30,-0.17358282136533873,0.5742178790593853,-0.9910249711463507,1.4512548924116224,0.21521624473982956,0.3557373426146878,neutral,off
2018-12-03,-0.3455081769324027,0.5549483532846701,-1.0530139320338916,1.4226925988693484,0.14477971079693103,0.26151232731551655,neutral,off
2018-12-04,0.10826058391903418,0.6208845269903395,-0.9482725760941036,1.4135018728777748,0.29859360192326123,0.42790296413569956,neutral,off
2018-12-06,0.1557308026620991,0.68768684959753,-0.9479659197304144,1.3934501396523216,0.32222546804538404,0.44558415873188956,neutral,off
2018-12-07,0.3710162055166007,0.7081227380432745,-0.7453646315363524,1.3565139478177164,0.42257206496030986,0.5281113277311582,off,off
2018-12-10,0.30866482386636945,0.7314697206356061,-0.759283218356752,1.441609060354072,0.4306150966248239,0.5890181116144833,off,off
2018-12-11,0.21569925131661608,0.7309982381506743,-0.8040758306564963,1.4613806652294208,0.4010005810100537,0.5693941316168796,off,off
2018-12-12,0.18398204536266324,0.7086081131113172,-0.8185558988336188,1.4183487252015237,0.37309574621047137,0.5122324705295846,off,off
2018-12-13,0.09840197076820366,0.7111196414029096,-0.891262661179021,1.4200364414410735,0.3345738481082915,0.4727338291927088,off,off
2018-12-14,0.20190458896133298,0.7428636207515251,-0.8798146274003776,1.4651680361338235,0.382530404611576,0.5544147198977252,off,off
2018-12-17,0.5071784706405995,0.8194111648947301,-0.9007263032923711,1.4233610810287787,0.46230610331793426,0.6247861596487712,off,off
2018-12-18,0.6190558581462049,0.8895519928402177,-0.7830858252702758,1.427455510671332,0.5382443840968697,0.71048392790014,off,off
2018-12-19,0.618910500566392,0.9716737663901329,-0.7943443496979988,1.4146578480244585,0.5527244413207462,0.7237936960102843,off,off
2018-12-20,0.9145967330786685,1.025663159082089,-0.8014793148359074,1.3222754956710905,0.6152640182489851,0.7434443664861354,off,off
2018-12-21,1.0970594729573195,1.0646900659753535,-0.7174034025280487,1.403662457219457,0.7120021484060204,0.8984979674952008,off,off
2018-12-24,1.7258854284400902,1.1152326682845455,-0.5868591491504827,1.3535220239622683,0.9019452428841053,1.080608067043649,off,off
2018-12-26,1.1273711589831201,0.9420866821446343,-0.6500011617216697,1.4131487464561738,0.7081513564655646,0.8905657136442551,off,off
2018-12-27,1.0794264723956635,0.9479376381967078,-0.518863047186912,1.3437271499737469,0.7130570533448015,0.8490002358884601,off,off
2018-12-28,0.9079764827633293,0.9798381495946921,-0.5682077952279512,1.3322409551320116,0.6629619480655204,0.7918727958003704,off,off
2018-12-31,0.5993021294900222,0.9994540102162347,-0.570435866362874,1.3051023997212519,0.5833556682661587,0.685435637659475,off,off
2019-01-02,0.3667475320440622,1.04313580217581,-0.681605145142205,1.382825522898196,0.5277759279939658,0.6743890911086333,off,off
2019-01-03,0.6022975146752765,1.0422541424268403,-0.5933921186253416,1.3207027668955056,0.5929655763430702,0.7086202697533008,off,off
2019-01-04,0.17206239119947808,0.8701867620632944,-0.5923729116379913,1.3056346012898286,0.43887771072865245,0.5150405456053573,off,off
2019-01-07,0.17414642071429842,0.773395985441313,-0.7377308375490097,1.247218493725987,0.3642575155831472,0.3982327930953963,off,off
2019-01-08,0.07579884043126112,0.729900068655014,-0.7914359157654994,1.2695648612558859,0.32095696364416537,0.3622354108944121,neutral,off
2019-01-09,0.023975319236554302,0.7560395258792542,-0.851007479512407,1.1871060186347013,0.2790283460595257,0.27044031652016076,neutral,off
2019-01-10,-0.026790657955962725,0.68895676757753,-0.8616572583376173,1.2251616691455052,0.2564176301073638,0.264095238410101,neutral,off
2019-01-11,-0.16534655192544787,0.7403710161524286,-0.8823162241945216,1.240298435510678,0.2332516688857843,0.24936291844033506,neutral,off
2019-01-14,-0.07222399981378633,0.7461009450320187,-0.8997241067652216,1.2301340324852643,0.25107171773456877,0.26484130143359336,neutral,off
2019-01-15,-0.12194083088202706,0.7181648073015212,-0.9680784780303822,1.275363113341257,0.22587715293259225,0.2644687043360139,neutral,off
2019-01-16,-0.07535732377348518,0.7219332360680875,-0.9989826562385756,1.2856315961238574,0.233306213044971,0.28085038299868803,neutral,off
2019-01-17,-0.17906925734734885,0.7144788487863989,-0.954760127297943,1.2862603056878998,0.2167274424572517,0.2593098973646072,neutral,off
2019-01-18,-0.20656111793565587,0.7031675189506724,-0.9444377382086069,1.3181783615715017,0.21758675609447783,0.2777257752855278,neutral,off
2019-01-22,0.11110405833230813,0.7874843462373574,-0.9188044441162628,1.3127577393476786,0.3231354249502703,0.39828225303423825,neutral,off
2019-01-23,-0.024459629858090918,0.7924255272864696,-0.9317745604936907,1.2904979725599308,0.2816723273736547,0.33840239313040243,neutral,off
2019-01-24,-0.09118016978659832,0.8078173709616869,-0.9317758791938718,1.3476634400872054,0.28313119051710556,0.3738035111356669,neutral,off
2019-01-25,-0.246879487084033,0.7911969594888346,-0.9809711005093605,1.2495903404975421,0.20323417809824582,0.22673962154176422,neutral,neutral
2019-01-28,-0.09321488267747305,0.8048106576642049,-1.026304090887513,1.2442400592666503,0.2323829358414673,0.2603995021479625,neutral,off
2019-01-29,-0.06564837207642818,0.8324894106613371,-1.0598224413843584,1.2521258125310035,0.2397861024328885,0.27612276142993075,neutral,off
2019-01-30,-0.2214294969921897,0.7985696451603229,-1.1030341678786257,1.1938563995850964,0.16699059496865096,0.15926088442149372,neutral,neutral
2019-01-31,-0.33692504541665536,0.8437563946783698,-1.0587397746131963,1.222232787754853,0.16758109060084275,0.17579158322066127,neutral,neutral
2019-02-01,-0.38244549589599625,0.8399711085548082,-1.0884028196873206,1.2217204508483315,0.1477108109549557,0.15401792043646922,neutral,neutral
2019-02-04,-0.4258406829457004,0.8019918486207819,-1.0856473216050029,1.253672193326737,0.1360440093492039,0.1572977052529613,neutral,neutral
2019-02-05,-0.44272175473631037,0.8070400615365507,-1.0926123051321666,1.2831857047130666,0.1387229265952851,0.17794100520277895,neutral,neutral
2019-02-06,-0.46278201929786716,0.7971712974646749,-1.1269579064129043,1.3210800535834444,0.13212785633433693,0.19375940351349655,neutral,neutral
2019-02-07,-0.3576841013571572,0.8296922106671556,-1.0814754103493804,1.331288255012579,0.18045523849329925,0.25431883876862754,neutral,off
2019-02-08,-0.42656878278126004,0.856965583064967,-1.061646904600647,1.3462901417919053,0.1787600093687413,0.26108439072268846,neutral,off
2019-02-11,-0.39996063443474134,0.8294344686121335,-1.0998419811956297,1.396115184829221,0.1814367594527459,0.293997817939348,neutral,off
2019-02-12,-0.4571814497375462,0.7944019617265438,-1.0788233345157396,1.3533815411859091,0.15294467966479175,0.23359964576030523,neutral,neutral
2019-02-13,-0.43374197724969776,0.7822820503835285,-1.103459054732168,1.4031837738268935,0.16206619805713904,0.27385031225025525,neutral,off
2019-02-14,-0.3731568282251501,0.792231946706867,-1.1319017115265404,1.3844737328762697,0.16791178495786158,0.27174204834031185,neutral,off
2019-02-15,-0.5121443499448282,0.7721387834024476,-1.1744500725449034,1.3765925588864554,0.11553422994979284,0.20826956178684342,neutral,neutral
2019-02-19,-0.5152209210842975,0.7744775999898518,-1.1937042152136146,1.3279029627081236,0.09836385660001581,0.16140397952729144,neutral,neutral
2019-02-20,-0.6064193826050174,0.7572216985567612,-1.208524991761356,1.3188856100319766,0.06529073355559106,0.11815890550009098,neutral,neutral
2019-02-21,-0.5595606712242379,0.7376148327436224,-1.148869254176791,1.3374860354662021,0.09166773570219888,0.1552125781605669,neutral,neutral
2019-02-22,-0.6603201910292242,0.762744182324786,-1.1287040462401645,1.3248609551661787,0.074645225055394,0.1282069067508495,neutral,neutral
2019-02-25,-0.5178490633372733,0.7507395953819557,-1.1594708185817884,1.3122507290775447,0.09641761063510967,0.1471825151716955,neutral,neutral
2019-02-26,-0.48374834626839736,0.7532150617164008,-1.1554850243249024,1.2624572913790348,0.09410974562553398,0.11551341175780439,neutral,neutral
2019-02-27,-0.533578933934174,0.7205730719901646,-1.155034058501032,1.2799072712239434,0.07796683769472554,0.1056443464589627,neutral,neutral
2019-02-28,-0.5249646876138594,0.7122762657036471,-1.1269237511282824,1.280543057283978,0.08523272106137084,0.11246987183008667,neutral,neutral
2019-03-01,-0.6534221582798696,0.6793308192808748,-1.1064876176087588,1.3243594041369111,0.060945111882289404,0.10742588060395591,neutral,neutral
2019-03-04,-0.5406252028342496,0.7176993269551567,-1.1402079148505488,1.3417401778686024,0.09465159678474017,0.15981466461206562,neutral,neutral
2019-03-05,-0.528817598330638,0.7258178302426956,-1.1656607094854423,1.3614977620471573,0.09820932111844316,0.17713791040330742,neutral,neutral
2019-03-06,-0.42240702052820533,0.7520087011132077,-1.1719682316264484,1.3632478912908188,0.1302203350623432,0.21645651353168588,neutral,neutral
2019-03-07,-0.33195476330036494,0.7921943644751427,-1.1656208496737446,1.4584909965389417,0.18827743700999372,0.3399351225963618,neutral,off
2019-03-08,-0.3893132459864529,0.8216558549897284,-1.165162418796127,1.421779275480518,0.17223986642191666,0.3013708657441128,neutral,off
2019-03-11,-0.57214806354387,0.799491294628425,-1.1938234662325378,1.4030895256981581,0.10915232263754385,0.2185928141277261,neutral,neutral
2019-03-12,-0.6315763112152679,0.809259635674328,-1.1927528007911181,1.3688491605656985,0.08844492105841012,0.17522721225476479,neutral,neutral
2019-03-13,-0.669717036649679,0.7653117369620163,-1.2007998834002072,1.3214727242045747,0.05406688527917619,0.10682245476024249,neutral,neutral
2019-03-14,-0.6599827182324642,0.7521625649976528,-1.180609312126736,1.349616537840089,0.06529676811963536,0.134418072529961,neutral,neutral
2019-03-15,-0.7257756709116011,0.7790711388268226,-1.1563207364970898,1.326226463357847,0.055800298693994665,0.10969192403295974,neutral,neutral
2019-03-18,-0.7021879066586809,0.7772006903863286,-1.1882147098174054,1.3160369476125255,0.05070875538069192,0.0996071706426096,neutral,neutral
2019-03-19,-0.6530738238508448,0.7728127043213973,-1.2250762117507579,1.2986748910638464,0.04833438994591022,0.08864002507602448,neutral,neutral
2019-03-20,-0.6156775718059023,0.7973237965626565,-1.2583727193171192,1.2238585618333018,0.036783016818234204,0.034780697522330484,neutral,neutral
2019-03-21,-0.645332623987801,0.8183696937339658,-1.1996320031111167,1.311947157256628,0.07133805597291903,0.12336466021895781,neutral,neutral
2019-03-22,-0.34184624003423336,0.9157039080154927,-0.9713208795516579,1.3293095560643884,0.23296158612349746,0.31047427013325035,neutral,off
2019-03-25,-0.3577511561746215,0.9391442616784315,-0.8284051615204228,1.31912328663839,0.2680278076554443,0.3378578115603011,neutral,off
2019-03-26,-0.533354515150799,0.9186184002880436,-0.8458166032896987,1.3388670507388385,0.21957858314659612,0.29382625584382943,neutral,off
2019-03-27,-0.48319680960656347,0.9248224757480663,-0.7144143119670125,1.3418358371711043,0.26726179783639864,0.3428893144039618,neutral,off
2019-03-28,-0.5597702198628003,0.9174008818087437,-0.7448236155043038,1.392654952464781,0.25136549972660516,0.3556429251773822,neutral,off
2019-03-29,-0.6363260502469997,0.883999434148314,-0.7852218583790036,1.40154488822511,0.21599910343685516,0.32108093805680954,neutral,off
2019-04-01,-0.6691939726785259,0.8625696594478512,-0.9573691321669587,1.397268280408639,0.1583187087527514,0.2610876794904168,neutral,off
2019-04-02,-0.6732938166950326,0.8712483903716226,-0.9123596139546998,1.409737315710482,0.17383306885809305,0.2840158272623162,neutral,off
2019-04-03,-0.6326527625627887,0.8462055764056545,-0.9229651494900668,1.3767593225654893,0.16683674672957208,0.25615638979605304,neutral,off
2019-04-04,-0.6495515310439208,0.8469588796728432,-0.9856243830693054,1.4023970700302577,0.15354500889746867,0.25940626614348883,neutral,off
2019-04-05,-0.7303700711756322,0.8442075156530564,-1.0582406807076505,1.4124647753166741,0.11701538477161194,0.22736873496706433,neutral,neutral
2019-04-08,-0.6918272598612093,0.8353276106586354,-1.0969822661313688,1.369940393310073,0.10411461949403253,0.18955135971038792,neutral,neutral
2019-04-09,-0.5744387209094578,0.8633623959358171,-1.0689394016543765,1.364508625278551,0.14612322466263344,0.23412636451638436,neutral,neutral
2019-04-10,-0.6787559880488895,0.8679912840526702,-1.0753240551430718,1.3566937742977083,0.11765125378960431,0.19756808171455453,neutral,neutral
2019-04-11,-0.7084343967714313,0.8424972138123715,-1.1249291007809834,1.3835302310698143,0.09816598683244279,0.19261834751759688,neutral,neutral
2019-04-12,-0.8159078364396042,0.8212137776026656,-1.0674640187890767,1.357782972248378,0.07390622365559069,0.14573983109741168,neutral,neutral
2019-04-15,-0.7826413574664873,0.8118085263200351,-1.102370873383534,1.3535623778242107,0.07008966832355612,0.14043709317401998,neutral,neutral
2019-04-16,-0.7973559595731456,0.7892437320490717,-1.082267663670592,1.3648688099636872,0.06862222969225534,0.14327434731333888,neutral,neutral
2019-04-17,-0.7523677377682311,0.8118487047122938,-1.0718827496030403,1.360641998100589,0.08706005386040283,0.16239393042312397,neutral,neutral
2019-04-18,-0.806543752753623,0.8154921584649784,-1.0544493878664327,1.4149078664495287,0.09235172107361284,0.19936928881924693,neutral,neutral
2019-04-22,-0.7711412034714279,0.8165671139280828,-1.0673123391595278,1.391531817668628,0.09241134724143873,0.18652307808510832,neutral,neutral
2019-04-23,-0.7858653881605876,0.8231105293327349,-1.0372405830653906,1.425460633569155,0.10636629791897795,0.22091982155426773,neutral,neutral
2019-04-24,-0.693951905386659,0.8707103494824322,-1.0154224044095277,1.4879723822338642,0.16232710548002743,0.3222323987942445,neutral,off
2019-04-25,-0.6820513388837897,0.8607499340415512,-1.036545073813536,1.4991097398721174,0.16031581530408573,0.3273338117583848,neutral,off
2019-04-26,-0.7373462099779186,0.8704077200310296,-1.0467746809192795,1.4756525391854811,0.14048484207982817,0.2919886023914051,neutral,off
2019-04-29,-0.6966275459575358,0.835114685444109,-1.0869838763797803,1.456996773813903,0.12712500923017395,0.26650775424519474,neutral,off
2019-04-30,-0.6953903423734215,0.8379551741059622,-1.04484758831145,1.4109505713109443,0.12716695368300873,0.2373755266416521,neutral,neutral
2019-05-01,-0.5159871574139542,0.8803140561131612,-1.1244480687562244,1.4352842964962935,0.16879078160981903,0.3053080501413114,neutral,off
2019-05-02,-0.5564269759002539,0.8365290624697777,-1.1249106215267195,1.4512436188512337,0.15160877097350947,0.2932672304158799,neutral,off
2019-05-03,-0.7217065194704859,0.855682161874016,-1.1521205685593652,1.4135674515018675,0.0988556313365081,0.21353218241726182,neutral,neutral
2019-05-06,-0.4472526796272879,0.8643280512638636,-1.0917198568159592,1.4128701436212832,0.18455641461047492,0.30760507403194187,neutral,off
2019-05-07,-0.03297551186608292,0.9236987103271197,-0.9578775460106767,1.4252753777912262,0.33953025756039656,0.4863191420874957,off,off
2019-05-08,-0.024428402046131694,0.8861771502426234,-0.9884411667509468,1.4233747968879997,0.32417059458338615,0.46776470979087825,off,off
2019-05-09,-0.05646094617930732,0.910375894625618,-0.887876237182669,1.392900455557033,0.3397347917051687,0.46254775360970357,off,off
2019-05-10,-0.38326922354142046,0.888044620609112,-0.9237759013317384,1.3874654014539791,0.24211622429748308,0.3494524650915557,neutral,off
2019-05-13,0.09855691629363192,0.9856785583368535,-0.7941312982270159,1.385608168156809,0.41892808614006966,0.5463829993329146,off,off
2019-05-14,-0.167486451459984,0.9774690096565414,-0.8686029081306955,1.4099363748763472,0.33782900623555223,0.47229805099957844,off,off
2019-05-15,-0.3405585518965291,0.9953883211334066,-0.8080738562447684,1.414004583629079,0.315190124155297,0.44641143149162854,neutral,off
2019-05-16,-0.46338812191009016,0.9490347210895412,-0.820205433047753,1.4454297515069054,0.2777177294096509,0.4202851331640497,neutral,off
2019-05-17,-0.3916893347540784,0.9530597060530523,-0.8202743592441767,1.463728596525593,0.3012061521450976,0.45788823982667337,neutral,off
2019-05-20,-0.3542028778130293,0.9385858432156362,-0.8324013080558345,1.4546499114361477,0.30165789219573,0.4530954403724942,neutral,off
2019-05-21,-0.49952893439935453,0.9152880260871898,-0.8674626729607907,1.4693632456253611,0.2544149160881014,0.409019782744711,neutral,off
2019-05-22,-0.520809550370619,0.9194851314032901,-0.8786837468452754,1.4745465963380326,0.24863460763135709,0.40631339422391266,neutral,off
2019-05-23,-0.28865810959214927,0.9908374741289889,-0.6987087697913952,1.4428777393037544,0.36158708351229973,0.5084493968164124,off,off
2019-05-24,-0.4030442701394112,1.0251517197820237,-0.7141301277533921,1.4136288057982738,0.3304015319218735,0.4582789722749404,off,off
2019-05-28,-0.2264728057707469,1.040668069766244,-0.6777658440982973,1.454520526415545,0.3977374865781862,0.5573417451109594,off,off
2019-05-29,-0.18363932397382018,1.0710107632377037,-0.6367042013929287,1.4751610344597195,0.4314570680826686,0.6067859723468266,off,off
2019-05-30,-0.24781004531242382,1.1063878902939759,-0.6783442619693504,1.4743944701422889,0.41365701328862264,0.5900522343979263,off,off
2019-05-31,-0.09686849820525482,1.199784854959097,-0.35619611885212443,1.4273180170197748,0.5435095637303732,0.6947600833229903,off,off
2019-06-03,-0.0807966844917055,1.227947422027505,-0.3302246783792248,1.3541799368641982,0.5427764990051933,0.6506960986585872,off,off
2019-06-04,-0.2831168495501492,1.1333100057008956,-0.28011131453966215,1.3452418210054,0.47883091565412106,0.565949984571943,off,off
2019-06-05,-0.3772858425687394,1.1034818471437335,-0.20997562514192103,1.3802372487750219,0.47411440705202373,0.575971545599339,off,off
2019-06-06,-0.394348230042113,1.1011582571065286,-0.33422922598417704,1.3392265331888789,0.42795183356727934,0.5063204661093132,off,off
2019-06-07,-0.3546485817931272,1.1193437881056347,-0.47349268631050845,1.2887686686656008,0.39499279716689994,0.44686147771112117,off,off
2019-06-10,-0.3931431984287594,1.0684610215367383,-0.5638330862164498,1.3060100177498846,0.3543736886603534,0.4136882278829467,off,off
2019-06-11,-0.3877128826962572,1.063328559990432,-0.5840393422441574,1.297127236431879,0.3471758928704741,0.40119257742808434,off,off
2019-06-12,-0.3962112779185048,1.1003752559502953,-0.4807878414461102,1.333338856607822,0.38917874829837557,0.4660491198134507,off,off
2019-06-13,-0.40578036099237963,1.1022492622291238,-0.2652681792131841,1.3339213292243304,0.4412805128119726,0.5135936190039543,off,off
2019-06-14,-0.46357349359596733,1.1127011683744978,-0.11548556100456596,1.3997357735822464,0.4833444718390527,0.5913743329632075,off,off
2019-06-17,-0.4559791236791016,1.1318919595395733,-0.23161968999127538,1.3978746145813992,0.46054194011264893,0.5717167139442543,off,off
2019-06-18,-0.4773279991140425,1.1284070736825174,-0.23570776697792517,1.4066870920151204,0.4555145999014175,0.5712750971362501,off,off
2019-06-19,-0.5651396116710674,1.1438877464600006,-0.3940207491545751,1.3443598389421196,0.38227180614411943,0.46103758053594035,off,off
2019-06-20,-0.5199881047140855,1.1471606940197963,-0.3644546045083575,1.2856589615886413,0.38709423659649866,0.43047103705282397,off,off
2019-06-21,-0.4501808530995335,1.1425085180006427,-0.2977250594105007,1.236503766160577,0.40777659291279633,0.42027778154955653,off,off
2019-06-24,-0.4651071388801057,1.1676360722127666,-0.32333826753414896,1.2075472058879986,0.3966844679216276,0.39321036134112713,off,off
2019-06-25,-0.3556084379318893,1.1794280827436172,-0.30970766319635257,1.2283988631036742,0.4356277111797624,0.4493719802397856,off,off
2019-06-26,-0.3630528121703311,1.1637259526275447,-0.3241122305552264,1.2338227935187125,0.4275959258551749,0.4435523860522687,off,off
2019-06-27,-0.404830286416479,1.1930950941250746,-0.4365005838616665,1.230947211084136,0.3956778587327663,0.4132126785217659,off,off
2019-06-28,-0.48415938871671593,1.214289842041719,-0.4213624794569442,1.2233338038343833,0.38302544442561054,0.39382604977693936,off,off
2019-07-01,-0.5935220161978566,1.2445080405887587,-0.5364103676311625,1.3069575037734389,0.3553832901332946,0.41941346321956996,off,off
2019-07-02,-0.7146605042256126,1.2492726125778284,-0.47518523051201483,1.2933529157788903,0.3381949484047728,0.38879900448088567,off,off
2019-07-03,-0.7531205360625467,1.2385107985032704,-0.48306292095920045,1.2975288169823824,0.3249640396159764,0.37621803262239406,off,off
2019-07-05,-0.676725122409632,1.19121660637745,-0.5730335086236235,1.3538105551581874,0.3238171326255955,0.41084048203224166,neutral,off
2019-07-08,-0.6035710356772226,1.1964034283009235,-0.6337463237055732,1.368581146702269,0.3319168039050992,0.4317323591396782,off,off
2019-07-09,-0.5894809209410501,1.1866841287691312,-0.6430532639228106,1.3809663777796346,0.3337790804212263,0.4411998720482149,off,off
2019-07-10,-0.7031602210522906,1.1813892878167436,-0.6579698411754712,1.334149283082334,0.28860212716782896,0.3631022867233328,neutral,off
2019-07-11,-0.7137269400554129,1.1423372462769101,-0.6409793228574268,1.3276304610141791,0.2788153610945624,0.3454851145439878,neutral,off
2019-07-12,-0.771535705897984,1.1357006592540237,-0.6461504808204391,1.298630964674286,0.25416135930247163,0.30049949656857855,neutral,off
2019-07-15,-0.7401953641800658,1.1451833727213432,-0.6720018444912376,1.3122670222459254,0.26131329657399127,0.31809903544498436,neutral,off
2019-07-16,-0.7206791743265454,1.144365441407564,-0.6898678418205222,1.3672997415519743,0.27527954170311764,0.3672642878644268,neutral,off
2019-07-17,-0.6012814463457732,1.2074873730333142,-0.6601529152707977,1.3453702304194408,0.32285581045904604,0.40932652904751143,neutral,off
2019-07-18,-0.6484134961454369,1.2252116797879335,-0.6354703265545504,1.2938927777614808,0.3088051587123568,0.3625722598810309,neutral,off
2019-07-19,-0.5494278443819894,1.2266191886623383,-0.6134540695393279,1.3359139137102074,0.3499127971128071,0.4326343594355659,off,off
2019-07-22,-0.6481599867517818,1.2234350350882894,-0.6987429804466995,1.3483210810695616,0.3062132872398424,0.394641667978307,neutral,off
2019-07-23,-0.7468621380651984,1.2117067602546245,-0.6908891134588632,1.400914548047574,0.29371751419453423,0.41065112134423126,neutral,off
2019-07-24,-0.8046962350888992,1.2306533442403271,-0.706096982371375,1.4026086796510022,0.2806172016077638,0.39859289467399556,neutral,off
2019-07-25,-0.7324870776635645,1.2123895069723043,-0.6976476030509251,1.4125736799790822,0.29870712655922427,0.4235584044639772,neutral,off
2019-07-26,-0.7946341718592153,1.2040287200160553,-0.759275875047607,1.4343441544749196,0.27111570689603814,0.4082694594439713,neutral,off
2019-07-29,-0.7224196565730076,1.211767977165878,-0.7694316790604778,1.4371806387855297,0.2892743200794806,0.43105092269454093,neutral,off
2019-07-30,-0.6029329574170417,1.2037231495792118,-0.790228789082146,1.4376511681646633,0.31205314281117186,0.45767677827121056,neutral,off
2019-07-31,-0.3684344718593984,1.2284720106567537,-0.8666103119970529,1.492450164914229,0.37146934792863284,0.5621770659754357,off,off
2019-08-01,-0.18018821224566645,1.3242386333357314,-0.5874800427748631,1.476322923841653,0.5082233255392138,0.6958431982954343,off,off
2019-08-02,-0.20812111597092126,1.3479210365478544,-0.54505251196134,1.4413274034424988,0.509018703014523,0.6748611383056851,off,off
2019-08-05,0.5427127021617676,1.4533583437945476,-0.21564388672842663,1.3697812968008178,0.7875521140071766,0.9321314332946927,off,off
2019-08-06,0.0671196058638494,1.4507194829684857,-0.31385284443790085,1.3844912987699312,0.6471193857910914,0.7879469106020311,off,off
2019-08-07,-0.006057661871291954,1.4495938491727316,-0.16107950093030074,1.373219189555138,0.6639189689815692,0.7918715220212824,off,off
2019-08-08,-0.2836999135248487,1.4370976535560396,-0.17674166043271525,1.3820217136926332,0.5896694483227772,0.713758795777244,off,off
2019-08-09,-0.1695645580938922,1.4218250309985918,-0.164277791113357,1.366035134205614,0.6135044539992391,0.7297440393614505,off,off
2019-08-12,0.16632338527749702,1.5126345464859807,-0.0869659882625991,1.3524277426203515,0.7361049215303075,0.859518961658444,off,off
2019-08-13,-0.21806485313432802,1.463085514655635,-0.20186065587377736,1.4025334351601986,0.611423360201932,0.7521293656322207,off,off
2019-08-14,0.27514705769164627,1.5732752466811584,0.08015914599731064,1.4230920161349598,0.8379183666262687,1.009937145260443,off,off
2019-08-15,0.17602043334833292,1.5904992502726147,0.18087120950493366,1.440086522528467,0.846869353913587,1.025406483484839,off,off
2019-08-16,-0.11591278964621247,1.5750152563406197,0.1482485807452823,1.4393750677847876,0.7616815288061193,0.9298089910935434,off,off
2019-08-19,-0.2871829457209682,1.5165523116837976,0.05843214316505628,1.4634164190851104,0.687804482053249,0.862176100656737,off,off
2019-08-20,-0.22033190041981243,1.5620941356419022,0.06938931820878254,1.4438234126523457,0.7137437415208046,0.881639273217208,off,off
2019-08-21,-0.4034840403955509,1.5381910571788955,-0.000285231846432487,1.456069026370233,0.6476227028267862,0.8164248012704256,off,off
2019-08-22,-0.30856984024777206,1.4859723275391659,-0.04060754512959039,1.4400247896301777,0.6442049329479953,0.8029049037336624,off,off
2019-08-23,0.03534173526528559,1.5623025949753455,0.21649352200386796,1.376886332903036,0.7977560462868838,0.9297926676002699,off,off
2019-08-26,-0.023960007887748713,1.5160991566693767,0.10257167767273082,1.4280672938064356,0.7556945300651986,0.9158720748231474,off,off
2019-08-27,0.08279381169318649,1.5693487277760274,0.12302210645148112,1.4179509964805792,0.7982789106003185,0.9598115790466292,off,off
2019-08-28,-0.020751183721036535,1.546112102219312,0.15860286604699075,1.4419899006719052,0.7814884213042929,0.9517596751083981,off,off
2019-08-29,-0.1793053181943314,1.5154973858181062,0.07163803499196739,1.4765901910406753,0.7211050734141045,0.9064834145043356,off,off
2019-08-30,-0.06060899780853103,1.5217876051821795,0.07014256801983074,1.5240845555942266,0.7638514327469264,0.9833215979928515,off,off
2019-09-03,0.012770558646643865,1.5533111073859744,0.022047051589923483,1.5268027762021452,0.7787328734561717,1.0056510646859578,off,off
2019-09-04,-0.23866924229976247,1.5505229541521859,-0.08690526437331288,1.467175250689464,0.6730309245421436,0.8556592581650331,off,off
2019-09-05,-0.35303026584190195,1.444851856285162,-0.1367719739034955,1.4617313232215807,0.6041952349403363,0.7715694735065743,off,off
2019-09-06,-0.4900458246642498,1.4692041380665217,-0.16941459244441257,1.4586454335869032,0.5670972886361907,0.7301647835966252,off,off
2019-09-09,-0.46080291346967117,1.3896780936640332,-0.24007208373937397,1.4449829735083404,0.533446517490832,0.6838705338839989,off,off
2019-09-10,-0.46827085531857077,1.3036337726866398,-0.22993220606729287,1.4501473512421132,0.5138945156357224,0.658934293335947,off,off
2019-09-11,-0.5318835669198986,1.2966163977400456,-0.23227024744668529,1.487036321501078,0.5048747262186349,0.669876410759458,off,off
2019-09-12,-0.5738876446325897,1.2777520730734326,-0.2063805851644495,1.4463216279453743,0.48595136780544196,0.6222776083750418,off,off
2019-09-13,-0.6256015223561282,1.2084717816577644,0.03021088799241907,1.4397334710960907,0.5132036545975365,0.6338702828311291,off,off
2019-09-16,-0.525019563366238,1.2222844838450757,0.04268972241761168,1.4848376746917358,0.5561980793970462,0.7093066551230625,off,off
2019-09-17,-0.549756743293635,1.2407415356802225,0.0073068586197130286,1.4382760746960177,0.5341419314255795,0.6588277083968908,off,off
2019-09-18,-0.6025760442141251,1.2692240745473897,-0.1443303090918339,1.477494628635181,0.49995308746915296,0.6518492877517432,off,off
2019-09-19,-0.5916412373007318,1.3067293073822945,-0.1895070233020718,1.4380022836882351,0.4908958326169315,0.6226093365855041,off,off
2019-09-20,-0.45428667262703337,1.359232128843817,-0.13207458426774094,1.4654706380604945,0.5595853775023842,0.7165643733041895,off,off
2019-09-23,-0.4985075937325159,1.3562499817596327,-0.10409151519952517,1.4752967980357574,0.5572369177158373,0.7179871665366748,off,off
2019-09-24,-0.2671044232147028,1.3981628703542615,-0.04278741437203567,1.444042324628883,0.6330783393491015,0.7842866371370458,off,off
2019-09-25,-0.38489243580881943,1.3538824793499973,-0.12758477944113547,1.5254508517881458,0.5917140289720471,0.7867418781613146,off,off
2019-09-26,-0.37292916028635886,1.3798063097364046,-0.13798022050321793,1.5445795125364785,0.6033691103708265,0.8129484428319327,off,off
2019-09-27,-0.24850710094051803,1.3921801971857262,-0.13498136967595964,1.5320218453779773,0.6351783929868065,0.8424263379492187,off,off
2019-09-30,-0.3544528349024785,1.4117257474413967,-0.21742118807987162,1.562855907180869,0.6006769079099789,0.8261334287896515,off,off
2019-10-01,-0.10344051821308357,1.4562836524248408,0.03301698288977478,1.532700322819522,0.7296401099802635,0.9440363124782861,off,off
2019-10-02,0.11295095577874818,1.5068177199971304,0.14557668879514415,1.521338296437182,0.8216709152520512,1.0392707572444853,off,off
2019-10-03,-0.04288167020053864,1.5369588976898985,0.10236684155674275,1.499448543739163,0.7739731531963163,0.9756033388053497,off,off
2019-10-04,-0.26797320011897513,1.5454786676196102,-0.04033667422855716,1.49281715155585,0.682496486206982,0.8748531980248998,off,off
2019-10-07,-0.17917467907312887,1.5051649432489995,-0.07876356705836425,1.5131309640414636,0.6900894152897425,0.8954633670877099,off,off
2019-10-08,0.08282956837812365,1.5307487626384129,-0.12016999099550887,1.5299027113446566,0.7558277628414211,0.9831865022655542,off,off
2019-10-09,-0.09474886574521338,1.5056576430439792,-0.1547215330445997,1.5267502480659716,0.6957343730800345,0.9129439192372903,off,off
2019-10-10,-0.21060119737891528,1.4382461262676574,-0.12995649626602143,1.4779575356757244,0.6439114920746113,0.8207461756253467,off,off
2019-10-11,-0.42608263814069375,1.3816853183718358,-0.13828276037201886,1.429231866920382,0.5616379466948763,0.6958128237318769,off,off
2019-10-14,-0.5353930310332928,1.405600658459923,-0.13826039616809832,1.4460918950785187,0.5445097815842626,0.6870048740159124,off,off
2019-10-15,-0.6468465317259282,1.359308301810762,-0.13227393405079818,1.4266655985769412,0.5017133586527442,0.6230677275398542,off,off
2019-10-16,-0.6315361556630521,1.3766220878324367,-0.19548255868472922,1.3932273087753841,0.48570767056500985,0.5893600762979532,off,off
2019-10-17,-0.6194796049545476,1.3763594842178597,-0.20529430222046394,1.3457938578859159,0.474344858732191,0.5493344002497298,off,off
2019-10-18,-0.5695054087032713,1.3853773590110618,-0.18318295236526358,1.3066003394222254,0.4848223343411881,0.5379760584776128,off,off
2019-10-21,-0.5964750282884298,1.3600901715215068,-0.12645836694713,1.3118872581577332,0.48726100861092003,0.5397568932389553,off,off
2019-10-22,-0.5464975262846632,1.3735810209599968,-0.17180066868301094,1.3347064206804398,0.4974973116681906,0.5669350695283276,off,off
2019-10-23,-0.5951563043167646,1.3695129194663567,-0.3419055795411513,1.3271043492104857,0.4398888462047316,0.5048198554101946,off,off
2019-10-24,-0.6275454172010912,1.3787667949052635,-0.4630388575115038,1.3452269216896617,0.40835236047058254,0.48567955785516914,off,off
2019-10-25,-0.7423051178064632,1.354416390350523,-0.5196711740578284,1.368004615572337,0.36511117851464214,0.45093951796392034,off,off
2019-10-28,-0.6922590251384824,1.3267580359024687,-0.5094154579668501,1.3592031476855162,0.3710716751206631,0.4508719217581918,off,off
2019-10-29,-0.6823400829901637,1.3189010692756646,-0.5033420695201234,1.35041203257943,0.37090773733620186,0.4443262295871325,off,off
2019-10-30,-0.776504834436762,1.3635610278323487,-0.6313530131385261,1.3451359147213557,0.3252097737446041,0.3974449584490794,neutral,off
2019-10-31,-0.6798107443802686,1.4515374033670576,-0.5547589741948614,1.309492751283524,0.38161510901886286,0.4417736849080316,off,off
2019-11-01,-0.7794121610606565,1.4337366790332637,-0.8114973209584928,1.2960820415529086,0.28472730964175574,0.3350135757715501,neutral,neutral
2019-11-04,-0.7217419638188646,1.3697120680204453,-0.7246716334413794,1.327068674305183,0.3125917862663461,0.3775067112302378,neutral,off
2019-11-05,-0.692287186310899,1.3246664281965603,-0.6856659602812625,1.3813744730890758,0.33202193867336866,0.42678199517068915,neutral,off
2019-11-06,-0.7441853216904342,1.3874765235250113,-0.6780385643887895,1.3772370232289954,0.33562241516869573,0.43113413092893793,neutral,off
2019-11-07,-0.7320717988244195,1.317724849806712,-0.5180396187129089,1.3987877514615588,0.3666002959327356,0.4677093636255964,off,off
2019-11-08,-0.8034844319711298,1.2957486196110666,-0.5968225242404517,1.422645540437642,0.32952180095928174,0.44201812421469533,neutral,off
2019-11-11,-0.7360210097452414,1.3036258597107022,-0.5966948770236686,1.404462601774502,0.34384314367907354,0.44823026249835224,off,off
2019-11-12,-0.7369269711648786,1.3098828752084264,-0.4357701647499128,1.4166392400144618,0.38845624482702423,0.4980973427379625,off,off
2019-11-13,-0.702029290004054,1.3414290610668973,-0.5468872934094865,1.4229681194008308,0.3788701492635469,0.497909120099443,off,off
2019-11-14,-0.6964388989763488,1.3950098871606933,-0.6044711706041074,1.3977954742852283,0.3729738229663664,0.4820249837924912,off,off
2019-11-15,-0.8047863130657517,1.3678777286404498,-0.6781843664718504,1.3784844449938711,0.3158478735241797,0.40791745514159516,neutral,off
2019-11-18,-0.7600868237082348,1.3893752023245092,-0.6053749743755708,1.3533661614951091,0.3443198914339532,0.4232465091626948,off,off
2019-11-19,-0.7164882310081969,1.4402679917437253,-0.649798448736089,1.3609249932542076,0.35872657631341176,0.4483603183811503,off,off
2019-11-20,-0.7250003442421731,1.4719202851002524,-0.5617324176964166,1.3684750828505603,0.3884156515030558,0.4837823727952725,off,off
2019-11-21,-0.6868361531046925,1.4472496850976293,-0.6737710056653337,1.374850437687443,0.36537324100376156,0.4655751917246964,off,off
2019-11-22,-0.7724322255533408,1.436686601669314,-0.6634477867683531,1.4068586937287513,0.35191632076909285,0.4678388502453206,off,off
2019-11-25,-0.8232579014206926,1.4433697619425643,-0.6818430980273119,1.4120265329764001,0.33757382386774,0.4557444665878599,neutral,off
2019-11-26,-0.8588636991199662,1.4558682429706316,-0.7163865749797248,1.4032066974808097,0.3209561665879376,0.4337479653289634,neutral,off
2019-11-27,-0.8358320224575908,1.44275042067002,-0.7990815726473961,1.4211910772874812,0.30725697571312854,0.4320800842070456,neutral,off
2019-11-29,-0.7411547322934376,1.4434709965613275,-0.8302874085769836,1.4042103160676922,0.3190597929396496,0.4371716800467703,neutral,off
2019-12-02,-0.4923079377539142,1.4201177137907253,-0.7448015218443821,1.3558076482793344,0.3847039756179409,0.4781931501781888,off,off
2019-12-03,-0.3781704863951185,1.5031509421975884,-0.5890234682475749,1.3412296394457224,0.4692966567501543,0.5623453859700535,off,off
2019-12-04,-0.5041079597459946,1.462502713717672,-0.637080625292684,1.330161909523897,0.4128690095507226,0.4914546442701087,off,off
2019-12-05,-0.5344263690711497,1.4378266848938377,-0.6153912316582615,1.3016426037306514,0.3974129219737695,0.45494537996161366,off,off
2019-12-06,-0.6320971091917611,1.4192775504668669,-0.6050812394971813,1.3348511376844525,0.3792375848655942,0.45225260997449834,off,off
2019-12-09,-0.3885670386371447,1.4171559892351662,-0.5085576261766959,1.3272856625206608,0.46182924673549663,0.536730476677791,off,off
2019-12-10,-0.40805877714712735,1.394112084812631,-0.514445492856064,1.2999435365565049,0.4428878378414861,0.49839104720312766,off,off
2019-12-11,-0.4829795864353197,1.4105885799024063,-0.6877089083509643,1.2703020011263733,0.37755052156062385,0.41560298860644745,off,off
2019-12-12,-0.5970184022932908,1.3457540944433746,-0.677668932069906,1.29770917493786,0.34219398375450943,0.38770169611808425,neutral,off
2019-12-13,-0.7392889658351942,1.3959362022214352,-0.8329250687778452,1.2704026126209982,0.27353119505734846,0.30405914259710487,neutral,neutral
2019-12-16,-0.7923734607218761,1.356252142789385,-0.8419867945623342,1.2582487490917058,0.24503515914922014,0.26305806201281906,neutral,neutral
2019-12-17,-0.7758657561644728,1.3196991965069318,-0.8642203343145038,1.2740266655374404,0.23840994289134887,0.2639810222205984,neutral,neutral
2019-12-18,-0.7441441243489743,1.295553548699576,-0.9229760889781097,1.2967681485382263,0.23130037097767958,0.2706586158244648,neutral,neutral
2019-12-19,-0.7526611638490956,1.317910881658998,-0.9140246787308286,1.2973868240932345,0.23715296579307704,0.2783628027654875,neutral,neutral
2019-12-20,-0.7513895478949096,1.3282558835225857,-0.8990888186035007,1.3305667335822577,0.25208606265160827,0.31447461540577026,neutral,neutral
2019-12-23,-0.7403320245840005,1.3278125389501272,-0.8652931446433575,1.3241775813630579,0.26159123777145676,0.3198273910473305,neutral,neutral
2019-12-24,-0.7336281881420911,1.329292894111359,-0.7749060016476945,1.3224451736221752,0.28580096948593714,0.3418852758848314,neutral,neutral
2019-12-26,-0.735627032672755,1.33168909525634,-0.8316224683499064,1.3149020323603633,0.26983540664851047,0.32209936960856933,neutral,neutral
2019-12-27,-0.6506131466561107,1.3484378979895553,-0.864950268109752,1.2364610038642274,0.26733387177198,0.2758529663268391,neutral,neutral
2019-12-30,-0.4992607815882657,1.3708493226610827,-0.7350074096275757,1.215050195459,0.3379078317260603,0.33793072372728783,neutral,neutral
2019-12-31,-0.6123118492365446,1.3232880685766955,-0.7752748533623519,1.1738993299685605,0.2774001739865899,0.24492578651992747,neutral,neutral
2020-01-02,-0.7547072902757578,1.3031915303843031,-0.8074375628073378,1.2269275297156947,0.24199355175422557,0.23646185172929188,neutral,neutral
2020-01-03,-0.5858713317281393,1.3441090404392404,-0.7197410355547459,1.2252858575119872,0.3159456326670856,0.31660700987064383,neutral,neutral
2020-01-06,-0.6042486297471504,1.3218427204938457,-0.6395619657937165,1.2050534263562096,0.3207713878272971,0.3051318283109204,neutral,neutral
2020-01-07,-0.610650089420071,1.3057010175968806,-0.6442166095531837,1.2406143659270035,0.32286217113765736,0.32770474646115455,neutral,neutral
2020-01-08,-0.6475259992899123,1.2834865732555174,-0.7082133134100139,1.2773017073210868,0.3012622419691695,0.32675402562024236,neutral,neutral
2020-01-09,-0.7464344949803333,1.3031391584672913,-0.7928691137501357,1.2942025260274534,0.26450951894106894,0.3002984134152733,neutral,neutral
2020-01-10,-0.744076490685859,1.3255588418856816,-0.9227444830940255,1.2832101601084294,0.23548700705355663,0.2683264060814561,neutral,neutral
2020-01-13,-0.7700226339797109,1.3024935368405461,-0.9239770856594369,1.2815199330723062,0.2225034375684261,0.25153205994964517,neutral,neutral
2020-01-14,-0.7622112408419829,1.3146264064777242,-0.9512838866254533,1.2833162330941137,0.22111187802610044,0.25298332482799163,neutral,neutral
2020-01-15,-0.7587576292013881,1.3322292549072277,-1.0052481395613566,1.2665310775919107,0.20868864093409842,0.23268120962798866,neutral,neutral
2020-01-16,-0.7694596493990437,1.3414838950676524,-1.0100287294899295,1.2764677635395758,0.20961581992956377,0.24027340219244508,neutral,neutral
2020-01-17,-0.7932238936474818,1.3468182710769019,-1.0306898496871142,1.3096140159891487,0.20812963593286365,0.25929571828287995,neutral,neutral
2020-01-21,-0.7113529950056278,1.4105279911910693,-0.9179722167116656,1.2997747728143354,0.27024438807202783,0.3214002081206935,neutral,neutral
2020-01-22,-0.7046522554032524,1.3981254850705727,-0.980948919324532,1.2992317636594355,0.25293901850055595,0.3039871545799236,neutral,neutral
2020-01-23,-0.6968644883571155,1.43775067530702,-0.8598616721595865,1.3172588453798952,0.2995708400425533,0.3633209099706692,neutral,off
2020-01-24,-0.5245963245753763,1.4911503057852584,-0.7217371314496481,1.3352655172229106,0.3950205917457862,0.4775339781103709,off,off
2020-01-27,-0.12463108937935552,1.5692483201392913,-0.517987604821787,1.3474515495065265,0.5685202938611688,0.6736941362419164,off,off
2020-01-28,-0.33711047192044363,1.4855605613524718,-0.5517711373018286,1.3538231482119443,0.48762552508553597,0.5835590279026062,off,off
2020-01-29,-0.32506376135174425,1.5193565547115095,-0.5345651327232421,1.349748687961448,0.5023690871494928,0.5987341602849324,off,off
2020-01-30,-0.4231078060392914,1.5148249232661855,-0.38748506749334916,1.3352411783914666,0.5098683070312529,0.591273337745368,off,off
2020-01-31,-0.0578225768537764,1.5748149245407363,-0.33011639334775067,1.2789990088744345,0.616468740803411,0.6786304993267824,off,off
2020-02-03,-0.15267581297740437,1.582893264887027,-0.3351605404142086,1.3260205259396216,0.6052693593587589,0.6935741361008507,off,off
2020-02-04,-0.36202879547091366,1.505903787278418,-0.47433757290280465,1.3440041247304841,0.503385385908796,0.5919803214277133,off,off
2020-02-05,-0.4601196043202398,1.4621671150199833,-0.5972860504376325,1.3793559395268185,0.44602934994723237,0.5517321081279332,off,off
2020-02-06,-0.4807567706133456,1.4499726413868295,-0.6820907882317121,1.4053940779935452,0.42312979013382923,0.5446755579448193,off,off
2020-02-07,-0.42503192979770604,1.4977345465417407,-0.551377217317753,1.4256056990169603,0.48673277461081044,0.6243981308105938,off,off
2020-02-10,-0.4718667853350391,1.5061336052303764,-0.47501906486566864,1.4423161027162525,0.5003909644364803,0.6454896292444798,off,off
2020-02-11,-0.4565019722956568,1.4859703994046982,-0.5721999087750385,1.428886480108469,0.47153874961061804,0.6087471461413583,off,off
2020-02-12,-0.6135508268679043,1.457282310800808,-0.613215257285519,1.4664352961647416,0.4242378807030316,0.5779794452742482,off,off
2020-02-13,-0.5686776441921544,1.4471846124367909,-0.6133851479102633,1.4680367824814544,0.43328965070395686,0.5885669866441836,off,off
2020-02-14,-0.6198569614329822,1.4698570960170998,-0.6471875223843544,1.4731102156710623,0.4189807069677064,0.5783079021627907,off,off
2020-02-18,-0.4941994566185407,1.50503241984846,-0.48847218263318803,1.5117437074837403,0.5085261220201178,0.6951735081772256,off,off
2020-02-19,-0.5432296581965342,1.4876831777677628,-0.4769645184036612,1.5271779944258508,0.49866674889835455,0.6916584018907458,off,off
2020-02-20,-0.4142875845241786,1.5019708923363944,-0.430009274212316,1.5576307968862866,0.5538262076215466,0.7700422178640853,off,off
2020-02-21,-0.2482273420282978,1.5273234615283375,-0.28150093532824055,1.4862462521754882,0.6209603590868218,0.7977528071219449,off,off
2020-02-24,0.62009200337251,1.6252018064682974,0.09059280455663839,1.488980077843771,0.9562166730603041,1.163440650562078,off,off
2020-02-25,0.9279093793552912,1.6954898910873637,0.1044049168368781,1.451236971260834,1.0447602896350918,1.2456617050458836,off,off
2020-02-26,0.8959771068600069,1.6521625665571396,0.09296531644815788,1.4540104916201637,1.023778870371367,1.2217787399948705,off,off
2020-02-27,2.161445219011038,1.724164767155634,0.2610189677461075,1.3885731248549538,1.3838005196919332,1.5861939136852292,off,off
2020-02-28,2.26304026539344,1.7856752346455502,0.774514050377959,1.3521107015580924,1.5438350629937603,1.724118392152679,off,off
2020-03-02,1.5322104397247758,1.7249467421756992,0.630609468887326,1.2625161607817872,1.287570702892397,1.3857857911679696,off,off
2020-03-03,1.9018003344156955,1.860680249906654,0.5727388513356986,1.2377381714800717,1.39323940178453,1.5334830597200846,off,off
2020-03-04,1.3744423068893465,1.7526944695948747,0.17020040642414558,1.2592152966975216,1.139138119901472,1.2633653053262528,off,off
2020-03-05,2.204442807510186,1.8593131728471803,0.39187621205230355,1.1986170198656378,1.413562303068827,1.5446507283934026,off,off
2020-03-06,2.454611607105256,2.0152861311926142,1.2414747459179092,1.0976173223854413,1.7022474516503052,1.789018624078417,off,off
2020-03-09,3.8088294105859495,2.177326618536743,2.397106912663827,0.975882352564933,2.339786323587863,2.4155694374770715,off,off
2020-03-10,3.0260399878060023,1.8520552718995698,1.19458332361304,1.1501182919952488,1.8056992188284653,2.031650941951389,off,off
2020-03-11,3.7337269043189623,1.7513592153112927,1.3178959914377666,1.1612639852973683,1.9910615240913474,2.2602048104327155,off,off
2020-03-12,6.035020012320688,1.6787972407616985,2.061156921382496,1.2717741324884397,2.7616870767383306,3.241814683378194,off,off
2020-03-13,4.123357207376764,1.7784806003757714,1.6329739546951003,1.41913183759279,2.2384859000101063,2.690701583817628,off,off
2020-03-16,6.7459820547390255,2.1380870741136517,1.215872071359125,1.3422447145493175,2.8605464786902797,3.4684640345795983,off,off
2020-03-17,5.988238261664482,1.6971068864966086,0.774743751751197,1.5137308619830314,2.4934549404738298,3.5181517979040655,off,off
2020-03-18,6.010985913890537,1.641447766242593,1.2035410429619344,1.6953411710137107,2.637828973527194,3.7766693026189424,off,off
2020-03-19,5.51441603244082,1.3894973385498224,1.7128247126827278,1.8789108893807573,2.623912243263532,3.795356318831895,off,off
2020-03-20,4.869493536798903,1.7340497445989553,1.479087139215287,1.8845232866800288,2.4917884268232937,3.614629785911906,off,off
2020-03-23,4.38975207016515,2.4661656244066714,1.5386362914243723,1.845173786915025,2.5599319432278045,3.683003283161644,off,off
2020-03-24,4.384443948067896,2.300800495612693,0.8093491188522262,1.7575088893942215,2.3130256129817592,3.6433418495009326,off,off
2020-03-25,4.606109329079122,2.452416809789109,0.0904210881469818,1.676917275391842,2.206466125601764,3.503569727854827,off,off
2020-03-26,4.287064373052318,2.0904570662803414,0.13063014001555748,1.4881678963487057,1.9990798689242304,3.10183404458074,off,off
2020-03-27,4.7399890824606175,2.0498394589485356,0.1261065130880908,1.3664763117655214,2.0706028415656914,3.190251875573617,off,off
2020-03-30,3.857528845444274,2.0780996762171324,0.19724824595659515,1.4591772009413848,1.8980134921398466,2.9100246755417376,off,off
2020-03-31,3.4859495729082104,2.1156186851261793,-0.00789170039739764,1.4435078030219688,1.75929609016474,2.824129398750341,off,off
2020-04-01,3.838528030492876,2.2433906974914106,-0.03011680348637361,1.5142113437754403,1.8915033170683382,3.082081942130452,off,off
2020-04-02,3.202107320839199,2.1993535988551924,-0.36474961417251306,1.57215218755447,1.652215873269087,2.6944330361952256,off,off
2020-04-03,2.7773749335625793,2.3316410473889286,-0.5743712829582774,1.6173458065667612,1.537997626139998,2.50552282550676,off,off
2020-04-06,2.6145960251264913,2.2928870583798813,-0.5361003093999307,1.629106059860796,1.5001222084918093,2.4355661308164502,off,off
2020-04-07,2.7602244258951023,2.303157796214173,-0.3578131998125599,1.5465370001054453,1.5630265056005404,2.563504505686184,off,off
2020-04-08,2.4155342278630205,2.2374501121750736,-0.2525660576527057,1.561834884925069,1.4905632918276144,2.4157826287928112,off,off
2020-04-09,2.242001700723298,2.0917650740088214,-0.2922010028712305,1.492029595991507,1.383398841963099,2.2124482670776606,off,off
2020-04-13,2.189062552924361,2.128730310105679,-0.24826239545285206,1.4717518244455814,1.3853205730056921,2.2011222998645446,off,off
2020-04-14,1.8402113746904871,2.0515472885188957,-0.4385364658552215,1.4181662096513559,1.2178471017513792,1.8970837807918182,off,off
2020-04-15,2.152221049034578,2.1823643196159312,-0.40898959788242495,1.483022444019499,1.352154553696896,2.179253526134096,off,off
2020-04-16,2.0761882024230904,2.147711132097749,-0.42605793877853343,1.5477887961123156,1.3364075479636552,2.1667437478203992,off,off
2020-04-17,1.8753756871955132,2.131322535530007,-0.42868811721321026,1.518270489324829,1.2740701487092847,2.0379043259635283,off,off
2020-04-20,2.45072793146393,2.2070743128148536,-0.4057500719377838,1.5381777928026423,1.4475574912859106,2.3784935678154424,off,off
2020-04-21,2.6082710510754232,2.3254726549630376,-0.30850591939448935,1.5718343582261711,1.5492680362175357,2.560006220766867,off,off
2020-04-22,2.257721842326099,2.2576846334096627,-0.3547909479961971,1.5859253910453566,1.4366352296962304,2.374784324377363,off,off
2020-04-23,2.1948587527558012,2.2938173391120107,-0.5063916616539873,1.5896668997718568,1.3929878324964204,2.3057287097967496,off,off
2020-04-24,1.6409468746325582,2.361277652925592,-0.5412036804423068,1.5830762848647615,1.2610242829951512,2.029244732704697,off,off
2020-04-27,1.3725434390647488,2.2613264943852207,-0.643122373839954,1.5432302706257173,1.1334944575589332,1.789710589826798,off,off
2020-04-28,1.4003111155088146,2.256530540924656,-0.7576526253105194,1.5229388941812245,1.105531981326044,1.7482945141257455,off,off
2020-04-29,1.1625931397907765,2.166164371701573,-0.8098399079040753,1.4877677220724979,1.001671331415193,1.5539548010785533,off,off
2020-04-30,1.4580035584672169,2.0925713128040213,-0.916780504898064,1.4239776695986206,1.0144430089929488,1.599131967804258,off,off
2020-05-01,1.7651176783326603,2.2173810717900957,-1.0814391336175873,1.398100345076367,1.074789990395384,1.7322285830801194,off,off
2020-05-04,1.640542423278838,2.23919843706698,-1.0467783079127462,1.475419447415665,1.077095499962184,1.7400326804442554,off,off
2020-05-05,1.400773904960153,2.1568497667240702,-1.0344082431570982,1.501064706693425,1.0060700338051376,1.6048818698762966,off,off
2020-05-06,1.4517583547427189,2.1095379872982805,-0.98412986545324,1.5438601690860652,1.030256661418456,1.6651572180130367,off,off
2020-05-07,1.179852107272833,2.108936617238746,-0.874893616080183,1.5201580732612996,0.9835132954231739,1.5441130030804338,off,off
2020-05-08,0.8291710880560105,1.9901689520810488,-0.8003174970263212,1.501070212165178,0.8800231888189791,1.3268197412998153,off,off
2020-05-11,0.7874459140839302,1.9532323649198013,-0.6736915300825812,1.558724805561938,0.9064278886207722,1.373603673993142,off,off
2020-05-12,1.3409986726197514,2.041367220024241,-0.6837787191703222,1.5224266438094447,1.0552534543207788,1.6712915773446007,off,off
2020-05-13,1.5670656474235996,2.1018466030313068,-0.7950205069043569,1.557140841240298,1.107758146197712,1.8011819963567834,off,off
2020-05-14,1.2961544310091873,2.194432237081647,-0.7499636200512623,1.5826501949409086,1.0808183107451204,1.7264370779647353,off,off
2020-05-15,1.222786547054027,2.2094225615094976,-0.8256611681403231,1.5738018706727093,1.0450874527739777,1.6609783656291175,off,off
2020-05-18,0.9602708297647135,2.111968420817187,-0.7601108201545708,1.4894765398578151,0.9504012425712862,1.45071904952467,off,off
2020-05-19,1.0844512817960692,2.10637568426378,-0.7180712479177598,1.454441073439834,0.981799197895481,1.505646839705218,off,off
2020-05-20,0.8270707084644526,2.1076640091724435,-0.7552501461827152,1.4251670033115094,0.9011628936914227,1.3383892361890453,off,off
2020-05-21,0.9827072192885279,2.1017316026596378,-0.852346546841947,1.4530965705128858,0.921297211404776,1.4035603479772185,off,off
2020-05-22,0.8437715770143963,2.08001694801461,-0.9710785476937773,1.5084232543949199,0.8652833079325372,1.3163427971716561,off,off
2020-05-26,0.8283714835540379,2.006115209273744,-0.9542302155865147,1.399100207412139,0.8198391711633515,1.2125523977985455,off,off
2020-05-27,0.7886855402223986,2.0213830968217033,-0.9310670778002332,1.415615818763225,0.8236543445017734,1.2164520625403117,off,off
2020-05-28,0.8866761025381679,2.0187189642653496,-1.003381342795405,1.3372705917962795,0.809821078951098,1.1910979383635465,off,off
2020-05-29,0.7771143753096396,2.037121155090954,-0.9735648548136486,1.3321364554112363,0.7932017827495452,1.1467514743071463,off,off
2020-06-01,0.8498129365364167,1.9823358839810812,-0.8672685194447691,1.2733104118052512,0.8095476782194949,1.1623221575559046,off,off
2020-06-02,0.7088702338983979,1.9259877289213652,-0.8586056681407082,1.2545264451428084,0.7576946849554658,1.0555535540101968,off,off
2020-06-03,0.5892287724670511,1.8811280902470136,-0.6809605963629839,1.2094852843309627,0.7497203876705107,1.006282365991184,off,off
2020-06-04,0.6042990844170324,1.8803971215994357,-0.6826177261169051,1.1404922753559812,0.7356426888138861,0.9680538011313354,off,off
2020-06-05,0.473522769676729,1.8439121820477151,-0.6586646974784318,1.1697979010644304,0.7071420388276106,0.911408693585868,off,off
2020-06-08,0.6041024103034253,1.860436930643142,-0.6344165567453612,1.132826141178186,0.7407372313448479,0.971892566392442,off,off
2020-06-09,0.7822541900463954,1.9064918526431018,-0.6291594313466674,1.0981666854464704,0.7894383241973251,1.0643402354505243,off,off
2020-06-10,0.782064029963172,1.970633607894235,-0.7170271229208155,1.0566782962917383,0.7730872028070825,1.0312431324489109,off,off
2020-06-11,2.12005416616803,2.082705331885064,-0.8238509840510487,1.144295562791194,1.1308010191983098,1.8190885808833162,off,off
2020-06-12,1.64307804019024,2.040471436758371,-0.8435332395896765,1.2112816622133362,1.0128244748930677,1.5825650978672796,off,off
2020-06-15,1.471241143216083,2.074777512547106,-0.7745981484260926,1.1377409911798073,0.9772903746292261,1.479127994686975,off,off
2020-06-16,1.3967106786685248,2.017921575852576,-0.7020691620674979,1.169324041254065,0.9704717834269171,1.4627577953926834,off,off
2020-06-17,1.3758646093003783,2.038480223280935,-0.7721490988405482,1.191746113497628,0.9584854618095983,1.449843389676854,off,off
2020-06-18,1.3216725275591885,2.057889517435567,-0.8627001759151276,1.2209984829512048,0.9344650880077081,1.4211856027425025,off,off
2020-06-19,1.541517134923217,2.0893479071249668,-0.9137195627343575,1.2433752960825788,0.9901301938491013,1.5498526007334925,off,off
2020-06-22,1.2021054862954217,2.0856874051259497,-0.8989977871330731,1.1766842346674697,0.891369834738942,1.3254949746952798,off,off
2020-06-23,1.1612238312527137,2.0574034196276996,-0.8954372222161475,1.1363053316016052,0.8648738400664677,1.266997982221566,off,off
2020-06-24,1.4104858687688826,2.116009141722722,-0.8695695062833558,1.1884262073556258,0.9613379278909686,1.4687045008806947,off,off
2020-06-25,1.246131953651006,2.1197198976559943,-0.9694295271058131,1.2199558406340647,0.9040945412088129,1.3706973332413368,off,off
2020-06-26,1.4992840707561543,2.2006097373205593,-0.9799996532288241,1.227489102372097,0.9868458143049965,1.5424670033224919,off,off
2020-06-29,1.2005093168207055,2.279322787978609,-0.9269536943424688,1.23159201600927,0.946117606616529,1.4312920169699868,off,off
2020-06-30,1.0636519064987164,2.2282003160589867,-0.8914206908920314,1.2140088194512744,0.9036100877792366,1.3371807414390477,off,off
2020-07-01,0.88038723420215,2.247599650489445,-0.9168079917789966,1.1918765231777895,0.850763854022597,1.2212789925977656,off,off
2020-07-02,0.7851392440106107,2.207362121213162,-0.9865013596787857,1.2051364380248943,0.8027841108924703,1.1396652901493962,off,off
2020-07-06,0.8112313302804164,2.16953915696073,-0.9539498234953137,1.1442202031029662,0.7927602167121999,1.1110624770311897,off,off
2020-07-07,0.9616460917900824,2.2303475169469884,-0.9853334590087838,1.1540922703234402,0.8401881050129318,1.2133799720235976,off,off
2020-07-08,0.8249030810564416,2.194768154098312,-1.020617768532486,1.102346558611259,0.7753500063083817,1.078235028589278,off,off
2020-07-09,0.9439827983373719,2.253553053163417,-1.0121653884064208,1.1327849965662173,0.8295388649151463,1.189726029755002,off,off
2020-07-10,0.7445564610571543,2.2107423879168318,-1.0383884293420382,1.1266936488054682,0.760901017109354,1.0515828531734566,off,off
2020-07-13,1.2397215246730435,2.230726675293161,-1.0272120979743384,1.1046345695879962,0.8869676678949656,1.3227639500348423,off,off
2020-07-14,0.9693901330120026,2.207853882186878,-0.9889097592943785,1.0814512787790713,0.8174463836708933,1.1628119314202727,off,off
2020-07-15,0.7911856027034568,2.177161731111192,-1.1010643136226794,1.0605653376786999,0.7319620894676673,0.9994995849661601,off,off
2020-07-16,0.8152580785318466,2.1894774100307353,-1.1202932987759822,1.0910288818043439,0.7438677678977359,1.030578074764118,off,off
2020-07-17,0.5804650346161568,2.187117338907798,-1.1425218812104023,1.0439004849237448,0.6672402443093244,0.8635292735833697,off,off
2020-07-20,0.45696246208210217,2.1602189577883557,-1.107767228513868,1.031025514726457,0.6351099265207618,0.7881933867577331,off,off
2020-07-21,0.4953170187825842,2.1323792490204325,-1.118550161975486,0.9497094562456918,0.6147138905183056,0.7424437978079862,off,off
2020-07-22,0.4426204822773649,2.1403684446186166,-1.1522302462026375,0.9323259802567544,0.5907711652375246,0.6935134285569474,off,off
2020-07-23,0.6206029943178069,2.1497741458553454,-1.1937182219026417,0.90011961779557,0.6191946340165201,0.760815275050356,off,off
2020-07-24,0.5961921171814,2.1230541146875073,-1.2369779740202391,0.8713513988434269,0.5884049141730238,0.704164582494161,off,off
2020-07-27,0.4847623188318611,2.0788896938139505,-1.2325936609175583,0.7832585685660121,0.5285792300735663,0.5697562574809348,off,off
2020-07-28,0.555514794166459,2.0896564914087477,-1.2724996598490257,0.7933409419955314,0.541503141930428,0.6058919703747367,off,off
2020-07-29,0.41977875837512874,2.0871661611502996,-1.2611577369096103,0.7360848113688682,0.4954679984961716,0.49683127995348986,off,off
2020-07-30,0.48651592256389276,2.060364566522377,-1.2898870319326905,0.7085218450109486,0.4913788255411319,0.4955059349982366,off,off
2020-07-31,0.4560543563994019,2.0548102973303295,-1.249619235234859,0.7620113246945392,0.5058141857973529,0.5255245222608459,off,off
2020-08-03,0.43774677198593265,2.0764510745621716,-1.2145080106181363,0.7629734265200316,0.5156658156124999,0.5368830019778803,off,off
2020-08-04,0.385010710646469,2.1063704601877986,-1.1845468802087633,0.7490942159267022,0.5139821266380517,0.5211357705692224,off,off
2020-08-05,0.30695841180404554,2.0801842355347158,-1.2551888617278348,0.6861280334160168,0.45452045475673575,0.40235653247461967,off,neutral
2020-08-06,0.27246759682857985,2.0943301400443852,-1.2291141518507611,0.6814103785932895,0.4547734909038733,0.3949257253139871,off,neutral
2020-08-07,0.22784701311533792,2.089965556215899,-1.2629765352150633,0.7554828607646529,0.4525797237202066,0.4044034405343375,off,neutral
2020-08-10,0.21970522455611538,2.0677194023298915,-1.2399102918705402,0.7712926697262604,0.45470175118543177,0.4090538107282369,off,neutral
2020-08-11,0.41221353386855236,2.0877577156837352,-1.147625607017467,0.7768188116717998,0.532291113551655,0.560014563316544,off,off
2020-08-12,0.2347783010276984,2.0649376618492377,-1.1782362131066448,0.7549353573266031,0.46910377677422355,0.4273952872360746,off,neutral
2020-08-13,0.21953634520188214,2.013570940273445,-1.1522312250052302,0.7433371057302784,0.4560532915500939,0.39993187765359833,off,neutral
2020-08-14,0.2113915636017755,1.991295798266319,-1.2117303427674342,0.7157526006863417,0.42667740494675055,0.3485171069271597,off,neutral
2020-08-17,0.14038079682958748,1.9593403314520734,-1.1294196976855175,0.6870337540214815,0.41433379615440624,0.30645186242147165,off,neutral
2020-08-18,0.15658548016403886,1.9684692029965616,-1.1215131705670967,0.6206217967407535,0.40604082733356434,0.27959980573652043,off,neutral
2020-08-19,0.26103038349550095,1.968528188776862,-1.1650774533918078,0.6913319080829854,0.4389532567408851,0.3677228389482864,off,neutral
2020-08-20,0.27924793523131225,1.9688463288354339,-1.1652711992500273,0.679754183633917,0.440644312112659,0.3705625154112195,off,neutral
2020-08-21,0.26094175249833296,1.9827846919212093,-1.1480113458996941,0.7321700656455697,0.4569712910413545,0.40568583433194777,off,neutral
2020-08-24,0.24365096148502827,1.9312448194341183,-1.1118066712599939,0.7377171468199228,0.45020156411976886,0.39142078010096426,off,neutral
2020-08-25,0.20910881586131044,1.887089490091839,-1.0644938694706332,0.7055480213603257,0.4343131144607104,0.3503663081076237,off,neutral
2020-08-26,0.3349304818015337,1.889674599231484,-1.0611476161480518,0.7042489039514555,0.4669265922091053,0.4219444465910588,off,neutral
2020-08-27,0.45668105004233334,1.8368817395080557,-1.021692847337408,0.7040926147410224,0.49399063923850084,0.48225017669522846,off,off
2020-08-28,0.30330806507977365,1.8534036423512081,-1.0544847668089028,0.6307763881511177,0.4332508321932992,0.34562888241153766,off,neutral
2020-08-31,0.6535264259589438,1.8986298076449395,-1.089360838252499,0.6043502562668065,0.5167864129045477,0.5305195500064885,off,off
2020-09-01,0.623945130033202,1.91877464549187,-1.1708479933296796,0.6270950320458355,0.4997417035603069,0.5082033824058894,off,off
2020-09-02,0.6695081312965165,1.9393946490311864,-1.1535886785404887,0.6852816357574504,0.5351489343861662,0.5849691867425654,off,off
2020-09-03,1.383009836348911,1.9697492718605012,-1.1261140858095904,0.6725536436757616,0.7247996665188958,0.9971846709269767,off,off
2020-09-04,1.09319388405354,1.905647959480485,-1.087227379957196,0.6701221434648957,0.6454341517604312,0.8244149031471737,off,off
2020-09-08,1.1648962242564909,1.9558089780971848,-0.9773631480253571,0.7568985946209043,0.7250601622373056,0.9781084089265849,off,off
2020-09-09,0.8955319589494132,1.898094110395669,-1.0330420841842947,0.7315601199495957,0.6230360262775958,0.7683832400355135,off,off
2020-09-10,0.9866474417967802,1.9398914785822348,-1.141330683072726,0.7405438440428663,0.6314380203372889,0.8043060974640753,off,off
2020-09-11,0.6980631578025189,1.9285065813789293,-1.2038101167216357,0.7392309781658333,0.5404976501564115,0.6153782283388822,off,off
2020-09-14,0.5943450412099214,1.955183711132046,-1.1705891718584078,0.7093181918852292,0.5220644430921972,0.5624979736446167,off,off
2020-09-15,0.5678238564033603,1.941125109726608,-1.2047667571617986,0.7068728150028045,0.5027637559927436,0.5284447661932131,off,off
2020-09-16,0.6134135234578278,1.94494196754259,-1.2232766580708028,0.7250222012587452,0.51502525854709,0.5606370768295396,off,off
2020-09-17,0.6559456434916892,1.953614661023694,-1.3425000419500104,0.697397277375554,0.49111438498523174,0.5290941042598047,off,off
2020-09-18,0.5918160495065383,1.957284939552645,-1.3783203106042075,0.692666725614769,0.46586185101743616,0.4790541023253433,off,off
2020-09-21,0.7897766080729244,2.0114009123912435,-1.3359485183975108,0.7623240263029449,0.5568882570924005,0.6723896710176888,off,off
2020-09-22,0.6961326684726672,1.9876328324243204,-1.3137588461746306,0.813644993087368,0.5459129119524313,0.650054647913361,off,off
2020-09-23,0.870708130582625,2.0089139555960265,-1.3348687448251573,0.8592234100366067,0.6009941878475251,0.778410729261903,off,off
2020-09-24,0.8633714597939496,1.9831842547901755,-1.3766896882706092,0.8544250945695675,0.5810727802207709,0.7462637502661198,off,off
2020-09-25,0.6467510405351071,1.9876661919306509,-1.383612913198734,0.8805311697600593,0.5328338722567707,0.6400720218045721,off,off
2020-09-28,0.627309587236508,1.9750899858809867,-1.370101314080485,0.8436751132710145,0.5189933430770062,0.606820991185752,off,off
2020-09-29,0.6353104373669006,1.9573715114808,-1.3929484485422456,0.8011105088415486,0.5002110022867509,0.5694388212637289,off,off
2020-09-30,0.6453420023049721,1.9232173313896284,-1.3145602927503879,0.8009167170109283,0.5137289394887852,0.5883679457446348,off,off
2020-10-01,0.6787475729425617,1.9330149488391406,-1.3308491694379174,0.7801169779224091,0.5152575825665485,0.5924712656631012,off,off
2020-10-02,0.7731277947043749,1.9328221569263806,-1.2906696910623532,0.7948149157984211,0.5525237940917058,0.668901790122585,off,off
2020-10-05,0.8064880778490087,1.8467668246695603,-1.2949672652845114,0.7568422725444772,0.5287824774446337,0.6287879908802891,off,off
2020-10-06,0.9607863813816184,1.856826614804928,-0.7557149933742778,0.7933068429399749,0.7138012114380609,0.9304323596580336,off,off
2020-10-07,0.8161833164394421,1.8300207298398574,-0.7786700301689793,0.7702151321642531,0.6594372870686434,0.8152365307294712,off,off
2020-10-08,0.6431643378063819,1.8305047486087176,-0.7685727406897003,0.7677447678151597,0.6182102783851398,0.719482656229063,off,off
2020-10-09,0.5047510909422138,1.8298144323077852,-0.7620841453082065,0.7045776863176351,0.5692647660648569,0.6035020491425511,off,off
2020-10-12,0.5117763328807962,1.8342667226111202,-0.7619070618393311,0.7055682773387846,0.5724260677478424,0.6112353404393706,off,off
2020-10-13,0.6133803915722854,1.86054941326353,-0.8197176524402139,0.7581011144003991,0.6030783166990001,0.6923538320158904,off,off
2020-10-14,0.6468189355541119,1.8861353562298935,-0.8823114105280158,0.7407437301321544,0.597846652847036,0.6891394655699276,off,off
2020-10-15,0.7046593196896217,1.882345588554583,-0.8183824108650579,0.7955604431010165,0.6410457351200408,0.7769254989961104,off,off
2020-10-16,0.749259113534322,1.8770596796265175,-0.76920156251682,0.7747494911633573,0.6579666804518443,0.8041722667207172,off,off
2020-10-19,0.9291205265411847,1.8884945358752878,-0.6515160124091507,0.7459262066744006,0.7280063141704306,0.9358892474272151,off,off
2020-10-20,0.9461568516444409,1.8433405115843817,-0.6736213757817583,0.7045086578942891,0.7050961613353383,0.893657289862796,off,off
2020-10-21,0.8746955588187866,1.8302922964972166,-0.7140558714681623,0.6516440290342979,0.6606440032205346,0.8006422693757088,off,off
2020-10-22,0.8195401846863213,1.7977213004037553,-0.6940582317728826,0.6904705565700663,0.6534184524718151,0.7870949010818982,off,off
2020-10-23,0.7623709144554671,1.8072069721729775,-0.7320862394688461,0.6696920380991783,0.6267959213146942,0.7322433260671162,off,off
2020-10-26,1.261623818727682,1.8915457408867837,-0.7171900975116413,0.7016426369169191,0.784405524754936,1.079883233487275,off,off
2020-10-27,1.3516384991805903,1.918098449440306,-0.7492013893965388,0.6888806962654928,0.8023540638724627,1.1231384157233562,off,off
2020-10-28,2.055241771069697,1.94295521075194,-0.7715804696388303,0.742607989896262,0.9923061255197673,1.561068783613879,off,off
2020-10-29,1.7805553230819446,1.8993727736682933,-0.6460083704176719,0.8054868116014924,0.9598516344835146,1.4689476103113397,off,off
2020-10-30,1.823120947383375,1.8408774789817484,-0.6275292548720732,0.8144634687987548,0.9627331600729512,1.4813596747881934,off,off
2020-11-02,1.7316448591383624,1.8684848889081775,-0.577773994358991,0.8154118582862536,0.9594419029934507,1.4701790066360263,off,off
2020-11-03,1.5703001328674049,1.8081164409083748,-0.5532959096376477,0.7578887033802878,0.8957523418796048,1.3255161484666709,off,off
2020-11-04,0.9625169011127641,1.850363027342709,-1.0534055271010152,0.7416619761333539,0.625284094371953,0.8069592432527884,off,off
2020-11-05,0.760173952692013,1.8509243217334341,-1.1727634022097762,0.6405829635799943,0.5197294589489163,0.5866179226174721,off,off
2020-11-06,0.48374017593003515,1.852532361568526,-1.28901121296745,0.6060458402314671,0.41332679119064464,0.3657869565390265,off,neutral
2020-11-09,0.5740609377653663,1.73256800454041,-1.1363890725377996,0.6632723348567748,0.4583780511561879,0.45890079902830017,off,neutral
2020-11-10,0.4774369146446881,1.7221389134544187,-1.0984273077059443,0.6654264740931167,0.44164374862156985,0.4132094024609613,off,neutral
2020-11-11,0.3401799083320635,1.7384884680169024,-1.0980733303200831,0.6985524938606981,0.41978688497239514,0.360722541130176,off,neutral
2020-11-12,0.5332033499125836,1.8217761792138691,-1.1584468996005277,0.6892230318821768,0.4714389153520254,0.48000539781793494,off,neutral
2020-11-13,0.3044320511902139,1.803338488707196,-1.1947240262628587,0.666129288541599,0.39479395054403754,0.31303960480123677,neutral,neutral
2020-11-16,0.23831108346628707,1.7837600250410526,-1.208127223120495,0.6441881971936717,0.36453302064512905,0.2488710610021444,neutral,neutral
2020-11-17,0.2647070833433165,1.8050965291785057,-1.1899610659939555,0.6268424858900759,0.3766712581044856,0.2687376124613638,neutral,neutral
2020-11-18,0.3795600271967945,1.8349132484306165,-1.1733126598326034,0.6152391710272225,0.41409994670550754,0.34638333814155753,off,neutral
2020-11-19,0.30526414176556926,1.8504664912824302,-1.1756108676953607,0.6116724876838302,0.39794806325911725,0.3066966241143501,neutral,neutral
2020-11-20,0.365219770076389,1.8569108660739735,-1.2118641905909964,0.6230280702301174,0.4083236289473709,0.33837512809051395,neutral,neutral
2020-11-23,0.259375195823998,1.8535695946951305,-1.1894931470349668,0.6366774216323883,0.3900322662791375,0.29204131209192996,neutral,neutral
2020-11-24,0.15556833560754152,1.8115900745290658,-1.2089053656297266,0.6044024767571503,0.34066388031600775,0.1880366580570077,neutral,neutral
2020-11-25,0.11586360777193982,1.8185661533586401,-1.2913901143835822,0.576726048278081,0.30494142375626976,0.12214706523624311,neutral,neutral
2020-11-27,0.07412386804380329,1.8324033809578444,-1.2902878350784373,0.5536489574815222,0.29247209285118314,0.0899335788846923,neutral,neutral
2020-11-30,0.04663308486634548,1.8660483158445298,-1.2537439709321634,0.5627310732431394,0.3054171257554628,0.106132711088157,neutral,neutral
2020-12-01,0.0669847571934448,1.830900733566942,-1.2325509689180965,0.4983051591397966,0.29090992024552176,0.07173388638063954,neutral,neutral
2020-12-02,0.1076977371582282,1.7822845148347932,-1.1603183696278447,0.47639045223610005,0.30151358365031916,0.0872732182762932,neutral,neutral
2020-12-03,0.11888224347048533,1.8071730987115238,-1.2016681650688044,0.42920339521918943,0.2883976430830985,0.060820058062138915,neutral,neutral
2020-12-04,0.06896501935131738,1.7307319894301163,-1.1603991646143381,0.4279802965466415,0.26681953517843426,0.0140412271436397,neutral,neutral
2020-12-07,0.12089888796673003,1.7401589492579395,-0.9864152454458268,0.4382490859960221,0.3282229194437162,0.1151755165850033,neutral,neutral
2020-12-08,0.05772445783350336,1.7363264524743318,-1.0032523453683104,0.4588593745937679,0.3124144848833232,0.08363025886102476,neutral,neutral
2020-12-09,0.21970473928585355,1.718466737854328,-1.0215812394674286,0.47257039345291757,0.3472901577814176,0.17230648539488602,neutral,neutral
2020-12-10,0.24514438190806354,1.7418645211052717,-1.0612224596899678,0.4380022983166191,0.3409471854099966,0.16181102827094007,neutral,neutral
2020-12-11,0.3256116171672816,1.75685616908542,-1.0497829511165992,0.4597697225008498,0.37311363940923803,0.23198045539087042,neutral,neutral
2020-12-14,0.4692592211115153,1.7483568904681765,-0.9984068114778125,0.42864485685868836,0.41196353924014184,0.3109370480424008,off,neutral
2020-12-15,0.2826496919626656,1.7384360055683459,-1.0305534455531973,0.4009736486398666,0.3478764751544202,0.17072711167920823,neutral,neutral
2020-12-16,0.2428472733048787,1.742830903732125,-1.0656829906717586,0.39860554183618196,0.3296501820503568,0.13567573346118067,neutral,neutral
2020-12-17,0.18469339430186837,1.757880379096232,-1.1497364015176514,0.3260755889278697,0.2797282402020797,0.034558066016478595,neutral,neutral
2020-12-18,0.1479550583675686,1.7449126029779862,-1.1346361495779371,0.3490303322407947,0.2768154610021031,0.027103328065145482,neutral,neutral
2020-12-21,0.5140570898780928,1.756399047160733,-1.073605180974755,0.3512751104225006,0.3870315166216428,0.26735673779815894,neutral,neutral
2020-12-22,0.4191113726887084,1.7669709156954478,-1.1660508779079053,0.42140730777048047,0.3603596795616829,0.2271691050120307,neutral,neutral
2020-12-23,0.3251939043720561,1.7327275712929704,-1.1905712257785672,0.39371713351260823,0.31526684584976683,0.1330247420547272,neutral,neutral
2020-12-24,0.14354004426210273,1.742182026348168,-1.2090673370872125,0.38444371397996696,0.2652746118757563,0.019167601778476595,neutral,neutral
2020-12-28,0.16086555571251054,1.736434621840274,-1.1140754154965742,0.38553028093074904,0.29218876074673983,0.060755768448464254,neutral,neutral
2020-12-29,0.3016740980760875,1.748585401242329,-1.0884971938356565,0.3474768079420916,0.3273097783562129,0.13346900570445142,neutral,neutral
2020-12-30,0.2699864225893314,1.7416635288848403,-1.0554311613967506,0.30366766908223297,0.31497161478991353,0.0973014536041405,neutral,neutral
2020-12-31,0.2679029579685253,1.7361162784428348,-1.0013710784003367,0.33931765970018035,0.335491454427801,0.13437208554912,neutral,neutral
2021-01-04,0.6986590579319826,1.7117026945375555,-0.9827677948948943,0.33235233801007297,0.43998657389617923,0.37717944692910194,off,neutral
2021-01-05,0.5321078550890631,1.683094908487912,-1.001702629941853,0.2816191715030427,0.3737798262845412,0.23104006127119397,neutral,neutral
2021-01-06,0.5044416562403196,1.632914967765819,-1.1307988461876082,0.29194272043765745,0.324625124564047,0.1553820851792866,neutral,neutral
2021-01-07,0.22862973829055672,1.6083533903298333,-1.1136169775766076,0.3264613022368668,0.26245686332016227,0.012220701771079312,neutral,neutral
2021-01-08,0.14586374289979687,1.5899983359396488,-1.1249630650497824,0.3575200747768393,0.24210477214162562,-0.028654582694362163,neutral,neutral
2021-01-11,0.40325973104174984,1.5979513307282485,-1.0357471897132808,0.4081678225142099,0.34340792364273187,0.1864454550884671,neutral,neutral
2021-01-12,0.3265722004995541,1.6040390314840836,-0.9648949413137988,0.3516248117841739,0.3293352756135032,0.1347649499639456,neutral,neutral
2021-01-13,0.21208331240707975,1.6403644548998595,-1.1003052349254976,0.3826901156776345,0.28370816201476906,0.054580224259541066,neutral,neutral
2021-01-14,0.31832880669532526,1.6073396627700005,-1.0810449071911232,0.3734039806814585,0.30450688573891527,0.10408281793271318,neutral,neutral
2021-01-15,0.42967630261214684,1.631202601212386,-1.1134222254795627,0.4356027506977815,0.3457648572606879,0.20519598342563222,neutral,neutral
2021-01-19,0.3171696287879263,1.6216940750666402,-1.1103616063958717,0.40324160623666805,0.3079359259238408,0.1171795917628976,neutral,neutral
2021-01-20,0.14741905459965465,1.6041979530966575,-1.1910326597212006,0.39971447078292344,0.2400747046895087,-0.019266981215654233,neutral,neutral
2021-01-21,0.12081360383863494,1.5766670900907256,-1.1762139873639408,0.36043207288013734,0.22042469486138927,-0.06477343674419589,neutral,neutral
2021-01-22,0.18112905824823275,1.5853859411752338,-1.1734096570380648,0.3730623911930713,0.24154193339461827,-0.017329292054948986,neutral,neutral
2021-01-25,0.3120103275296355,1.6162492678439235,-1.1733080749474127,0.39030648993435973,0.28631450259012653,0.08214431623708324,neutral,neutral
2021-01-26,0.29457276032314833,1.6264893964554,-1.1711065714172917,0.3648576403518888,0.27870330642828633,0.061542418625208484,neutral,neutral
2021-01-27,1.7454230936121709,1.6342951261743361,-1.140104827814212,0.4201883767453487,0.6649504421794109,0.9543433606339988,off,off
2021-01-28,1.0291153549677456,1.5974128168366906,-1.0986251631399404,0.39818935149178236,0.48152309003906946,0.5230175806993416,off,off
2021-01-29,1.3231728973840717,1.6051651603998265,-1.0418720627180664,0.4119740444070419,0.5746100098682184,0.7293101487857694,off,off
2021-02-01,1.0313853002249391,1.607940495035206,-1.0754622539096368,0.46269561529372055,0.5066397891610572,0.5788440241122421,off,off
2021-02-02,0.5526428917694384,1.567337824991376,-1.0862292062406496,0.48339528901154466,0.37928669988292735,0.29105076007898834,neutral,neutral
2021-02-03,0.28154810707128514,1.5415824590684133,-1.0552884326527767,0.4740735416088017,0.31047891877393086,0.12718626730473975,neutral,neutral
2021-02-04,0.16490521288535576,1.5380064330498333,-1.0453678348409747,0.5213327785500992,0.2947191474110784,0.08958566165884074,neutral,neutral
2021-02-05,0.07281454205381344,1.5044356393561447,-1.0465536339530723,0.46465098328440047,0.24883688268532153,-0.012488237211790043,neutral,neutral
2021-02-08,0.11065904535759928,1.5142346640957025,-1.0087383323695533,0.45186502008707,0.2670050992927046,0.019216001389998516,neutral,neutral
2021-02-09,0.15054971304241038,1.5156686012800829,-1.0594464606798824,0.395185939306102,0.2504894482371782,-0.008831048375261552,neutral,neutral
2021-02-10,0.18736960729797741,1.5354166600908894,-1.0735231837250578,0.3870334511185693,0.25907413369559457,0.011016099212605601,neutral,neutral
2021-02-11,0.11160035367300625,1.5100729622878417,-1.0827909859821523,0.39274619695002994,0.23290713173218142,-0.04357209627541736,neutral,neutral
2021-02-12,-0.019447722453528493,1.4708725277508687,-1.0506565486780375,0.3996151458395416,0.20009585061471108,-0.12103753393735969,neutral,neutral
2021-02-16,0.13310613690779663,1.4265454067316607,-0.7572304446444255,0.4030156566889079,0.30135918892098496,0.054653579296979615,neutral,neutral
2021-02-17,0.13718260728074957,1.4684459195032284,-0.7813642851717232,0.4538042092650869,0.31951711271933547,0.09656906561033557,neutral,neutral
2021-02-18,0.2385492244920371,1.4632890687368825,-0.7766829477772821,0.4121113559196531,0.3343166753428226,0.13019210702456346,neutral,neutral
2021-02-19,0.19344649244672096,1.4038552216566473,-0.6471603690540956,0.3854523422476788,0.3338984218242379,0.10850009020178064,neutral,neutral
2021-02-22,0.3368297783945493,1.3779189974542012,-0.5873003102041825,0.34492000673078105,0.36809211809383724,0.17832530788228818,neutral,neutral
2021-02-23,0.30194347753481426,1.3641000539531498,-0.6078992750279174,0.3633668621807477,0.35537777966019857,0.15612182377726525,neutral,neutral
2021-02-24,0.12053397094896684,1.3674011485408688,-0.6020763375175832,0.3644647892339657,0.31258089280155454,0.05403693104653645,neutral,neutral
2021-02-25,0.8941470867750265,1.315004888168569,-0.23445060543150015,0.3586218859021742,0.5833308138535674,0.6102565648638669,off,off
2021-02-26,0.797611497285258,1.4441583379510514,-0.18936863332575787,0.4511101772100677,0.6258778447801548,0.6787442696021984,off,off
2021-03-01,0.326041069482721,1.3743038749821548,-0.3974806012706193,0.4637588723178671,0.4416558038780309,0.3097094737755534,off,neutral
2021-03-02,0.40286201970044205,1.3766049737894408,-0.7287031857779669,0.43475165741445765,0.3713788662815934,0.22209033121515742,neutral,neutral
2021-03-03,0.666225279252684,1.3420602927997611,-0.4843459734339519,0.4531925701544279,0.4942830421932303,0.4589799673268293,off,neutral
2021-03-04,0.8608325600973089,1.3061190980734168,-0.4151638372481553,0.5318117580056115,0.5708998947320454,0.6297929222896593,off,off
2021-03-05,0.45981596817974324,1.270642959431163,-0.37783680900334504,0.5722240137076813,0.48121153307881065,0.41746154064777674,off,neutral
2021-03-08,0.5427835225977018,1.2533506630829558,-0.30926021409148935,0.6103120105908124,0.5242964955449951,0.5068983617902401,off,off
2021-03-09,0.3950271282881039,1.3025591851006464,-0.43573930183285003,0.5696768351106409,0.4578809616666353,0.3716574550421726,off,neutral
2021-03-10,0.244203928627204,1.3147276075401646,-0.5634037924113988,0.5498880771161577,0.38635395521803184,0.231396033532743,neutral,neutral
2021-03-11,0.17749465190483338,1.2892883514522,-0.5419564028273657,0.5069449513539384,0.35794288797090146,0.16343223091900422,neutral,neutral
2021-03-12,0.05231071640860205,1.217107768095059,-0.3335214060838413,0.5369618208432583,0.36821472481576956,0.15125272746326734,neutral,neutral
2021-03-15,-0.015415132623237373,1.2435641865324396,-0.3346712942585484,0.554234650990797,0.3619281026603627,0.13244543724733565,neutral,neutral
2021-03-16,-0.04004130935475242,1.2562790087025526,-0.33401691637554276,0.5587642612101118,0.3602462610455923,0.12617992551007823,neutral,neutral
2021-03-17,-0.09750988499944828,1.2520723080330223,-0.45606719513679306,0.5042184905170297,0.3006784296034527,0.01506319944762674,neutral,neutral
2021-03-18,0.14372493175678464,1.2672433982243962,-0.3437974931762364,0.5562581084641876,0.405857236317283,0.23378388407822326,off,neutral
2021-03-19,0.07902750989401364,1.2475724603255924,-0.39428075319971806,0.5642641388882351,0.3741458389770308,0.17468993620238807,neutral,neutral
2021-03-22,-0.133523265327053,1.2469067253887427,-0.42971659333485984,0.550254878604126,0.3084804363327389,0.028621324841841017,neutral,neutral
2021-03-23,0.012316441288921707,1.2618727040865627,-0.6357423638111621,0.6127250785335419,0.312792965024466,0.08562742613422561,neutral,neutral
2021-03-24,0.1047492625688902,1.2811009963907145,-0.6374206690958958,0.634623347383055,0.345763234311691,0.1604695599886154,neutral,neutral
2021-03-25,-0.03804605953964445,1.2572056134126524,-0.6724990889892998,0.6750586045759582,0.3054297673649166,0.07855488192963969,neutral,neutral
2021-03-26,-0.13563791546234621,1.226733608658358,-0.6136785219814647,0.6621697940364546,0.28489674131275045,0.02150867109040938,neutral,neutral
2021-03-29,0.057548888431941725,1.2020649739519953,-0.4790236298284404,0.6817395281965964,0.36558244018802327,0.18387106061927241,neutral,neutral
2021-03-30,-0.058581757312902605,1.2465175835844875,-0.4343892151466134,0.723327253521171,0.36921846616153564,0.1745974057687316,neutral,neutral
2021-03-31,-0.08015670630554944,1.228075118660321,-0.3190097443924413,0.7150561594739273,0.38599120685906435,0.18986676542377745,neutral,neutral
2021-04-01,-0.2929219423407672,1.2727828566022799,-0.5080475922863842,0.6801227253550909,0.28798401183255484,-0.0041221014113596854,neutral,neutral
2021-04-05,-0.233251217170132,1.2286978246675897,-0.6043117752629924,0.6417199894118707,0.258213705411584,-0.044131307106569734,neutral,neutral
2021-04-06,-0.21162464978367557,1.2684636748639546,-0.6493635487142382,0.6114427896641688,0.2547295665075524,-0.048988523716480825,neutral,neutral
2021-04-07,-0.31031053347575815,1.2546574591205073,-0.5814731636360357,0.6252397758235799,0.24702838445807335,-0.08060648470072607,neutral,neutral
2021-04-08,-0.3318591209046175,1.2811291744979199,-0.6554531212224465,0.5787254250367729,0.2181355893519072,-0.13620841558117947,neutral,neutral
2021-04-09,-0.3585490254669835,1.2695305927795053,-0.6212844737722016,0.5902154259345206,0.2199781298687102,-0.1378076716106885,neutral,neutral
2021-04-12,-0.33586086531795,1.275559528849272,-0.5521792588823008,0.5877820763377011,0.24382537024668058,-0.09914046143922702,neutral,neutral
2021-04-13,-0.3625566890331107,1.30525284025634,-0.6213682117896424,0.5540265928948575,0.21883863308211107,-0.14698559589178825,neutral,neutral
2021-04-14,-0.327514974336124,1.2973988929369427,-0.6549899107649286,0.5353605702432652,0.21256364451978882,-0.1526377095699491,neutral,neutral
2021-04-15,-0.37068400947011376,1.314203100089269,-0.6858915694694953,0.5329417423394097,0.19764231587226744,-0.1833782857000707,neutral,neutral
2021-04-16,-0.40355776659640075,1.2751225303700866,-0.5796798563074048,0.5200793893034634,0.20299107419243612,-0.18926703774524412,neutral,neutral
2021-04-19,-0.2964435744047403,1.266621756659508,-0.5376795292394084,0.46311553100502506,0.2239035460050961,-0.14919468044384043,neutral,neutral
2021-04-20,-0.15330167449596677,1.2954926366762785,-0.5258265863268803,0.4827686297806888,0.27478325140853005,-0.037041630289270905,neutral,neutral
2021-04-21,-0.2747739336314309,1.2958261117914582,-0.5884296208341072,0.4733979648374122,0.22650513054083304,-0.13593566153777023,neutral,neutral
2021-04-22,-0.15013245904347675,1.3180522206219414,-0.6682018929443434,0.4930529291481187,0.24819269944556,-0.06970148518754238,neutral,neutral
2021-04-23,-0.29223556230743547,1.3030648855674685,-0.657212283752109,0.43839236868101916,0.19800235204723576,-0.18836996131725606,neutral,neutral
2021-04-26,-0.26026033112400937,1.302585183155882,-0.6269295922585749,0.43251165532885466,0.21197672877553803,-0.16265674216993314,neutral,neutral
2021-04-27,-0.268462251308977,1.2769575677503002,-0.6518324130819665,0.44405399428311915,0.20017922441061897,-0.1798294023194126,neutral,neutral
2021-04-28,-0.2972694608795211,1.2619813923519017,-0.6468764148924472,0.40913174221761245,0.18174181469938644,-0.222169445128219,neutral,neutral
2021-04-29,-0.26322004363015317,1.2423685579986186,-0.6856489622712503,0.4090642554610238,0.17564095188955975,-0.2239293244802812,neutral,neutral
2021-04-30,-0.1601237596654317,1.2623051302257944,-0.7123475417685833,0.4868387250647924,0.21916813846414296,-0.11779780613114538,neutral,neutral
2021-05-03,-0.19102197938274787,1.2895651607761218,-0.7363239143156366,0.44840945822068007,0.20265718132460436,-0.15616443060766083,neutral,neutral
2021-05-04,-0.0703834547601281,1.2986047678827275,-0.7005723991905269,0.48784428462448953,0.2538732996391405,-0.0452360091425664,neutral,neutral
2021-05-05,-0.10439677457594983,1.2922272301563082,-0.7480843320476717,0.4900830245237555,0.2324572870141106,-0.08320281110906746,neutral,neutral
2021-05-06,-0.18274908551335411,1.309782124998724,-0.7231837110552045,0.44815366914138616,0.21300074939288793,-0.13840780954732018,neutral,neutral
2021-05-07,-0.3580373837068476,1.3068086741094642,-0.8322330639223519,0.36438007030675096,0.12022957419675394,-0.33122610404036384,neutral,neutral
2021-05-10,-0.05165385059481166,1.2812835917334895,-0.7913080717520887,0.36199609217175904,0.20007944038958703,-0.148806120030119,neutral,neutral
2021-05-11,0.17323485498022204,1.2595380946456907,-0.7147954393438921,0.35379893447343774,0.2679441111888646,-0.003719167175261273,neutral,neutral
2021-05-12,0.7663806137922897,1.2541026977001573,-0.7007633704505263,0.4200289146253168,0.4349372139168094,0.3871786948384971,off,neutral
2021-05-13,0.3060988173332919,1.2552156492013051,-0.7573454781868308,0.42461153976216615,0.30714513202748306,0.10012816724746981,neutral,neutral
2021-05-14,-0.13972586861999173,1.272651326023249,-0.8054591107520447,0.37452420291106087,0.17549763739056834,-0.20153802703089693,neutral,neutral
2021-05-17,-0.04579005495338601,1.2777498298978034,-0.6966311487753307,0.3628309217301218,0.2245398869748021,-0.11305331661999146,neutral,neutral
2021-05-18,0.12143099850878766,1.2702260546614792,-0.7390405067377568,0.3080891433150392,0.2401764224368873,-0.06555770167749786,neutral,neutral
2021-05-19,0.2081286779516985,1.2769109957033606,-0.7349559242449915,0.3592418825050113,0.27733140797876976,0.02029490853538196,neutral,neutral
2021-05-20,0.052195962856437364,1.2969263388109538,-0.8033138661565896,0.3149607386430755,0.21519229353846928,-0.1136485736222741,neutral,neutral
2021-05-21,-0.0015075117517539382,1.2899498030683638,-0.8167109837223061,0.339354410895918,0.20277142962255543,-0.13814990189321863,neutral,neutral
2021-05-24,-0.18224003037835695,1.302255656671225,-0.805954511968167,0.31718442838425925,0.15781138567724007,-0.2487941953070764,neutral,neutral
2021-05-25,-0.13676628140123215,1.3306151062437577,-0.842595776480519,0.2950147659993718,0.16156695359034456,-0.23655923354586011,neutral,neutral
2021-05-26,-0.2896345244793753,1.3231064075346268,-0.8695621988138081,0.3415447602741141,0.12636361112888939,-0.31097676406992125,neutral,neutral
2021-05-27,-0.35364474927357364,1.3019575607584577,-0.849724988162381,0.33333963398363203,0.10798186432653377,-0.3552812916147461,neutral,neutral
2021-05-28,-0.35152235706863366,1.3109194198660652,-0.8926904866511575,0.34027526443025047,0.10174546014413113,-0.3612506717050799,neutral,neutral
2021-06-01,-0.23365971710717112,1.29855773740697,-0.8034020472875713,0.31692622279668115,0.1446055489522272,-0.2798015663359942,neutral,neutral
2021-06-02,-0.2770339283873643,1.3007512934508723,-0.7965739793607398,0.325031903538741,0.13804382231037726,-0.2970036685181359,neutral,neutral
2021-06-03,-0.21910606327510776,1.2850780172852863,-0.8341345596906751,0.3948865101949846,0.15668097612862197,-0.2406593973894925,neutral,neutral
2021-06-04,-0.38654990008921114,1.3237488352614588,-0.960147660320577,0.3528744633295728,0.08248143454531086,-0.39247340659192176,neutral,neutral
2021-06-07,-0.3864875777809389,1.3138267057969157,-0.9668331775405911,0.33067639555823264,0.0727955865084046,-0.41222872433672836,neutral,neutral
2021-06-08,-0.3192129207990443,1.338041656416334,-0.9550973796067356,0.345777308277811,0.10237716607209131,-0.3495321854567403,neutral,neutral
2021-06-09,-0.23436023677133136,1.359941285527827,-0.8669743763287793,0.3503857956830972,0.1522481170277034,-0.2568449307934372,neutral,neutral
2021-06-10,-0.4194671668341931,1.3806316674425685,-1.0050560127954868,0.345667329406579,0.07544395430486688,-0.40821145244229795,neutral,neutral
2021-06-11,-0.46594571471615104,1.383880308693212,-0.9265690637831469,0.40157777800456346,0.09823582704961943,-0.3729519454559962,neutral,neutral
2021-06-14,-0.3893124166013783,1.3614225318002071,-0.83030077131745,0.3968480762070048,0.13466435502209592,-0.3063206845955313,neutral,neutral
2021-06-15,-0.3240661215228387,1.3677471380212904,-0.8636254741786141,0.3991166644503047,0.1447930516925356,-0.27575769640705383,neutral,neutral
2021-06-16,-0.20708210964893564,1.3554147394429574,-0.8223418700684162,0.4678649072863757,0.1984639167529953,-0.15617124264409726,neutral,neutral
2021-06-17,-0.24845030332666307,1.3934613077570146,-0.8031214123347505,0.5564333131477098,0.22458072631082768,-0.10465814813031163,neutral,neutral
2021-06-18,0.056944564898698154,1.437690425544938,-0.6355971294022668,0.5959928019630543,0.3637576657511059,0.1753172815990781,neutral,neutral
2021-06-21,-0.23397067627130577,1.375783165425098,-0.5928762135665966,0.5527150781107906,0.27541283842449654,-0.03192043478552739,neutral,neutral
2021-06-22,-0.36128563460791935,1.3828373590378151,-0.6900478034058429,0.5374469314566374,0.21723771312017254,-0.14697262100010938,neutral,neutral
2021-06-23,-0.3964343180569899,1.37797089316273,-0.7817525424700644,0.5455180336355552,0.1863255165678077,-0.19685356251061786,neutral,neutral
2021-06-24,-0.4326152967033139,1.3684305284251665,-0.8048407318525069,0.5477526416983727,0.1696817853919296,-0.22876668970881628,neutral,neutral
2021-06-25,-0.4687922763292238,1.3389574153707398,-0.7819942555397161,0.54648581649265,0.15866417499861246,-0.2548919805175019,neutral,neutral
2021-06-28,-0.4542113855140601,1.3731558795769538,-0.7591554773415293,0.5545569955899239,0.17858650307782206,-0.2193534679274783,neutral,neutral
2021-06-29,-0.4272012097971487,1.3721476352947084,-0.7447854454666457,0.5743004799004962,0.19361536498285253,-0.18699684902039007,neutral,neutral
2021-06-30,-0.4468152554714367,1.3795352359527475,-0.7304197421927586,0.6197219484422805,0.20550554668270818,-0.1628304809019592,neutral,neutral
2021-07-01,-0.4830051659151879,1.3679479543148194,-0.7227075404883728,0.6382812955875857,0.2001291358747111,-0.17494772743379666,neutral,neutral
2021-07-02,-0.5254074533524933,1.3772193222707765,-0.8769989663198458,0.5949562746173664,0.14244229430395097,-0.27622428404970994,neutral,neutral
2021-07-06,-0.3833334114074024,1.4098664348552663,-0.7516521192387554,0.6322096816309664,0.22677264646001868,-0.11301969503096107,neutral,neutral
2021-07-07,-0.4081481011032789,1.4333672587632382,-0.6275492888825034,0.6425957384078412,0.26006640179632423,-0.0680739378078273,neutral,neutral
2021-07-08,-0.11781819244266306,1.4537404563977818,-0.596287589191363,0.6097690098942606,0.33735092116450405,0.10189744013521562,neutral,neutral
2021-07-09,-0.41017853570813234,1.4066085628290776,-0.6493892266225593,0.5827883116538006,0.23245727803804667,-0.12387203633109616,neutral,neutral
2021-07-12,-0.41114864828792497,1.4046202152117435,-0.6232562449948256,0.5943612427824799,0.24114414117786823,-0.10911973801798622,neutral,neutral
2021-07-13,-0.31256531916059566,1.3980737039415134,-0.6225308826033734,0.6549943730624364,0.2794929688099952,-0.017230847928169285,neutral,neutral
2021-07-14,-0.3944522085328945,1.421191011120385,-0.7279554334167132,0.6151432547207095,0.22848165597287168,-0.11671378838450788,neutral,neutral
2021-07-15,-0.3238545215580142,1.4427897827189005,-0.73778064897423,0.6395610133482655,0.2551789063837304,-0.0550609364152245,neutral,neutral
2021-07-16,-0.1744153991286247,1.4418666786259577,-0.6995129986178223,0.647614794044147,0.30388826873091446,0.050465253596180454,neutral,neutral
2021-07-19,0.24583224233848616,1.5493854719720426,-0.4168339346552568,0.6708574852688066,0.5123103162310196,0.45441962033000716,off,off
2021-07-20,-0.04165300047796417,1.4988094439482476,-0.36442403739595264,0.680071395564633,0.44320095040974095,0.2889273186860045,off,neutral
2021-07-21,-0.2305385143989212,1.4518793710096667,-0.48630938695096765,0.6542211111495707,0.34731314520233714,0.10047394345284721,neutral,neutral
2021-07-22,-0.25334043446606225,1.4790200940104528,-0.49590937395839574,0.6622729223265348,0.3480108019781324,0.09966949884448381,neutral,neutral
2021-07-23,-0.3041704485054246,1.4598500945546609,-0.4861388998712453,0.6726611004906119,0.33555046166715075,0.07162759943082428,neutral,neutral
2021-07-26,-0.2646710955491203,1.4534971794235043,-0.37254917086443856,0.6421311129263932,0.3646020064840847,0.11366682311320975,neutral,neutral
2021-07-27,-0.07979710862828045,1.496751575144174,-0.3410066214300611,0.616284515576928,0.42305809016569007,0.23547013502619582,off,neutral
2021-07-28,-0.18883330760157005,1.5035573793306267,-0.5731653897800392,0.6033048779704,0.3362158899798544,0.08501229990436049,neutral,neutral
2021-07-29,-0.25216517778435527,1.4638165223380035,-0.582748185262355,0.5494007397450404,0.2945759747590835,-0.004403023484141649,neutral,neutral
2021-07-30,-0.1960323803882001,1.4800908036150706,-0.6095883611622057,0.585554642853469,0.3150061762295335,0.04758331609942587,neutral,neutral
2021-08-02,-0.06925109346947604,1.5321640626604351,-0.5155972774447123,0.5714113031247042,0.37968174871773774,0.16793577967831794,neutral,neutral
2021-08-03,-0.216793858241,1.5305524780303408,-0.48128340580984386,0.5748150549763654,0.35182256723896554,0.09480317654399409,neutral,neutral
2021-08-04,-0.22403697603677106,1.5456516506204265,-0.5644962953398338,0.5969342368736948,0.3385131540293791,0.08088376361301541,neutral,neutral
2021-08-05,-0.29571994075106184,1.4954729809397187,-0.5371305935360732,0.593312491022705,0.3139837344188222,0.025506843183879607,neutral,neutral
2021-08-06,-0.4131346287497995,1.4398884868209496,-0.5652086611098771,0.6587200721247877,0.2800663172715152,-0.036825604116236144,neutral,neutral
2021-08-09,-0.35381194486119294,1.4234664354823812,-0.47178774353744396,0.6761389752137057,0.3185014305743625,0.03449021709445149,neutral,neutral
2021-08-10,-0.34647883012516684,1.4233128405004156,-0.446557207654651,0.6888737905892289,0.32978764832745666,0.055251896481805285,neutral,neutral
2021-08-11,-0.4223323718433564,1.4224063228243022,-0.6249753214593651,0.6711808591777544,0.26156987217483374,-0.06292335182056444,neutral,neutral
2021-08-12,-0.4711398058001282,1.4194415142882282,-0.7239515337816094,0.6862595021855541,0.2276524192230112,-0.11843459599886708,neutral,neutral
2021-08-13,-0.485620423954471,1.454006420286696,-0.7825911267153992,0.6252590571418988,0.20276348168968114,-0.1699661179980564,neutral,neutral
2021-08-16,-0.4158478297538338,1.4553170232322237,-0.6627017752455738,0.6380143203396541,0.25369543464311756,-0.07871345911283624,neutral,neutral
2021-08-17,-0.22956603975723983,1.4586623669416043,-0.6358961035067056,0.6964189656484379,0.32240479733152416,0.0765310019043487,neutral,neutral
2021-08-18,0.15128315395133385,1.4706562538608148,-0.7033712919112263,0.6974468341772472,0.40400373751954244,0.2818803475903341,off,neutral
2021-08-19,0.1616679237867881,1.4886868758252279,-0.662906644184955,0.7476439000457198,0.4337730138681952,0.3398188072533845,off,neutral
2021-08-20,-0.16203240111949369,1.4745343709440297,-0.645493471115562,0.7392874943457652,0.3515739982636848,0.14507844451820773,neutral,neutral
2021-08-23,-0.3087738726337856,1.4556705323839076,-0.5762348385778167,0.6759028806533293,0.3116411754564087,0.03735687803881352,neutral,neutral
2021-08-24,-0.30144017211907287,1.426555600514685,-0.5518690787864259,0.6675700744311477,0.3102041060100835,0.03318876602958851,neutral,neutral
2021-08-25,-0.3461630540317368,1.3976920090770362,-0.5068839927627988,0.6604106692854668,0.3012639078919918,0.006517538806741274,neutral,neutral
2021-08-26,-0.13264945170798645,1.3992543535720647,-0.5401605014274471,0.6872157502852699,0.35341503768047533,0.13685686024553945,neutral,neutral
2021-08-27,-0.3877750171348229,1.42071468901466,-0.7047712585206529,0.643740632865407,0.2429772615561478,-0.08799310351062652,neutral,neutral
2021-08-30,-0.4085432699826436,1.4236102203113983,-0.6391040046505411,0.6389294675969593,0.2537231033187932,-0.07882164149480526,neutral,neutral
2021-08-31,-0.3782707660515101,1.4034018703592939,-0.6571819820251648,0.6364619392905344,0.25110276539328835,-0.07722607717180349,neutral,neutral
2021-09-01,-0.41675527725475114,1.4170941154114514,-0.7010435791277444,0.6152505618211278,0.2286364552125209,-0.12232545556359517,neutral,neutral
2021-09-02,-0.3854323032157162,1.4205734197153748,-0.7703780151127232,0.5893576218820327,0.21353018081724204,-0.1423248571693893,neutral,neutral
2021-09-03,-0.38537128615207855,1.390835146960635,-0.8472731242647292,0.5669838745924143,0.18129365278406037,-0.19502310190135763,neutral,neutral
2021-09-07,-0.20502237742103113,1.3735684193306992,-0.7320769870036583,0.623130850006705,0.2648999762281787,-0.02206728525505447,neutral,neutral
2021-09-08,-0.2237540475447669,1.3891098905917314,-0.7328323938077926,0.6382478299290937,0.2676928197920664,-0.017819119517846344,neutral,neutral
2021-09-09,-0.13615795495671676,1.4321594774908253,-0.866500957843129,0.618199226785989,0.26192494786924214,-0.00764001084535515,neutral,neutral
2021-09-10,0.0880155440923661,1.4206765335676663,-0.8929956083072508,0.6298030789800185,0.31137488708320005,0.1169032083955018,neutral,neutral
2021-09-13,-0.07674678106785775,1.419579965197429,-0.8512008139825306,0.6343711509163839,0.2815008802658562,0.0371701831479577,neutral,neutral
2021-09-14,-0.06735038420784412,1.4459541327650824,-0.8925742540161573,0.6377656457154328,0.28094878506412846,0.041082418586883884,neutral,neutral
2021-09-15,-0.20084516141361486,1.4247563495468758,-0.8255875925984678,0.6188825114135021,0.25430152673707385,-0.033855188340715076,neutral,neutral
2021-09-16,-0.14761660775476565,1.415930785916308,-0.832377176645035,0.6621493573003182,0.27452158970420637,0.017389240003906514,neutral,neutral
2021-09-17,0.07358054667624862,1.4078419979635268,-0.760552441786893,0.7018867495952369,0.35568921311202983,0.19297723901770744,neutral,neutral
2021-09-20,0.5848236810036053,1.4586607061173409,-0.6535358858666388,0.7064335595467943,0.5240955152002754,0.554358640402066,off,off
2021-09-21,0.44385547614714865,1.4442442689907218,-0.6649440837069133,0.7015968890689903,0.4811881376249869,0.4587469283535992,off,off
2021-09-22,0.0795641290849472,1.451175977594354,-0.764393671115967,0.7319469523741645,0.37457334698437467,0.23110565592710616,neutral,neutral
2021-09-23,-0.15425355933845,1.393259309759335,-0.7378130002400837,0.6895676753165233,0.2976901063743312,0.05379815520419645,neutral,neutral
2021-09-24,-0.24609551372469865,1.3874798974332216,-0.6869490083146201,0.716407400686312,0.2927106940200537,0.03130505630910821,neutral,neutral
2021-09-27,-0.14061156721434062,1.389973853733297,-0.6248615078840222,0.7221233946402036,0.33665604331878446,0.1195435961550813,neutral,neutral
2021-09-28,0.3282477248510421,1.3411933792135464,-0.5576233856491168,0.7677245368034588,0.46988556380473256,0.4258514468959043,off,neutral
2021-09-29,0.2561419028182264,1.324570219982679,-0.603083479138485,0.8344267632743957,0.453013851734204,0.40074556553582064,off,neutral
2021-09-30,0.3166810868159434,1.3123977845241608,-0.6072232824185863,0.8236744454216489,0.4613825085857918,0.4233679132799808,off,neutral
2021-10-01,0.10876430717157111,1.360805796968225,-0.7192025422425424,0.798846836567402,0.3873035996161639,0.2667358150972738,neutral,neutral
2021-10-04,0.29784199942921824,1.375156151605539,-0.6209272459874617,0.771680608774989,0.45593787845557116,0.40202920323318686,off,neutral
2021-10-05,0.12435397056985517,1.3459538744796118,-0.5533582649991444,0.7914602164099988,0.42710244911508033,0.32360440355650955,off,neutral
2021-10-06,0.09298675682542694,1.352281008459473,-0.6195012841157576,0.82531257384546,0.4127697637536506,0.3048622606466466,off,neutral
2021-10-07,-0.05961701886148198,1.3160223354679108,-0.6114829364934008,0.8192557118157849,0.36604452298220325,0.1993640753616127,neutral,neutral
2021-10-08,-0.14009558448195558,1.3027586125600972,-0.6496602118843594,0.8014650443019986,0.3286169651239452,0.12220000428924795,neutral,neutral
2021-10-11,-0.011488821672320869,1.3118551958402627,-0.6495337421314953,0.8306245336041438,0.3703642914101476,0.2191319873489728,neutral,neutral
2021-10-12,-0.02717080793711815,1.3467607595252624,-0.5491003896705826,0.8539043938256526,0.4060984889358036,0.2735922141525368,off,neutral
2021-10-13,-0.1536979707576799,1.3649596856633182,-0.6131450228363973,0.802061447555439,0.35004453490616994,0.15308398993937017,neutral,neutral
2021-10-14,-0.33983353198953303,1.3573950198755358,-0.6583271827553887,0.787795786333972,0.28675752286614653,0.016053342517467276,neutral,neutral
2021-10-15,-0.3983533133372595,1.3421947792293096,-0.5563453407098486,0.7852739515806952,0.2931925191907242,0.009516787655120665,neutral,neutral
2021-10-18,-0.3972441835598781,1.338808343402745,-0.31084620174419636,0.7862736388700088,0.3542478992421698,0.09565634534896397,neutral,neutral
2021-10-19,-0.4609959977279711,1.28975849216596,-0.38744158759546354,0.7673169699131057,0.30215946918890774,-0.0003972430476297528,neutral,neutral
2021-10-20,-0.4828906339591392,1.267508810632604,-0.4719379101390508,0.7401471887935203,0.26320686383198355,-0.0684634774603835,neutral,neutral
2021-10-21,-0.533033276091711,1.2702250521341207,-0.3517014173161539,0.7646468905593611,0.28753431232140425,-0.03987791124620772,neutral,neutral
2021-10-22,-0.4889895754374378,1.3203101622934086,-0.27193585058776826,0.7456951018607529,0.32626995953223886,0.02338509385192994,neutral,neutral
2021-10-25,-0.5087912745003939,1.3098400206900123,-0.3656143928812191,0.7690212066754589,0.30111388999596456,-0.011520827275247308,neutral,neutral
2021-10-26,-0.4312505714133481,1.3411900612084315,-0.43433176012407854,0.7852942311155449,0.3152254901966374,0.032647685693635325,neutral,neutral
2021-10-27,-0.3264992426810623,1.3942253466906347,-0.33200155746616583,0.774552244233781,0.37756919769429687,0.14569372283027723,neutral,neutral
2021-10-28,-0.3735628230969707,1.3623945995989168,-0.27411744004467253,0.7144862909418572,0.35730015684978267,0.08917544314505121,neutral,neutral
2021-10-29,-0.4017754922169377,1.3783383492105885,-0.16783051248230713,0.8047770231425794,0.40337734191348074,0.17060728226660932,off,neutral
2021-11-01,-0.3860041546660029,1.381774058313954,-0.07981324154391789,0.7764065044122571,0.4230907916290726,0.19522811451483188,off,neutral
2021-11-02,-0.42574106636277875,1.3921252244680407,-0.3020980431240847,0.800903610697413,0.36629743141964755,0.11268403071865912,neutral,neutral
2021-11-03,-0.5230797937216961,1.3565447293796673,-0.296571277517842,0.7737075846845094,0.32765031070615963,0.026359509867495245,neutral,neutral
2021-11-04,-0.4873746912281957,1.3762505108621583,-0.49785177221300425,0.8311002258228777,0.305531068310959,0.019169971372466336,neutral,neutral
2021-11-05,-0.37834022222763297,1.4029645430760733,-0.42801371713838754,0.8273847532151609,0.3559988392313035,0.11655934697217116,neutral,neutral
2021-11-08,-0.3007462113380702,1.3943173059694542,-0.30395470398410673,0.7954753696362713,0.3962729400708871,0.1831100344096826,off,neutral
2021-11-09,-0.2420180664135927,1.4082407007579458,-0.24144837844419706,0.7847241000140406,0.4273745889785492,0.23893694390756176,off,neutral
2021-11-10,-0.14241658535679744,1.3715265936107317,-0.08020927692388684,0.8891189528409454,0.5095049210427482,0.4016518004242676,off,neutral
2021-11-11,-0.2545551194742869,1.3622554963853963,-0.08019829610786608,0.9276739482670132,0.48879400726756417,0.3549846193560033,off,neutral
2021-11-12,-0.398137123258582,1.3508565087029247,-0.07104264837771593,0.9215643640249113,0.45081027527288453,0.26509267063042824,off,neutral
2021-11-15,-0.3771061133811808,1.2998100124804628,0.01981553865711825,0.9542308832972708,0.4741875802634178,0.30791383563532293,off,neutral
2021-11-16,-0.38963003302200755,1.2826394021186887,0.019508109147588385,1.0139013986665002,0.48160471922769243,0.3291100321410817,off,neutral
2021-11-17,-0.311967484363277,1.3217278548755342,0.019505457400457876,1.0030487300662243,0.5080786394947349,0.38444797345795484,off,neutral
2021-11-18,-0.26157780467960173,1.345190129468722,-0.19612102514240667,0.9687038867093553,0.4640487965890172,0.32734477397921236,off,neutral
2021-11-19,-0.22797317392673405,1.38018031079313,-0.23025567640091055,1.030716917246137,0.4881670944279056,0.3863352914828875,off,neutral
2021-11-22,-0.09575305101589196,1.3413146529678308,-0.052676686155196925,1.0809450133870577,0.56845748229595,0.54066691627165,off,off
2021-11-23,-0.07370552468606426,1.295854472885798,-0.011175080998654758,1.079451840447165,0.572606426912061,0.5485607359615474,off,off
2021-11-24,-0.15764719163553392,1.3346643551495305,0.06755452947587465,1.1202492819016396,0.5912052437228776,0.5673834818313503,off,off
2021-11-26,0.8960161811553021,1.4525872416607744,0.25981182268694725,1.0318046552182343,0.9100549751803146,1.2506787386801321,off,off
2021-11-29,0.3018345396054463,1.4096607851274008,0.25855353584865554,1.0608835396049763,0.7577331000466196,0.9003469060913789,off,off
2021-11-30,0.7457600493563008,1.4580872850250313,0.09459035224726331,1.019463516928675,0.8294753008893176,1.0992810958390857,off,off
2021-12-01,1.1580048576114548,1.4689700915137285,0.06190963534803969,1.0262305645186591,0.9287787872479705,1.339160810584678,off,off
2021-12-02,0.8250125128834485,1.429852636793703,0.04907664948059346,1.0353418934213787,0.834820923144781,1.1277284223365807,off,off
2021-12-03,1.1102496676111684,1.4927800578621566,-0.05506801072922282,1.0338772290519773,0.89545973594902,1.284166021369177,off,off
2021-12-06,0.7436891318542524,1.419516019270696,0.2121903544307403,1.053556495118365,0.8572380001685135,1.1458727569989513,off,off
2021-12-07,0.18824877498472015,1.3814557185948357,0.21979695066419186,1.0626527145095608,0.7130385396883272,0.8094992250223141,off,off
2021-12-08,-0.02071216815353397,1.330899170732618,-0.02005812749678733,1.0059637774450592,0.574023163131839,0.5462417775377694,off,off
2021-12-09,0.15570173940752283,1.3589112508998271,-0.042971757886385964,1.050325649270598,0.6304917204228905,0.6804758661503079,off,off
2021-12-10,-0.1478289803503835,1.3492327572838052,-0.20126187843675,1.0241861195656956,0.5060820045155918,0.4252155686822755,off,off
2021-12-13,0.022347233311533682,1.3836008604591223,-0.1385795561033422,1.05561604729221,0.580746146239881,0.5804488033219222,off,off
2021-12-14,0.1883205964647361,1.361602808104921,-0.060002834571662916,1.084677998659976,0.6436496421644925,0.714756073171013,off,off
2021-12-15,-0.08486761760637454,1.341478151263222,-0.2104050422998806,1.0773120602335242,0.5308793878976228,0.486911630032414,off,off
2021-12-16,0.049642067623533556,1.3580064287356959,-0.3620240300236582,1.0217949885619269,0.5168548637243746,0.4866646819997282,off,off
2021-12-17,0.1547257827636312,1.3826705718615777,-0.2592274027099576,1.0837615527205557,0.5904826261589518,0.6323469847509039,off,off
2021-12-20,0.29133777443291153,1.3617968502484454,-0.119734535276997,1.081094709385733,0.6536236996975233,0.7519511510759536,off,off
2021-12-21,0.09577920912893403,1.3352456358349876,-0.04325109716072468,1.0737309023105646,0.6153761625284404,0.647880569612383,off,off
2021-12-22,-0.15444708922368192,1.3264476457709389,-0.12492298907718681,1.0252675396427118,0.5180862767781955,0.4382336017397035,off,off
2021-12-23,-0.22487235718883922,1.2918719629198396,-0.11144402397680465,1.017936372832198,0.49337298864659845,0.38263014044917726,off,neutral
2021-12-27,-0.25428438031856593,1.3062340882637884,-0.02483324731095112,1.025877782012698,0.5132485606617423,0.40661719989713563,off,neutral
2021-12-28,-0.26897160522811764,1.299374436080891,-0.1043985389980566,1.0385125323588176,0.49112920605338356,0.3737930568362618,off,neutral
2021-12-29,-0.3309899948266438,1.2684562779172301,-0.08969270952137219,1.0065123366212767,0.46357147754762273,0.3105057765069883,off,neutral
2021-12-30,-0.2909666835130687,1.3028185374083656,-0.1013127615594144,1.0109370113747558,0.4803690259276596,0.346945064302468,off,neutral
2021-12-31,-0.30249697902635714,1.2923875629291888,-0.11721912405889001,0.9754276852340049,0.4620247862694866,0.3091021390134368,off,neutral
2022-01-03,-0.36768853135940627,1.211720102198498,0.09652186396701837,1.042114283324468,0.4956669295326446,0.3525466631652349,off,neutral
2022-01-04,-0.33501062008089305,1.237820720550332,0.06680374756441204,1.047693752210033,0.5043269000609709,0.37513069866211546,off,neutral
2022-01-05,-0.038163067943082406,1.2520432102723036,-0.06888663321839145,1.0356541426623647,0.5451619129432985,0.5015383052780097,off,off
2022-01-06,-0.050789502790925534,1.2404802670631017,-0.09797750883317648,1.0424110772371484,0.533531083169037,0.48292132881362293,off,off
2022-01-07,-0.14026808798086168,1.2263275758037806,-0.19109702311142773,0.9822244625436777,0.46929673181379217,0.3552652133987654,off,neutral
2022-01-10,-0.07286272385927829,1.2122308338836771,-0.08597589734428386,1.0113248733339533,0.5161792715035171,0.4439989793532636,off,off
2022-01-11,-0.17710453440250737,1.1989215093643282,-0.09423826477888989,0.9675971386811871,0.47379396221602954,0.3474192715238343,off,neutral
2022-01-12,-0.26028047043665636,1.1802773092659986,-0.19536357276617092,0.8945276199610287,0.40479022150605004,0.2111437904608297,off,neutral
2022-01-13,0.023098590065042442,1.232980100062689,-0.2560264829423031,0.8696457508327444,0.4674244895045432,0.3646208487365022,off,neutral
2022-01-14,-0.09489251885658326,1.17005497712062,-0.1327545634702135,0.9140739777092524,0.4641204681257689,0.33880102537622336,off,neutral
2022-01-18,0.28441523038378697,1.1325990490586542,0.11377027002264853,0.9796241024117677,0.6276021629692143,0.6746813508918955,off,off
2022-01-19,0.3960646901300934,1.152061642991888,-0.023927050859528457,0.9535261025600436,0.6194313462056241,0.6843300271721708,off,off
2022-01-20,0.5793562189874243,1.1621915541478638,0.0012241485365291913,0.9802958738078716,0.6807669488699222,0.8220430054791941,off,off
2022-01-21,0.9227604191049381,1.2124758435977874,0.003371043475957606,0.9682923562445226,0.7767249156058014,1.040242842510205,off,off
2022-01-24,1.0331552956173953,1.1959076359893126,0.08742413323102416,1.000927923340655,0.8293537470445967,1.1481165753754048,off,off
2022-01-25,1.1656030106999378,1.1965253350207117,0.11195680378625916,1.0041824792400074,0.869566907186729,1.237606509194467,off,off
2022-01-26,1.2494974562217316,1.1693153192922423,0.14814929225949056,1.067335309946207,0.9085743444299179,1.329448201873938,off,off
2022-01-27,1.0942408066623588,1.2213125729879228,0.14413956956564744,1.157458817188732,0.9042879416011652,1.3099938583320523,off,off
2022-01-28,0.7958001872307247,1.2072230765924026,0.133991252728009,1.1582693223977525,0.8238209597372221,1.1231646963179318,off,off
2022-01-31,0.49743606133134904,1.2086625902446075,0.12936843259221234,1.072182604518773,0.7269124221717356,0.8937228876238581,off,off
2022-02-01,0.1948815099891344,1.203632042749824,0.13180691174421205,1.0542586266861547,0.6461447727923313,0.7016882516960066,off,off
2022-02-02,0.20855744741548826,1.191785909162452,0.12042812033194603,1.0011152287582965,0.6304716764170457,0.6695895072841459,off,off
2022-02-03,0.4467741080263728,1.1984880540263827,0.14774251002639424,0.9350797064797322,0.6820210946397205,0.7857931651412086,off,off
2022-02-04,0.32756850851514807,1.1502489493190138,0.20730479679531832,0.9465901428290333,0.6579280993646284,0.7227281517140984,off,off
2022-02-07,0.28956041595957965,1.1700389775135986,0.19990397673260935,0.9369539490017684,0.6491143298018891,0.6999200286266273,off,off
2022-02-08,0.1397679132396113,1.1485491657571336,0.054874625468801924,0.9649054999009258,0.5770243010916182,0.5658651454313564,off,off
2022-02-09,-0.016352278656661147,1.133141524726597,0.025371328536186386,0.9470388182985279,0.5222998482261625,0.4449082739847453,off,off
2022-02-10,0.4003193260540632,1.1295262505907049,0.2330947315442522,0.953846097015559,0.6791966013011448,0.7712986771139204,off,off
2022-02-11,0.7641809329624771,1.215190346272434,0.4023936395617084,1.0158498544045527,0.8494036933002931,1.1215097956396065,off,off
2022-02-14,0.8663324175460956,1.157795173795453,0.6558776398785295,1.0496324834371848,0.9324094286643158,1.2697417855720177,off,off
2022-02-15,0.5886997074145475,1.1041426029886465,0.4012643149210681,1.0047090255662132,0.7747039127226188,0.9636577645799065,off,off
2022-02-16,0.43982845691658384,1.0712109508105074,0.36246905744884245,0.9703798562328363,0.7109720803521925,0.8282680999109353,off,off
2022-02-17,0.842814131871614,1.1103557416786756,0.46786503388097916,0.9818736244330434,0.850727132966078,1.1309674338768783,off,off
2022-02-18,0.8046396712220237,1.1178111098334975,0.41213756177721134,1.009802948819141,0.8360978229129683,1.1072682014927389,off,off
2022-02-22,0.9163007937040208,1.1254167933377957,0.44835835471239505,1.0083559161613416,0.8746079644788882,1.1896408268344563,off,off
2022-02-23,1.1492219351511168,1.0669939287032444,0.43629270565259715,1.0268758869393708,0.9198461141115823,1.3115909544189226,off,off
2022-02-24,1.0750268776464798,1.047528636782538,0.6084549252017232,1.1381587022277146,0.967292285464614,1.3897179332237186,off,off
2022-02-25,0.7867090488138627,1.0345683115300228,0.3804226910166986,1.0767472443846549,0.8196118239363098,1.0922643500664908,off,off
2022-02-28,1.0566288866655529,1.1134598077915208,0.5975454630388093,1.0870053401421964,0.96365987440952,1.3723923303314463,off,off
2022-03-01,1.3906853821337077,1.175138444362047,1.1467769302099011,1.168884999677119,1.2203714390956937,1.8460979939212319,off,off
2022-03-02,1.1180586174701195,1.0338158128815518,0.9010098575194312,1.1661675301040224,1.054762954493781,1.5324605942569876,off,off
2022-03-03,1.0903010889201765,1.0867459435683275,1.0514942720861207,1.2127624795296883,1.1103259460260784,1.6257204492903716,off,off
2022-03-04,1.2481749167685026,1.1459173827333788,1.5628050664029327,1.3133170124731524,1.3175535945944916,1.990842605273705,off,off
2022-03-07,1.7189658947376616,1.1182687414920718,1.814346961934549,1.3879545107630251,1.509884027231827,2.399758783455724,off,off
2022-03-08,1.5789737554518455,1.0985117813275302,1.6087451414881135,1.3604230972003506,1.41166344386696,2.2156053957206923,off,off
2022-03-09,1.2958337483066384,1.0456803912309356,0.9175883634386445,1.2320012533491524,1.1227759390813428,1.695287313436307,off,off
2022-03-10,1.0613961708667077,1.0207929212357167,0.7455428190228195,1.2949525498924501,1.0306711152544235,1.52412453020838,off,off
2022-03-11,1.11590453902777,1.0753405788960404,0.5523272084007185,1.366057871304597,1.0274075494072816,1.5481788344039984,off,off
2022-03-14,1.2230692735695166,1.053852074938754,0.7382395775338845,1.358498177391077,1.093414775858308,1.6697235039489304,off,off
2022-03-15,1.0182107888196528,1.0563286718974652,0.6135643057298368,1.3591572778409153,1.0118152610719675,1.4994938527732509,off,off
2022-03-16,0.6848411151681717,1.0125778100316403,0.5993069489476828,1.2777167313289262,0.8936106513691052,1.2263972579315978,off,off
2022-03-17,0.579276412455348,1.0357710215464322,0.32825051438989084,1.233876091234083,0.7942935099064385,1.0466691277781637,off,off
2022-03-18,0.38936873527098764,1.0250196494332804,0.32850962237693926,1.2592630079001081,0.7505402537453288,0.940044383193962,off,off
2022-03-21,0.3534516651444006,1.0055040278784906,0.6413074696752935,1.29049075995862,0.8226884806642012,1.0444523060116828,off,off
2022-03-22,0.2911674678559367,0.9442332549459523,0.7470053722866566,1.2888611909982135,0.8178168215216898,1.0196435119311862,off,off
2022-03-23,0.35758404413640316,0.9925719614276217,0.7573100035819376,1.303647390763599,0.8527783499773904,1.092424006016599,off,off
2022-03-24,0.15707395464238,0.9789073293762406,0.9854001384006327,1.3231084135074258,0.8611224589816697,1.0606906662640596,off,off
2022-03-25,0.06630583250871602,0.9729638846876588,1.3581852457673338,1.3249693177957154,0.930606070189856,1.1434999463680833,off,off
2022-03-28,-0.05823305768835994,0.9667845338422351,1.4809504322979838,1.3573004858736657,0.9367005985813811,1.1286458372335395,off,off
2022-03-29,-0.1352750208342319,0.9351007939355646,1.1311011215855804,1.2759291468239267,0.8017140103777098,0.8914312466296259,off,off
2022-03-30,-0.08986544652967537,0.9780531027547207,0.9788662495156681,1.2039996430119777,0.7677633871881728,0.8395660286879177,off,off
2022-03-31,0.04000447005219375,0.9885007236993572,0.791025974745702,1.2645428457166124,0.7710185035534662,0.8880522167614691,off,off
2022-04-01,-0.058199138919796695,1.0314980626773143,0.8357575804756538,1.3016006316596989,0.7776642839732175,0.882934791615617,off,off
2022-04-04,-0.1701305538714525,0.9984758381487203,0.8364923523902335,1.343310560591782,0.7520370493148208,0.8241877873987453,off,off
2022-04-05,0.089710110506451,0.9607523068420846,1.0823366599123392,1.3990356598037816,0.8829586842661641,1.0922560518820577,off,off
2022-04-06,0.20272235528685004,0.9766935374278721,1.31416582348397,1.413712206617422,0.9768234807040286,1.2639235017449233,off,off
2022-04-07,0.14459065233542387,0.9518920878338175,1.2752648117292398,1.4307155625156327,0.9506157786035285,1.2146010244623764,off,off
2022-04-08,0.10336467601049032,0.9369352594008717,1.342138382172833,1.4359928806547841,0.9546077995597448,1.2114551112695646,off,off
2022-04-11,0.4425467530495366,0.9131682529119817,1.4956045938487583,1.4506286064948408,1.0754870515762793,1.4765107918103886,off,off
2022-04-12,0.4308524611796089,0.8563089017192187,1.1237483948793843,1.4921671886558088,0.9757692366085051,1.3281047333135034,off,off
2022-04-13,0.17289976623813663,0.8494983868681413,1.078539007090589,1.4435515236430252,0.8861221709599729,1.122565645756932,off,off
2022-04-14,0.26589768580368733,0.8081065503590558,1.1805733516143098,1.4944450108969627,0.9372556496685039,1.2321879164324483,off,off
2022-04-18,0.20982905113745992,0.7580353769835727,1.261939738231157,1.5476159793168007,0.9443550364172475,1.2378803206344946,off,off
2022-04-19,0.12521336071623798,0.6987402548563972,1.2744120800200593,1.5679729113920051,0.916584651746175,1.177694570739491,off,off
2022-04-20,0.014161003943227633,0.7586638407650185,1.3470879518342134,1.5006055544140515,0.9051295877391277,1.1242169993029392,off,off
2022-04-21,0.26375591410845084,0.7268218366105484,1.5176655943474977,1.5221753730384806,1.0076046795262443,1.3418214534523294,off,off
2022-04-22,0.8485782094198913,0.7673065777347187,1.438085493180346,1.5963172829903542,1.1625718908313276,1.732395296388037,off,off
2022-04-25,0.7225389946588116,0.7889100578500466,1.5452693507701538,1.6575024688339612,1.1785552180282433,1.7388108760755694,off,off
2022-04-26,1.409682389761072,0.8330341088240266,1.4721352191018306,1.7209331961461252,1.3589462284582636,2.1865988750127068,off,off
2022-04-27,1.2061820563550856,0.7939321877321827,1.4973016697766315,1.7959380682297443,1.3233384955234109,2.096722321268997,off,off
2022-04-28,1.0355933510919788,0.7726012109526921,1.4546193915238173,1.8731470449520475,1.2839902496301339,2.009452753443397,off,off
2022-04-29,1.3957558548313422,0.7829835119812697,1.4435887705377535,1.795017017467704,1.3543362887045174,2.194894855202956,off,off
2022-05-02,1.2831963417205203,0.7465386858902879,1.6506798858363436,1.8850097499390583,1.3913561658465525,2.2407138476646287,off,off
2022-05-03,0.9561674125563385,0.7563413305419543,1.3827311407853444,1.8523940511724741,1.2369084837640278,1.920443264732314,off,off
2022-05-04,0.5510208030590792,0.75300829900994,1.2450893255645128,1.7487164545422935,1.0744587205439564,1.5582043431980703,off,off
2022-05-05,1.1619963484074047,0.7732471991919493,1.2670626347181104,1.8829824706036866,1.2713221632302878,2.0262553636645873,off,off
2022-05-06,1.0548825275757618,0.7491822464172372,1.2267553658097206,1.8713708135562033,1.2255477383397306,1.9322674585465236,off,off
2022-05-09,1.5364718733900267,0.8656340223830847,1.342888829222045,1.8690970201860118,1.4035229362952921,2.3217587038244147,off,off
2022-05-10,1.3498641946800087,0.8531628863353238,1.38961289861498,1.8994261002341746,1.373016519966122,2.2361500920871533,off,off
2022-05-11,1.3039363951786842,0.9396233594536278,1.1220134080949173,1.890128003484743,1.313925291552993,2.132340063624734,off,off
2022-05-12,1.220017324083595,0.9461758078694665,1.1425317160335942,2.005325331811671,1.3285125449495818,2.154170113228575,off,off
2022-05-13,0.9132265062467332,0.8935296162543859,1.0158474680792737,1.9702800480606564,1.1982209096602623,1.8759760779463457,off,off
2022-05-16,0.7650642163999739,0.9159404346852194,1.1179960236242028,1.9260061814089084,1.1812517140295762,1.809270917804423,off,off
2022-05-17,0.6201121602121256,0.8763304247507477,1.1639646272848163,1.8283558867479537,1.1221907747489108,1.6683843426448106,off,off
2022-05-18,1.1336220802677182,0.9731698684240202,1.0225612563867166,1.879594593245265,1.2522369495809298,1.9980530451497085,off,off
2022-05-19,0.963158185505671,0.9405085969761405,1.0281124930265917,1.75187189416729,1.1709127924189233,1.8117089453813007,off,off
2022-05-20,0.9713682831874275,0.9852472037098452,0.9067105715963695,1.8008697916050436,1.1660489625246715,1.8142118426820124,off,off
2022-05-23,0.8707251946682124,0.9244080560390067,0.8785870214980316,1.6756424953412912,1.0873406918866355,1.6481107443234588,off,off
2022-05-24,0.9730361633549478,0.9813955091513542,0.9078235288885683,1.649266921667868,1.1278805307656845,1.7318129189472893,off,off
2022-05-25,0.8586492144561125,0.9424541277879807,0.7401493923464566,1.6716726138956817,1.0532313371215578,1.5904491071676479,off,off
2022-05-26,0.766499059188471,0.8315817111453877,0.64184205584656,1.644154351138099,0.9710192943296294,1.4347610650055342,off,off
2022-05-27,0.5781773436212493,0.8011178878852051,0.5187042099794726,1.62479434491846,0.8806984466010968,1.2457039344373078,off,off
2022-05-30,0.664767484692475,0.8009453915438943,0.5186178809510377,1.624018873141254,0.9020874075821652,1.2991183476040256,off,off
2022-05-31,0.6276371526245442,0.8110166206630514,0.7836315558272248,1.6325213211826008,0.9637016625743553,1.390726613342082,off,off
2022-06-01,0.5746533089220169,0.8052978211801846,0.852805838571082,1.7244771855025174,0.9893085385439502,1.432964254527703,off,off
2022-06-02,0.47197443495544544,0.7742655517132772,0.5423900569461045,1.633180929066195,0.8554527431702555,1.1828987923704104,off,off
2022-06-03,0.47930231128276934,0.8096299299665897,0.4950352341102868,1.6752697448041496,0.8648093050409489,1.2050276280954741,off,off
2022-06-06,0.508841827021058,0.8130645716940632,0.6339925178609779,1.7091869899059948,0.9162714766205234,1.298982535692413,off,off
2022-06-07,0.3976828333903505,0.8377500215628471,0.6446190096553611,1.6944121889878863,0.8936160133991111,1.2357737697668505,off,off
2022-06-08,0.3912745654219963,0.8608052446172696,0.7267639649654665,1.7190255008589357,0.9244673189659169,1.2872480784340434,off,off
2022-06-09,0.6165846186546142,0.8722130016011679,0.7266186118067348,1.7968407316336976,1.0030642409240538,1.4742391165489592,off,off
2022-06-10,0.7921107166647546,0.9327399913380768,1.0008963174542425,1.903441775743371,1.1572972003001112,1.775718978779679,off,off
2022-06-13,1.4551676022021949,1.0188120137453147,1.767057206050251,2.009831980693282,1.5627172006727608,2.5894118751744513,off,off
2022-06-14,1.3139449809393677,0.9235980942245228,1.9157046087484155,2.0593605611552155,1.5531520612668805,2.5504900527644416,off,off
2022-06-15,0.988822200000971,0.8930001035475527,1.6644537483722424,2.0163617747509206,1.3906594566679216,2.21122120407762,off,off
2022-06-16,1.340712762528041,1.0311031869455436,1.7301318149362954,1.8383130076899856,1.4850651930249665,2.415253402096204,off,off
2022-06-17,1.1477923806014472,1.0220073852158753,1.5959559678531063,1.9608121251296788,1.431641964700027,2.309604644688692,off,off
2022-06-20,1.1368712354752535,1.021734428089229,1.5952165941732364,1.959571644971361,1.42834847567727,2.3017040092120986,off,off
2022-06-21,1.0477114806214174,0.945380383928365,1.7525017190828356,1.9283367509484162,1.4184825836452586,2.2634109170392005,off,off
2022-06-22,0.9163001362741824,1.006025003941095,1.4769207476999238,1.899467246064617,1.3246782834949546,2.077115740546851,off,off
2022-06-23,0.926655360367298,1.0100239029190865,1.355047399983828,1.9248445272067338,1.3041427976192366,2.0490490456130477,off,off
2022-06-24,0.7339455975873845,0.9621104605994505,1.3857776604252015,1.8960010997449799,1.244458704589254,1.9099752095758546,off,off
2022-06-27,0.7041813668630765,0.9370094690641503,1.5756561892844698,1.8660585661064015,1.2707263978295247,1.9437356091385507,off,off
2022-06-28,0.8531907098019477,1.0238060926248298,1.6361434817145353,1.930623571233396,1.3609409638436771,2.1303350522947935,off,off
2022-06-29,0.8318429953359051,1.083004740264601,1.4888022196938728,1.9985134103073787,1.3505408414004396,2.115737995165805,off,off
2022-06-30,0.8898387027466299,1.1109119058498542,1.6432766520726951,1.9488768976552697,1.3982260395811124,2.1999983355111015,off,off
2022-07-01,0.6769963297278878,1.1489537838327903,1.9075799402392375,1.9994281871013067,1.4332395602253056,2.2223497824574356,off,off
2022-07-04,0.7646815675599445,1.1486064729856902,1.9064273997461036,1.9981267827460791,1.4544605557594545,2.2759142068347717,off,off
2022-07-05,0.7655817437146348,1.153603019093316,2.271459524516515,2.1531405912392776,1.5859462196409357,2.5128648726206397,off,off
2022-07-06,0.6797165425065764,1.1440299409570946,2.1164339013637905,2.2204770270826852,1.5401643529775368,2.42685878923987,off,off
2022-07-07,0.6108022097441603,1.0141360069567091,2.0712955977945358,2.2222073052285984,1.479610279931001,2.315392542147717,off,off
2022-07-08,0.45828778140535925,0.9943104696468086,1.9338330167848843,2.2067229024432438,1.398288542570074,2.154029241869822,off,off
2022-07-11,0.6201625542893322,1.0616558280791977,2.007956467505362,2.320853732519818,1.5026571455984277,2.3731242780555664,off,off
2022-07-12,0.7386018809675561,1.0407676931668106,2.0185290884141467,2.3246568068939593,1.5306388673606182,2.445522736027753,off,off
2022-07-13,0.6887022839274086,1.1085057792180393,1.6512052152405834,2.310123899913823,1.4396342945749634,2.2782477180105127,off,off
2022-07-14,0.6441076281302478,1.0723573536962003,1.7009916451055254,2.3746073048906444,1.4480159829556545,2.291691309677468,off,off
2022-07-15,0.4142337184970764,1.0347150428611371,1.4591132033925491,2.3176532012295827,1.3064287914950863,2.0056104741741243,off,off
2022-07-18,0.5274751401678534,1.0561706300898046,1.392702173687478,2.2368437362098494,1.3032979200387462,2.0131428344832716,off,off
2022-07-19,0.44266638558562776,0.9726294722561588,1.3010647801151876,2.156237465025607,1.2181495257456452,1.8463578915776675,off,off
2022-07-20,0.3769301292026256,0.928471574960414,1.245764652355335,2.2003533569897518,1.1878799283770316,1.7884945992184997,off,off
2022-07-21,0.2953086017559149,0.9429501304993049,1.1920310856960066,2.179274282975056,1.1523910252315706,1.709160259186969,off,off
2022-07-22,0.2867914716920741,1.015197834574845,1.2693471794385092,2.157104869454566,1.1821103387899985,1.7546875735432317,off,off
2022-07-25,0.32171648938303726,0.9486176778687253,1.4081252892096279,2.1270023594830008,1.2013654539860978,1.794020698647211,off,off
2022-07-26,0.4626041434415639,1.0038327737052373,1.4161077331288292,2.206436890709686,1.2722453852463291,1.9485571363470244,off,off
2022-07-27,0.30886578718458285,0.9688487367666819,1.0723139404486635,2.120420316261105,1.1176121951652584,1.6470575880610927,off,off
2022-07-28,0.21236915136629636,0.9530031387497485,1.1527324989369936,2.107517188392242,1.10640549436132,1.6084211170107425,off,off
2022-07-29,0.1063334467504662,0.9480137911211087,1.0436476305832834,2.054784377068527,1.0381948113808463,1.4676253415366205,off,off
2022-08-01,0.2664098536132956,0.9732524199332467,1.169460813640631,2.0021637280913858,1.1028217038196397,1.6021749302164867,off,off
2022-08-02,0.3819455980639349,0.9109086211584849,1.4349377314942324,2.0907642283533407,1.2046390447674984,1.811236386522694,off,off
2022-08-03,0.17192410355561108,0.9275973102362716,1.2154627451504387,2.1200193126923383,1.108750867908665,1.609056476432694,off,off
2022-08-04,0.1178112892812269,0.9183718058176149,1.170314053820425,2.0252851358427133,1.057945571190495,1.5018964857809078,off,off
2022-08-05,0.0870347683472224,0.848714865583633,1.2311523125610369,2.1296368408951754,1.0741346968467669,1.5406020973683383,off,off
2022-08-08,0.10187550112481658,0.873707403067193,1.2776333545403284,2.1076664087066708,1.0902206668597523,1.5674632900929928,off,off
2022-08-09,0.1527899925119329,0.8975638194317838,1.3076373057746622,2.098235154130087,1.1140565679621166,1.6158507406466085,off,off
2022-08-10,-0.06264056770636153,0.8530492748830188,1.0070383465007688,1.9639738090894505,0.9403552156917192,1.2642928328731196,off,off
2022-08-11,-0.013813864230439897,0.8203684504084623,0.8804269606522369,1.95025852373072,0.9093100176402449,1.2202580995091021,off,off
2022-08-12,-0.08492655598080195,0.8417626840789723,0.7331549002540084,2.010297536789804,0.8750721412854957,1.1546515703087816,off,off
2022-08-15,-0.040330565949972086,0.8503873538199282,0.9626040318230233,2.1132857803733964,0.971486650016594,1.3399096878096257,off,off
2022-08-16,-0.06792911827018229,0.8571182056565456,1.0540100504088858,2.1061278639698977,0.9873317504412867,1.3610214238554024,off,off
2022-08-17,-0.04562207715199871,0.8645190276721734,1.080209724685997,2.1125772278712547,1.0029209757693565,1.392365386897968,off,off
2022-08-18,-0.08172270420654965,0.8727156333348127,1.1578420952633512,2.214095774157607,1.0407326996373052,1.4613542582147223,off,off
2022-08-19,0.028745719904108773,0.8584347136137801,1.2655514959041874,2.2904623605868206,1.1107985725022242,1.6146184224236229,off,off
2022-08-22,0.36864980986593326,0.8960381456542632,1.6327132051985835,2.3880938857894876,1.3213737616270669,2.0495950257851288,off,off
2022-08-23,0.4015267372296966,0.8843129196298245,1.5698893298555905,2.3374525951918983,1.2982953954767524,2.0108299632512745,off,off
2022-08-24,0.2644144435178065,0.8501078236713908,1.5472899270069802,2.3422784047764797,1.2510226497431645,1.90642041129502,off,off
2022-08-25,0.1538701408739157,0.8570140203843278,1.339811582499649,2.3166223324976323,1.166829519063881,1.7373368866747838,off,off
2022-08-26,0.5555391336496235,0.9431764182650888,1.2365298151978064,2.351938924474958,1.2717960728968691,1.9939655560655989,off,off
2022-08-29,0.6245195183644301,0.9139318088368314,1.4547738677755915,2.354467060022658,1.336923063749878,2.121654536098633,off,off
2022-08-30,0.6244076063311513,0.9863923843194302,1.3797016314619048,2.3445971737731437,1.3337746989714074,2.1107202603372577,off,off
2022-08-31,0.5881592476625329,0.9451501526616742,1.2925385424197584,2.334754536815909,1.2901506198899686,2.029760536489561,off,off
2022-09-01,0.555105954657517,0.8917662163035199,1.3449903952450757,2.444197765910532,1.309015083029161,2.07167722321067,off,off
2022-09-02,0.545444966857569,0.9030564999136516,1.1663658018503669,2.42401514901029,1.2597206044079694,1.9834609416591478,off,off
2022-09-05,0.6006368649066633,0.9028453570254485,1.166011260043348,2.4218703298302326,1.272840952951423,2.0158025666065185,off,off
2022-09-06,0.6983445979840988,0.8129030716789842,1.5552925753990912,2.496081119975932,1.3906553412595266,2.252644656298317,off,off
2022-09-07,0.4568442202575992,0.8063704173572217,1.5418482867689367,2.452245533382445,1.3143271144415505,2.0728345088997537,off,off
2022-09-08,0.347235768525507,0.7508972980938707,1.268361500349967,2.4354568896999065,1.2004878641673127,1.8564036152147207,off,off
2022-09-09,0.2599689537144173,0.7369999205370102,1.1889384097697582,2.3537146581771387,1.134905485549581,1.7220984376222912,off,off
2022-09-12,0.3748175025760358,0.6931431760533479,1.2350545506047954,2.2766801596571793,1.1449238472228396,1.7540244683729975,off,off
2022-09-13,0.7364447695772386,0.8237622572604864,1.4108407662531937,2.4416838490636623,1.3531829105386453,2.1901505707967006,off,off
2022-09-14,0.6182195739689257,0.8503481169197588,1.3033883580414565,2.4216018108387614,1.2983894649422256,2.0697711748760845,off,off
2022-09-15,0.6298125438809797,0.8624720533952606,1.264060483007955,2.428410519219282,1.2961888998758693,2.06776698730033,off,off
2022-09-16,0.6328914293414812,0.8154392312144055,1.2903637776373877,2.4284951918885014,1.291797407520444,2.0663178817550376,off,off
2022-09-19,0.5753180851459249,0.7980640653638095,1.5583248512598493,2.4241114980848466,1.3389546249636077,2.1407871443010174,off,off
2022-09-20,0.7241982209583993,0.7998146169403201,1.5840451538474147,2.4755332838800146,1.395897818906537,2.2714534974959903,off,off
2022-09-21,0.8123791524859684,0.8551148370370856,1.4582992462287703,2.520099557663103,1.4114731983537316,2.3143321059052333,off,off
2022-09-22,0.7440992503375402,0.7877524071094028,1.4998931804288977,2.5968252836442036,1.407142530380011,2.3084375280648026,off,off
2022-09-23,1.0174394773489814,0.8693941366646697,1.661566471327082,2.7990340775996323,1.5868585407350912,2.690901434071014,off,off
2022-09-26,1.2661351622545902,0.8227502703809314,2.1558208813832933,2.897023851495465,1.78543254137857,3.0978849738735734,off,off
2022-09-27,1.3018788146447295,0.7144568411568168,2.290852599872245,2.894648873479238,1.8004592822882572,3.1386448787906405,off,off
2022-09-28,1.0440061666930902,0.732748830245478,2.315350164178041,2.723618439083005,1.7039309000499037,2.9058837490232725,off,off
2022-09-29,1.220310323931267,0.748953620156362,1.9851769480698123,2.6818689075709115,1.6590774499320882,2.849110711434101,off,off
2022-09-30,1.1965214314156989,0.7660286959100351,1.7948097781399643,2.664650363416997,1.6055025672206737,2.7541437962013253,off,off
2022-10-03,1.034474125995186,0.8230360282538655,2.128055625635615,2.6209152714474726,1.6516202628330348,2.802123729262436,off,off
2022-10-04,0.9246329740478486,0.6842837704130682,2.074259151166031,2.4323380504767935,1.5288784865259353,2.5577072110477137,off,off
2022-10-05,0.8690936851172352,0.6536632412655069,2.0970218571616464,2.540801584712909,1.5401450920643245,2.5830209142942095,off,off
2022-10-06,1.0784694656705265,0.6593484846178019,2.134228189405519,2.6698893621501942,1.6354838754610106,2.7994307945934547,off,off
2022-10-07,1.167518651816373,0.6781619046375943,1.9869043698075812,2.7267335479251154,1.6398296185466659,2.833046061142782,off,off
2022-10-10,1.2830888942554155,0.705239111892129,1.985646951695908,2.761296490988179,1.683817862207908,2.93090055459699,off,off
2022-10-11,1.4081241825100377,0.6619652166708906,2.198855147267832,2.767069796098089,1.7590035856367123,3.090667497874415,off,off
2022-10-12,1.4012084478064968,0.6377814024251299,2.352433682548368,2.7750204492855484,1.7916109955163857,3.1518246626111575,off,off
2022-10-13,1.227397018369408,0.6338355366596252,2.1805785461908864,2.666310272172456,1.6770303433480938,2.9078019227519674,off,off
2022-10-14,1.235508489781732,0.5796067982121142,2.1130251048764084,2.7679940250151467,1.6740336044713504,2.928432491439237,off,off
2022-10-17,1.1660114724607729,0.5160382233783426,2.037192307167238,2.6254199201090826,1.586165480778859,2.750903398636399,off,off
2022-10-18,1.073172359779317,0.5066467435119881,1.8965018492424213,2.6326552235557408,1.5272440440223667,2.6312567873196757,off,off
2022-10-19,1.100517630037778,0.47104131450600467,1.9537618280804103,2.723229402350716,1.5621375437437273,2.7113447270984534,off,off
2022-10-20,1.017286590816139,0.4436482636490168,2.189524453574289,2.709345793454349,1.5899512753734484,2.751852798103541,off,off
2022-10-21,0.9861917113231831,0.3852705072728672,2.2281730402053004,2.6111846389713103,1.5527049744431651,2.686683267327078,off,off
2022-10-24,1.002953568023061,0.37486489582288146,2.1384714584357933,2.6063920231820923,1.530670486365957,2.6490576208966914,off,off
2022-10-25,0.8549142732688235,0.40675072498375564,1.9495679345892516,2.490048251893462,1.4253202961838232,2.4196455195515436,off,off
2022-10-26,0.7292541231032179,0.4224952201151849,1.7207624145567424,2.3510967165284438,1.3059021185758972,2.167167185515463,off,off
2022-10-27,0.7408092352770975,0.3991292555135388,1.797354393575654,2.446394750451308,1.3459219087043994,2.2539904758936578,off,off
2022-10-28,0.5662452130233889,0.3503072525667428,1.8510080130059507,2.4529534656628282,1.3051284860647276,2.1684538337498935,off,off
2022-10-31,0.5799774208485395,0.43459304837815543,1.949563335068315,2.5445995566782007,1.3771833402433027,2.3021791094178226,off,off
2022-11-01,0.5724324349410785,0.45141713696219027,1.9633643962590306,2.536726701158799,1.3809851673302744,2.3055041356451684,off,off
2022-11-02,0.5776547894911761,0.4884794539040433,1.744793974844303,2.5201609518846118,1.3327722925310335,2.210448253765584,off,off
2022-11-03,0.5179760583175077,0.5191909686577789,1.5972941104479297,2.689811194902251,1.3310680830813668,2.210312885191742,off,off
2022-11-04,0.43808733177539844,0.47709822615034436,1.3615226708141512,2.463983255936472,1.1851728711690914,1.9188264302707063,off,off
2022-11-07,0.41673693617607044,0.44665690157013016,1.3577300882666854,2.379119478166973,1.1500608510449646,1.8468619806175748,off,off
2022-11-08,0.5433249796977547,0.49062833478691037,1.2972802860235333,2.3227557682907265,1.1634973421997312,1.877907517124787,off,off
2022-11-09,0.6017743904232447,0.571203985605474,1.2389791157108936,2.4218944874547836,1.208462994798599,1.9679350585739068,off,off
2022-11-10,0.3291648037681476,0.5905335814442644,0.8575076057922403,2.1657042961650648,0.9857275717924292,1.4907917349600632,off,off
2022-11-11,0.22158834368371647,0.5835005677604296,0.8573183565414886,1.9556823402997956,0.9045224020713576,1.3088828604114209,off,off
2022-11-14,0.35039721203579993,0.6031844714836684,1.106010520032687,1.994645478167833,1.0135594204299971,1.5308796946104184,off,off
2022-11-15,0.43660166392533667,0.6460185130210131,1.3644117260045516,1.9651723636148584,1.10305106664144,1.7017968635498986,off,off
2022-11-16,0.3907417618303822,0.735108959906612,1.430150222623975,1.950942155471377,1.1267357749580866,1.7275284232731365,off,off
2022-11-17,0.3715127684884923,0.7261141389788681,1.4700489353747068,1.994206913349367,1.1404706890478584,1.7558184811787556,off,off
2022-11-18,0.2851754247400182,0.7071535471033369,1.384070290480742,2.018957943026193,1.0988393013375726,1.6732258048857398,off,off
2022-11-21,0.20416783813824818,0.6977368434403313,1.4674390722796946,2.1162351640464037,1.1213947294761695,1.7152490439993269,off,off
2022-11-22,0.09013029151397332,0.7110503846817762,1.5087830129469804,2.0476323897626014,1.0893990197263328,1.6331472250420607,off,off
2022-11-23,-0.010053436457237832,0.7475002486792451,1.5881064546301489,1.922878501690709,1.0621079421357162,1.5537699495939692,off,off
2022-11-24,-0.002591574839415009,0.7473524013158188,1.5873968448548317,1.9217327931860024,1.0634726161293095,1.5571931590382007,off,off
2022-11-25,0.005936220692275642,0.7723038052734786,1.3891199206232185,1.9076063477177767,1.0187415735766874,1.4718077303643118,off,off
2022-11-28,0.1882323656389403,0.7996954105726813,1.4523616112956468,1.9843498184877344,1.1061598014987508,1.6620304302952933,off,off
2022-11-29,0.15408966246503916,0.7224805255702339,1.4368249117121652,1.9982417564194537,1.077909214041723,1.6162577093841857,off,off
2022-11-30,0.014380733141129837,0.6991179784068178,1.3177579392336385,1.9029615304466168,0.9835545453070507,1.4159099545328333,off,off
2022-12-01,-0.06453957848038201,0.7803885148017591,1.092835524354851,1.77003214874743,0.8946791523559146,1.2155748980628727,off,off
2022-12-02,-0.14772588944409443,0.836804031977147,1.0581107749858014,1.7496604703452812,0.8742123469660338,1.1584670617511112,off,off
2022-12-05,0.03257078167435822,0.8451779639444943,1.2936619066195156,1.8286771598767884,1.000021953028789,1.424322827280064,off,off
2022-12-06,0.18406120936768677,0.8995529365185027,1.3707202068541469,1.858978697471449,1.0783282625529464,1.585879240127252,off,off
2022-12-07,0.23845315239196102,0.9447952275026683,1.430351977796025,1.80612674162669,1.1049317748293361,1.6321641478749944,off,off
2022-12-08,0.19680406596095643,0.912099387497744,1.3831378829287106,1.7695457834279418,1.0653967799538382,1.5537049426122012,off,off
2022-12-09,0.2544089407856907,0.8504004495827073,1.4798275065504205,1.772936008881493,1.0893932264500779,1.6168843162660798,off,off
2022-12-12,0.4859843594167111,0.8077967915132551,1.7524849207625341,1.8065159716030328,1.2131955108238832,1.8889229330524604,off,off
2022-12-13,0.2243873255191904,0.794379533923073,1.5468536261419958,1.6815540694538655,1.0617936387595313,1.561616692805306,off,off
2022-12-14,0.07382524361202462,0.8485046201989245,1.1031750092498482,1.6581013473481847,0.9209015551022455,1.2653146308740504,off,off
2022-12-15,0.2542634112619572,0.9043771871203224,0.8337511270647466,1.742457043731152,0.9337121922945446,1.3090101969195715,off,off
2022-12-16,0.23180432387145797,0.9127226209160303,0.9050452592106532,1.756651911411416,0.9515560288523894,1.340682358846433,off,off
2022-12-19,0.21041379850526815,0.8713445419750995,1.0444860258203792,1.7578999982243182,0.9710360911312663,1.3819077068924255,off,off
2022-12-20,0.1099826273373666,0.7947414597151342,1.0920515628026637,1.6762269192583594,0.9182506422783809,1.2744518862860872,off,off
2022-12-21,-0.04065670113443385,0.7808587351843224,0.9446346783351087,1.695877592872898,0.8451785763144738,1.1208965671824338,off,off
2022-12-22,0.1623439639913765,0.8295087497532839,0.8561913371509969,1.7241097634450004,0.8930384535851644,1.2304558642280499,off,off
2022-12-23,0.04478496349125926,0.7827281532498128,0.8894985097466014,1.7103320315546324,0.8568359145105765,1.1538416355410304,off,off
2022-12-27,0.12813503605714535,0.7612337031904498,1.2397531792934877,1.695499257115969,0.956155293914263,1.3562349449457172,off,off
2022-12-28,0.18048929459656085,0.8472108610961141,1.0952488652962993,1.7247871662570649,0.9619340468115098,1.3623960143202818,off,off
2022-12-29,0.10564129718663125,0.7994415071844009,1.1003268484601167,1.6572506327698482,0.9156650714002492,1.2672034091881772,off,off
2022-12-30,0.13021615369865458,0.7398755529274841,1.140680800773619,1.6220620691192815,0.9082086441297599,1.2618803510136396,off,off
2023-01-03,0.26170856867240966,0.781322576054454,1.390250620423093,1.728811243233077,1.0405232520957584,1.533920686204938,off,off
2023-01-04,0.16650539364423095,0.7459979779787148,1.2645096281940136,1.6989287724248825,0.9689854430604605,1.388729544334194,off,off
2023-01-05,0.2146085388564985,0.7563755384566752,1.0772875219960054,1.7829668124276157,0.9578096029341987,1.3769666914112375,off,off
2023-01-06,0.07232715131105598,0.7737832459733445,0.907799775542176,1.6574403105111166,0.8528376208344233,1.1469929013966824,off,off
2023-01-09,0.16217360025757774,0.7768098174581584,0.9912962242303442,1.562151404423004,0.8731077615922711,1.1883478002642633,off,off
2023-01-10,0.013444496084806743,0.7582742359462941,1.0762434030216523,1.587245811729663,0.858801986695604,1.1499205123107885,off,off
2023-01-11,0.06801181845296965,0.7742507091133661,0.9459174620650489,1.5811754372987923,0.8423388567325443,1.1209174980258263,off,off
2023-01-12,-0.17384220618387355,0.8206817433520524,0.861087552726828,1.4795750967058474,0.7468755466502135,0.8958152383306814,off,off
2023-01-13,-0.2251907230781014,0.7935938734296348,0.8970744652535941,1.4736144904628383,0.7347730265169915,0.8707142466446974,off,off
2023-01-16,-0.10313960299271445,0.7934312009694828,0.8968708425595752,1.4730267620959698,0.7650473006580784,0.9422810978550331,off,off
2023-01-17,-0.11704303121675641,0.7913690617313369,1.157353497189013,1.4928275007295881,0.8311267571082954,1.0710484545091656,off,off
2023-01-18,-0.012105560492119987,0.8775733524280003,0.8682346740546668,1.4890032970901903,0.8056764407701844,1.0188023485218183,off,off
2023-01-19,0.007169911963341073,0.9087711983037763,0.9254469533586117,1.4562197550336047,0.8244019546648333,1.0499140955698207,off,off
2023-01-20,-0.06458190763875223,0.8494833819996104,0.9321076497439046,1.450286453663609,0.791823894442093,0.9880975516867081,off,off
2023-01-23,-0.06885793019880077,0.8264880079854773,0.9297959802605479,1.4636624434105563,0.7877721253644452,0.9843591494487243,off,off
2023-01-24,-0.13419082876031194,0.8641264395270191,0.8718727410038076,1.4394946327610723,0.7603257461328967,0.9167085123921266,off,off
2023-01-25,-0.147029303627536,0.8687208256823697,0.7215713482804789,1.4089189030306728,0.7130454433414963,0.8205669615310826,off,off
2023-01-26,-0.18451052259070583,0.845081606466603,0.6179588146903982,1.4298315603152,0.6770903647203739,0.7519940967173453,off,off
2023-01-27,-0.20806081852125902,0.8459177976870599,0.5107744850249587,1.4389327528537508,0.6468910542611276,0.6913346749725289,off,off
2023-01-30,-0.054781522548869956,0.8599035430789376,0.6025256274900078,1.4758882921664767,0.720883985046638,0.8514142015061985,off,off
2023-01-31,-0.11265354531774731,0.8547102461007322,0.47588108061116935,1.4560122148453767,0.6684874990598828,0.7425837021431949,off,off
2023-02-01,-0.27664779337566386,0.8659760934955009,0.4096863355993731,1.3611544941639553,0.5900422824707914,0.5646847242603332,off,neutral
2023-02-02,-0.18441243816799954,0.8305187374082266,0.4224931103466239,1.4174500916906025,0.6215123753193634,0.644973764890606,off,off
2023-02-03,-0.2272767222132973,0.8231126991840354,0.459238949231433,1.5422371998832372,0.6493280315213521,0.7045853250649152,off,off
2023-02-06,-0.10928966880190263,0.8123277141600168,0.657885232006051,1.6165422909199176,0.7443663920710206,0.9085875865325495,off,off
2023-02-07,-0.19185621488281682,0.7554140832930506,0.5835447441061035,1.595469690141936,0.6856430756645684,0.7932384743368481,off,off
2023-02-08,-0.08778877995785198,0.798582333033644,0.5116102230720024,1.5926209980985804,0.7037561935615937,0.8319497320774948,off,off
2023-02-09,0.02807866751751999,0.7821581200821653,0.5624184380307858,1.5715821464637483,0.7360593430235549,0.9078502179398692,off,off
2023-02-10,0.008763325408694393,0.7877944439029726,0.7772626845399432,1.6147682453909378,0.7971471748106369,1.0270369652122713,off,off
2023-02-13,-0.011625031341461806,0.797313611554127,0.8082390894457513,1.584086476281458,0.7945035364849686,1.0161666974236145,off,off
2023-02-14,-0.16508318816598658,0.7741986252058285,0.8056769740372939,1.5705566848822259,0.7463372739898404,0.9094487156211828,off,off
2023-02-15,-0.23804381003766786,0.7556935474851347,0.7471319450294154,1.643659985450715,0.7271104169818994,0.8726153197789402,off,off
2023-02-16,-0.02977337085553797,0.7556498405893356,0.817942973710422,1.636485149007176,0.7950761481128489,1.0256720638837005,off,off
2023-02-17,-0.04587273293543529,0.7557878148920343,0.790825970971484,1.6357328146948937,0.7841184669057442,1.0025944343290452,off,off
2023-02-20,0.08404745235821175,0.7556393934784341,0.7906653123994682,1.634981517100169,0.8163334188340707,1.0784689477744005,off,off
2023-02-21,0.2601391185506804,0.765827710885504,1.0752394048878349,1.6684195976657106,0.9424064579974325,1.3429886080646032,off,off
2023-02-22,0.1978175811105156,0.7350194449414387,1.0327380359672276,1.711422751286486,0.9192494533264169,1.2995030450654816,off,off
2023-02-23,0.07427577217328371,0.7180080992706588,1.0097186598573813,1.7116512098066665,0.8784134352769976,1.210240120011785,off,off
2023-02-24,0.13119854335476905,0.7054734095282214,1.1708197562426372,1.7759296582222883,0.945855341836979,1.3541799233956509,off,off
2023-02-27,0.05383062036810965,0.651233224419951,1.0863593414502384,1.7173791853745368,0.877200592903209,1.2171885631209096,off,off
2023-02-28,0.026962385593052016,0.6701137388706625,1.1929240396245584,1.7378731201010444,0.9069683210473294,1.2719654281057386,off,off
2023-03-01,0.01406388513258255,0.66260716686091,1.117137685401583,1.6953992168086958,0.8723019885509429,1.201149549792559,off,off
2023-03-02,-0.09233592686455475,0.6594557730910428,1.2078109518503586,1.7532354659404208,0.8820415660043168,1.2143323546770652,off,off
2023-03-03,-0.21055805387098006,0.6681689515303482,1.1595564380222783,1.6979689399413767,0.8287840689057557,1.0933209879402903,off,off
2023-03-06,-0.1976309608364811,0.6449842637775334,1.3288898606546973,1.6790254232837705,0.86381714671988,1.1658951018517614,off,off
2023-03-07,-0.0922445729794369,0.6809440907547476,1.4822046618613551,1.8135671233843282,0.9711178257552486,1.3913440984249128,off,off
2023-03-08,-0.14384480085265336,0.7069929095235491,1.3748291608083192,1.8168593136170252,0.9387091457740601,1.3185196436430469,off,off
2023-03-09,0.23255569052509137,0.7454907903387216,1.3599773568795468,1.7786107921763656,1.0291586574799314,1.522964716486713,off,off
2023-03-10,0.46805065748882546,0.8621827208400032,1.6818395537322215,1.6999598577691224,1.1780081974575431,1.8132122751532966,off,off
2023-03-13,0.652963433003491,0.9136962866491333,2.682481934112839,1.5947997638995206,1.4609853544162459,2.3719305667162995,off,off
2023-03-14,0.35275870794685366,0.8294357759327572,2.562251296025648,1.5940964181840775,1.3346355495223339,2.1168219835225015,off,off
2023-03-15,0.6119562390715592,0.9342500066690174,2.559840941658468,1.705140245219014,1.4527968581545145,2.3627486134251625,off,off
2023-03-16,0.27297132622801107,0.8684261266136453,2.5071006701232954,1.679840493962304,1.332084654231814,2.1028872155077125,off,off
2023-03-17,0.5440735653176028,0.9581090520299848,2.8663733569214913,1.603514921828288,1.4930177240243416,2.4261450572523655,off,off
2023-03-20,0.3976469682718523,0.9559455744324641,2.938275017899029,1.557066565412515,1.462233531503965,2.3495370049807978,off,off
2023-03-21,0.09948339050270588,0.9063121248806112,2.330866031132865,1.5542771263128463,1.222734668207257,1.867607976076411,off,off
2023-03-22,0.1941894852115228,0.9457818178303411,1.7503747115577366,1.456852047779422,1.0867995155947556,1.5908863694147222,off,off
2023-03-23,0.231840791972589,1.0004948738159432,2.0038830038532054,1.4754253334741707,1.177911000778977,1.7677006341973995,off,off
2023-03-24,0.1381464163937412,1.0417652105386337,2.663443634538465,1.5375631804476875,1.3452296104796317,2.0909419869898227,off,off
2023-03-27,0.01538051813169327,0.9639576138113454,2.3051962933656864,1.5092866053033978,1.1984552576530307,1.7990955053488062,off,off
2023-03-28,-0.05246463414772983,0.9546174224930064,2.1340678664476354,1.4629753034112258,1.1247989895510344,1.6519119299159775,off,off
2023-03-29,-0.14400365240079788,0.8903741457599186,1.9730884396599984,1.4847192120164312,1.0510445362588876,1.5086255841243081,off,off
2023-03-30,-0.15475673662812386,0.8530145668329354,1.694986368787501,1.4310065551250277,0.9560626885293351,1.3204526850876486,off,off
2023-03-31,-0.18920940571432707,0.8380080498685475,1.5367374520504897,1.469771389750297,0.9138268714887517,1.2369154731870031,off,off
2023-04-03,-0.20534587872354962,0.9054048481706906,1.602502232993795,1.4245836607759221,0.9317862158042145,1.2572841391451757,off,off
2023-04-04,-0.15683111259272817,0.9395339583016312,1.885677757907408,1.3709441668598057,1.0098311926190293,1.4137981265189565,off,off
2023-04-05,-0.1481899855898635,1.01140397950225,2.0667398669148094,1.3980665707528142,1.0820051078950026,1.5484159567179125,off,off
2023-04-06,-0.22146003126104843,0.9680289854623184,1.8827443115636653,1.3943691599321466,1.0059206064242705,1.3964724884765023,off,off
2023-04-10,-0.159990766554143,0.9377185688060337,1.7416779223809815,1.4745482768943858,0.9984885003818145,1.3951393167528001,off,off
2023-04-11,-0.1459559348455849,0.9178278418721579,1.6455060173537495,1.43363079685526,0.9627521803088956,1.3257503619557167,off,off
2023-04-12,-0.1470156414768932,0.9026516980827796,1.3458163953598004,1.3587885859208,0.8650602594716217,1.129543471903094,off,off
2023-04-13,-0.28609647862709564,0.8609895642223909,1.0573091500897815,1.306301969978901,0.7346260514159944,0.8593735330577322,off,off
2023-04-14,-0.3647806077982087,0.8490505085310648,1.024168360482456,1.363174110760199,0.7179030929938778,0.823986341318026,off,off
2023-04-17,-0.377671365118496,0.8185967382466309,1.1378905845562275,1.4210528205457522,0.7499671945575286,0.896571751326734,off,off
2023-04-18,-0.3905612082119354,0.8402374622929583,1.1402316378495103,1.3833880552808024,0.7433239868028338,0.8764573653896914,off,off
2023-04-19,-0.4304177314406574,0.8321155516195157,1.1766130830600778,1.4062284728465642,0.7461348440213751,0.882592375312759,off,off
2023-04-20,-0.35375819911062745,0.8707130931318419,1.07532683076383,1.3919206761282301,0.7460506002283186,0.879788412938642,off,off
2023-04-21,-0.3968667883085504,0.8505352582211069,1.0818483436733688,1.3892942648778916,0.7312027696159542,0.8502156080635757,off,off
2023-04-24,-0.38386136236629687,0.8635049477246072,1.2425760152090786,1.3389464641274367,0.7652915161737064,0.9164801825117245,off,off
2023-04-25,-0.18199754718647893,0.9122910117148018,1.5632373954574936,1.392565719128113,0.9215241447784823,1.242729671712581,off,off
2023-04-26,-0.17333956005679788,0.9079568059883784,1.3631832753360653,1.3507089386802174,0.8621273649869658,1.1224288797779751,off,off
2023-04-27,-0.36869900986622867,0.8503065424262539,1.1271954809849178,1.3534181693209866,0.7405552957164825,0.8711221751367935,off,off
2023-04-28,-0.5035879221076949,0.8789670503344489,1.1277670132673505,1.3709660293046368,0.7185280426996854,0.8115834970120546,off,off
2023-05-01,-0.47112178447794356,0.7902176740939875,1.2966777285755238,1.421355485955218,0.7592822760366964,0.9167004640007695,off,off
2023-05-02,-0.28749380765470167,0.8966419921183143,1.5733777424306106,1.400689599024276,0.8958038814796248,1.1875900733854423,off,off
2023-05-03,-0.22698093990440424,0.9143219778566785,1.4825209739897962,1.3344760339855999,0.8760845114819176,1.1470792909295104,off,off
2023-05-04,-0.03794345946919514,0.9157904893230049,1.6655156552592676,1.3403765324693027,0.970934804395595,1.3546946686118906,off,off
2023-05-05,-0.3511877471734331,0.8390626410753782,1.354386426703666,1.3197828130971856,0.7905110334256992,0.9773326825726136,off,off
2023-05-08,-0.37382438312622474,0.802510466350673,1.4975613375415597,1.336287989387514,0.8156338525383805,1.0353397013119001,off,off
2023-05-09,-0.2949045543375806,0.820399445280768,1.4632741200710462,1.3644301458780501,0.8382997892230709,1.0845786932750814,off,off
2023-05-10,-0.3780631689251982,0.8353203401045336,1.2165468328434323,1.3470022390483951,0.7552015607677907,0.9060821415795604,off,off
2023-05-11,-0.3790905207786336,0.8801435384906395,1.2933056405823262,1.4079602061613266,0.8005797161139148,0.9924582412962007,off,off
2023-05-12,-0.368229975477845,0.8590330193400492,1.0656294884574007,1.4730929388785496,0.7573813677995387,0.910262355200782,off,off
2023-05-15,-0.35845099043326023,0.8167625982032498,1.2831402443255246,1.4460505493480615,0.7968756003608939,1.0001244194923493,off,off
2023-05-16,-0.26435755372970887,0.8330358443176185,1.353925143343734,1.4592611692376654,0.8454661507923272,1.1035771824149345,off,off
2023-05-17,-0.3854038685128873,0.809736224101929,1.0721882748371871,1.4925673013993983,0.7472719829564067,0.8997650756166864,off,off
2023-05-18,-0.47400480444896803,0.770169198201905,1.1227255592933771,1.5660462082237714,0.7462340403175214,0.9023054357256014,off,off
2023-05-19,-0.39175717475187066,0.750880571330441,1.2704267587558074,1.5251783146583273,0.7886821174981762,0.9980111948327828,off,off
2023-05-22,-0.34844563385885785,0.7104967830765624,1.4112066521804103,1.5245543440514326,0.8244530363623869,1.0829501427766344,off,off
2023-05-23,-0.20563439732678782,0.771399448045793,1.393263756872587,1.5546020734383021,0.8784077202574736,1.1919295048938503,off,off
2023-05-24,-0.04335439518990973,0.7969830900522302,1.410181690193507,1.596244719204122,0.9400137760649874,1.3268783360599228,off,off
2023-05-25,-0.13963168335333362,0.7750905968197883,1.623692824356393,1.6293770916876236,0.9721322073776179,1.3931808177822027,off,off
2023-05-26,-0.26836555632207393,0.7594332875694748,1.7950024257238557,1.6286453714746532,0.9786788821114774,1.4022540577844291,off,off
2023-05-29,-0.3213506662849879,0.7592861635493108,1.7940715450032392,1.6279146362433443,0.9649804196277266,1.370659609206691,off,off
2023-05-30,-0.32130711842873316,0.7855309573730983,1.6748811288567798,1.6229588674555828,0.9405159588141818,1.3143407123829631,off,off
2023-05-31,-0.2693137329854578,0.8380117363575855,1.5166219687026683,1.638078806673089,0.9308496946869712,1.2897090868366572,off,off
2023-06-01,-0.5171440197754366,0.8262752958815685,1.180080254291941,1.557075550465621,0.7615717702159235,0.9233472957277595,off,off
2023-06-02,-0.6307168847144758,0.7613092019928208,1.071181715676303,1.6049933948414645,0.7016918569490281,0.8069633082442074,off,off
2023-06-05,-0.6165365953349938,0.7499827472381002,1.0157360175444432,1.602178185950051,0.6878400888494001,0.7812049430135848,off,off
2023-06-06,-0.699787315620817,0.7527604053197935,0.8780071564283404,1.6151981158766295,0.6365445905009866,0.6693376564687463,off,off
2023-06-07,-0.7018246082763212,0.723536853437036,1.057186129568651,1.611317627947803,0.6725540006692923,0.7514424074405401,off,off
2023-06-08,-0.7330926285690047,0.7262767600595591,0.8979014648386807,1.5304185425342356,0.6053760347158677,0.60692822266046,off,neutral
2023-06-09,-0.7134659414120953,0.7019440408981841,0.9171745779280568,1.5530010954136177,0.6146634432069409,0.6330859047785586,off,neutral
2023-06-12,-0.5855635535277958,0.7374209773915592,1.035861938781798,1.5597351599352633,0.6868636306452063,0.7834848695945178,off,off
2023-06-13,-0.6287835686678911,0.6895265531647556,1.0060977591977218,1.5284956439709225,0.6488340969163773,0.7110794417597359,off,off
2023-06-14,-0.7077320474993377,0.711977464525576,0.8751527305217852,1.4930741717132134,0.5931180798153093,0.5855899538928622,off,neutral
2023-06-15,-0.6404546090758524,0.7441008587585272,0.6675313037849854,1.3986436194256082,0.5424552932233171,0.47416447320389776,off,neutral
2023-06-16,-0.7443206455196414,0.7503869688682437,0.5815364244082591,1.4171148866130951,0.5011794085924892,0.38145371988241106,off,neutral
2023-06-19,-0.6737749510053027,0.7502433859196086,0.581441161414409,1.4165930912444904,0.5186256718933013,0.42170321833133717,off,neutral
2023-06-20,-0.707234967380222,0.8024201535536656,0.5813459452239461,1.4413681217016159,0.5294748132747514,0.43211454094894675,off,neutral
2023-06-21,-0.7807667369943441,0.814152387581905,0.7704570294343469,1.391292253721275,0.5487837334357957,0.4651284094209557,off,neutral
2023-06-22,-0.8120280847425899,0.795370991323839,0.6776198983598491,1.4245137154416263,0.5213691300956811,0.41093699404243766,off,neutral
2023-06-23,-0.7544467020198797,0.8328209852299395,0.6196374105357036,1.4777200236002173,0.5439329293364952,0.45446364586970733,off,neutral
2023-06-26,-0.6665439488860705,0.8373962598624812,0.7163685126431361,1.4550228924258894,0.585560929011359,0.5446411900077736,off,neutral
2023-06-27,-0.7216855506272658,0.8001648507607996,0.7702645824629881,1.433401798191033,0.5705364201968888,0.5177268667533645,off,neutral
2023-06-28,-0.7551415837731013,0.788359692245848,0.694824914267357,1.4771003781998857,0.5512858502349973,0.4795955026130991,off,neutral
2023-06-29,-0.7430770655660557,0.7470809788226407,0.8467611150613679,1.5218029202380554,0.593141987139002,0.5777369079892909,off,neutral
2023-06-30,-0.7375178402067393,0.7680022435011029,0.7636124398212447,1.475917221628215,0.5675035161859558,0.5187793378588413,off,neutral
2023-07-03,-0.7395462498224153,0.775531592370531,0.767303542621543,1.4837651734861543,0.5717635146639533,0.5261723231829823,off,neutral
2023-07-04,-0.7253172569208366,0.7753799637995583,0.7671547119719532,1.4831852989823846,0.5751006794582649,0.5339111129091699,off,neutral
2023-07-05,-0.6731561213582818,0.7410338613119873,0.7599182802319142,1.5225951861366278,0.5875978015805619,0.5714928636784578,off,neutral
2023-07-06,-0.5364532007933335,0.7167914646075013,1.4713537284707583,1.5009352441371855,0.788156809105528,1.0033813158110378,off,off
2023-07-07,-0.6024994935475741,0.7007530990495181,1.3462346709666753,1.4056544226259038,0.7125356747736308,0.842754246538406,off,off
2023-07-10,-0.5763789411061997,0.7023059081072889,1.3847296508281222,1.3735847131808636,0.7210603327525187,0.8608426898087207,off,off
2023-07-11,-0.6012235608154395,0.696523105341844,1.2467160914002484,1.3478554331449586,0.6724677672679029,0.7583854544323858,off,off
2023-07-12,-0.742084616640644,0.705114282996944,0.862625845252415,1.2201130568578706,0.5114421421166464,0.41002572408535054,off,neutral
2023-07-13,-0.7343540064074708,0.7140220788626099,0.7939533075314235,1.1408484340460878,0.4786174535081626,0.3377454106080712,neutral,neutral
2023-07-14,-0.7634948490154051,0.709776622861223,0.8153474358183991,1.1552560997214019,0.4792213273464047,0.3388429597009554,neutral,neutral
2023-07-17,-0.7481654242146937,0.7080631195492113,0.8452961613820948,1.1475636794421722,0.48818938403969614,0.3586199118534564,neutral,neutral
2023-07-18,-0.7675443000139637,0.7055684875712528,0.8141185809173827,1.1577588285143205,0.4774753992472481,0.3359457918206288,neutral,neutral
2023-07-19,-0.7175058746872324,0.7460104623002145,0.6586391719041301,1.1931886044985325,0.4700830910039112,0.3150891936973763,neutral,neutral
2023-07-20,-0.6924266388373665,0.7260335920030098,0.8256608458548954,1.2559364617690332,0.5288010651973929,0.4454316697843103,off,neutral
2023-07-21,-0.7346057776644949,0.7195051141010427,0.6426967981877848,1.2755223257915531,0.47577961510397143,0.3338149030405131,neutral,neutral
2023-07-24,-0.7008402449517849,0.7237447154398912,0.7397513961452001,1.3045551418249333,0.51680275211456,0.4213820304231013,off,neutral
2023-07-25,-0.7061373553444584,0.7159552124237052,0.830280501137583,1.3041264224337856,0.5360561951626539,0.46327804165095093,off,neutral
2023-07-26,-0.7786963379644116,0.7212849464828988,0.5896873486229878,1.255339295054378,0.4469038130489632,0.27038030554926673,neutral,neutral
2023-07-27,-0.6461791836043682,0.6850337114056104,0.7747986746982848,1.3474502343788863,0.5402758592196033,0.48292595991119003,off,neutral
2023-07-28,-0.763252269849689,0.6916844630351481,0.7335886539110921,1.3312241059529637,0.4983112382623787,0.3873401037661047,off,neutral
2023-07-31,-0.7305533141392853,0.694913178902761,0.8005084335618058,1.35599802819002,0.5302165816288253,0.45583339570677733,off,neutral
2023-08-01,-0.6978626019094893,0.663386046243945,0.9288482192237801,1.4017657133851602,0.574034344235849,0.5574006711099316,off,neutral
2023-08-02,-0.4633145142589474,0.6477326306626868,0.8923043245270763,1.431728596193205,0.6271127592810052,0.6845275605501391,off,off
2023-08-03,-0.4816986171924126,0.598452800480678,1.171242340224777,1.4259464611907262,0.6784857461759422,0.8024983644024135,off,off
2023-08-04,-0.35353074642433335,0.6360110841936942,0.9142348789719118,1.3708008264580358,0.6418790107998271,0.7219278279832111,off,off
2023-08-07,-0.4978766381375095,0.5991163642680835,1.062607816269638,1.373473427164881,0.6343302423912732,0.7075011246394416,off,off
2023-08-08,-0.47391477998148596,0.614586283382838,0.9973522730484116,1.423399737044771,0.6403558783736336,0.7189853787321948,off,off
2023-08-09,-0.4771019396326968,0.6213545092198368,0.8142625452581027,1.4186771264137474,0.5942980603147475,0.6208000329175967,off,neutral
2023-08-10,-0.4889763949035594,0.5631235156672599,0.6985841217611412,1.4213083182498212,0.5485098901936657,0.5365406292630798,off,neutral
2023-08-11,-0.5985918637355396,0.5463281869175127,0.8015707041548908,1.454379204082407,0.5509215578548178,0.5411114650986104,off,neutral
2023-08-14,-0.6006654747451154,0.5441244703366152,1.0321455185117459,1.490564899635121,0.6165423534345916,0.6806610364225192,off,off
2023-08-15,-0.4224278504645019,0.5265519220480566,1.0868319967348592,1.4920813451921413,0.6707593533776388,0.8068603938026437,off,off
2023-08-16,-0.3876040589542634,0.5142608345788814,0.951840100041938,1.5135313138950166,0.6480070473903932,0.7642088706883288,off,off
2023-08-17,-0.26694937567736177,0.5269185068321459,1.0668303625133457,1.5150265446781612,0.7104565095865727,0.8985700777191818,off,off
2023-08-18,-0.33102545679373685,0.5532355521935335,1.0479443234227441,1.5081282585151619,0.6945706693344257,0.8562874645783652,off,off
2023-08-21,-0.34945538309334306,0.5041684381697881,1.3483508974646208,1.5022873385710933,0.7513378227780398,0.9861235701132596,off,off
2023-08-22,-0.3667973558915643,0.5260068490326807,1.2285882384960978,1.5258111417253548,0.7284022183406422,0.9325734158622955,off,off
2023-08-23,-0.4743534936846057,0.5765006695824578,0.9845663373031289,1.5042295704473323,0.6477357709120783,0.7469528232079761,off,off
2023-08-24,-0.34166427177099357,0.5941297914781472,0.9595210831637017,1.5686236706145946,0.6951525683713624,0.8501174239736765,off,off
2023-08-25,-0.50686505779643,0.5633595742817126,0.7469134409108493,1.5784465615550043,0.595463629737784,0.6393019171640993,off,neutral
2023-08-28,-0.5720203540821696,0.5580776631179241,0.7491359377829775,1.5756842157691773,0.5777193656469773,0.6001665153077691,off,neutral
2023-08-29,-0.6404261988627227,0.5724463710076128,0.7557897171757004,1.5215933031763895,0.552350798124245,0.5393989669716714,off,neutral
2023-08-30,-0.7022936421687723,0.5636640106115236,0.7308278098700475,1.4801312533092936,0.5180823579055231,0.4660038924464908,off,neutral
2023-08-31,-0.735874746893398,0.5837544542993827,0.6742560828275457,1.5277383465243162,0.5124685341894616,0.44914976809153395,off,neutral
2023-09-01,-0.7879321650648247,0.5158744011348192,0.526086051549341,1.5920434034898285,0.461517922777291,0.35549994198039836,neutral,neutral
2023-09-04,-0.7083945831979532,0.5157955078447843,0.5260049203589038,1.5913638206918237,0.48119241642438965,0.4003988772596844,neutral,neutral
2023-09-05,-0.687602904548406,0.5103971198336171,0.7245402949328574,1.6503440775350144,0.5494196469382707,0.5481330587119546,off,neutral
2023-09-06,-0.6396251491918015,0.5228604675452099,0.773765239753258,1.654834591111873,0.5779587873046348,0.608373881288407,off,neutral
2023-09-07,-0.644954928298136,0.5318167835496272,0.5930144482890621,1.6750108440260891,0.5387217868916606,0.5233244859256082,off,neutral
2023-09-08,-0.7057600169107519,0.5417501043278032,0.5674943160315964,1.677379404151576,0.520215951900056,0.4795020672055582,off,neutral
2023-09-11,-0.7099837470986565,0.5102562534715385,0.6528443028000045,1.622230800370836,0.5188369023859306,0.4824520460130976,off,neutral
2023-09-12,-0.6630753219030004,0.5215414634671444,0.5900519607897002,1.6361578427636738,0.5211689862793795,0.4869672695048592,off,neutral
2023-09-13,-0.7445573812268411,0.5173505485486578,0.4938557136282703,1.6417041685201526,0.47708826236755986,0.3918121456060897,neutral,neutral
2023-09-14,-0.8162242850798787,0.4912455021834143,0.35330875242391113,1.7078573421803882,0.43404682792695876,0.30486920691055797,neutral,neutral
2023-09-15,-0.7105214414627602,0.5102613018329939,0.3384723440537585,1.6976478637332155,0.4589650170393019,0.35732281128517174,neutral,neutral
2023-09-18,-0.6875418186761258,0.5209052800650694,0.4185884549053556,1.6843189541257761,0.4840677176050188,0.40881921499758017,neutral,neutral
2023-09-19,-0.6754495131681191,0.5185140908713943,0.4773978182910859,1.6835405882377121,0.5010007460580184,0.44573918281407127,neutral,neutral
2023-09-20,-0.5632346911463305,0.5286757807396043,0.3509980452417468,1.678587567171001,0.49875667550150543,0.44316575496221255,neutral,neutral
2023-09-21,-0.30191035008685724,0.5029811133883905,0.6160565439797774,1.698693205526328,0.6289551282019097,0.7355992254838488,off,off
2023-09-22,-0.33888424524066724,0.540164359585728,0.4712624826203681,1.720858294766076,0.5983502229328762,0.6612611376077664,off,neutral
2023-09-25,-0.3715009987707221,0.46740960743712,0.9511374712415471,1.763857205601289,0.7027258213773084,0.8988622079184093,off,off
2023-09-26,-0.14931960674929406,0.48046377891391034,0.9624579493601694,1.786974455294174,0.7701441442047399,1.0478534980095586,off,off
2023-09-27,-0.2277104996811659,0.4515085103997566,1.0915194394427152,1.8319510126990564,0.7868171157150905,1.0886228246077012,off,off
2023-09-28,-0.3235247607657485,0.42544227547404084,0.8885767178744207,1.784084167225932,0.6936445999521612,0.8921146550688821,off,off
2023-09-29,-0.3038755689981581,0.4196039580149765,0.8383819934793278,1.777976017539615,0.6830216000089404,0.8714563136491831,off,off
2023-10-02,-0.2940314554950699,0.4038427735275171,1.2535858809777998,1.8531415071115631,0.8041346765304525,1.134286509875199,off,off
2023-10-03,-0.05757200064569644,0.39169660527944455,1.669572480775986,1.8625689014360023,0.9665664967114341,1.4910747092352599,off,off
2023-10-04,-0.1883213899518969,0.4229704732286053,1.2714538459357474,1.8407458822050415,0.8367122028543743,1.2046727035391056,off,off
2023-10-05,-0.19810575619922077,0.404056477287809,1.3287124934666539,1.7908522022195434,0.8313788541936964,1.196417036625301,off,off
2023-10-06,-0.3114273980890133,0.3657150524632113,1.2236066935213274,1.7597670969114332,0.7594153612017396,1.0474885120016175,off,off
2023-10-09,-0.2841369262335467,0.40877588906715,1.223239845228477,1.7630636821626384,0.7777356225561797,1.077601761819259,off,off
2023-10-10,-0.3571362956269598,0.4145531094864233,1.5045825868541112,1.736189122359879,0.8245471307683634,1.1730650424708804,off,off
2023-10-11,-0.45956507368775873,0.4687944876182565,1.2382888555287175,1.7343127274192927,0.745457749219627,0.990698900890308,off,off
2023-10-12,-0.39408153078137664,0.4242267934245591,1.213970791147911,1.8114550334135393,0.7638927718011581,1.0438466365563603,off,off
2023-10-13,-0.10724270955638977,0.4794785452403633,1.2715396323193093,1.818839950414785,0.8656538546045169,1.2575175952787487,off,off
2023-10-16,-0.33733994842493087,0.4215589504939733,1.3252207706789052,1.7752980517547705,0.7961844561256796,1.114612403909542,off,off
2023-10-17,-0.2642199248795666,0.39273314929528225,1.3250782168839912,1.7754536986667617,0.8072612849916172,1.1472809009245182,off,off
2023-10-18,-0.1180170088918629,0.3646638339189677,1.2950942734748725,1.8078037848168738,0.8373862208297127,1.2253275746013381,off,off
2023-10-19,0.11982571937733742,0.3250780048593843,1.4556825890248426,1.7736549338494114,0.9185603117777439,1.4148341971709968,off,off
2023-10-20,0.1536346183737528,0.34154422212765767,1.4796530388403881,1.7634323333158664,0.9345660531644162,1.4460515658819857,off,off
2023-10-23,0.007393481242804369,0.37446519734270894,1.372180947912147,1.6982196795245044,0.8630648265055412,1.2798483910996443,off,off
2023-10-24,-0.1453953703616107,0.37885014376427384,1.262437575365532,1.7731725644487126,0.8172662283042269,1.1775302583382237,off,off
2023-10-25,-0.012218226052456708,0.3458006854796364,1.352999743205462,1.7992616025043047,0.8714609512842366,1.3079521520256256,off,off
2023-10-26,0.04127182476674285,0.37900687862171784,1.344569121061387,1.8056079050151912,0.8926139323662597,1.3469795454784927,off,off
2023-10-27,0.10567908366477195,0.37225963607246054,1.2915638521212909,1.8005409596697464,0.8925108828820674,1.3499832257156592,off,off
2023-10-30,-0.06029683400605956,0.3432475971652837,1.3720408811057203,1.7540256410585804,0.8522543213308812,1.2653594287591563,off,off
2023-10-31,-0.23609909419855038,0.3075998234180087,1.2227894968553918,1.8091230855672482,0.7758533279105246,1.105871336744582,off,off
2023-11-01,-0.3747634892122335,0.3640645418593497,1.0361401339375613,1.830986416306894,0.7141069007228928,0.9582124880126937,off,off
2023-11-02,-0.5068629235734675,0.3694110327539369,0.9794910970935264,1.7513313246918827,0.6483426327414696,0.8109741999886267,off,off
2023-11-03,-0.5887024679786356,0.3270352423602595,0.9822142088149688,1.6365813444244208,0.5892820819052533,0.6904359412051673,off,off
2023-11-06,-0.5907922978724925,0.315743048473242,1.0705571770386475,1.6565684363425583,0.6130190909954889,0.7445371932081334,off,off
2023-11-07,-0.5994359571373828,0.38461890377069075,1.0215687671156257,1.6889489418739236,0.6239251639057143,0.7516284390310164,off,off
2023-11-08,-0.6386661533027013,0.42428472930202854,0.9330400564639038,1.6933454754746504,0.6030010269844703,0.6973678822910083,off,off
2023-11-09,-0.546787064879329,0.3895968736797348,0.9313554812367639,1.725669606541695,0.6249587241447161,0.7556589624363996,off,off
2023-11-10,-0.6690740051627146,0.39069532728392214,0.9234708187679534,1.7196786496053225,0.5911926976236208,0.6797298057608709,off,neutral
2023-11-13,-0.604491281224246,0.39978994451513544,1.150018945538299,1.6981859515359154,0.6608758900912759,0.8290472515406775,off,off
2023-11-14,-0.6699575452556646,0.44737950326111686,1.13907251396188,1.5371396684853547,0.6134085351131717,0.7114401370687182,off,off
2023-11-15,-0.6676561513829785,0.4298599315922111,1.0820796366745282,1.5654705575979802,0.6024384936204352,0.6938424255216238,off,off
2023-11-16,-0.6522407298620134,0.4894968390855167,0.9014124509535891,1.5627594712248543,0.5753570078504866,0.6209885564036537,off,neutral
2023-11-17,-0.7089628996852524,0.4946438499953135,0.813523746753128,1.5052751555175297,0.5261199631451797,0.5114014636035042,off,neutral
2023-11-20,-0.7514621425228896,0.5200766606264633,0.8718279320814751,1.4685203654940766,0.5272407039197814,0.5062528711408683,off,neutral
2023-11-21,-0.7578801514619592,0.5109240088611988,0.8037286128137227,1.4803667562196292,0.5092848066081479,0.46970483836708854,neutral,neutral
2023-11-22,-0.81239098962567,0.5304319127012734,0.767543019613847,1.5138964042143905,0.4998700867259602,0.44456647756180223,neutral,neutral
2023-11-23,-0.8176957795440242,0.5303509514619782,0.767397726690084,1.5133028503674308,0.49833893724386724,0.4411635028616168,neutral,neutral
2023-11-24,-0.8546992119745455,0.494979009303856,0.644976684041867,1.4590050207085854,0.43606537551994073,0.31371826797087654,neutral,neutral
2023-11-27,-0.8293807334392863,0.552125027963959,0.7003988997295184,1.437807183447166,0.4652375944253393,0.36300959909415387,neutral,neutral
2023-11-28,-0.829214097895674,0.5484755439433923,0.7224288907516819,1.3908155249896934,0.4581264654472734,0.3479264093080253,neutral,neutral
2023-11-29,-0.7973434041210162,0.5713043018391513,0.8561117224403655,1.392394563905874,0.5056167960160936,0.4461664412708348,neutral,neutral
2023-11-30,-0.8037480399609991,0.5418632090031817,0.8774988166977268,1.4672700377303434,0.5207210058675632,0.4869469601586656,off,neutral
2023-12-01,-0.8352974303201148,0.5809861949079494,0.7647642006168269,1.442979187123555,0.48835803808205414,0.4063485900482289,neutral,neutral
2023-12-04,-0.7859266183350521,0.5630124924224456,0.9637286127372815,1.4806363607085617,0.5553627118833092,0.5572346483016279,off,neutral
2023-12-05,-0.8109245580708422,0.6230921592063947,1.2278616928319728,1.5223809996264603,0.6406025733984964,0.7270412145217344,off,off
2023-12-06,-0.7976430209737443,0.6535535924151673,1.1619333969501346,1.532097250028997,0.6374853046051387,0.7142410260244434,off,off
2023-12-07,-0.7876461115543507,0.6396367723725076,1.3021740254259635,1.4685644006528222,0.6556822717242357,0.7565313707524717,off,off
2023-12-08,-0.8651374195255962,0.6103572309212082,1.0628651649136238,1.5164895627407566,0.5811436347624981,0.6014519872420497,off,neutral
2023-12-11,-0.8343374982563094,0.6135106416762016,1.2105414579368021,1.5251757678254434,0.6287225922955344,0.7044473828276763,off,off
2023-12-12,-0.895411586164961,0.6427026697335171,0.9727710187003451,1.50085962077929,0.5552304307620478,0.5365601556018917,off,neutral
2023-12-13,-0.8820966161452273,0.6551946859234025,0.8293082235425188,1.3971830828567582,0.49989734404436303,0.41345157476875427,neutral,neutral
2023-12-14,-0.850194203903676,0.7188332061124832,0.9552559881428593,1.302876194751796,0.5316927962758656,0.4660340014045117,off,neutral
2023-12-15,-0.8718944491052458,0.7251171016587151,0.8874049151503614,1.363281936293915,0.5259773759994364,0.45243287049269726,off,neutral
2023-12-18,-0.8410877262030488,0.6840964347336855,0.9672571877378593,1.3586965281302925,0.5422406060996972,0.4983707257273745,off,neutral
2023-12-19,-0.844198742781145,0.670542652976474,0.8657277651368922,1.3231946716174698,0.5038165867374227,0.4178633016666147,neutral,neutral
2023-12-20,-0.7193272520372151,0.6916878379530286,0.7722071512256982,1.3474976866696238,0.5230163559527838,0.4569386515859243,off,neutral
2023-12-21,-0.7213857640307642,0.6500072958155472,0.773833370486336,1.2883085059105375,0.49769085204541413,0.41160970544218406,neutral,neutral
2023-12-22,-0.7890838399075509,0.645093080258564,0.757438508164953,1.273476054656186,0.47173095079303806,0.35527590313440316,neutral,neutral
2023-12-26,-0.7933082278242571,0.6462859399316391,0.8937838184901329,1.2493816954774863,0.4990358065187503,0.41397865017755486,neutral,neutral
2023-12-27,-0.8544222461597157,0.690247363439177,0.8501659466436772,1.1995448021455741,0.4713839665171782,0.34146557991362997,neutral,neutral
2023-12-28,-0.8498708743042896,0.695262579889356,0.8278344777412261,1.2239266156812099,0.4742881997518756,0.3472410026583917,neutral,neutral
2023-12-29,-0.8518857688685808,0.6965899592283443,0.8524872485623148,1.2338669077564892,0.4827645866696419,0.36542450401529697,neutral,neutral
2024-01-02,-0.7696488825824777,0.6672734024083531,1.218634411624331,1.32311990651648,0.6098447094916717,0.6512370060780707,off,neutral
2024-01-03,-0.6775846346859339,0.6709826454369645,1.1459102628213378,1.3494691609614804,0.6221943586334622,0.6787148304036782,off,neutral
2024-01-04,-0.6676182763706714,0.6566396016134087,1.0436903982116101,1.3448991087674405,0.594402708055447,0.6219507590317546,off,neutral
2024-01-05,-0.7528692914549826,0.6192306266511697,0.8977980985374897,1.3434230420253148,0.5268956189397479,0.4840417597252502,off,neutral
2024-01-08,-0.78227989968973,0.6363868152433332,0.942805742786549,1.3223829983579976,0.5298239141745374,0.48552433556876595,off,neutral
2024-01-09,-0.8171541447689287,0.6378089866761947,0.8598750163542502,1.3590188448841216,0.5098871757864094,0.4416973991569422,neutral,neutral
2024-01-10,-0.8246546036245916,0.6112703624363675,0.7034004297115425,1.3369423280599961,0.4567396291458286,0.33231001555890866,neutral,neutral
2024-01-11,-0.8518543526265873,0.6349789698688212,0.520656379289167,1.3292960937452833,0.40826927256917106,0.2203797201809071,neutral,neutral
2024-01-12,-0.8232216771783348,0.6446612062582601,0.6110113276933691,1.340184004315922,0.4431587152723041,0.2946801396849864,neutral,neutral
2024-01-15,-0.7628529986109828,0.6445533999775328,0.6109121988308447,1.3397413577924937,0.4580884894974721,0.3279381460721128,neutral,neutral
2024-01-16,-0.6981209876447217,0.6113562063662167,0.815633726788027,1.438089305625725,0.5417395627838117,0.5203411409764194,off,neutral
2024-01-17,-0.5939877975672949,0.6299041645044258,0.5914316073286225,1.4468279251541776,0.5185439748549827,0.4664146553881602,off,neutral
2024-01-18,-0.6661589825280931,0.5954548643026475,0.631539709517777,1.4555587064113995,0.5040985744259328,0.44286881320793614,neutral,neutral
2024-01-19,-0.7569279452195691,0.5895481079069146,0.5649191484254408,1.4293077248638477,0.4567117589941585,0.34002943302051425,neutral,neutral
2024-01-22,-0.7688324129901096,0.6063889295012134,0.6210052271277497,1.4329086726730922,0.47286760407798645,0.37091157884926185,neutral,neutral
2024-01-23,-0.8387696195269002,0.5848043783729794,0.6454440521560725,1.4622149306837608,0.4634234354214781,0.355306964499874,neutral,neutral
2024-01-24,-0.7739925299598372,0.5725568157098353,0.588563555414606,1.422600984040036,0.45243220630116,0.33473973984459915,neutral,neutral
2024-01-25,-0.739897179647513,0.5636717423990416,0.5917230276645761,1.4560212701578334,0.46787971514348453,0.3713715808753562,neutral,neutral
2024-01-26,-0.7605711008915638,0.5457519049876466,0.42423483584848215,1.44520646016132,0.41365552502647124,0.25753078308021815,neutral,neutral
2024-01-29,-0.7231906267404081,0.5623287681421519,0.6048955140921306,1.4590698333003318,0.47577587219855155,0.389383180372255,neutral,neutral
2024-01-30,-0.7548253463552927,0.6007809304034325,0.54327342620406,1.436950684630123,0.4565449237205807,0.33714886005278744,neutral,neutral
2024-01-31,-0.6407635706126694,0.646779967936452,0.6325267826005437,1.423072969582187,0.5154040373766283,0.4549395279674513,off,neutral
2024-02-01,-0.6921455639869202,0.6756132244322444,0.8288447372073358,1.3999623256207054,0.5530686808183414,0.5290647687370297,off,neutral
2024-02-02,-0.6953116803299224,0.6358241049677402,0.6156834359297116,1.4888508002473329,0.5112616652037156,0.44903179304775126,neutral,neutral
2024-02-05,-0.7149112809326924,0.5932555690804343,0.673572399513733,1.5427230860928085,0.5236599434385709,0.4872507900469241,off,neutral
2024-02-06,-0.7816188564001612,0.6100444500206873,0.7302647095907776,1.5143831295187844,0.518268358182522,0.4703189278651566,off,neutral
2024-02-07,-0.8066712079965038,0.5701978626097188,0.6490589025794773,1.4994214870729414,0.47800176106640846,0.3921420540205169,neutral,neutral
2024-02-08,-0.8108974078691548,0.5300016689117905,0.670848060837035,1.5101416699620684,0.47502349796043475,0.3959098056875352,neutral,neutral
2024-02-09,-0.7953987211284844,0.5007214134947997,0.6000045358210071,1.5023738053996556,0.45192525839674447,0.35340364680833736,neutral,neutral
2024-02-12,-0.6856617978744107,0.5205582496720081,0.7055654946727814,1.5110350824421648,0.512874257228136,0.4825234343059918,neutral,neutral
2024-02-13,-0.4751129440744817,0.494433311502668,0.80725157593442,1.5915157056796496,0.604521912260564,0.6919608586402939,off,off
2024-02-14,-0.6361716116391002,0.5009079786113485,0.7700990042318419,1.5662334990701974,0.5502672175685719,0.570173428825828,off,neutral
2024-02-15,-0.6766235384426024,0.5018413368052188,0.7735065216608606,1.5225160049537831,0.5303100812443151,0.5255685073242378,off,neutral
2024-02-16,-0.6512950861872893,0.49623408354994114,0.687816058603619,1.5198709549527274,0.5131565027297496,0.49020132549638923,neutral,neutral
2024-02-19,-0.5996604014244222,0.4961614558234097,0.6876970657107392,1.5192802219579762,0.5258695855169258,0.5183947706545902,off,neutral
2024-02-20,-0.5217199413873415,0.507098741411037,0.7414580426027692,1.4981837893347054,0.5562551579902926,0.5824182755525067,off,neutral
2024-02-21,-0.5304141362394604,0.5010346506049015,0.8375385503052416,1.4904368880490808,0.5746489881799408,0.6240525453338073,off,neutral
2024-02-22,-0.6180611846477885,0.47290769085233025,0.8764494039375538,1.4847478737519477,0.5540109459735107,0.5854098530710317,off,neutral
2024-02-23,-0.7045941973437215,0.4930621619992245,0.6607294397753332,1.482140209937254,0.48283440359202257,0.4244231153675534,neutral,neutral
2024-02-26,-0.7055671790205158,0.4937390637163772,0.7334586214958255,1.4703118049615516,0.49798557778830965,0.4572968670459089,neutral,neutral
2024-02-27,-0.7394415688445218,0.4702075589662078,0.7342148518159658,1.4697666768713924,0.48368687970226104,0.4318169703462478,neutral,neutral
2024-02-28,-0.6943394140551582,0.4704589125220911,0.6721908584852863,1.4845898816660432,0.4832250596545656,0.4311634843693556,neutral,neutral
2024-02-29,-0.742480078500852,0.46267742425536795,0.6836264397844676,1.5024705783337924,0.47657359096819396,0.4184632929096817,neutral,neutral
2024-03-01,-0.7741546942041276,0.5005962045479829,0.6059107075478066,1.471170815247218,0.45088075828471996,0.3524107822000584,neutral,neutral
2024-03-04,-0.7323260140919597,0.486618096984533,0.6973386756374323,1.4675533361308037,0.47979602366520235,0.41953612065802937,neutral,neutral
2024-03-05,-0.6257815773213009,0.5407989963068034,0.7197291168231172,1.4639395556273374,0.5246715228589893,0.5044396697686382,off,neutral
2024-03-06,-0.6212910165799486,0.5425596265830286,0.5714846003768485,1.4193759764977532,0.4780322967194204,0.4014456184983274,neutral,neutral
2024-03-07,-0.6277735311634244,0.5539043572708413,0.5749508831119263,1.3625678544577349,0.4659123909192695,0.3714237516869467,neutral,neutral
2024-03-08,-0.5947518807971159,0.5634936995407968,0.43945388428793664,1.3539225609287329,0.4405295659900876,0.31357587764101746,neutral,neutral
2024-03-11,-0.5419820055566845,0.5661102506114111,0.6097779390424076,1.3667808629919187,0.5001717617722632,0.44398626240347305,neutral,neutral
2024-03-12,-0.6933517981606192,0.5303416818090885,0.45350712289919837,1.3755331531951471,0.41650753993570366,0.26920518698781903,neutral,neutral
2024-03-13,-0.7031092376971635,0.5181021356166231,0.3251084871881344,1.3576707083332173,0.37444302336020285,0.1799598579778009,neutral,neutral
2024-03-14,-0.6316433518173472,0.4953132848110359,0.37367915366677673,1.4155446320435756,0.4132234296760103,0.2716933184370445,neutral,neutral
2024-03-15,-0.6304423560755754,0.5033175705773009,0.3484313264156579,1.4222092136972473,0.41087893865365765,0.26461063917890526,neutral,neutral
2024-03-18,-0.6391214205617699,0.4682996087814376,0.49810473758010193,1.4370514125363967,0.44108358458404157,0.3399774497460081,neutral,neutral
2024-03-19,-0.6950048201296676,0.4583552992460227,0.41264093961292975,1.4600611211145649,0.4090131349609624,0.2721980828100492,neutral,neutral
2024-03-20,-0.7805162039725645,0.44518469882155626,0.1970023151586032,1.4186198204922364,0.32007265762495785,0.07985593920762274,neutral,neutral
2024-03-21,-0.7935438720617004,0.46258197835010667,0.1406286846321063,1.4784515250345809,0.3220295789887734,0.08013480190655176,neutral,neutral
2024-03-22,-0.7780220527722175,0.5012949314370465,0.14713744018332417,1.5218633520384013,0.3480684177216386,0.1277556713177302,neutral,neutral
2024-03-25,-0.7636025759986655,0.48495102406148793,0.18271723851834948,1.5008305755292755,0.3512240655276118,0.1387693189928561,neutral,neutral
2024-03-26,-0.7579713053975511,0.49259513674291416,0.13492985850559586,1.506392944817546,0.3439866586671262,0.12099370814297172,neutral,neutral
2024-03-27,-0.8083434316230304,0.5067018899458309,0.005842832382558898,1.5119494529811608,0.30403768592163005,0.029588261073776656,neutral,neutral
2024-03-28,-0.7829309415884919,0.517659198339483,0.008809608801475353,1.531804986592993,0.3188357130363649,0.05948723511330245,neutral,neutral
2024-04-01,-0.7124995425024094,0.4807318658035608,0.24089280277797423,1.5792186202129113,0.3970859365730092,0.24140253980299248,neutral,neutral
2024-04-02,-0.606937516573816,0.48240484064082584,0.31120705345644273,1.558148730537264,0.43620577701517915,0.326975615652307,neutral,neutral
2024-04-03,-0.6375958656891523,0.4812177212174766,0.35005290231074715,1.499316806710025,0.4232478911372741,0.29821251076435934,neutral,neutral
2024-04-04,-0.4155910818475605,0.49771379784583264,0.29805513506656006,1.485475136735484,0.466413246950079,0.3893305028623266,neutral,neutral
2024-04-05,-0.45069134641049996,0.46730486007913574,0.24398094226482012,1.503297433931319,0.4409729724661937,0.3414300466509342,neutral,neutral
2024-04-08,-0.5429221016103254,0.44590087184704263,0.3941989030249918,1.4863931908359946,0.44589271602442593,0.35731323216858024,neutral,neutral
2024-04-09,-0.5659151171064173,0.47257466859831215,0.37514060273346933,1.4868584892613825,0.4421646608716867,0.34215069635940804,neutral,neutral
2024-04-10,-0.4757178679386738,0.4244689189349817,0.697601769193553,1.5985542810869355,0.5612267753191991,0.6171502476709463,off,neutral
2024-04-11,-0.5734612058677261,0.4141845957810627,0.6758022484349584,1.600953223401836,0.5293697154375328,0.5496215176246823,off,neutral
2024-04-12,-0.3095842374150305,0.43867267524262027,0.7932928489618547,1.6778089084064927,0.6500475487989843,0.8096117855300098,off,off
2024-04-15,-0.09848046035962052,0.3917774687496572,1.0405135498816733,1.6943992276853386,0.7570524464892621,1.0578917640835959,off,off
2024-04-16,-0.18972151348420993,0.39133204305141334,0.9939383760096959,1.6987340142849374,0.7235707299654592,0.9843160614573001,off,off
2024-04-17,-0.21059001500439672,0.42759196176688613,0.8066207120262918,1.666368195514996,0.6724977135759443,0.8623737555404121,off,off
2024-04-18,-0.2336573879217328,0.40292853737531104,0.6689527075157469,1.6860184447701934,0.6310605754348796,0.7779144318277678,off,off
2024-04-19,-0.15554369184909667,0.3958415544159584,0.746067519473445,1.6852653424044806,0.6679076811111968,0.8608460457883779,off,off
2024-04-22,-0.35020805096675517,0.36888931595903013,0.6657304605639468,1.6773828425404465,0.590448642024167,0.6977686479698257,off,off
2024-04-23,-0.4876590275683329,0.3480671376302033,0.6148194152482356,1.6369202022061546,0.5280369318790652,0.5655165527120999,off,neutral
2024-04-24,-0.4567874062602004,0.3331078862143637,0.7145434925188231,1.6535308317941613,0.5610987010667869,0.6423043504112189,off,neutral
2024-04-25,-0.5227321482574685,0.32538023068592736,0.6650989330686267,1.6263438663799903,0.523522720469269,0.5614102418146549,off,neutral
2024-04-26,-0.5600623528659417,0.3313477560046335,0.5416764777052206,1.6602634037662,0.49330632115252815,0.4936646231545525,neutral,neutral
2024-04-29,-0.5995874346103006,0.34180035088222516,0.5719058728349502,1.6229036143855609,0.4842556008731089,0.47119447764941924,neutral,neutral
2024-04-30,-0.4916547804567424,0.35779218250679423,0.6324431040671016,1.6873360062349456,0.5464791280880248,0.6044631602499244,off,neutral
2024-05-01,-0.5201969695127912,0.35943697704464983,0.42964205099307995,1.639790671301805,0.4771681824566859,0.4510973374432858,neutral,neutral
2024-05-02,-0.5982609467016188,0.3596474118941328,0.43136643029337024,1.592303432862465,0.44626408208708734,0.38263458186617233,neutral,neutral
2024-05-03,-0.729138766944123,0.384597242832974,0.29039465513679397,1.5641927122452524,0.3775114608177243,0.2245551947518537,neutral,neutral
2024-05-06,-0.7290092537489495,0.3991338867134512,0.24694922742363254,1.565601589657076,0.37066886251130254,0.20594620542203157,neutral,neutral
2024-05-07,-0.7574975654994902,0.4020764236435103,0.3521814901229467,1.6015726561264902,0.39958325109836423,0.26916368959433007,neutral,neutral
2024-05-08,-0.7826759782237471,0.4002761826110324,0.2789798404953805,1.615140200100161,0.37793006124570666,0.22210609036859125,neutral,neutral
2024-05-09,-0.8166530717234604,0.4120242649878647,0.2274917934540783,1.5819464187002208,0.35120235135467587,0.15990525385983412,neutral,neutral
2024-05-10,-0.8319062805785526,0.3975266241244268,0.23876733793128566,1.589432281344292,0.34845499070536295,0.15775266608113808,neutral,neutral
2024-05-13,-0.7161539137614337,0.40310124929571967,0.5695255174526376,1.5796407758241675,0.45902840720277277,0.39977662002927816,neutral,neutral
2024-05-14,-0.735845374345054,0.4149845552653384,0.6051354587048942,1.5576717964862223,0.4604866090278502,0.3996820319881616,neutral,neutral
2024-05-15,-0.8425073930352062,0.4417352372384795,0.22511326673589524,1.4900250113994042,0.3285915305846432,0.10171058355558188,neutral,neutral
2024-05-16,-0.845643539812996,0.4482380875581574,0.16706128503236392,1.5006399238686943,0.3175739391615549,0.07583200324112288,neutral,neutral
2024-05-17,-0.8928180597345119,0.4265120760382334,0.09323694566539377,1.4990597147991906,0.28149766919207647,0.0021617263903236927,neutral,neutral
2024-05-20,-0.8750163919207183,0.4177683776464551,0.056914726220885316,1.5106788813213596,0.27758639831699544,-0.003977203842170429,neutral,neutral
2024-05-21,-0.9067674508730815,0.4393645247253968,-0.026141413327439165,1.5192408757279008,0.2564241340631942,-0.056163363705257596,neutral,neutral
2024-05-22,-0.8592310078832299,0.44556503271862136,-0.1109835432612223,1.5470749483162212,0.2556063574725976,-0.059420187802820545,neutral,neutral
2024-05-23,-0.8062045047015515,0.437688930508007,-0.001998848053190477,1.5637168334731135,0.29830060280659465,0.0367614465207009,neutral,neutral
2024-05-24,-0.8985475840823784,0.4306277445931486,-0.07882365817967428,1.5235291760258147,0.24419641958922766,-0.08076132251614576,neutral,neutral
2024-05-27,-0.8510098924067581,0.4305687506676999,-0.07881449269336493,1.5229445045808316,0.25592221753710215,-0.05502010341520175,neutral,neutral
2024-05-28,-0.7891712803382493,0.41310321938309397,0.1028768089648146,1.511204153545065,0.3095032253886811,0.06740584728249222,neutral,neutral
2024-05-29,-0.6392406948651573,0.3920301692632315,0.21546011319261466,1.5603186359069177,0.38214205587440164,0.2331758259274282,neutral,neutral
2024-05-30,-0.6182089092738952,0.4104383116247631,0.14512884240752336,1.521173262119318,0.3646328767194273,0.18938146795658412,neutral,neutral
2024-05-31,-0.7888431537776994,0.4183401944022002,0.14660151651551084,1.5155223103303492,0.3229052168675902,0.0955777995777849,neutral,neutral
2024-06-03,-0.7677667519447556,0.45919021667579546,0.22942000444550104,1.4612241919413749,0.3455169152794789,0.13414766285872107,neutral,neutral
2024-06-04,-0.7621180672728214,0.4980037348952028,0.41385166178094834,1.457655138931723,0.40184811708376317,0.2479336612904946,neutral,neutral
2024-06-05,-0.8203642394746108,0.49877418921469274,0.48293510987157495,1.4733432441435905,0.40867207593881183,0.26299215951905347,neutral,neutral
2024-06-06,-0.8257140655180845,0.5077774881860609,0.4399486085613349,1.4555795578211472,0.39439789726261465,0.22902390269486794,neutral,neutral
2024-06-07,-0.8652135112173177,0.45125293416842766,0.16654930789684858,1.5350891295492846,0.3219194650993108,0.08508060213175206,neutral,neutral
2024-06-10,-0.8077510181295565,0.4250005363802776,0.23628947619446572,1.5608297262037618,0.35359218016223715,0.16205945345662814,neutral,neutral
2024-06-11,-0.7954777977711135,0.45142396076306973,0.3289842670899551,1.568313158241607,0.38831089708087957,0.2316079704972902,neutral,neutral
2024-06-12,-0.884572439693062,0.47004427247406255,0.16375093919422531,1.5089608581865788,0.3145459075404512,0.0638107440253537,neutral,neutral
2024-06-13,-0.8954085359711605,0.5124829663530515,0.16969581014862326,1.5640719682825106,0.3377105522032562,0.10414389531279467,neutral,neutral
2024-06-14,-0.8158913052096212,0.5535712815708599,0.41513032278889084,1.5988776509570644,0.43792198752679845,0.3142204762961959,neutral,neutral
2024-06-17,-0.8058177256186009,0.5066645196273933,0.3825632684679638,1.5749469817009503,0.4145892610444266,0.27514617069079406,neutral,neutral
2024-06-18,-0.8552514610100415,0.5198345444927517,0.3502966503405821,1.568245224903364,0.3957812396816641,0.2302689877776558,neutral,neutral
2024-06-19,-0.8352458400184976,0.5197585338791448,0.35025137929698447,1.5676208048852682,0.400596219510725,0.24084781334838173,neutral,neutral
2024-06-20,-0.7469206526443776,0.49622801777708525,0.2353367441463683,1.6003751265103974,0.3962548089473683,0.23760405108853172,neutral,neutral
2024-06-21,-0.7556036011982051,0.4883838430196578,0.23381608697652212,1.6209566269322928,0.3968882389325669,0.24128249510497563,neutral,neutral
2024-06-24,-0.7411389606909758,0.5063004227676219,0.2669134214425631,1.5869145464403793,0.4047473574898971,0.2536751645621215,neutral,neutral
2024-06-25,-0.795015029426247,0.4916516795423937,0.3197079199063491,1.6004252634783882,0.404192458375221,0.25660234599212023,neutral,neutral
2024-06-26,-0.8268304423056767,0.4628394840796876,0.3477252832386034,1.6442410670382117,0.4069938480127065,0.27089968480578225,neutral,neutral
2024-06-27,-0.8608400748016025,0.469686161713282,0.2814092780464455,1.6293944355793455,0.3799124501343676,0.20935279538080598,neutral,neutral
2024-06-28,-0.8386222947144735,0.434700074969628,0.36795360322399906,1.6246688073309647,0.3971750477025296,0.256563076998933,neutral,neutral
2024-07-01,-0.8627090587315042,0.39910529523164895,0.5960101821047272,1.6270197252159342,0.4398565359552016,0.36051182671017107,neutral,neutral
2024-07-02,-0.8834804840085654,0.4314146692176217,0.6341347613365433,1.6081593213815604,0.44755706698179,0.3688071462407517,neutral,neutral
2024-07-03,-0.8766856883942064,0.46547412747193395,0.4942878211717838,1.575184181919939,0.4145651105423626,0.28670503327544167,neutral,neutral
2024-07-04,-0.8577669840633837,0.4654091005733328,0.4942171992079836,1.5745546404729218,0.41910348904771366,0.29666104392597115,neutral,neutral
2024-07-05,-0.8333423830976453,0.48484867623927475,0.3731870474674777,1.5214322823510897,0.38653140574004924,0.21911632194171682,neutral,neutral
2024-07-08,-0.8453076272348619,0.48623691043878925,0.34864478268462934,1.5339756306310193,0.380887424129894,0.20673946236432034,neutral,neutral
2024-07-09,-0.8297060424496934,0.4801202245483708,0.2786961882398256,1.544486603654778,0.36839924349832026,0.18086438651936565,neutral,neutral
2024-07-10,-0.7920577412267636,0.480763092433897,0.1994875813758727,1.5368237315940578,0.35625416604426596,0.15369401986739978,neutral,neutral
2024-07-11,-0.7841914448742769,0.49598663242952273,0.10085749514354216,1.4746882162312134,0.3218352247325003,0.0731210814035334,neutral,neutral
2024-07-12,-0.8347691879670972,0.5055919334207253,0.014779218376946119,1.438842277943702,0.28111106044356904,-0.019394167643555255,neutral,neutral
2024-07-15,-0.7618273993464114,0.4559145542474449,0.24521021983695035,1.448423565103804,0.34693023496044695,0.13882923973675268,neutral,neutral
2024-07-16,-0.7539698383667844,0.47300745163430225,0.2263495677944643,1.4559773116493313,0.35034112317782834,0.14185009207638546,neutral,neutral
2024-07-17,-0.6115614609173858,0.4870896573962832,0.14052685654688585,1.403017121622077,0.35476804366196507,0.14680220605437347,neutral,neutral
2024-07-18,-0.45152452211342325,0.4670992049288606,0.16951087769049764,1.4448908409199994,0.4074941003564836,0.26817822850136214,neutral,neutral
2024-07-19,-0.38637458007522363,0.4413084880127957,0.23885997429356426,1.467568824952104,0.44034067679581007,0.3474403052303676,neutral,neutral
2024-07-22,-0.563950002747865,0.40346133529321365,0.2436155098569835,1.4579659683018928,0.38527320267605625,0.23665912322764163,neutral,neutral
2024-07-23,-0.5848279209073621,0.39571024000153654,0.26123103629823813,1.471555239009373,0.38591714860044635,0.24036124726893648,neutral,neutral
2024-07-24,-0.2183895694797935,0.36969355358905626,0.25431972911264195,1.464975656574352,0.46764984244906416,0.42597540828837116,neutral,neutral
2024-07-25,-0.17201090183136306,0.40399359808384055,0.3820160828465248,1.4614254422504296,0.518856055337358,0.5295799612347439,off,neutral
2024-07-26,-0.4004638052617337,0.42470630321381847,0.34247778141351,1.456870992111123,0.45589781786917943,0.38610346109149796,neutral,neutral
2024-07-29,-0.3772305086247484,0.45127675143512913,0.3690613722396437,1.4805280423615197,0.480908914352886,0.4342953685693083,neutral,neutral
2024-07-30,-0.25685136846523726,0.45399995406234095,0.4219735765201433,1.4789810128573313,0.5245257937436445,0.5292476017245693,off,neutral
2024-07-31,-0.40365981730939193,0.47330651519932826,0.3916939012882025,1.4331205948265353,0.4736152985011685,0.41199373460822186,neutral,neutral
2024-08-01,-0.1573752969542076,0.535929963662074,0.46376497794051424,1.4648450577424008,0.5767911755976953,0.6221437091169382,off,neutral
2024-08-02,0.37271477273244563,0.6494182577587323,0.7761388268449926,1.3424796825523888,0.7851878849721399,1.0481310722391453,off,off
2024-08-05,2.0482260039524323,0.6808859406468616,1.0441144537396663,1.2896902215795827,1.2657291549796357,2.0934095414508542,off,off
2024-08-06,0.8489408181056792,0.5916934985983462,0.9846204134520476,1.3174898426426147,0.9356861431996719,1.393784425064474,off,off
2024-08-07,0.86422709208079,0.5348363199367859,0.7883961225936423,1.3402331240378467,0.8819231646622663,1.2903279840787278,off,off
2024-08-08,0.415854986609608,0.5027113140193642,0.7203142298172959,1.340812162549505,0.7449231732489433,0.9982881097805023,off,off
2024-08-09,0.038169105294864905,0.5486147022551734,0.6555400279341635,1.3333381173586307,0.6439154882107081,0.7644785336485703,off,off
2024-08-12,0.07571198238139297,0.5612285008671316,0.9547368768580655,1.3329154906768703,0.731148212695865,0.9538571540689221,off,off
2024-08-13,-0.2103500124316995,0.5818601488868211,0.9599157126692885,1.274121138861241,0.6513867469964127,0.7728695080943387,off,off
2024-08-14,-0.4235008553865879,0.6046621611591353,0.5975358303528312,1.274746480664809,0.5133609041975469,0.46229227653868465,off,neutral
2024-08-15,-0.5294850208254259,0.5701554211335387,0.5196080629455498,1.3156226391109531,0.46897527559115393,0.3741406856646239,neutral,neutral
2024-08-16,-0.5769079450661924,0.5682923238470994,0.49168885415516334,1.2628902885592763,0.43649088037383665,0.30267208277606067,neutral,neutral
2024-08-19,-0.5933911985844742,0.5742070266413227,0.7107889251898251,1.2051646316339975,0.47419234622016776,0.38442476575666634,neutral,neutral
2024-08-20,-0.4574053304554467,0.6044598527933741,0.7537823321458097,1.1595505036477962,0.5150968395328833,0.46580811399300537,off,neutral
2024-08-21,-0.4142486589000244,0.6039840025951099,0.7479585330171166,1.1189940311675641,0.5141719769699415,0.4634134056769687,off,neutral
2024-08-22,-0.272741022674231,0.5790796617116737,0.6615854927826065,1.1659953529776033,0.5334798711994131,0.5123445958739014,off,neutral
2024-08-23,-0.45948756693675064,0.5826367243543751,0.5755274124086529,1.0861996821378392,0.44621906299102915,0.3187366272661317,neutral,neutral
2024-08-26,-0.427370988456035,0.5892400497701688,0.6062891336515766,1.0990092567198868,0.4667918629213993,0.36244663212454376,neutral,neutral
2024-08-27,-0.5069006743042676,0.576649927971395,0.682871106428633,1.0685507385697561,0.4552927746663792,0.34073837033814625,neutral,neutral
2024-08-28,-0.3211061121799244,0.5630156241088753,0.6689787387913008,1.1226172651494783,0.5083763789674325,0.4611805089727339,neutral,neutral
2024-08-29,-0.4824841946409295,0.5392159887006331,0.6071600215090762,1.1474787612565447,0.45284264420633114,0.345686047822438,neutral,neutral
2024-08-30,-0.5542845728873996,0.5136129628428467,0.6391204107555443,1.183390545264034,0.44545983649375637,0.33690682725485394,neutral,neutral
2024-09-02,-0.4933860705893788,0.5135391429114395,0.6390180350172469,1.18306749965962,0.4605596517497319,0.3700899669230951,neutral,neutral
2024-09-03,0.07844413231150923,0.5810683159129075,0.8315605898164676,1.1958210880603877,0.671723531525318,0.8162227303671457,off,off
2024-09-04,0.14479914365592203,0.6028395659811898,0.9796955606877753,1.1482179725312027,0.7188880607140224,0.9142620033347807,off,off
2024-09-05,-0.012296917630586452,0.6157221630530952,0.8494573073882896,1.1227705813697306,0.6439132835451322,0.7454189457503835,off,off
2024-09-06,0.26206984313367165,0.6227258349707567,0.6224754673104279,1.1295225661291057,0.6591984278859906,0.7755095770194135,off,off
2024-09-09,-0.062146044532078316,0.6211099770058487,0.5435652034966831,1.1664426018803218,0.5672429344626939,0.5742936064423425,off,neutral
2024-09-10,-0.1030816806418351,0.6612208742891534,0.6558683157426464,1.1741746249341474,0.5970455335810281,0.6298930367216364,off,neutral
2024-09-11,-0.25689755545043746,0.6518478993735581,0.5187947603959786,1.1788858896275203,0.5231577484866549,0.46951038091276726,off,neutral
2024-09-12,-0.3254863587153694,0.6336005835133693,0.34606393234500044,1.1473932638974011,0.45039285526010037,0.3132692553069151,neutral,neutral
2024-09-13,-0.38189585960221767,0.6363592224840355,0.4230644860657459,1.120946587802998,0.44961860918764046,0.3111548769820555,neutral,neutral
2024-09-16,-0.31764147824137967,0.6526965361593539,0.4415960831532289,1.0854649956352918,0.4655290341766237,0.34127511113804565,neutral,neutral
2024-09-17,-0.26556786391144327,0.6511848833964806,0.45233027320909236,1.0982686774865573,0.4840539925451718,0.3824752657273385,neutral,neutral
2024-09-18,-0.19688711962028083,0.6075466108466522,0.363208604470468,1.0688332657187334,0.4606753403538932,0.3418042929224074,neutral,neutral
2024-09-19,-0.4072583806767582,0.5890274965429888,0.18411960148042256,1.069579360042596,0.3588670193473123,0.12228416825701013,neutral,neutral
2024-09-20,-0.4271380108728806,0.585756107270113,0.13490761610875612,1.0803800527507352,0.3434764413141809,0.0891576717287748,neutral,neutral
2024-09-23,-0.4558760031533594,0.5896727206385888,0.22098476713004095,1.10022394111745,0.3637513564331801,0.13332868731389613,neutral,neutral
2024-09-24,-0.5111933051399116,0.6030924984245332,0.20385820634367038,1.0446480968100724,0.33510137410959107,0.06627520497160358,neutral,neutral
2024-09-25,-0.5089049058928862,0.5611352395965392,0.15402751584747773,1.0997003062375261,0.3264895389471642,0.058736811053211664,neutral,neutral
2024-09-26,-0.5132634165386822,0.5468415677810892,0.10899855187601086,1.0632296910254557,0.30145159853596837,0.006925044235809544,neutral,neutral
2024-09-27,-0.33703525785215505,0.5598010180084267,0.180711675612647,1.048897221561875,0.3630936643326984,0.13892199916377027,neutral,neutral
2024-09-30,-0.3624773576007676,0.5445813307999436,0.24311924856777414,1.0848427105168459,0.377516483070949,0.17541701000751397,neutral,neutral
2024-10-01,-0.0820665430562002,0.6014631352503278,0.5291410420265046,1.1257956673961385,0.5435833254041926,0.526846291281507,off,neutral
2024-10-02,-0.12195604649293329,0.5809853419408154,0.46993021679982,1.1747662010840125,0.5259314283329286,0.493659988931072,off,neutral
2024-10-03,0.054297952379162254,0.544958908475997,0.4395448519064411,1.2056115483353307,0.5611033152742327,0.5803233117614154,off,neutral
2024-10-04,-0.08760304818574095,0.5068784552633461,0.4091617974722781,1.2585491141011467,0.5217465796627575,0.5045730771860566,off,neutral
2024-10-07,0.29268081496702547,0.4993722337322745,1.1320280792043456,1.2601919047931651,0.7960682581742027,1.1136992898828668,off,off
2024-10-08,0.15737448888685138,0.49565777866981264,1.1179293312154601,1.26082837955625,0.7579474945820935,1.0310900463349317,off,off
2024-10-09,0.09525732099995625,0.48366160725558727,1.0762257618100721,1.2986451001091104,0.7384474475436815,0.9915996679427048,off,off
2024-10-10,0.10300971368162597,0.47848632361271737,0.9009712151677974,1.3042794146446397,0.6966866667766951,0.8999902940941935,off,off
2024-10-11,0.05086734618426604,0.4534347842027563,0.9581205122340102,1.2938343365133416,0.6890642447835935,0.8903752761869982,off,off
2024-10-14,-0.03344437676646855,0.4497176851410772,0.9579129353643389,1.3346338251206555,0.6772050172149008,0.8663666986971221,off,off
2024-10-15,0.07084432141854936,0.4948750365853848,1.2206354052802946,1.330196463198015,0.779137806620561,1.0801513495897772,off,off
2024-10-16,-0.04677482421727672,0.5069771289810957,1.0591274513274582,1.362926055242104,0.7205639528333453,0.9473494173462971,off,off
2024-10-17,-0.09892365857228012,0.45430566029206976,1.0672775004610107,1.386590291395867,0.7023124483941668,0.9217648354745914,off,off
2024-10-18,-0.21876846553988472,0.4226543767399747,1.0967321719321796,1.3519896630242452,0.6631519365391287,0.8444275542595493,off,off
2024-10-21,-0.18100624932488454,0.3669247298490443,1.2711145588856916,1.4037720514679939,0.7152012727194613,0.9767868704659217,off,off
2024-10-22,-0.19985542446782317,0.3784547780192925,1.2800410267632767,1.4103294244226308,0.7172424511843443,0.9783431959880866,off,off
2024-10-23,-0.08437729101676862,0.3752493922738257,1.273359797372037,1.444988042165376,0.7523049851986175,1.0561803715314724,off,off
2024-10-24,-0.10213203691080032,0.37622020621705954,1.2258810944791627,1.4073473992656194,0.7268291657627604,0.9992390770612708,off,off
2024-10-25,0.036679179362429495,0.363930645694083,1.2531350211367946,1.4269472140109478,0.7701730150510637,1.0978749507182384,off,off
2024-10-28,-0.02218265981182815,0.33387605141613436,1.3283641264530472,1.432479618749304,0.7681342842016644,1.104010437044008,off,off
2024-10-29,-0.0732699222301678,0.34226418277539755,1.3564434915815984,1.427973524616639,0.7633528191858667,1.0916534146592582,off,off
2024-10-30,0.03892634918727069,0.346545438267514,1.3239204226340888,1.3983900897710544,0.776945574964982,1.1194692383030325,off,off
2024-10-31,0.35107930105421137,0.35332027440213193,1.4548490723019478,1.3969220430881757,0.8890426727116167,1.3644850071788486,off,off
2024-11-01,0.2088298078575682,0.31647417106197007,1.376386546221139,1.4265487439350593,0.8320598172689342,1.2490133915421764,off,off
2024-11-04,0.21991637283203577,0.3577042072169913,1.4859579852933695,1.3869470583527046,0.8626314059237753,1.3081549959924332,off,off
2024-11-05,0.054315923717956655,0.37545624288082885,1.310966610425824,1.3393557221979229,0.7700236248056331,1.0978076366796268,off,off
2024-11-06,-0.4146807100164148,0.2650478705388602,0.9271262801920852,1.5063892516735033,0.5709706730970086,0.6881015033863429,off,off
2024-11-07,-0.5335447468320427,0.3326251117692369,0.5203023055968229,1.4476892903733107,0.441767990226832,0.3806063453011158,neutral,neutral
2024-11-08,-0.5623653918317844,0.34908101011770054,0.3933564006394617,1.4963030887781967,0.41909377692589367,0.32508600259727694,neutral,neutral
2024-11-11,-0.5589475609359964,0.34198150286310763,0.3933053256256291,1.5498780246933224,0.43155432306151564,0.3549899631006488,neutral,neutral
2024-11-12,-0.5877670113103152,0.2964320110100396,0.65423916652121,1.5973812102423315,0.49007134411581643,0.49988899188213576,neutral,neutral
2024-11-13,-0.6643833788907213,0.25987183806502306,0.46003515371430354,1.6428262825057447,0.4245874738485875,0.3639347784952207,neutral,neutral
2024-11-14,-0.6320356009037654,0.2767607373983691,0.38046218768540935,1.6611725959387982,0.4215899800297028,0.35168476311523034,neutral,neutral
2024-11-15,-0.4284666199157622,0.2820542064251447,0.47163370207192185,1.6624742250484006,0.49692387840742624,0.5162962857835345,neutral,neutral
2024-11-18,-0.49068083392001655,0.28160629638394963,0.45776483281552494,1.6207231800338,0.4673533688283145,0.4515408326500793,neutral,neutral
2024-11-19,-0.40498199357160286,0.28707518974764334,0.5510377202454139,1.6130561490022617,0.511546766355929,0.5480384970347548,neutral,neutral
2024-11-20,-0.3148396428857188,0.2676157543526092,0.5980772472764122,1.659442298967545,0.552573914427712,0.644111149774347,off,neutral
2024-11-21,-0.3470585296512345,0.2532642682166498,0.4542116007991755,1.687759995859754,0.5120443338060862,0.5573325831811522,neutral,neutral
2024-11-22,-0.5283383117189168,0.263902345243414,0.3712967470562248,1.7390476156494217,0.4614770990575359,0.44324320084270386,neutral,neutral
2024-11-25,-0.5994597491923515,0.3417002840462323,0.39586775497026916,1.6712558207968125,0.45234102765524065,0.40243830548253606,neutral,neutral
2024-11-26,-0.6549937969516981,0.3355994580338036,0.37239669670551734,1.6895438194476966,0.43563654430882987,0.3674529363221174,neutral,neutral
2024-11-27,-0.654888828557234,0.341306006678309,0.3291081046760284,1.59583544688279,0.4028401824199734,0.29254090127472265,neutral,neutral
2024-11-28,-0.6770365720959997,0.34126328286988367,0.3290672095782828,1.5952009568839363,0.3971237193090258,0.28008383316690066,neutral,neutral
2024-11-29,-0.7203205662053587,0.37868191766846176,0.25333862928505957,1.5605842006801833,0.3680710453570865,0.20488554416893273,neutral,neutral
2024-12-02,-0.7391143208390257,0.40534432543341603,0.3311066972152847,1.6309343021498364,0.40706775098987785,0.28519342399820863,neutral,neutral
2024-12-03,-0.7434373765025953,0.37357410600500407,0.26467504732193015,1.6222734702830606,0.37927131177684986,0.23183920607602992,neutral,neutral
2024-12-04,-0.726615509780676,0.39527493113672074,0.16399423966354815,1.61861621308499,0.3628174685261457,0.1882136012390423,neutral,neutral
2024-12-05,-0.7164750360298352,0.4006434395239116,0.14083849710010868,1.5550379547927282,0.34501121384672834,0.14676070564381383,neutral,neutral
2024-12-06,-0.8020502449309755,0.40624970137572997,-0.10800429835895334,1.5804074938588437,0.2691506629861612,-0.024374547665721058,neutral,neutral
2024-12-09,-0.6438556822534648,0.39473892038290215,-0.03495879951409539,1.5977607472926105,0.32842129647698814,0.10949139427046739,neutral,neutral
2024-12-10,-0.6448668704323584,0.3763819699401288,0.09940545238288113,1.6220816474827264,0.3632505498433445,0.193146076653557,neutral,neutral
2024-12-11,-0.7115553352670393,0.3495883460450365,-0.13207957240151869,1.6523614733912102,0.2895787279419222,0.03589614482238451,neutral,neutral
2024-12-12,-0.6735855599380941,0.32343108183909736,-0.12424764500797054,1.6766172968040598,0.30055379342427313,0.06729465832165515,neutral,neutral
2024-12-13,-0.6857224096257044,0.2989493230903901,-0.03402910755678321,1.6798932491510037,0.3147727637647265,0.10660823801654795,neutral,neutral
2024-12-16,-0.5876310789936412,0.2934760169169129,0.1229479128802282,1.6652119730977846,0.3735012059753211,0.23886292098185907,neutral,neutral
2024-12-17,-0.4561468435816274,0.3136345875778698,0.10909960250547521,1.6744815860666866,0.41026723314210106,0.3133406612301321,neutral,neutral
2024-12-18,0.8524619362366063,0.3087870589730735,0.012536373605255703,1.78044165791488,0.7385567566824539,1.0289423425525563,off,off
2024-12-19,0.45919885040402314,0.26880893862161426,0.1087960112744772,1.8174838086489045,0.6635719022372548,0.8787637114077818,off,off
2024-12-20,-0.17909216035898218,0.24765050778616424,0.14909714340842636,1.7378964374109522,0.4888879820616402,0.503868156671173,neutral,neutral
2024-12-23,-0.3550756862616427,0.24556175428865798,0.272439761312937,1.778955370471452,0.48547029995285107,0.499862916624238,neutral,neutral
2024-12-24,-0.6346432781184526,0.24465740971299862,0.3055065409909312,1.8000380931794318,0.42888969144122724,0.37786151028358705,neutral,neutral
2024-12-26,-0.5832988408062372,0.22997110520195704,0.25280551445157495,1.7862423444391737,0.4214300308216171,0.364381071826888,neutral,neutral
2024-12-27,-0.44728605375162067,0.2228260601740794,0.24073692386010279,1.7724668808463624,0.447185952782231,0.42195667883916055,neutral,neutral
2024-12-30,-0.28565381677271173,0.24930914462345893,0.3695352403930144,1.7845849318733582,0.5294438750292799,0.5965262582380464,off,neutral
2024-12-31,-0.2911914779094551,0.22740700366913505,0.361059796687176,1.8195687064908599,0.5292110072344289,0.6025898202806113,off,neutral
2025-01-02,-0.22651257883954562,0.206164123290528,0.2968896296836704,1.9082060380438859,0.5461868030446346,0.6452362765129391,off,off
2025-01-03,-0.427122665440794,0.17068357042923712,0.19689195365365572,1.8634711549797978,0.45098100340547415,0.445099375264129,neutral,neutral
2025-01-06,-0.4370988469317907,0.13096564004066277,0.33357793787352824,1.7939530563227846,0.45534944682629624,0.46704000205962815,neutral,neutral
2025-01-07,-0.23859793431525528,0.11868902362330891,0.48079446671829174,1.8209369259252746,0.545455620487905,0.669653173238884,off,off
2025-01-08,-0.25194966650479933,0.12179520364498655,0.4198936560036598,1.8747048603671785,0.5411110133777564,0.6594973930263595,off,off
2025-01-09,-0.21066092143400342,0.12178143255594033,0.4198386235484142,1.8827014315307302,0.5534151415502704,0.686358592951964,off,off
2025-01-10,-0.04669657515776196,0.1165551903657257,0.2935698720546122,1.9284147972620067,0.5729608211311457,0.7283344830094501,off,off
2025-01-13,-0.08572918678434,0.09248625764521375,0.5026041859069749,1.9581703660894578,0.6168829057143266,0.8350549534158892,off,off
2025-01-14,-0.13926293080990582,0.09125309180972968,0.45674069245653554,1.8886505898198633,0.5743453608190556,0.7409298423032928,off,off
2025-01-15,-0.42818254055169647,0.1205723310929256,0.18881454076493456,1.8698341037242068,0.4377596087575926,0.4311237650931473,neutral,neutral
2025-01-16,-0.37457472299673017,0.12829230497306032,0.17734155215188047,1.856005871571437,0.4467662514249119,0.44810671911797045,neutral,neutral
2025-01-17,-0.44482001171061036,0.12792493872816896,0.2641188870943096,1.8937562583419376,0.4602450181134514,0.47996622245984766,neutral,neutral
2025-01-20,-0.462614250397223,0.12791047530216995,0.2640874561596594,1.8927903332145715,0.45554350356979445,0.46974863218047425,neutral,neutral
2025-01-21,-0.5462460847238851,0.15699006845710992,0.29962602994176524,1.76398978941449,0.41858995077237005,0.3802760446555873,neutral,neutral
2025-01-22,-0.5417032357824165,0.1404579759439096,0.09217509602130082,1.7740824995929314,0.3662530839439313,0.2673275097443759,neutral,neutral
2025-01-23,-0.5505540039700002,0.11584872734028509,0.050254636477180974,1.7613782366267803,0.34423189911856156,0.2250653432907654,neutral,neutral
2025-01-24,-0.5694490449191352,0.12355234563758835,-0.002823076291461617,1.7001613517977094,0.3128603940561753,0.15268261129029567,neutral,neutral
2025-01-27,-0.22889331395998427,0.18014046422094623,0.24748650656442142,1.6895236286621722,0.4720643213718889,0.48799571452867396,neutral,neutral
2025-01-28,-0.39521683751792136,0.17076753421920382,0.18050071669788423,1.7412707232204858,0.4243305341549131,0.3864548434559031,neutral,neutral
2025-01-29,-0.3784181183232117,0.1645384333136986,0.1171354484070972,1.7533573710088246,0.4141532836016022,0.3651020468214681,neutral,neutral
2025-01-30,-0.45876726890321284,0.1677378862062682,0.11139036354253287,1.7327742891938973,0.3882838175098714,0.3076539119979255,neutral,neutral
2025-01-31,-0.39281893236126897,0.15621879949781603,0.14818622584181482,1.788392997791886,0.424994772692562,0.39219552507619465,neutral,neutral
2025-02-03,-0.148174752455781,0.19063625180684787,0.22028496758592034,1.8488750251743806,0.527905373027842,0.608699097406036,off,neutral
2025-02-04,-0.30565458011369484,0.17963637863282164,0.10347372840379586,1.7461303921501399,0.4308964797682656,0.39687387995683504,neutral,neutral
2025-02-05,-0.46647608840576266,0.2192956018635183,0.23625603611849227,1.7077803714403352,0.4242139802541458,0.37421754722817785,neutral,neutral
2025-02-06,-0.49657588011810333,0.2161179415971705,0.2126853634931431,1.71791089815437,0.41253458078164507,0.3494337133388535,neutral,neutral
2025-02-07,-0.3803134008597492,0.2049324810747948,0.1894168340922334,1.7517432748793507,0.4414447972966574,0.41520139977840365,neutral,neutral
2025-02-10,-0.46183242896216536,0.1889518848420137,0.024858671337153436,1.7786138938502123,0.38264800526680354,0.2889112710968558,neutral,neutral
2025-02-11,-0.43830389568659295,0.17182852271499977,-0.03855073724373682,1.7422376032952498,0.35930287326997995,0.24081488132904566,neutral,neutral
2025-02-12,-0.45277414125980064,0.14153221838295021,-0.008349451149304687,1.739484015922686,0.35497316047413274,0.2404968142753457,neutral,neutral
2025-02-13,-0.5410065023356191,0.17123501458906126,-0.06905128293290515,1.6765098116366264,0.30942176023929086,0.13117970932009618,neutral,neutral
2025-02-14,-0.5778129276115618,0.19671062555228347,-0.0660232785916029,1.6027536110980996,0.2889070076118046,0.07847443079223437,neutral,neutral
2025-02-17,-0.5106606114302541,0.1966879970127175,-0.06601593475726655,1.6021202071570715,0.3055329144955671,0.11446212937818609,neutral,neutral
2025-02-18,-0.5128250952297488,0.16713233407922662,-0.07084212399235694,1.6488551835360987,0.3080800745983049,0.12878873116632722,neutral,neutral
2025-02-19,-0.5216972030304936,0.16531394484191977,-0.09047314654029161,1.6600152206950525,0.30328970399154676,0.11874849288212416,neutral,neutral
2025-02-20,-0.4780189003503008,0.1817765210644743,-0.017942255274416095,1.5774500949950634,0.3158163651087052,0.14143519926052642,neutral,neutral
2025-02-21,-0.192808561449295,0.23138366025286683,0.15038674315452918,1.6034721720328078,0.4481085034977272,0.4188373515715531,neutral,neutral
2025-02-24,-0.106671790509123,0.24353135682891597,0.047912008238151796,1.6018524364293045,0.44665600274681233,0.4099812407981388,neutral,neutral
2025-02-25,-0.05632733684875046,0.29021944195488947,0.29485814593777404,1.5726273798778827,0.525344407730449,0.5728646421613819,off,neutral
2025-02-26,-0.0932356908725686,0.2967978722407349,0.32233103700323945,1.5828675944771022,0.527190203212127,0.5758867257647002,off,neutral
2025-02-27,0.13388042724745863,0.2755087505970319,0.28450157934293174,1.6630744249252634,0.5892412955281714,0.7166705315120472,off,off
2025-02-28,-0.03396497109520085,0.2904318079618494,0.5320871639380734,1.6988408012255913,0.6218487005075783,0.7897996233916441,off,off
2025-03-03,0.31851841992547003,0.3460389037201996,0.5679919841819947,1.6133859242098894,0.7114838080093884,0.9677833272995462,off,off
2025-03-04,0.4001708487102134,0.3172627570995603,0.6652719584493116,1.5132482465818462,0.7239884527102329,1.002856346963617,off,off
2025-03-05,0.2232903269500411,0.2834066467988506,0.527578225275633,1.5126983920158985,0.6367433977601058,0.8198839023360213,off,off
2025-03-06,0.5523291827317782,0.2892654512653431,0.6675215213591503,1.3466771995035423,0.7139483387149534,0.9852382645838468,off,off
2025-03-07,0.38434998727079117,0.2599480485942645,0.5301106996953104,1.3245898881928286,0.6247496559382987,0.7964324704923138,off,off
2025-03-10,0.8868942476631514,0.3254982722138163,0.7747174717303547,1.3310819886409877,0.8295479950620774,1.2277585610286665,off,off
2025-03-11,0.7815064537988858,0.2980711876310229,0.8380932336238348,1.2843887772883469,0.8005149130855226,1.1729561365360648,off,off
2025-03-12,0.48023751286680566,0.26051620460823177,0.5206457476501075,1.300753855807377,0.6405383302331304,0.830049664213601,off,off
2025-03-13,0.5283148459680037,0.3401369912889498,0.5834948784513159,1.3220302091986762,0.6934942312267365,0.9249637875121015,off,off
2025-03-14,0.20464005076927236,0.29427333357042446,0.42669452817811093,1.3107992292836008,0.5591017854503522,0.6423858904521339,off,off
2025-03-17,0.06351062297733553,0.2908635629698397,0.38942230655689986,1.2759485142446352,0.5049362516871776,0.5244291861141616,neutral,neutral
2025-03-18,0.19678499470554212,0.3288246806916128,0.2955649276019573,1.2627803201064849,0.5209887307763993,0.5462817245532086,off,neutral
2025-03-19,-0.004861420900423796,0.3225903667214882,0.13573360533266943,1.2811230581850557,0.43364640233469737,0.3550510593210793,neutral,neutral
2025-03-20,-0.016063493981297017,0.3218007803456387,0.2670801903433536,1.3220908597605379,0.4737270841170583,0.44611296364743225,neutral,neutral
2025-03-21,-0.07432166905275422,0.3229923926098321,0.23072401219471558,1.3453111596210976,0.4561764738432228,0.40731796210769433,neutral,neutral
2025-03-24,-0.27600247287853213,0.25695385990523084,0.25128345670476454,1.3616249620638898,0.39846495144883826,0.3011908572050535,neutral,neutral
2025-03-25,-0.3129492089046937,0.2708293400189585,0.2012969153512145,1.3533249083189192,0.37812548869609963,0.25194803500030827,neutral,neutral
2025-03-26,-0.18066764180648362,0.2705285994495831,0.13586821595469198,1.389307392272386,0.4037591414675443,0.3065128532100174,neutral,neutral
2025-03-27,-0.14029677319372447,0.2768401393354883,0.12434497919642534,1.34163670182898,0.4006312617917923,0.2968050478439411,neutral,neutral
2025-03-28,0.1915259685072393,0.34772823110169393,0.29999470616687246,1.3382722483872818,0.5443802885407718,0.5930372488472534,off,neutral
2025-03-31,0.2621317201807343,0.35487495154960846,0.4368646980603398,1.3545830774386032,0.6021136118073214,0.7198439513129269,off,off
2025-04-01,0.204920378084215,0.3753247257088307,0.5391899660344154,1.3590787180281136,0.6196284469638937,0.7548242050186997,off,off
2025-04-02,0.1757427870760656,0.37769286405631813,0.5893983688284973,1.3143966446394968,0.6143076661500945,0.7429372309278861,off,off
2025-04-03,1.129914375219802,0.48927416139283836,0.7592547786074042,1.142877185673744,0.8803301252234472,1.289504318236895,off,off
2025-04-04,2.8418994575487764,0.6068740811276816,1.1743920975594668,1.2360175843374088,1.4647958051433334,2.5353424010777323,off,off
2025-04-07,3.025666444129786,0.5088263436705235,1.5250235068123246,1.2592757762051718,1.5796980177044515,2.820391290151847,off,off
2025-04-08,3.6190611447202534,0.4359721094794346,1.6025600448873463,1.2294182645998146,1.7217528909217124,3.1494040181582603,off,off
2025-04-09,1.5264165189025252,0.3467112429357027,1.2674768527220566,1.223179683847516,1.0909460746019501,1.8114198226503864,off,off
2025-04-10,2.318571518732539,0.34047676740667915,1.2525844589330775,1.023234991293327,1.2337169340914058,2.1248095645584577,off,off
2025-04-11,1.9644040049801716,0.3113791984318616,1.521891007125421,0.9158142291185346,1.1783721099139972,2.0168730526033887,off,off
2025-04-14,1.2189574702832333,0.3224446673747319,1.376095058420434,0.901861086672415,0.9548395706877035,1.5206805397233272,off,off
2025-04-15,1.1326604878987587,0.34650999331144955,1.0760665256106106,0.958722451084183,0.8784898644762504,1.34050321526292,off,off
2025-04-16,1.4136834517007522,0.38588513340049846,0.9801721202888911,0.8759081312229887,0.9139122091532826,1.4124505642849416,off,off
2025-04-17,1.0794752744016236,0.3203951468418139,0.8358846981234775,0.8757383086705456,0.7778733570093651,1.1284831071760515,off,off
2025-04-21,1.544637965929468,0.2755999885210885,1.2570364922921007,0.7673748552224405,0.9611623254912744,1.5541584440853236,off,off
2025-04-22,1.1813983599205167,0.26260780866039396,0.947692589542186,0.8301938766168966,0.8054731586849984,1.2083030028550097,off,off
2025-04-23,0.9444712271184774,0.2572317805986787,0.8945274745932758,0.9205338363122021,0.7541910796556585,1.0954637100094413,off,off
2025-04-24,0.7232498838458256,0.26880290668460327,0.6424999843710947,0.8662479192223798,0.6252001735309758,0.8056614761854975,off,off
2025-04-25,0.5411465518511086,0.3090550899568842,0.5670163461306783,0.8837878991433294,0.5752514717705002,0.6819261876020313,off,off
2025-04-28,0.5756838035504208,0.32547881053045896,0.6947020121138104,0.8383651066900472,0.6085574332211843,0.7536405838131429,off,off
2025-04-29,0.4661657931560713,0.3222119167763408,0.7630152992504154,0.8608343950399885,0.603056851055704,0.7436031761825446,off,off
2025-04-30,0.5252929584758034,0.3278001168759567,0.7692416579672764,0.8832970342618082,0.6264079418952112,0.7935781603671324,off,off
2025-05-01,0.5140509794603961,0.29392666576794746,0.6131636160685916,0.9598575144700499,0.5952496939417462,0.7316633788765506,off,off
2025-05-02,0.29951846054976045,0.2435360530835141,0.43348435323287654,0.9350619663624128,0.477900208307141,0.4832476984976361,neutral,neutral
2025-05-05,0.40672566022444206,0.2341009333737855,0.5258050931104009,0.9181461911260779,0.5211944694586765,0.5838059577849026,off,neutral
2025-05-06,0.5317980332374784,0.25917958696892895,0.5781322112110551,0.8599157500200578,0.5572563953593801,0.6578741225981224,off,off
2025-05-07,0.39653371836630064,0.26982296052797317,0.38690426403102646,0.8961546937879042,0.4873539091783011,0.49593818842511683,neutral,neutral
2025-05-08,0.2769205762216676,0.22567942865530988,0.350197492246698,0.9973119961200093,0.4625273733109212,0.4524438316692562,neutral,neutral
2025-05-09,0.21207044062565306,0.21631784285459837,0.40287442028384196,0.9675800083476682,0.4497106780279404,0.4281279134119184,neutral,neutral
2025-05-12,-0.180258669337752,0.12287584490541317,0.47857596255976276,1.110023023008395,0.3828040402839547,0.3073440834386517,neutral,neutral
2025-05-13,-0.19924071704877766,0.11428612217022689,0.39457033609291703,1.0320375585849186,0.33541332494982123,0.20397744443324542,neutral,neutral
2025-05-14,-0.15450181268348132,0.10101826797646465,0.41270475045626887,1.0357397382778737,0.3487402360067815,0.23769565690197486,neutral,neutral
2025-05-15,-0.24280833736055632,0.14989212485738032,0.34960777707843416,1.0197649352416454,0.31911412495422586,0.15675072798284417,neutral,neutral
2025-05-16,-0.3087496039910462,0.1567126624827509,0.2904543901729397,1.0401961119932959,0.2946533901644851,0.09918561947462727,neutral,neutral
2025-05-19,-0.20807121815894047,0.16224479394105537,0.5059629578726473,0.9750329247474546,0.3587923646005542,0.2446098992175742,neutral,neutral
2025-05-20,-0.2136393369891457,0.1443109880579022,0.4319193899613975,0.9443283410002687,0.3267298455076057,0.177651985669797,neutral,neutral
2025-05-21,0.09732596771406993,0.10233173399944555,0.45399712807058357,0.8890390720500368,0.385673475458534,0.3214764968455736,neutral,neutral
2025-05-22,0.03131689692384699,0.13098611467018104,0.37418754668630533,0.9282192831024317,0.36617746034569126,0.2680058629711109,neutral,neutral
2025-05-23,0.25617834087889213,0.140351955156284,0.41781074190658846,0.8444017665340616,0.41468570111895653,0.3744433602264661,neutral,neutral
2025-05-26,0.06370749439464564,0.14033634376444298,0.41775720888311524,0.8265331796355019,0.36208355666942643,0.25810804284414435,neutral,neutral
2025-05-27,-0.11645434655506441,0.16759018383765564,0.3273148401841762,0.884434401891669,0.31572126983960913,0.14502058001373913,neutral,neutral
2025-05-28,-0.07727323769202499,0.15085281190036282,0.18378844295182858,0.9196848423271253,0.29426321487182294,0.09912345851622016,neutral,neutral
2025-05-29,-0.0918145561314517,0.17840876244411322,0.16768808300155402,0.8604614270051756,0.2786859290798478,0.05686060151392372,neutral,neutral
2025-05-30,-0.1600837497893065,0.1969409065134943,0.15067767898615303,0.8652185979600253,0.26318835841759153,0.016705024017996895,neutral,neutral
2025-06-02,-0.18357423849214374,0.18205340735999528,0.26142148106970814,0.8030574106726381,0.26573951515254945,0.02961104589941921,neutral,neutral
2025-06-03,-0.2585639076285702,0.1687907350073871,0.39006567565546774,0.8570393759634466,0.2893329697494328,0.0878258846590634,neutral,neutral
2025-06-04,-0.26749117476824047,0.21851880227175075,0.29835834066636713,0.8116076761104627,0.265248411070085,0.01850743803871155,neutral,neutral
2025-06-05,-0.17003868480575154,0.2099661068386689,0.22759808707968388,0.8065398864663278,0.26851634889473225,0.026868149151816123,neutral,neutral
2025-06-06,-0.36152153573906076,0.15484413331841046,0.07578413504385728,0.850684624430193,0.17994783926335,-0.1567507007990856,neutral,neutral
2025-06-09,-0.31779763088257357,0.17793203731497992,0.16594793384693124,0.8259192815216007,0.21300040545023458,-0.08819530930372935,neutral,neutral
2025-06-10,-0.3412815939506666,0.17818732086241937,0.12341956254223431,0.8365950877134208,0.19923009429185198,-0.11975372650713752,neutral,neutral
2025-06-11,-0.30651374512353946,0.2097881797108743,0.06692237332281946,0.7950988625864494,0.1913239176241509,-0.14724785395027115,neutral,neutral
2025-06-12,-0.22133223338884686,0.2505781091912517,0.05567776699672917,0.7250671368911805,0.20249769492257863,-0.1339225478384268,neutral,neutral
2025-06-13,0.09242366735710116,0.22291564784448703,0.24763482788362884,0.7505423982615284,0.3283791353366864,0.1566842951907117,neutral,neutral
2025-06-16,-0.09920751290964797,0.18787873257592716,0.19201689344965867,0.7326941124112298,0.2533455563817919,-0.00022967213125302255,neutral,neutral
2025-06-17,0.17986011617774184,0.23014823256661793,0.3044005625042017,0.8133020054993353,0.38192772918697415,0.2737043753589634,neutral,neutral
2025-06-18,0.0161992815825903,0.22301115121022916,0.19680918012329626,0.822016302622159,0.31450897888456864,0.12416391777273292,neutral,neutral
2025-06-19,0.24374932583772455,0.22298571466044104,0.1967869674472764,0.8218666257294472,0.37134715841872235,0.25013552733407196,neutral,neutral
2025-06-20,0.06995738578324483,0.2016067658604153,0.08918555274589077,0.8020245306692224,0.2906935587646933,0.07571572230401916,neutral,neutral
2025-06-23,-0.01862410535799251,0.20729402395482655,0.23901232072451956,0.7733263543605027,0.3002521484204641,0.09857590712783704,neutral,neutral
2025-06-24,-0.2821275756409456,0.22528650519073284,0.16573114301723485,0.7180482569179839,0.2067345823712515,-0.11481257870366024,neutral,neutral
2025-06-25,-0.3628341792055507,0.2165146733783042,0.12376160279961129,0.7002039320490316,0.1694115072553491,-0.19560524715697739,neutral,on
2025-06-26,-0.3818547325459214,0.2239401363270106,0.06993551253574144,0.6478934244247389,0.13997858518539238,-0.26353396716076516,neutral,on
2025-06-27,-0.41208977146121,0.21324433107937757,0.023102724906941333,0.6724167021943402,0.12416849667986228,-0.2966366934595827,neutral,on
2025-06-30,-0.3660486672851802,0.22838615645083218,0.09395374699579372,0.6210909546913755,0.14434554771320532,-0.2543934892084533,neutral,on
2025-07-01,-0.3547857272528403,0.26072006958503186,0.19187116327968276,0.6150874418855014,0.1782232368743439,-0.18675555292929225,neutral,on
2025-07-02,-0.37605844516390186,0.2417445628089035,0.12767297109185685,0.6110548732520937,0.15110349049723806,-0.24254491269616094,neutral,on
2025-07-03,-0.4051837550381101,0.21391579259943325,-0.03295313724526012,0.6503717931436677,0.10653767336493267,-0.33676108547151584,neutral,on
2025-07-04,-0.2817007247145089,0.21389154381792538,-0.03294956140351122,0.6502714707860708,0.13737818212149402,-0.2684232766744357,neutral,on
2025-07-07,-0.24687838818548236,0.18961153959965027,0.04129241090536162,0.6797305926619227,0.16593903874536306,-0.19684838045321687,neutral,on
2025-07-08,-0.35683976243379734,0.1757324934902722,0.02668222110725411,0.6825788518759796,0.13203845100992712,-0.2682177485940733,neutral,on
2025-07-09,-0.4544470652263902,0.2033515966701472,-0.08713696187387067,0.6785287203052033,0.08507407246877241,-0.38260002682602956,on,on
2025-07-10,-0.47234772031238836,0.2142956884951495,-0.17021553591561242,0.6961598109295848,0.06697306079918336,-0.4276395574603582,on,on
2025-07-11,-0.4026836300018972,0.16927702894485172,-0.05148644399384755,0.7157578457521218,0.10771620017530717,-0.32204273120874727,neutral,on
2025-07-14,-0.3128145408630798,0.15968019070445708,0.1083389931451705,0.7383087562366715,0.1733783498058048,-0.17081061870369632,neutral,on
2025-07-15,-0.2925660066475825,0.15392286264284719,0.05413466283526803,0.7914069928375889,0.1767246279170304,-0.1633274457344929,neutral,neutral
2025-07-16,-0.3172368527128862,0.14410739065015346,0.07148437397067749,0.768598165191354,0.16673826927482469,-0.18200569941368674,neutral,on
2025-07-17,-0.38907504238924434,0.15725997430635832,-0.04880759777347686,0.8019786872393495,0.13033900534574666,-0.2691703988289966,neutral,on
2025-07-18,-0.40138127966844694,0.16169513795508259,-0.11823955197071744,0.777193767847801,0.10481701854092981,-0.3281332082264579,neutral,on
2025-07-21,-0.3743726914891824,0.18499332082073008,-0.01680066352431546,0.7149556725184865,0.12719390958142968,-0.2827434566495953,neutral,on
2025-07-22,-0.39117700051963245,0.19100643077670265,0.08281031433611566,0.6694905058181914,0.1380325626028443,-0.2580667079260316,neutral,on
2025-07-23,-0.5180774654864925,0.17181244397675766,-0.037230177209919196,0.6516393183341025,0.06703602990361213,-0.4119365780437612,on,on
2025-07-24,-0.5157594241343163,0.16965421191852237,-0.13472381702620237,0.6683002973296701,0.046867817021918445,-0.4579764792770473,on,on
2025-07-25,-0.567374077258385,0.19381546281945466,-0.1548200733897844,0.6948187904058859,0.04161002564429281,-0.4773327832634919,on,on
2025-07-28,-0.5560563976498902,0.17960470905258968,-0.10482469596399556,0.7942983450271183,0.07825549011645554,-0.3920010219926195,on,on
2025-07-29,-0.44921940576307556,0.23512699585911037,-0.06397315202499551,0.8188098041763516,0.13518606056184773,-0.28153553545325716,neutral,on
2025-07-30,-0.5053550388908651,0.2199121484522631,-0.161200643057307,0.9202257594463903,0.11839555648762032,-0.3171852132318348,neutral,on
2025-07-31,-0.36591273868198726,0.21666359127801493,-0.22337009714581363,0.9289162966062376,0.1390742630141129,-0.2715367257969067,neutral,on
2025-08-01,0.04556828934374722,0.3066864369508155,-0.10170074996577143,0.7965937398661498,0.26178692904873524,-0.02228422598589075,neutral,neutral
2025-08-04,-0.275977979756736,0.2915670810739449,0.023931828044277105,0.8053283357683382,0.21121231628245604,-0.12758215840360157,neutral,neutral
2025-08-05,-0.23884184795608326,0.30282965887070035,0.06204673019171532,0.8051851011757423,0.23280491057051866,-0.08229263288009203,neutral,neutral
2025-08-06,-0.36025758355653753,0.29109887795902817,-0.09990037549871837,0.7458670602316093,0.14420199478384538,-0.2777142373829774,neutral,on
2025-08-07,-0.3827049004105867,0.2910207491333461,-0.21396052392971443,0.7674407550795725,0.11544901996815438,-0.343707628209872,neutral,on
2025-08-08,-0.5423558519127556,0.2603482981404414,-0.24291455276568494,0.7456094357990594,0.05517183231526507,-0.4686463296030462,on,on
2025-08-11,-0.41856149554255956,0.27466648260175536,-0.16479036157205984,0.7790214658491273,0.11758402283406583,-0.33337493509691385,neutral,on
2025-08-12,-0.5894790963707731,0.26235113815435807,-0.29718323054795204,0.7374562887862784,0.02828627500547784,-0.5297581618649905,on,on
2025-08-13,-0.6163898359961577,0.2869416098453759,-0.3005047331694808,0.7116843057778878,0.020432836614406286,-0.5541422248486376,on,on
2025-08-14,-0.578050772685787,0.27912031430228035,-0.31694758776863036,0.7520178407044906,0.034034948638088425,-0.5221076286433343,on,on
2025-08-15,-0.5487172029642448,0.260409156872901,-0.32026678311872026,0.7124269314988642,0.025963025572200038,-0.5342164102324971,on,on
2025-08-18,-0.5598914102317909,0.25039740996332566,-0.16273900848924677,0.7438841589444206,0.06791278754667715,-0.43567348795800565,on,on
2025-08-19,-0.49455053034933355,0.2670250706156468,-0.15264777090724554,0.7536265219542191,0.09336332282832169,-0.384034009201805,neutral,on
2025-08-20,-0.4809805850366753,0.2746575248156349,-0.1953702093898316,0.7485661099075093,0.08671821007415931,-0.40174211678330746,on,on
2025-08-21,-0.3785035982673751,0.2564451430201453,-0.2023706343232407,0.7879115480406056,0.11587061461753377,-0.33211000546524405,neutral,on
2025-08-22,-0.6463246338711002,0.2542162328555284,-0.2762403148805874,0.6989596144576762,0.007652724640379249,-0.5717615164577933,on,on
2025-08-25,-0.5820711455473635,0.2481256401341504,-0.29269826649690744,0.7689164817345998,0.035568177456119815,-0.5091209617021071,on,on
2025-08-26,-0.6011228009993367,0.23417382171847723,-0.2376920653236164,0.7490468624574369,0.03610145446324026,-0.5026543639771177,on,on
2025-08-27,-0.5751438538245084,0.22604509172711545,-0.2895881994317319,0.7489211418326827,0.02755854507588945,-0.5201866314994388,on,on
2025-08-28,-0.6223439410049094,0.2357732713457519,-0.2929145332173531,0.7073398598164841,0.006963664234993366,-0.5679854938242692,on,on
2025-08-29,-0.5175464811347666,0.21917526192298717,-0.2366701547444176,0.7032773631783499,0.04205899730553822,-0.48431230324633145,on,on
2025-09-01,-0.4319013772078652,0.21915058218227143,-0.2366433021926512,0.7031644237901941,0.06344258164298727,-0.43691816392864424,on,on
2025-09-02,-0.3136046440746676,0.20958814024257527,-0.05664316968729639,0.7652445272910647,0.151146213442919,-0.2370779839012599,neutral,on
2025-09-03,-0.4059180235509435,0.2394166598840151,0.07751796299259914,0.7394463268955648,0.1626157315553089,-0.21762059063571182,neutral,on
2025-09-04,-0.5241280717371223,0.2772738863119692,0.034416607620696586,0.7600560400810168,0.13690461556914008,-0.2864712442746879,neutral,on
2025-09-05,-0.5375726426580536,0.3325960037865384,-0.05636752260262274,0.7026625108182132,0.11032958733601882,-0.36254390873298153,neutral,on
2025-09-08,-0.5453833498630482,0.3646988035296622,-0.09579550733615236,0.6709532511228431,0.0986182993633262,-0.3982410781708876,neutral,on
2025-09-09,-0.5531930711112116,0.3584143614186891,-0.1508151356724416,0.7044226272105059,0.08970719546138543,-0.4174836604216966,neutral,on
2025-09-10,-0.5181906174602025,0.37867454477451,-0.2309053789086548,0.7033218418818185,0.0832250975718678,-0.4391846324385292,on,on
2025-09-11,-0.5902284056948208,0.39849898652190896,-0.3687849590649393,0.6795078972757095,0.029748379759464566,-0.5653939144138728,on,on
2025-09-12,-0.5845092733537393,0.39117545646432805,-0.42072583685825743,0.6803892122315772,0.01658238962097716,-0.5933836058778656,on,on
2025-09-15,-0.47962729616591865,0.39371247609643784,-0.3133271408921071,0.6555904325804517,0.06408711790471594,-0.4866848368533361,on,on
2025-09-16,-0.40405611273884395,0.39228347952380643,-0.3068671866674976,0.589309363531559,0.06766738591225598,-0.47759010820502423,on,on
2025-09-17,-0.4761392446229651,0.38494989576596855,-0.3417027272111271,0.6129329535259659,0.04501021936446056,-0.5265186792449137,on,on
2025-09-18,-0.4783309971916149,0.3457286128746283,-0.46525085509693354,0.6602609623397665,0.015601930731461572,-0.5825154490091903,on,on
2025-09-19,-0.5064494122550334,0.33488999212149884,-0.44683415741025595,0.688809609561121,0.017604008004332622,-0.5748712398743391,on,on
2025-09-22,-0.43310332930983675,0.30741203848532084,-0.3461137538366452,0.6580733435410491,0.046567074719971985,-0.5006424493337915,on,on
2025-09-23,-0.37216475540057065,0.3323458842367068,-0.35035622062477495,0.6510559764058094,0.06522022115429264,-0.4665564340968844,on,on
2025-09-24,-0.4239879685610906,0.30758898462328216,-0.36653373732635297,0.7112314476535703,0.05707468159735221,-0.4782677978277088,on,on
2025-09-25,-0.3607844437616775,0.317138633626731,-0.3570013687254841,0.7783098611887805,0.09441567058208748,-0.39837513188784157,neutral,on
2025-09-26,-0.5242671100703128,0.31133033900388996,-0.3894032465713096,0.7386492547186874,0.03407730927023872,-0.5305880530249696,on,on
2025-09-29,-0.4305845460846357,0.32601311129872823,-0.3547645988569456,0.7148097786153984,0.06386843624313633,-0.46801023922266155,on,on
2025-09-30,-0.4124825766819817,0.320288482756264,-0.2806353006192447,0.7008574791648398,0.08200702115496934,-0.4247255882652875,on,on
2025-10-01,-0.4113028974067839,0.34967027073262535,-0.4162367701013972,0.6948158556351243,0.054236614714892134,-0.49711311604252595,on,on
2025-10-02,-0.3728937014888882,0.3678428408640071,-0.4863021653673437,0.7085432809371626,0.05429756373623444,-0.5031985122379914,on,on
2025-10-03,-0.37059174029373165,0.3664997978822349,-0.53768111042465,0.6955798694719453,0.03845170415894961,-0.5387007600875553,on,on
2025-10-06,-0.4021413291390154,0.334465134689898,-0.431649583491155,0.7340211643854551,0.05867384661129567,-0.48310519859298684,on,on
2025-10-07,-0.3039128191573179,0.36201848701356354,-0.35686491623974076,0.780361654544712,0.12040060154030421,-0.35343694860266595,neutral,on
2025-10-08,-0.40996557304640113,0.3640794907461889,-0.37397470811469535,0.8069182217978658,0.09676435784573954,-0.40693550334140505,neutral,on
2025-10-09,-0.3952415082778895,0.37208084771618816,-0.39690374067296524,0.8749874211814606,0.11373075498669849,-0.3722991892698174,neutral,on
2025-10-10,0.19518670561599097,0.45104609028236253,-0.1661645737257307,0.8194616339120112,0.3248824640211585,0.07712383099752337,neutral,neutral
2025-10-13,-0.1017512068878691,0.42523216853387297,-0.1661463454173981,0.8479850779533132,0.2513299235454798,-0.07859163500543567,neutral,neutral
2025-10-14,0.09923615424113992,0.4451163155224899,-0.21822130384617783,0.8260795879590763,0.28805268846913207,-0.0037151901368776136,neutral,neutral
2025-10-15,0.08002908550407772,0.4156710945180049,-0.3665214517883346,0.8002246983881047,0.23235085665546318,-0.12095327513253384,neutral,neutral
2025-10-16,0.6073896614933948,0.47430633791567034,-0.1789080614543222,0.7605340600079094,0.4158304994906631,0.2721930323861842,neutral,neutral
2025-10-17,0.09570777703875188,0.4327295755853996,-0.25889003347385076,0.7643613599988972,0.2584771697872995,-0.06580621183482416,neutral,neutral
2025-10-20,-0.19232845725696873,0.44220371616816384,-0.3017772401671021,0.7800534832247157,0.18203787549220218,-0.23878127274106972,neutral,on
2025-10-21,-0.2329733872928343,0.4572779577604518,-0.3029684663511184,0.813542105594165,0.18371955242766602,-0.2397386704265,neutral,on
2025-10-22,-0.15047666845849997,0.4750991286614452,-0.35474932638506484,0.8104313732627751,0.1950761267701639,-0.22061323086529647,neutral,on
2025-10-23,-0.297340235113069,0.4434652831661457,-0.39886119222358857,0.814244147598792,0.14037700085707006,-0.33324800328159665,neutral,on
2025-10-24,-0.40238923748573496,0.4340200958131502,-0.555509080910331,0.8150883023172714,0.07280251993358891,-0.482948339966632,on,on
2025-10-27,-0.4678798338968182,0.42685369079099234,-0.6189101067152092,0.7981306105626456,0.03454859018540263,-0.5665722888120868,on,on
2025-10-28,-0.39662267084517033,0.4365918227957409,-0.6056318360566327,0.7890902236172824,0.055856884877805074,-0.521875870168262,on,on
2025-10-29,-0.340062694163371,0.41279290937709295,-0.6530815358858474,0.8413757543642272,0.06525610842302546,-0.4954602997900954,on,on
2025-10-30,-0.34115264043390725,0.38064997014178864,-0.6183238506072057,0.8718847286485791,0.07326455193731368,-0.46760191849143873,on,on
2025-10-31,-0.28119830932342804,0.343477057371687,-0.6265146153903666,0.8984278492274436,0.08354799547133399,-0.4344566920297546,on,on
2025-11-03,-0.3116912249690973,0.360824116389801,-0.6074028479398396,0.905178905224072,0.08672723717623404,-0.43215369350185906,neutral,on
2025-11-04,-0.10473918171050987,0.37210053826637773,-0.5830790698263598,0.9396231285686689,0.15597635382454422,-0.2819038731768684,neutral,on
2025-11-05,-0.21667840291131482,0.33538066238374237,-0.4480000440736235,0.9374562431467608,0.1520396146363912,-0.2776298177665001,neutral,on
2025-11-06,-0.048145677285801214,0.3801451572386275,-0.447329024085863,0.890778989159157,0.19386236125653006,-0.1972357001660595,neutral,neutral
2025-11-07,-0.09564487908136421,0.3538300047250117,-0.38681848951449965,0.8777490386556228,0.18727891869619268,-0.20304097756012776,neutral,neutral
2025-11-10,-0.2630469299858557,0.32784111701425495,-0.25019863689290245,0.8795627176567284,0.1735395669480563,-0.2235839400466763,neutral,on
2025-11-11,-0.29921736481237937,0.3540704502078591,-0.2501703819488406,0.8635684725414584,0.1670627939970244,-0.24536359272591626,neutral,on
2025-11-12,-0.2731612449653519,0.36319025286951934,-0.1807664906458656,0.8653872722636997,0.1936624473805004,-0.18788439117165162,neutral,neutral
2025-11-13,0.00861366180547577,0.3552623667772926,-0.2427614644285549,0.8355465910549069,0.2391652888022801,-0.0855113574121743,neutral,neutral
2025-11-14,-0.010624960777685507,0.32785346553700234,-0.22400512146332494,0.8442997383788926,0.23438078041872112,-0.08794216345545312,neutral,neutral
2025-11-17,0.27797017077306246,0.34863984747586035,-0.13585204830578776,0.8758061901531359,0.3416410400240677,0.14486957049960786,neutral,neutral
2025-11-18,0.5393839072038696,0.35047333527295116,-0.1174114112244358,0.8716849738856947,0.4110327012845199,0.29837560285402964,neutral,neutral
2025-11-19,0.422728157081178,0.346663972954404,-0.0823856701008234,0.9388014553164014,0.40645197881278994,0.28936260255496277,neutral,neutral
2025-11-20,0.7350855747410462,0.3648842312509999,-0.2823397164207626,0.9316882729280483,0.437329590624833,0.3490961100993295,neutral,neutral
2025-11-21,0.39650295217715364,0.3662860333534041,-0.25158846179300365,0.9334821021760639,0.3611706564784045,0.18048623325834834,neutral,neutral
2025-11-24,0.06699017002298045,0.3775147128899373,-0.31269656651444805,0.9293389966537116,0.26528682826304534,-0.03620322770443636,neutral,neutral
2025-11-25,-0.15495152150685582,0.371136277669538,-0.4355570638708158,0.8816618665030697,0.165572389698734,-0.2569692856971919,neutral,on
2025-11-26,-0.31007602089769737,0.39322519150399704,-0.46377023295695,0.8755582325628348,0.12373429255304612,-0.35647546840724376,neutral,on
2025-11-27,-0.3077749644344234,0.3931770606255069,-0.4637104945521292,0.8753942574575074,0.12427146477411542,-0.35511771221101895,neutral,on
2025-11-28,-0.40514370893224916,0.37299095358042994,-0.5543068618834349,0.8613767504978311,0.06872928331564426,-0.47377762059619843,on,on
2025-12-01,-0.30428247247069906,0.3487235280710557,-0.4804708191756877,0.8562702948898449,0.10506013282862846,-0.38495272437781897,neutral,on
2025-12-02,-0.37788076893414013,0.337316603393444,-0.5246673601858981,0.8511647020500025,0.07148329408085205,-0.45676318273912453,on,on
2025-12-03,-0.43561337126607186,0.3500495305771974,-0.6306400531603553,0.8005365792213015,0.02108317134301793,-0.5734775187568782,on,on
2025-12-04,-0.46954824340605217,0.32650530526169885,-0.6542151915723932,0.814253252918941,0.004248780800548635,-0.6040504736021892,on,on
2025-12-05,-0.5114112550875304,0.31728736284378994,-0.60523908583809,0.8141098834848598,0.0036867263507573134,-0.6017847915627589,on,on
2025-12-08,-0.3696957820014963,0.32098146616154927,-0.45081833826437123,0.8238641163434494,0.08108286555978278,-0.4288098564652597,on,on
2025-12-09,-0.3390520396192853,0.3195709991553759,-0.35605917261868314,0.8365855702461951,0.11526133929090063,-0.35116119859288064,neutral,on
2025-12-10,-0.470486243724414,0.33114939845307084,-0.5638846714282671,0.793872168684651,0.022662662996260186,-0.5628493247389397,on,on
2025-12-11,-0.5747030968303818,0.3189051745552347,-0.5447405563533882,0.750179626895401,-0.012589712933283592,-0.6362271510859093,on,on
2025-12-12,-0.47373785394447837,0.2798521331597033,-0.5443582459780079,0.7550056865472602,0.004190429946119317,-0.5878289807754127,on,on
2025-12-15,-0.3875185324458207,0.28617207350921575,-0.4194129445950292,0.7301303349203784,0.052342732847186074,-0.480601907089618,on,on
2025-12-16,-0.3897389575320441,0.3014110148356461,-0.6091418989854306,0.7300119961416851,0.008135538614964133,-0.5861970948691189,on,on
2025-12-17,-0.26042806788426043,0.30281062122747204,-0.7443925745013381,0.7516760124961372,0.012416497834502688,-0.5796455609115242,on,on
2025-12-18,-0.34544919978639455,0.31269282561598777,-0.8282418538001033,0.75749228381879,-0.025876486037930024,-0.6683105673561432,on,on
2025-12-19,-0.5676859298428896,0.3005592737451136,-0.8465496628747966,0.7741991644189529,-0.08486928863840495,-0.7959408307883503,on,on
2025-12-22,-0.6617361832829608,0.2907471679682304,-0.7759549858769799,0.743371704944775,-0.10089307406173381,-0.8271082422550351,on,on
2025-12-23,-0.670708774786772,0.2930642098295071,-0.7921276613322643,0.7085899962172761,-0.11529555751806331,-0.8596435279487574,on,on
2025-12-24,-0.7307178389938566,0.31189930105646707,-0.8439805073000705,0.7124390796319772,-0.1375899914013707,-0.9153780484214,on,on
2025-12-26,-0.7158545472388247,0.31562711561038104,-0.8739756718450082,0.7162866088118733,-0.13947912366539467,-0.9203934859564085,on,on
2025-12-29,-0.6476818287607702,0.324700822229124,-0.851970777253716,0.718153533937186,-0.11419956246204402,-0.8666450436032259,on,on
2025-12-30,-0.6328376567880734,0.30457128300160274,-0.7050621559351898,0.7378481564921973,-0.07387009330736577,-0.7691698851808813,on,on
2025-12-31,-0.5624059277104823,0.27416554626494677,-0.7055661842551382,0.7416901543722522,-0.06302910283210536,-0.7364508356477437,on,on
2026-01-02,-0.6122490990677787,0.26697209354980916,-0.7546865369389477,0.7554368737326019,-0.08613166718107881,-0.7865297111151355,on,on
2026-01-05,-0.5679090751366869,0.26890334746213773,-0.682248698746912,0.7404522999361901,-0.06020053162131775,-0.7275639343423652,on,on
2026-01-06,-0.5848509091899421,0.26656626527119165,-0.6479841992561401,0.7710425105114515,-0.048806583165859785,-0.7013533066241928,on,on
2026-01-07,-0.5132742440057165,0.2755928614126624,-0.6377310460651715,0.7808197279412594,-0.02364817517924156,-0.6481319641039857,on,on
2026-01-08,-0.5052614082145429,0.24241422125916853,-0.6133216620591639,0.8054554830456011,-0.017678341492234295,-0.6251851017228154,on,on
2026-01-09,-0.6141543137635711,0.26930044893999705,-0.7791334761335553,0.8251303381817812,-0.07471425069383703,-0.7622922531629613,on,on
2026-01-12,-0.5425561617835899,0.2536828645782245,-0.7374488313189831,0.7982332603783203,-0.057022217036507034,-0.7170540978996804,on,on
2026-01-13,-0.44485661406552895,0.2739072054449532,-0.8022769944603175,0.8248476275633906,-0.03709469387937567,-0.6800769130000199,on,on
2026-01-14,-0.3573818644676654,0.2973960907054744,-0.8846314108856232,0.8247016797264072,-0.029978876230351753,-0.6724610781633438,on,on
2026-01-15,-0.460661653101425,0.28561580115176544,-0.9451031308374829,0.8433828199757328,-0.06919154070285241,-0.757162847351223,on,on
2026-01-16,-0.45833190354128034,0.25285606262036,-0.8861233087497158,0.8501672227653403,-0.06035798172632395,-0.7272457282054213,on,on
2026-01-19,-0.11985740506714801,0.25282775444067734,-0.8859568419765885,0.8500130957307042,0.02425665078191125,-0.5392674614379827,on,on
2026-01-20,0.022127189003934875,0.22015500751015327,-0.6204249452067369,0.7755354357470338,0.09934817176359625,-0.35825826924113013,neutral,on
2026-01-21,-0.3402216273992023,0.2484714331395751,-0.8392315756386086,0.7872975350446692,-0.035921058713391685,-0.669896088490779,on,on
2026-01-22,-0.4833101130670154,0.25927572619214667,-0.9332855980501171,0.747519851673562,-0.10245003331285593,-0.8215952445713233,on,on
2026-01-23,-0.43212663725507267,0.2697528321539169,-0.9407983188292606,0.6720691191695819,-0.10777575119020863,-0.8357921513329782,on,on
2026-01-26,-0.42525598639746764,0.272699038085881,-0.9553888905011114,0.6164571947116676,-0.12287216102525764,-0.8691870722825126,on,on
2026-01-27,-0.4024786823830663,0.2637095270460341,-0.9444218828277019,0.5350784509430809,-0.13702814680541328,-0.8969882833183578,on,on
2026-01-28,-0.4024295422440995,0.26515550598253623,-0.9039037522864378,0.5578083346869559,-0.12084236346526131,-0.8610695065244272,on,on
2026-01-29,-0.3421491860221752,0.26881165215319497,-0.8021297292142529,0.5408763631884376,-0.08364772497369888,-0.7778104841550338,on,on
2026-01-30,-0.2784617389271008,0.24909996300410078,-0.8490998474622141,0.6112031562879616,-0.06681461677431313,-0.7363914658627025,on,on
2026-02-02,-0.40346302071013035,0.24627088526743907,-0.8458673965387479,0.6725940954544203,-0.08261635913175475,-0.7704302196776573,on,on
2026-02-03,-0.2147101881079987,0.25629218897546335,-0.8999071404821004,0.6556338031919562,-0.05067283410566989,-0.7034091700960489,on,on
2026-02-04,-0.14192461532113274,0.2559579024897189,-0.9006599988410429,0.6733860563385199,-0.028310163833484198,-0.6539991782668088,on,on
2026-02-05,0.21398113335255944,0.3112147556087776,-0.7573016404954473,0.6931180501014289,0.11525307464182966,-0.3496895891001343,neutral,on
2026-02-06,-0.2420364615652918,0.2838952600697112,-0.7122148420239751,0.6741658645040656,0.0009524552461274705,-0.5938632396112292,on,on
2026-02-09,-0.2874990238772619,0.27115950780192044,-0.7392039286553703,0.5937208425737736,-0.040455650539234556,-0.6811821081176941,on,on
2026-02-10,-0.2385605121080609,0.30227469670252594,-0.683337548502943,0.5916530285064905,-0.006992583850496892,-0.6150038086495894,on,on
2026-02-11,-0.254458535421187,0.29329446153599426,-0.7817943849872593,0.5945452505425943,-0.03710330208246443,-0.6808577632765251,on,on
2026-02-12,0.10618557062025447,0.3414558496702846,-0.5592672821876247,0.6043817133392553,0.12318896286054241,-0.33608870802328067,neutral,on
2026-02-13,0.08114470392840464,0.36531175417500755,-0.5120564701338022,0.5993341128970792,0.1334335252166723,-0.3193280257368224,neutral,on
2026-02-16,0.14940573275018537,0.3652683659726251,-0.5119887435950197,0.599248750088311,0.15048352630402545,-0.2814101467383291,neutral,on
2026-02-17,0.04583680254845466,0.3789149972098438,-0.5507433266291556,0.6269482279808053,0.12523917527748704,-0.3420405997038737,neutral,on
2026-02-18,-0.03041848787652003,0.35830819119948365,-0.6939460882670717,0.6804423740908041,0.078596497286674,-0.4423598291337142,neutral,on
2026-02-19,0.03901405122660907,0.3622999924615115,-0.5755126492191938,0.7031631670498826,0.13224114037970236,-0.3229079914547106,neutral,on
2026-02-20,-0.09075676188826932,0.3479167050656769,-0.691301446080457,0.6901518348201963,0.06400258297928672,-0.4716961041878159,on,on
2026-02-23,0.12782985109052408,0.3727129116604781,-0.5753191392392268,0.6801196858006358,0.15133582732810277,-0.28328614368600236,neutral,on
2026-02-24,-0.03841049279690587,0.37705028028020793,-0.6603029543181661,0.6978813841377747,0.09405455432572765,-0.412816489138809,neutral,on
2026-02-25,-0.2228682296825311,0.36192691077297806,-0.7477351750952036,0.6799060304034682,0.017807384099677886,-0.5784967143759229,on,on
2026-02-26,-0.14313048002786527,0.37569862485591293,-0.7013800468356118,0.6887363041035952,0.05498110052400776,-0.4994702126751098,on,on
2026-02-27,-0.0030320355667151815,0.38722120418854167,-0.409967088447423,0.6707612711493246,0.16124583783093202,-0.2623604850545158,neutral,on
2026-03-02,0.17693116172339415,0.3745745610981803,-0.41515803571985427,0.7471013916562229,0.2208622696894858,-0.12749492069250307,neutral,neutral
2026-03-03,0.4195385004261013,0.3888090494885652,-0.275125208731567,0.813495724671694,0.33667951646369837,0.12644727146059034,neutral,neutral
2026-03-04,0.143802398821509,0.3648236026098808,-0.5131453173719044,0.7855555542198422,0.19525905956983192,-0.18340870701084527,neutral,neutral
2026-03-05,0.440006757354249,0.36492029945840226,-0.37430824932664575,0.8400285869896611,0.31766184861891666,0.08915950330266288,neutral,neutral
2026-03-06,1.093860013481862,0.37903430500341767,-0.16669973985665534,0.8071145807751443,0.5283272898509421,0.5546556799106139,off,neutral
2026-03-09,0.6390929813686443,0.3786943393625947,-0.21356653298228748,0.8258405353258671,0.4075153307687047,0.2869995189403438,neutral,neutral
2026-03-10,0.5740559557174868,0.3298541329360523,-0.3187342195521567,0.7909430921516513,0.3440297403132584,0.15889791306356105,neutral,neutral
2026-03-11,0.49421402742945625,0.27420218159897036,-0.2489752676022974,0.8305276623470934,0.33749215094330565,0.1612514081315197,neutral,neutral
2026-03-12,0.8428335726338774,0.28340658216764275,0.266626856205909,0.8810223676270451,0.5684723446586185,0.6782842036881959,off,off
2026-03-13,0.8312887421809868,0.26653538997363135,0.1391573411986304,0.9424233349529845,0.5448512020765582,0.6280261877386586,off,off
2026-03-16,0.4117763494324852,0.28189908830808175,-0.043551909781421524,0.8776937446520812,0.38195431815280667,0.2609089224883261,neutral,neutral
2026-03-17,0.28179127434608536,0.2919256079855964,-0.22934622259960669,0.8646225645751742,0.3022483060768123,0.07847939118757483,neutral,neutral
2026-03-18,0.5918018066572058,0.2894411035560922,-0.16697082848720687,0.9151095612000236,0.4073454107315287,0.3123287924097612,neutral,neutral
2026-03-19,0.4743079802012431,0.30002831792061824,-0.05489535320811653,0.8295310067242182,0.38724298790949074,0.2676534979011038,neutral,neutral
2026-03-20,0.7843158585019383,0.2717897110381227,0.684799197720742,0.8710955578029769,0.6530000812659449,0.8766540823442207,off,off
2026-03-23,0.712367105073668,0.27170533755403536,0.3546703111248574,0.801415227771186,0.5350394953809366,0.6108428329041031,off,off
2026-03-24,0.8034552617670603,0.2845597470884998,0.5046858110342614,0.8489514192513525,0.6104130597852935,0.776266737891033,off,off
2026-03-25,0.6186266516236778,0.28864992228249614,0.33725865293234386,0.8656834265831795,0.5275546633554243,0.5884915032930589,off,off
2026-03-26,0.8591039710158216,0.27426750429887964,0.8754442817749872,0.8953223723180351,0.7260345323519309,1.0414121853730234,off,off
2026-03-27,1.2704680874785137,0.27540280506032616,0.7804904424854684,0.9199848492719873,0.8115865460740739,1.228482927438027,off,off
2026-03-30,1.21997426349832,0.32441949501414885,0.6685744454610741,0.9555638713362102,0.7921330188274383,1.171211155575882,off,off
2026-03-31,0.6086649170853706,0.29438423974157363,0.28921257555192437,0.9007454476950721,0.5232517950184852,0.5773440309222236,off,neutral
2026-04-01,0.527625213402572,0.288350113095042,0.10816845159435855,0.8697842916142153,0.4484820174265469,0.4103904036344805,neutral,neutral
2026-04-02,0.45115513583592404,0.30546270413329113,-0.0704038017921809,0.9073704117451057,0.39839611248053497,0.2907069294304216,neutral,neutral
2026-04-06,0.4853106015446792,0.27438204366467706,-0.1547426026674192,0.9022321806976231,0.37679555580989,0.2502963111590617,neutral,neutral
2026-04-07,0.6688603554775605,0.2823157628376784,-0.10930442058663473,0.8682879962585339,0.42753992349678455,0.3619810387613187,neutral,neutral
2026-04-08,0.12813043652347675,0.2632003352465707,-0.245571376644561,0.8174666370296232,0.24080650803877743,-0.048707999952993214,neutral,neutral
2026-04-09,-0.04869911906117651,0.25263483106090756,-0.39172228385287644,0.7865283518965283,0.1496854450108457,-0.2500782028418075,neutral,on
2026-04-10,-0.07835658447124873,0.26521126643503057,-0.449161374815328,0.769506784911591,0.1268000230150112,-0.30528493407098983,neutral,on
2026-04-13,-0.09089921221708938,0.26606358497400473,-0.37894173567642336,0.741560254407023,0.13444572287187875,-0.286946853052914,neutral,on
2026-04-14,-0.1776130907305087,0.2687833419916021,-0.3810605415587001,0.7166006792994294,0.10667759725045567,-0.34892128737803435,neutral,on
2026-04-15,-0.19927697585801957,0.27000403527196426,-0.5791737997414055,0.7105255023058056,0.050519690494586184,-0.4773193286067353,on,on
2026-04-16,-0.2255057417661259,0.23912278321750322,-0.642468865883822,0.7263141866746768,0.024365590560558037,-0.5277928028385376,on,on
2026-04-17,-0.27798658404444737,0.25633478297703777,-0.6482487673380324,0.7142735745092306,0.011093251525947145,-0.5621478605519883,on,on
2026-04-20,-0.11928140769839742,0.26361228090606176,-0.5801323352072468,0.7091929562648482,0.06834787356631644,-0.43591273699377986,on,on
2026-04-21,-0.04734368692817,0.25216201780738395,-0.4909980116680389,0.7448612779066465,0.11467039927945538,-0.3284177864551423,neutral,on
2026-04-22,-0.11356245303656624,0.25493582190537484,-0.518766639567303,0.7626304126356463,0.096309285484288,-0.3706733279181371,neutral,on
2026-04-23,-0.06901625252585036,0.2443741425286514,-0.5861172536833263,0.7833783746509679,0.09315475274261065,-0.3761001554642349,neutral,on
2026-04-24,-0.13753033857321964,0.23834189548159307,-0.6086126650851617,0.7544220519245427,0.06165523593693861,-0.4442728780861973,on,on
2026-04-27,-0.2163227926708823,0.2080631431084746,-0.5636779307282093,0.7513173221871194,0.0448449354741256,-0.47201769512657876,on,on
2026-04-28,-0.23800179891219891,0.22527614630219106,-0.5555584236758316,0.7651122478757162,0.04920704289746919,-0.46703278371336715,on,on
2026-04-29,-0.1260250091383511,0.2041746694669906,-0.38069764769489095,0.7948088875268992,0.12306522504016193,-0.29441003854642567,neutral,on
2026-04-30,-0.34536441728764494,0.18509795637099977,-0.4505739315006347,0.7111665469086411,0.02508153862284032,-0.5064367499637846,on,on
2026-05-01,-0.33389889217433855,0.2010835641579403,-0.5018792146605603,0.7239800661487806,0.022321380867955515,-0.5182307475124786,on,on
2026-05-04,-0.18531358615466778,0.20129619289832185,-0.2712827730067498,0.7497165390819018,0.12360409320470153,-0.2898586653269322,neutral,on
2026-05-05,-0.289287327381286,0.2219431060010308,-0.30467592775117713,0.7505897219157854,0.09464239319608828,-0.36039393681320336,neutral,on
2026-05-06,-0.2881119724857774,0.24040857548600142,-0.49498161198365953,0.7047275021705246,0.04051062329677227,-0.4885583218648649,on,on
2026-05-07,-0.32351238442387603,0.23679630463873086,-0.44508590433278095,0.7274899356927697,0.04892198789371088,-0.4682615855132325,on,on
2026-05-08,-0.3109013462044583,0.24357280811948145,-0.5994887528012046,0.6866016270301543,0.004946084035993198,-0.5699721074220598,on,on
2026-05-11,-0.17482337280858568,0.23904709097831892,-0.49137026367861614,0.6964428493541087,0.06732407596130646,-0.4285415707313274,on,on
2026-05-12,-0.2193949206431297,0.2198886058794422,-0.46220609403055984,0.7311453463198614,0.06735823438140351,-0.4225656585877009,on,on
2026-05-13,-0.23309248864079146,0.2203552141809233,-0.5067318622116741,0.7499268668230762,0.05761443253788348,-0.44532678964598715,on,on
2026-05-14,-0.3028236867170025,0.2213384179781172,-0.5255534353498016,0.7895902434792629,0.045637884847644,-0.47297996919671026,on,on
2026-05-15,-0.16898080753429656,0.20730624059801234,-0.20838683112677583,0.8282489352576798,0.16454688429865494,-0.20013941896916254,neutral,neutral
2026-05-18,-0.23873368380981638,0.180144053864692,-0.016345481615703043,0.7982646064092668,0.18083237371210983,-0.15244940541210644,neutral,neutral
2026-05-19,-0.2112541682821721,0.15505141808517783,-0.039574401660173536,0.830955314551595,0.1837945406736068,-0.1393711459886184,neutral,neutral
2026-05-20,-0.2821594955970637,0.16751774150494117,-0.15697411210670248,0.8119097280530325,0.13507346546355187,-0.25280852360489875,neutral,neutral
2026-05-21,-0.35992655189029493,0.18208962496743855,-0.21303148364244398,0.8197289626414522,0.10721513801903797,-0.31982963444074586,neutral,on
2026-05-22,-0.3667496831438423,0.1984115204538665,-0.25297659316110704,0.8325196349124139,0.10280121976533275,-0.33515492829499727,neutral,on
2026-05-25,-0.37929388253870794,0.19839021958449635,-0.2529487906122172,0.8323740359036156,0.0996303955842967,-0.34217525574859337,neutral,on
2026-05-26,-0.3311845015958639,0.20219066532066793,-0.36076149849214195,0.8173052330085118,0.08188747456029347,-0.38414369123386705,neutral,on
2026-05-27,-0.4135502255025371,0.22112722022900283,-0.48623112665892004,0.8211442122462254,0.03562252007844274,-0.49438663307833286,on,on
2026-05-28,-0.4764517199794441,0.23790821298376952,-0.5221202738393034,0.8020980008532967,0.010358555004579717,-0.5555959019702564,on,on
2026-05-29,-0.5244664875571429,0.23711003634031266,-0.5071742076764011,0.7910177216768771,-0.0008782343040885376,-0.5798765357769858,on,on
2026-06-01,-0.44083167204108703,0.25529891004301863,-0.41070634818020335,0.8197401646114593,0.055875263608296866,-0.45790945367748237,on,on
2026-06-02,-0.47283290767290775,0.24731661396849777,-0.40755682517338393,0.8215892969366997,0.04712904451472644,-0.47459892695203953,on,on
2026-06-03,-0.4395701727208079,0.24728182042317973,-0.40285727451967035,0.8522945584526992,0.06428723290885016,-0.4368419435379789,on,on
2026-06-04,-0.5150874945216098,0.24946744006848792,-0.47784252449863995,0.8402020751973105,0.02418487406138714,-0.5275361183378167,on,on
2026-06-05,0.18467550258276014,0.2376958609772024,-0.35250874556128226,0.9057317140543161,0.24389858301324907,-0.03572542984156278,neutral,neutral
2026-06-08,-0.11197692397632836,0.21494602433158275,-0.29726680125256755,0.9035718508754623,0.1773185374945373,-0.1758073443903623,neutral,neutral
2026-06-09,-0.0031504951016550153,0.2360146032738883,-0.2956828591022252,0.8894707545130195,0.2066630008957569,-0.1164088010419646,neutral,neutral
2026-06-10,0.2660493205323988,0.23198879006180348,-0.3911835319242873,0.8932865936582918,0.2500352930820517,-0.02084615227726313,neutral,neutral
2026-06-11,-0.0524681499051929,0.2562742971600714,-0.530723664974777,0.884164792553489,0.13931181870839765,-0.2755555569372931,neutral,on
2026-06-12,-0.25411579049954597,0.25018656836780834,-0.5334453709896726,0.8730550793734936,0.08392012156302084,-0.396512238678616,neutral,on
2026-06-15,-0.42367143761967213,0.2366106076394928,-0.5327544485214611,0.8609533948252247,0.03528452908089605,-0.5002829266027436,on,on
2026-06-16,-0.39955581945063284,0.24903362449871402,-0.5978367044385535,0.8518418912685845,0.025870747969528013,-0.5254635490201862,on,on
2026-06-17,-0.16686157810109978,0.25413342243320997,-0.4928805225259323,0.9064314293848004,0.12520568779774457,-0.3055576673995404,neutral,on
2026-06-18,-0.4006599050029798,0.24700856543051028,-0.6563428634964872,0.9819028622025461,0.04297716478339733,-0.4895597334323083,on,on
2026-06-19,-0.3570551302898748,0.24698160076438674,-0.6562462391791134,0.9817044270294013,0.05384616458119995,-0.4654576198625655,on,on
2026-06-22,-0.299696184819587,0.23004908314471204,-0.5124669709707508,0.9984253265102636,0.10407781346615946,-0.3469613084995127,neutral,on
2026-06-23,-0.04628966157870102,0.24960895392168375,-0.5508849106185227,1.0370354088406224,0.1723674476412706,-0.2020662959833441,neutral,neutral
2026-06-24,-0.14489340007502907,0.2951253900742557,-0.5421204705787339,1.0567181050463954,0.16620740611672202,-0.22878017204214537,neutral,neutral
2026-06-25,-0.11506337885857504,0.2992920489213698,-0.6028866865156236,1.0385744663184275,0.15497911246639967,-0.2557059215886815,neutral,neutral
2026-06-26,-0.17009965431119436,0.30514324586235014,-0.6124250202351273,1.0313861775072133,0.13850118720581042,-0.2939765926192428,neutral,on
2026-06-29,-0.2572494257945079,0.3010910898226825,-0.6123384796658902,1.0062872597414405,0.10944761102593126,-0.35691009498953574,neutral,on
2026-06-30,-0.2572212470643693,0.2808726342681224,-0.6122519757749109,1.0041885491706501,0.10389699014987311,-0.3631950981680596,neutral,on
